ISO-10303-21;
HEADER;
FILE_DESCRIPTION(('Open CASCADE Model'),'2;1');
FILE_NAME('MetaCube_camera_barrel_assy','2026-08-12T20:20:13',('Author')
  ,('Open CASCADE'),'Open CASCADE STEP processor 7.9','build123d',
  'Unknown');
FILE_SCHEMA(('AUTOMOTIVE_DESIGN { 1 0 10303 214 1 1 1 1 }'));
ENDSEC;
DATA;
#1 = APPLICATION_PROTOCOL_DEFINITION('international standard',
  'automotive_design',2000,#2);
#2 = APPLICATION_CONTEXT(
  'core data for automotive mechanical design processes');
#3 = SHAPE_DEFINITION_REPRESENTATION(#4,#10);
#4 = PRODUCT_DEFINITION_SHAPE('','',#5);
#5 = PRODUCT_DEFINITION('design','',#6,#9);
#6 = PRODUCT_DEFINITION_FORMATION('','',#7);
#7 = PRODUCT('MetaCube_camera_barrel_assy','MetaCube_camera_barrel_assy'
  ,'',(#8));
#8 = PRODUCT_CONTEXT('',#2,'mechanical');
#9 = PRODUCT_DEFINITION_CONTEXT('part definition',#2,'design');
#10 = SHAPE_REPRESENTATION('',(#11,#15,#19,#23,#27,#31,#35,#39,#43,#47,
    #51,#55,#59,#63,#67,#71,#75,#79,#83,#87,#91,#95,#99,#103,#107,#111,
    #115),#119);
#11 = AXIS2_PLACEMENT_3D('',#12,#13,#14);
#12 = CARTESIAN_POINT('',(0.,0.,0.));
#13 = DIRECTION('',(0.,0.,1.));
#14 = DIRECTION('',(1.,0.,-0.));
#15 = AXIS2_PLACEMENT_3D('',#16,#17,#18);
#16 = CARTESIAN_POINT('',(28.,50.,250.));
#17 = DIRECTION('',(0.,0.,1.));
#18 = DIRECTION('',(1.,0.,0.));
#19 = AXIS2_PLACEMENT_3D('',#20,#21,#22);
#20 = CARTESIAN_POINT('',(28.,50.,250.));
#21 = DIRECTION('',(0.,0.,1.));
#22 = DIRECTION('',(1.,0.,0.));
#23 = AXIS2_PLACEMENT_3D('',#24,#25,#26);
#24 = CARTESIAN_POINT('',(28.,50.,250.));
#25 = DIRECTION('',(0.,0.,1.));
#26 = DIRECTION('',(1.,0.,0.));
#27 = AXIS2_PLACEMENT_3D('',#28,#29,#30);
#28 = CARTESIAN_POINT('',(28.,50.,320.9));
#29 = DIRECTION('',(0.,0.,1.));
#30 = DIRECTION('',(1.,0.,0.));
#31 = AXIS2_PLACEMENT_3D('',#32,#33,#34);
#32 = CARTESIAN_POINT('',(28.,50.,326.85));
#33 = DIRECTION('',(0.,0.,1.));
#34 = DIRECTION('',(1.,0.,0.));
#35 = AXIS2_PLACEMENT_3D('',#36,#37,#38);
#36 = CARTESIAN_POINT('',(28.,50.,319.92));
#37 = DIRECTION('',(0.,0.,1.));
#38 = DIRECTION('',(1.,0.,0.));
#39 = AXIS2_PLACEMENT_3D('',#40,#41,#42);
#40 = CARTESIAN_POINT('',(28.,50.,329.08));
#41 = DIRECTION('',(0.,0.,1.));
#42 = DIRECTION('',(1.,0.,0.));
#43 = AXIS2_PLACEMENT_3D('',#44,#45,#46);
#44 = CARTESIAN_POINT('',(28.,50.,247.1));
#45 = DIRECTION('',(0.,0.,1.));
#46 = DIRECTION('',(1.,0.,0.));
#47 = AXIS2_PLACEMENT_3D('',#48,#49,#50);
#48 = CARTESIAN_POINT('',(28.,50.,249.65));
#49 = DIRECTION('',(0.,0.,1.));
#50 = DIRECTION('',(1.,0.,0.));
#51 = AXIS2_PLACEMENT_3D('',#52,#53,#54);
#52 = CARTESIAN_POINT('',(28.,50.,250.));
#53 = DIRECTION('',(0.,0.,1.));
#54 = DIRECTION('',(1.,0.,0.));
#55 = AXIS2_PLACEMENT_3D('',#56,#57,#58);
#56 = CARTESIAN_POINT('',(10.45,50.,314.6));
#57 = DIRECTION('',(0.,0.,1.));
#58 = DIRECTION('',(1.,0.,0.));
#59 = AXIS2_PLACEMENT_3D('',#60,#61,#62);
#60 = CARTESIAN_POINT('',(10.45,50.,262.));
#61 = DIRECTION('',(0.,0.,1.));
#62 = DIRECTION('',(1.,0.,0.));
#63 = AXIS2_PLACEMENT_3D('',#64,#65,#66);
#64 = CARTESIAN_POINT('',(10.2,65.,314.6));
#65 = DIRECTION('',(0.,0.,1.));
#66 = DIRECTION('',(1.,0.,0.));
#67 = AXIS2_PLACEMENT_3D('',#68,#69,#70);
#68 = CARTESIAN_POINT('',(72.,50.,250.));
#69 = DIRECTION('',(0.,0.,1.));
#70 = DIRECTION('',(-1.,1.224646799147E-16,0.));
#71 = AXIS2_PLACEMENT_3D('',#72,#73,#74);
#72 = CARTESIAN_POINT('',(72.,50.,250.));
#73 = DIRECTION('',(0.,0.,1.));
#74 = DIRECTION('',(-1.,1.224646799147E-16,0.));
#75 = AXIS2_PLACEMENT_3D('',#76,#77,#78);
#76 = CARTESIAN_POINT('',(72.,50.,250.));
#77 = DIRECTION('',(0.,0.,1.));
#78 = DIRECTION('',(-1.,1.224646799147E-16,0.));
#79 = AXIS2_PLACEMENT_3D('',#80,#81,#82);
#80 = CARTESIAN_POINT('',(72.,50.,320.9));
#81 = DIRECTION('',(0.,0.,1.));
#82 = DIRECTION('',(-1.,1.224646799147E-16,0.));
#83 = AXIS2_PLACEMENT_3D('',#84,#85,#86);
#84 = CARTESIAN_POINT('',(72.,50.,326.85));
#85 = DIRECTION('',(0.,0.,1.));
#86 = DIRECTION('',(-1.,1.224646799147E-16,0.));
#87 = AXIS2_PLACEMENT_3D('',#88,#89,#90);
#88 = CARTESIAN_POINT('',(72.,50.,319.92));
#89 = DIRECTION('',(0.,0.,1.));
#90 = DIRECTION('',(-1.,1.224646799147E-16,0.));
#91 = AXIS2_PLACEMENT_3D('',#92,#93,#94);
#92 = CARTESIAN_POINT('',(72.,50.,329.08));
#93 = DIRECTION('',(0.,0.,1.));
#94 = DIRECTION('',(-1.,1.224646799147E-16,0.));
#95 = AXIS2_PLACEMENT_3D('',#96,#97,#98);
#96 = CARTESIAN_POINT('',(72.,50.,247.1));
#97 = DIRECTION('',(0.,0.,1.));
#98 = DIRECTION('',(-1.,1.224646799147E-16,0.));
#99 = AXIS2_PLACEMENT_3D('',#100,#101,#102);
#100 = CARTESIAN_POINT('',(72.,50.,249.65));
#101 = DIRECTION('',(0.,0.,1.));
#102 = DIRECTION('',(-1.,1.224646799147E-16,0.));
#103 = AXIS2_PLACEMENT_3D('',#104,#105,#106);
#104 = CARTESIAN_POINT('',(72.,50.,250.));
#105 = DIRECTION('',(0.,0.,1.));
#106 = DIRECTION('',(-1.,1.224646799147E-16,0.));
#107 = AXIS2_PLACEMENT_3D('',#108,#109,#110);
#108 = CARTESIAN_POINT('',(89.55,50.,314.6));
#109 = DIRECTION('',(0.,0.,1.));
#110 = DIRECTION('',(-1.,1.224646799147E-16,0.));
#111 = AXIS2_PLACEMENT_3D('',#112,#113,#114);
#112 = CARTESIAN_POINT('',(89.55,50.,262.));
#113 = DIRECTION('',(0.,0.,1.));
#114 = DIRECTION('',(-1.,1.224646799147E-16,0.));
#115 = AXIS2_PLACEMENT_3D('',#116,#117,#118);
#116 = CARTESIAN_POINT('',(89.8,35.,314.6));
#117 = DIRECTION('',(0.,0.,1.));
#118 = DIRECTION('',(-1.,1.224646799147E-16,0.));
#119 = ( GEOMETRIC_REPRESENTATION_CONTEXT(3) 
GLOBAL_UNCERTAINTY_ASSIGNED_CONTEXT((#123)) GLOBAL_UNIT_ASSIGNED_CONTEXT
((#120,#121,#122)) REPRESENTATION_CONTEXT('Context #1',
  '3D Context with UNIT and UNCERTAINTY') );
#120 = ( LENGTH_UNIT() NAMED_UNIT(*) SI_UNIT(.MILLI.,.METRE.) );
#121 = ( NAMED_UNIT(*) PLANE_ANGLE_UNIT() SI_UNIT($,.RADIAN.) );
#122 = ( NAMED_UNIT(*) SI_UNIT($,.STERADIAN.) SOLID_ANGLE_UNIT() );
#123 = UNCERTAINTY_MEASURE_WITH_UNIT(LENGTH_MEASURE(2.E-07),#120,
  'distance_accuracy_value','confusion accuracy');
#124 = PRODUCT_RELATED_PRODUCT_CATEGORY('part',$,(#7));
#125 = SHAPE_DEFINITION_REPRESENTATION(#126,#132);
#126 = PRODUCT_DEFINITION_SHAPE('','',#127);
#127 = PRODUCT_DEFINITION('design','',#128,#131);
#128 = PRODUCT_DEFINITION_FORMATION('','',#129);
#129 = PRODUCT('NIR_barrel_Ti64_LPBF','NIR_barrel_Ti64_LPBF','',(#130));
#130 = PRODUCT_CONTEXT('',#2,'mechanical');
#131 = PRODUCT_DEFINITION_CONTEXT('part definition',#2,'design');
#132 = ADVANCED_BREP_SHAPE_REPRESENTATION('',(#11,#133),#8604);
#133 = BREP_WITH_VOIDS('',#134,(#8458));
#134 = CLOSED_SHELL('',(#135,#981,#1088,#1495,#1544,#1593,#1642,#1691,
    #1740,#1789,#1816,#1865,#1914,#1963,#2012,#2061,#2110,#2137,#2478,
    #2707,#2783,#2832,#2881,#2908,#2977,#3153,#3207,#3256,#3305,#3354,
    #3403,#3537,#3746,#3801,#3812,#3823,#3918,#4108,#4155,#4460,#4535,
    #4584,#4633,#4660,#4715,#4770,#4825,#4880,#5057,#5202,#5347,#5465,
    #5520,#5575,#5644,#5669,#5740,#5794,#5842,#5869,#5876,#5945,#5970,
    #6021,#6048,#6057,#6064,#6071,#6143,#6170,#6217,#6224,#6259,#6266,
    #6274,#6278,#6283,#6287,#6291,#6318,#6559,#6565,#6571,#6576,#6582,
    #6588,#6593,#6598,#6603,#6607,#6615,#6622,#6677,#6712,#6747,#6802,
    #6857,#6912,#6947,#7002,#7057,#7112,#7147,#7182,#7237,#7292,#7327,
    #7382,#7437,#7492,#7527,#7582,#7636,#7671,#7726,#7781,#7836,#7891,
    #7926,#7981,#8036,#8091,#8146,#8181,#8236,#8291,#8346,#8401,#8431));
#135 = ADVANCED_FACE('',(#136,#665,#771),#150,.F.);
#136 = FACE_BOUND('',#137,.F.);
#137 = EDGE_LOOP('',(#138,#173,#201,#229,#257,#283,#309,#335,#361,#387,
    #413,#439,#462,#488,#514,#540,#566,#592,#618,#644));
#138 = ORIENTED_EDGE('',*,*,#139,.F.);
#139 = EDGE_CURVE('',#140,#142,#144,.T.);
#140 = VERTEX_POINT('',#141);
#141 = CARTESIAN_POINT('',(-17.5,-17.5,88.));
#142 = VERTEX_POINT('',#143);
#143 = CARTESIAN_POINT('',(-17.5,17.5,88.));
#144 = SURFACE_CURVE('',#145,(#149,#161),.PCURVE_S1.);
#145 = LINE('',#146,#147);
#146 = CARTESIAN_POINT('',(-17.5,-17.5,88.));
#147 = VECTOR('',#148,1.);
#148 = DIRECTION('',(-0.,1.,0.));
#149 = PCURVE('',#150,#155);
#150 = PLANE('',#151);
#151 = AXIS2_PLACEMENT_3D('',#152,#153,#154);
#152 = CARTESIAN_POINT('',(-17.5,-17.5,0.));
#153 = DIRECTION('',(1.,0.,-0.));
#154 = DIRECTION('',(0.,0.,1.));
#155 = DEFINITIONAL_REPRESENTATION('',(#156),#160);
#156 = LINE('',#157,#158);
#157 = CARTESIAN_POINT('',(88.,0.));
#158 = VECTOR('',#159,1.);
#159 = DIRECTION('',(0.,-1.));
#160 = ( GEOMETRIC_REPRESENTATION_CONTEXT(2) 
PARAMETRIC_REPRESENTATION_CONTEXT() REPRESENTATION_CONTEXT('2D SPACE',''
  ) );
#161 = PCURVE('',#162,#167);
#162 = PLANE('',#163);
#163 = AXIS2_PLACEMENT_3D('',#164,#165,#166);
#164 = CARTESIAN_POINT('',(-17.5,-17.5,88.));
#165 = DIRECTION('',(0.,0.,1.));
#166 = DIRECTION('',(1.,0.,-0.));
#167 = DEFINITIONAL_REPRESENTATION('',(#168),#172);
#168 = LINE('',#169,#170);
#169 = CARTESIAN_POINT('',(0.,0.));
#170 = VECTOR('',#171,1.);
#171 = DIRECTION('',(0.,1.));
#172 = ( GEOMETRIC_REPRESENTATION_CONTEXT(2) 
PARAMETRIC_REPRESENTATION_CONTEXT() REPRESENTATION_CONTEXT('2D SPACE',''
  ) );
#173 = ORIENTED_EDGE('',*,*,#174,.F.);
#174 = EDGE_CURVE('',#175,#140,#177,.T.);
#175 = VERTEX_POINT('',#176);
#176 = CARTESIAN_POINT('',(-17.5,-17.5,0.));
#177 = SURFACE_CURVE('',#178,(#182,#189),.PCURVE_S1.);
#178 = LINE('',#179,#180);
#179 = CARTESIAN_POINT('',(-17.5,-17.5,0.));
#180 = VECTOR('',#181,1.);
#181 = DIRECTION('',(0.,0.,1.));
#182 = PCURVE('',#150,#183);
#183 = DEFINITIONAL_REPRESENTATION('',(#184),#188);
#184 = LINE('',#185,#186);
#185 = CARTESIAN_POINT('',(0.,0.));
#186 = VECTOR('',#187,1.);
#187 = DIRECTION('',(1.,0.));
#188 = ( GEOMETRIC_REPRESENTATION_CONTEXT(2) 
PARAMETRIC_REPRESENTATION_CONTEXT() REPRESENTATION_CONTEXT('2D SPACE',''
  ) );
#189 = PCURVE('',#190,#195);
#190 = PLANE('',#191);
#191 = AXIS2_PLACEMENT_3D('',#192,#193,#194);
#192 = CARTESIAN_POINT('',(-17.5,-17.5,0.));
#193 = DIRECTION('',(-0.,1.,0.));
#194 = DIRECTION('',(0.,0.,1.));
#195 = DEFINITIONAL_REPRESENTATION('',(#196),#200);
#196 = LINE('',#197,#198);
#197 = CARTESIAN_POINT('',(0.,0.));
#198 = VECTOR('',#199,1.);
#199 = DIRECTION('',(1.,0.));
#200 = ( GEOMETRIC_REPRESENTATION_CONTEXT(2) 
PARAMETRIC_REPRESENTATION_CONTEXT() REPRESENTATION_CONTEXT('2D SPACE',''
  ) );
#201 = ORIENTED_EDGE('',*,*,#202,.T.);
#202 = EDGE_CURVE('',#175,#203,#205,.T.);
#203 = VERTEX_POINT('',#204);
#204 = CARTESIAN_POINT('',(-17.5,17.5,0.));
#205 = SURFACE_CURVE('',#206,(#210,#217),.PCURVE_S1.);
#206 = LINE('',#207,#208);
#207 = CARTESIAN_POINT('',(-17.5,-17.5,0.));
#208 = VECTOR('',#209,1.);
#209 = DIRECTION('',(-0.,1.,0.));
#210 = PCURVE('',#150,#211);
#211 = DEFINITIONAL_REPRESENTATION('',(#212),#216);
#212 = LINE('',#213,#214);
#213 = CARTESIAN_POINT('',(0.,0.));
#214 = VECTOR('',#215,1.);
#215 = DIRECTION('',(0.,-1.));
#216 = ( GEOMETRIC_REPRESENTATION_CONTEXT(2) 
PARAMETRIC_REPRESENTATION_CONTEXT() REPRESENTATION_CONTEXT('2D SPACE',''
  ) );
#217 = PCURVE('',#218,#223);
#218 = PLANE('',#219);
#219 = AXIS2_PLACEMENT_3D('',#220,#221,#222);
#220 = CARTESIAN_POINT('',(-17.5,-17.5,0.));
#221 = DIRECTION('',(0.,0.,1.));
#222 = DIRECTION('',(1.,0.,-0.));
#223 = DEFINITIONAL_REPRESENTATION('',(#224),#228);
#224 = LINE('',#225,#226);
#225 = CARTESIAN_POINT('',(0.,0.));
#226 = VECTOR('',#227,1.);
#227 = DIRECTION('',(0.,1.));
#228 = ( GEOMETRIC_REPRESENTATION_CONTEXT(2) 
PARAMETRIC_REPRESENTATION_CONTEXT() REPRESENTATION_CONTEXT('2D SPACE',''
  ) );
#229 = ORIENTED_EDGE('',*,*,#230,.T.);
#230 = EDGE_CURVE('',#203,#231,#233,.T.);
#231 = VERTEX_POINT('',#232);
#232 = CARTESIAN_POINT('',(-17.5,17.5,9.5));
#233 = SURFACE_CURVE('',#234,(#238,#245),.PCURVE_S1.);
#234 = LINE('',#235,#236);
#235 = CARTESIAN_POINT('',(-17.5,17.5,0.));
#236 = VECTOR('',#237,1.);
#237 = DIRECTION('',(0.,0.,1.));
#238 = PCURVE('',#150,#239);
#239 = DEFINITIONAL_REPRESENTATION('',(#240),#244);
#240 = LINE('',#241,#242);
#241 = CARTESIAN_POINT('',(0.,-35.));
#242 = VECTOR('',#243,1.);
#243 = DIRECTION('',(1.,0.));
#244 = ( GEOMETRIC_REPRESENTATION_CONTEXT(2) 
PARAMETRIC_REPRESENTATION_CONTEXT() REPRESENTATION_CONTEXT('2D SPACE',''
  ) );
#245 = PCURVE('',#246,#251);
#246 = PLANE('',#247);
#247 = AXIS2_PLACEMENT_3D('',#248,#249,#250);
#248 = CARTESIAN_POINT('',(-17.5,17.5,0.));
#249 = DIRECTION('',(-0.,1.,0.));
#250 = DIRECTION('',(0.,0.,1.));
#251 = DEFINITIONAL_REPRESENTATION('',(#252),#256);
#252 = LINE('',#253,#254);
#253 = CARTESIAN_POINT('',(0.,0.));
#254 = VECTOR('',#255,1.);
#255 = DIRECTION('',(1.,0.));
#256 = ( GEOMETRIC_REPRESENTATION_CONTEXT(2) 
PARAMETRIC_REPRESENTATION_CONTEXT() REPRESENTATION_CONTEXT('2D SPACE',''
  ) );
#257 = ORIENTED_EDGE('',*,*,#258,.T.);
#258 = EDGE_CURVE('',#231,#259,#261,.T.);
#259 = VERTEX_POINT('',#260);
#260 = CARTESIAN_POINT('',(-17.5,12.5,9.5));
#261 = SURFACE_CURVE('',#262,(#266,#272),.PCURVE_S1.);
#262 = LINE('',#263,#264);
#263 = CARTESIAN_POINT('',(-17.5,-2.5,9.5));
#264 = VECTOR('',#265,1.);
#265 = DIRECTION('',(0.,-1.,0.));
#266 = PCURVE('',#150,#267);
#267 = DEFINITIONAL_REPRESENTATION('',(#268),#271);
#268 = B_SPLINE_CURVE_WITH_KNOTS('',1,(#269,#270),.UNSPECIFIED.,.F.,.F.,
  (2,2),(-20.,-15.),.PIECEWISE_BEZIER_KNOTS.);
#269 = CARTESIAN_POINT('',(9.5,-35.));
#270 = CARTESIAN_POINT('',(9.5,-30.));
#271 = ( GEOMETRIC_REPRESENTATION_CONTEXT(2) 
PARAMETRIC_REPRESENTATION_CONTEXT() REPRESENTATION_CONTEXT('2D SPACE',''
  ) );
#272 = PCURVE('',#273,#278);
#273 = PLANE('',#274);
#274 = AXIS2_PLACEMENT_3D('',#275,#276,#277);
#275 = CARTESIAN_POINT('',(-17.7,12.5,9.5));
#276 = DIRECTION('',(0.,0.,1.));
#277 = DIRECTION('',(1.,0.,-0.));
#278 = DEFINITIONAL_REPRESENTATION('',(#279),#282);
#279 = B_SPLINE_CURVE_WITH_KNOTS('',1,(#280,#281),.UNSPECIFIED.,.F.,.F.,
  (2,2),(-20.,-15.),.PIECEWISE_BEZIER_KNOTS.);
#280 = CARTESIAN_POINT('',(0.2,5.));
#281 = CARTESIAN_POINT('',(0.2,0.));
#282 = ( GEOMETRIC_REPRESENTATION_CONTEXT(2) 
PARAMETRIC_REPRESENTATION_CONTEXT() REPRESENTATION_CONTEXT('2D SPACE',''
  ) );
#283 = ORIENTED_EDGE('',*,*,#284,.F.);
#284 = EDGE_CURVE('',#285,#259,#287,.T.);
#285 = VERTEX_POINT('',#286);
#286 = CARTESIAN_POINT('',(-17.5,12.5,2.));
#287 = SURFACE_CURVE('',#288,(#292,#298),.PCURVE_S1.);
#288 = LINE('',#289,#290);
#289 = CARTESIAN_POINT('',(-17.5,12.5,1.));
#290 = VECTOR('',#291,1.);
#291 = DIRECTION('',(0.,0.,1.));
#292 = PCURVE('',#150,#293);
#293 = DEFINITIONAL_REPRESENTATION('',(#294),#297);
#294 = B_SPLINE_CURVE_WITH_KNOTS('',1,(#295,#296),.UNSPECIFIED.,.F.,.F.,
  (2,2),(1.,8.5),.PIECEWISE_BEZIER_KNOTS.);
#295 = CARTESIAN_POINT('',(2.,-30.));
#296 = CARTESIAN_POINT('',(9.5,-30.));
#297 = ( GEOMETRIC_REPRESENTATION_CONTEXT(2) 
PARAMETRIC_REPRESENTATION_CONTEXT() REPRESENTATION_CONTEXT('2D SPACE',''
  ) );
#298 = PCURVE('',#299,#304);
#299 = PLANE('',#300);
#300 = AXIS2_PLACEMENT_3D('',#301,#302,#303);
#301 = CARTESIAN_POINT('',(-17.7,12.5,2.));
#302 = DIRECTION('',(-0.,1.,0.));
#303 = DIRECTION('',(0.,0.,1.));
#304 = DEFINITIONAL_REPRESENTATION('',(#305),#308);
#305 = B_SPLINE_CURVE_WITH_KNOTS('',1,(#306,#307),.UNSPECIFIED.,.F.,.F.,
  (2,2),(1.,8.5),.PIECEWISE_BEZIER_KNOTS.);
#306 = CARTESIAN_POINT('',(0.,0.2));
#307 = CARTESIAN_POINT('',(7.5,0.2));
#308 = ( GEOMETRIC_REPRESENTATION_CONTEXT(2) 
PARAMETRIC_REPRESENTATION_CONTEXT() REPRESENTATION_CONTEXT('2D SPACE',''
  ) );
#309 = ORIENTED_EDGE('',*,*,#310,.T.);
#310 = EDGE_CURVE('',#285,#311,#313,.T.);
#311 = VERTEX_POINT('',#312);
#312 = CARTESIAN_POINT('',(-17.5,-12.5,2.));
#313 = SURFACE_CURVE('',#314,(#318,#324),.PCURVE_S1.);
#314 = LINE('',#315,#316);
#315 = CARTESIAN_POINT('',(-17.5,-15.,2.));
#316 = VECTOR('',#317,1.);
#317 = DIRECTION('',(0.,-1.,0.));
#318 = PCURVE('',#150,#319);
#319 = DEFINITIONAL_REPRESENTATION('',(#320),#323);
#320 = B_SPLINE_CURVE_WITH_KNOTS('',1,(#321,#322),.UNSPECIFIED.,.F.,.F.,
  (2,2),(-27.5,-2.5),.PIECEWISE_BEZIER_KNOTS.);
#321 = CARTESIAN_POINT('',(2.,-30.));
#322 = CARTESIAN_POINT('',(2.,-5.));
#323 = ( GEOMETRIC_REPRESENTATION_CONTEXT(2) 
PARAMETRIC_REPRESENTATION_CONTEXT() REPRESENTATION_CONTEXT('2D SPACE',''
  ) );
#324 = PCURVE('',#325,#330);
#325 = PLANE('',#326);
#326 = AXIS2_PLACEMENT_3D('',#327,#328,#329);
#327 = CARTESIAN_POINT('',(-17.7,-12.5,2.));
#328 = DIRECTION('',(0.,0.,1.));
#329 = DIRECTION('',(1.,0.,-0.));
#330 = DEFINITIONAL_REPRESENTATION('',(#331),#334);
#331 = B_SPLINE_CURVE_WITH_KNOTS('',1,(#332,#333),.UNSPECIFIED.,.F.,.F.,
  (2,2),(-27.5,-2.5),.PIECEWISE_BEZIER_KNOTS.);
#332 = CARTESIAN_POINT('',(0.2,25.));
#333 = CARTESIAN_POINT('',(0.2,0.));
#334 = ( GEOMETRIC_REPRESENTATION_CONTEXT(2) 
PARAMETRIC_REPRESENTATION_CONTEXT() REPRESENTATION_CONTEXT('2D SPACE',''
  ) );
#335 = ORIENTED_EDGE('',*,*,#336,.T.);
#336 = EDGE_CURVE('',#311,#337,#339,.T.);
#337 = VERTEX_POINT('',#338);
#338 = CARTESIAN_POINT('',(-17.5,-12.5,22.));
#339 = SURFACE_CURVE('',#340,(#344,#350),.PCURVE_S1.);
#340 = LINE('',#341,#342);
#341 = CARTESIAN_POINT('',(-17.5,-12.5,1.));
#342 = VECTOR('',#343,1.);
#343 = DIRECTION('',(0.,0.,1.));
#344 = PCURVE('',#150,#345);
#345 = DEFINITIONAL_REPRESENTATION('',(#346),#349);
#346 = B_SPLINE_CURVE_WITH_KNOTS('',1,(#347,#348),.UNSPECIFIED.,.F.,.F.,
  (2,2),(1.,21.),.PIECEWISE_BEZIER_KNOTS.);
#347 = CARTESIAN_POINT('',(2.,-5.));
#348 = CARTESIAN_POINT('',(22.,-5.));
#349 = ( GEOMETRIC_REPRESENTATION_CONTEXT(2) 
PARAMETRIC_REPRESENTATION_CONTEXT() REPRESENTATION_CONTEXT('2D SPACE',''
  ) );
#350 = PCURVE('',#351,#356);
#351 = PLANE('',#352);
#352 = AXIS2_PLACEMENT_3D('',#353,#354,#355);
#353 = CARTESIAN_POINT('',(-17.7,-12.5,2.));
#354 = DIRECTION('',(-0.,1.,0.));
#355 = DIRECTION('',(0.,0.,1.));
#356 = DEFINITIONAL_REPRESENTATION('',(#357),#360);
#357 = B_SPLINE_CURVE_WITH_KNOTS('',1,(#358,#359),.UNSPECIFIED.,.F.,.F.,
  (2,2),(1.,21.),.PIECEWISE_BEZIER_KNOTS.);
#358 = CARTESIAN_POINT('',(0.,0.2));
#359 = CARTESIAN_POINT('',(20.,0.2));
#360 = ( GEOMETRIC_REPRESENTATION_CONTEXT(2) 
PARAMETRIC_REPRESENTATION_CONTEXT() REPRESENTATION_CONTEXT('2D SPACE',''
  ) );
#361 = ORIENTED_EDGE('',*,*,#362,.F.);
#362 = EDGE_CURVE('',#363,#337,#365,.T.);
#363 = VERTEX_POINT('',#364);
#364 = CARTESIAN_POINT('',(-17.5,12.5,22.));
#365 = SURFACE_CURVE('',#366,(#370,#376),.PCURVE_S1.);
#366 = LINE('',#367,#368);
#367 = CARTESIAN_POINT('',(-17.5,-15.,22.));
#368 = VECTOR('',#369,1.);
#369 = DIRECTION('',(0.,-1.,0.));
#370 = PCURVE('',#150,#371);
#371 = DEFINITIONAL_REPRESENTATION('',(#372),#375);
#372 = B_SPLINE_CURVE_WITH_KNOTS('',1,(#373,#374),.UNSPECIFIED.,.F.,.F.,
  (2,2),(-27.5,-2.5),.PIECEWISE_BEZIER_KNOTS.);
#373 = CARTESIAN_POINT('',(22.,-30.));
#374 = CARTESIAN_POINT('',(22.,-5.));
#375 = ( GEOMETRIC_REPRESENTATION_CONTEXT(2) 
PARAMETRIC_REPRESENTATION_CONTEXT() REPRESENTATION_CONTEXT('2D SPACE',''
  ) );
#376 = PCURVE('',#377,#382);
#377 = PLANE('',#378);
#378 = AXIS2_PLACEMENT_3D('',#379,#380,#381);
#379 = CARTESIAN_POINT('',(-17.7,-12.5,22.));
#380 = DIRECTION('',(0.,0.,1.));
#381 = DIRECTION('',(1.,0.,-0.));
#382 = DEFINITIONAL_REPRESENTATION('',(#383),#386);
#383 = B_SPLINE_CURVE_WITH_KNOTS('',1,(#384,#385),.UNSPECIFIED.,.F.,.F.,
  (2,2),(-27.5,-2.5),.PIECEWISE_BEZIER_KNOTS.);
#384 = CARTESIAN_POINT('',(0.2,25.));
#385 = CARTESIAN_POINT('',(0.2,0.));
#386 = ( GEOMETRIC_REPRESENTATION_CONTEXT(2) 
PARAMETRIC_REPRESENTATION_CONTEXT() REPRESENTATION_CONTEXT('2D SPACE',''
  ) );
#387 = ORIENTED_EDGE('',*,*,#388,.F.);
#388 = EDGE_CURVE('',#389,#363,#391,.T.);
#389 = VERTEX_POINT('',#390);
#390 = CARTESIAN_POINT('',(-17.5,12.5,14.5));
#391 = SURFACE_CURVE('',#392,(#396,#402),.PCURVE_S1.);
#392 = LINE('',#393,#394);
#393 = CARTESIAN_POINT('',(-17.5,12.5,1.));
#394 = VECTOR('',#395,1.);
#395 = DIRECTION('',(0.,0.,1.));
#396 = PCURVE('',#150,#397);
#397 = DEFINITIONAL_REPRESENTATION('',(#398),#401);
#398 = B_SPLINE_CURVE_WITH_KNOTS('',1,(#399,#400),.UNSPECIFIED.,.F.,.F.,
  (2,2),(13.5,21.),.PIECEWISE_BEZIER_KNOTS.);
#399 = CARTESIAN_POINT('',(14.5,-30.));
#400 = CARTESIAN_POINT('',(22.,-30.));
#401 = ( GEOMETRIC_REPRESENTATION_CONTEXT(2) 
PARAMETRIC_REPRESENTATION_CONTEXT() REPRESENTATION_CONTEXT('2D SPACE',''
  ) );
#402 = PCURVE('',#403,#408);
#403 = PLANE('',#404);
#404 = AXIS2_PLACEMENT_3D('',#405,#406,#407);
#405 = CARTESIAN_POINT('',(-17.7,12.5,2.));
#406 = DIRECTION('',(-0.,1.,0.));
#407 = DIRECTION('',(0.,0.,1.));
#408 = DEFINITIONAL_REPRESENTATION('',(#409),#412);
#409 = B_SPLINE_CURVE_WITH_KNOTS('',1,(#410,#411),.UNSPECIFIED.,.F.,.F.,
  (2,2),(13.5,21.),.PIECEWISE_BEZIER_KNOTS.);
#410 = CARTESIAN_POINT('',(12.5,0.2));
#411 = CARTESIAN_POINT('',(20.,0.2));
#412 = ( GEOMETRIC_REPRESENTATION_CONTEXT(2) 
PARAMETRIC_REPRESENTATION_CONTEXT() REPRESENTATION_CONTEXT('2D SPACE',''
  ) );
#413 = ORIENTED_EDGE('',*,*,#414,.F.);
#414 = EDGE_CURVE('',#415,#389,#417,.T.);
#415 = VERTEX_POINT('',#416);
#416 = CARTESIAN_POINT('',(-17.5,17.5,14.5));
#417 = SURFACE_CURVE('',#418,(#422,#428),.PCURVE_S1.);
#418 = LINE('',#419,#420);
#419 = CARTESIAN_POINT('',(-17.5,-2.5,14.5));
#420 = VECTOR('',#421,1.);
#421 = DIRECTION('',(0.,-1.,0.));
#422 = PCURVE('',#150,#423);
#423 = DEFINITIONAL_REPRESENTATION('',(#424),#427);
#424 = B_SPLINE_CURVE_WITH_KNOTS('',1,(#425,#426),.UNSPECIFIED.,.F.,.F.,
  (2,2),(-20.,-15.),.PIECEWISE_BEZIER_KNOTS.);
#425 = CARTESIAN_POINT('',(14.5,-35.));
#426 = CARTESIAN_POINT('',(14.5,-30.));
#427 = ( GEOMETRIC_REPRESENTATION_CONTEXT(2) 
PARAMETRIC_REPRESENTATION_CONTEXT() REPRESENTATION_CONTEXT('2D SPACE',''
  ) );
#428 = PCURVE('',#429,#434);
#429 = PLANE('',#430);
#430 = AXIS2_PLACEMENT_3D('',#431,#432,#433);
#431 = CARTESIAN_POINT('',(-17.7,12.5,14.5));
#432 = DIRECTION('',(0.,0.,1.));
#433 = DIRECTION('',(1.,0.,-0.));
#434 = DEFINITIONAL_REPRESENTATION('',(#435),#438);
#435 = B_SPLINE_CURVE_WITH_KNOTS('',1,(#436,#437),.UNSPECIFIED.,.F.,.F.,
  (2,2),(-20.,-15.),.PIECEWISE_BEZIER_KNOTS.);
#436 = CARTESIAN_POINT('',(0.2,5.));
#437 = CARTESIAN_POINT('',(0.2,0.));
#438 = ( GEOMETRIC_REPRESENTATION_CONTEXT(2) 
PARAMETRIC_REPRESENTATION_CONTEXT() REPRESENTATION_CONTEXT('2D SPACE',''
  ) );
#439 = ORIENTED_EDGE('',*,*,#440,.T.);
#440 = EDGE_CURVE('',#415,#441,#443,.T.);
#441 = VERTEX_POINT('',#442);
#442 = CARTESIAN_POINT('',(-17.5,17.5,62.1));
#443 = SURFACE_CURVE('',#444,(#448,#455),.PCURVE_S1.);
#444 = LINE('',#445,#446);
#445 = CARTESIAN_POINT('',(-17.5,17.5,0.));
#446 = VECTOR('',#447,1.);
#447 = DIRECTION('',(0.,0.,1.));
#448 = PCURVE('',#150,#449);
#449 = DEFINITIONAL_REPRESENTATION('',(#450),#454);
#450 = LINE('',#451,#452);
#451 = CARTESIAN_POINT('',(0.,-35.));
#452 = VECTOR('',#453,1.);
#453 = DIRECTION('',(1.,0.));
#454 = ( GEOMETRIC_REPRESENTATION_CONTEXT(2) 
PARAMETRIC_REPRESENTATION_CONTEXT() REPRESENTATION_CONTEXT('2D SPACE',''
  ) );
#455 = PCURVE('',#246,#456);
#456 = DEFINITIONAL_REPRESENTATION('',(#457),#461);
#457 = LINE('',#458,#459);
#458 = CARTESIAN_POINT('',(0.,0.));
#459 = VECTOR('',#460,1.);
#460 = DIRECTION('',(1.,0.));
#461 = ( GEOMETRIC_REPRESENTATION_CONTEXT(2) 
PARAMETRIC_REPRESENTATION_CONTEXT() REPRESENTATION_CONTEXT('2D SPACE',''
  ) );
#462 = ORIENTED_EDGE('',*,*,#463,.T.);
#463 = EDGE_CURVE('',#441,#464,#466,.T.);
#464 = VERTEX_POINT('',#465);
#465 = CARTESIAN_POINT('',(-17.5,12.5,62.1));
#466 = SURFACE_CURVE('',#467,(#471,#477),.PCURVE_S1.);
#467 = LINE('',#468,#469);
#468 = CARTESIAN_POINT('',(-17.5,-2.5,62.1));
#469 = VECTOR('',#470,1.);
#470 = DIRECTION('',(0.,-1.,0.));
#471 = PCURVE('',#150,#472);
#472 = DEFINITIONAL_REPRESENTATION('',(#473),#476);
#473 = B_SPLINE_CURVE_WITH_KNOTS('',1,(#474,#475),.UNSPECIFIED.,.F.,.F.,
  (2,2),(-20.,-15.),.PIECEWISE_BEZIER_KNOTS.);
#474 = CARTESIAN_POINT('',(62.1,-35.));
#475 = CARTESIAN_POINT('',(62.1,-30.));
#476 = ( GEOMETRIC_REPRESENTATION_CONTEXT(2) 
PARAMETRIC_REPRESENTATION_CONTEXT() REPRESENTATION_CONTEXT('2D SPACE',''
  ) );
#477 = PCURVE('',#478,#483);
#478 = PLANE('',#479);
#479 = AXIS2_PLACEMENT_3D('',#480,#481,#482);
#480 = CARTESIAN_POINT('',(-17.7,12.5,62.1));
#481 = DIRECTION('',(0.,0.,1.));
#482 = DIRECTION('',(1.,0.,-0.));
#483 = DEFINITIONAL_REPRESENTATION('',(#484),#487);
#484 = B_SPLINE_CURVE_WITH_KNOTS('',1,(#485,#486),.UNSPECIFIED.,.F.,.F.,
  (2,2),(-20.,-15.),.PIECEWISE_BEZIER_KNOTS.);
#485 = CARTESIAN_POINT('',(0.2,5.));
#486 = CARTESIAN_POINT('',(0.2,0.));
#487 = ( GEOMETRIC_REPRESENTATION_CONTEXT(2) 
PARAMETRIC_REPRESENTATION_CONTEXT() REPRESENTATION_CONTEXT('2D SPACE',''
  ) );
#488 = ORIENTED_EDGE('',*,*,#489,.F.);
#489 = EDGE_CURVE('',#490,#464,#492,.T.);
#490 = VERTEX_POINT('',#491);
#491 = CARTESIAN_POINT('',(-17.5,12.5,54.6));
#492 = SURFACE_CURVE('',#493,(#497,#503),.PCURVE_S1.);
#493 = LINE('',#494,#495);
#494 = CARTESIAN_POINT('',(-17.5,12.5,27.3));
#495 = VECTOR('',#496,1.);
#496 = DIRECTION('',(0.,0.,1.));
#497 = PCURVE('',#150,#498);
#498 = DEFINITIONAL_REPRESENTATION('',(#499),#502);
#499 = B_SPLINE_CURVE_WITH_KNOTS('',1,(#500,#501),.UNSPECIFIED.,.F.,.F.,
  (2,2),(27.3,34.8),.PIECEWISE_BEZIER_KNOTS.);
#500 = CARTESIAN_POINT('',(54.6,-30.));
#501 = CARTESIAN_POINT('',(62.1,-30.));
#502 = ( GEOMETRIC_REPRESENTATION_CONTEXT(2) 
PARAMETRIC_REPRESENTATION_CONTEXT() REPRESENTATION_CONTEXT('2D SPACE',''
  ) );
#503 = PCURVE('',#504,#509);
#504 = PLANE('',#505);
#505 = AXIS2_PLACEMENT_3D('',#506,#507,#508);
#506 = CARTESIAN_POINT('',(-17.7,12.5,54.6));
#507 = DIRECTION('',(-0.,1.,0.));
#508 = DIRECTION('',(0.,0.,1.));
#509 = DEFINITIONAL_REPRESENTATION('',(#510),#513);
#510 = B_SPLINE_CURVE_WITH_KNOTS('',1,(#511,#512),.UNSPECIFIED.,.F.,.F.,
  (2,2),(27.3,34.8),.PIECEWISE_BEZIER_KNOTS.);
#511 = CARTESIAN_POINT('',(0.,0.2));
#512 = CARTESIAN_POINT('',(7.5,0.2));
#513 = ( GEOMETRIC_REPRESENTATION_CONTEXT(2) 
PARAMETRIC_REPRESENTATION_CONTEXT() REPRESENTATION_CONTEXT('2D SPACE',''
  ) );
#514 = ORIENTED_EDGE('',*,*,#515,.T.);
#515 = EDGE_CURVE('',#490,#516,#518,.T.);
#516 = VERTEX_POINT('',#517);
#517 = CARTESIAN_POINT('',(-17.5,-12.5,54.6));
#518 = SURFACE_CURVE('',#519,(#523,#529),.PCURVE_S1.);
#519 = LINE('',#520,#521);
#520 = CARTESIAN_POINT('',(-17.5,-15.,54.6));
#521 = VECTOR('',#522,1.);
#522 = DIRECTION('',(0.,-1.,0.));
#523 = PCURVE('',#150,#524);
#524 = DEFINITIONAL_REPRESENTATION('',(#525),#528);
#525 = B_SPLINE_CURVE_WITH_KNOTS('',1,(#526,#527),.UNSPECIFIED.,.F.,.F.,
  (2,2),(-27.5,-2.5),.PIECEWISE_BEZIER_KNOTS.);
#526 = CARTESIAN_POINT('',(54.6,-30.));
#527 = CARTESIAN_POINT('',(54.6,-5.));
#528 = ( GEOMETRIC_REPRESENTATION_CONTEXT(2) 
PARAMETRIC_REPRESENTATION_CONTEXT() REPRESENTATION_CONTEXT('2D SPACE',''
  ) );
#529 = PCURVE('',#530,#535);
#530 = PLANE('',#531);
#531 = AXIS2_PLACEMENT_3D('',#532,#533,#534);
#532 = CARTESIAN_POINT('',(-17.7,-12.5,54.6));
#533 = DIRECTION('',(0.,0.,1.));
#534 = DIRECTION('',(1.,0.,-0.));
#535 = DEFINITIONAL_REPRESENTATION('',(#536),#539);
#536 = B_SPLINE_CURVE_WITH_KNOTS('',1,(#537,#538),.UNSPECIFIED.,.F.,.F.,
  (2,2),(-27.5,-2.5),.PIECEWISE_BEZIER_KNOTS.);
#537 = CARTESIAN_POINT('',(0.2,25.));
#538 = CARTESIAN_POINT('',(0.2,0.));
#539 = ( GEOMETRIC_REPRESENTATION_CONTEXT(2) 
PARAMETRIC_REPRESENTATION_CONTEXT() REPRESENTATION_CONTEXT('2D SPACE',''
  ) );
#540 = ORIENTED_EDGE('',*,*,#541,.T.);
#541 = EDGE_CURVE('',#516,#542,#544,.T.);
#542 = VERTEX_POINT('',#543);
#543 = CARTESIAN_POINT('',(-17.5,-12.5,74.6));
#544 = SURFACE_CURVE('',#545,(#549,#555),.PCURVE_S1.);
#545 = LINE('',#546,#547);
#546 = CARTESIAN_POINT('',(-17.5,-12.5,27.3));
#547 = VECTOR('',#548,1.);
#548 = DIRECTION('',(0.,0.,1.));
#549 = PCURVE('',#150,#550);
#550 = DEFINITIONAL_REPRESENTATION('',(#551),#554);
#551 = B_SPLINE_CURVE_WITH_KNOTS('',1,(#552,#553),.UNSPECIFIED.,.F.,.F.,
  (2,2),(27.3,47.3),.PIECEWISE_BEZIER_KNOTS.);
#552 = CARTESIAN_POINT('',(54.6,-5.));
#553 = CARTESIAN_POINT('',(74.6,-5.));
#554 = ( GEOMETRIC_REPRESENTATION_CONTEXT(2) 
PARAMETRIC_REPRESENTATION_CONTEXT() REPRESENTATION_CONTEXT('2D SPACE',''
  ) );
#555 = PCURVE('',#556,#561);
#556 = PLANE('',#557);
#557 = AXIS2_PLACEMENT_3D('',#558,#559,#560);
#558 = CARTESIAN_POINT('',(-17.7,-12.5,54.6));
#559 = DIRECTION('',(-0.,1.,0.));
#560 = DIRECTION('',(0.,0.,1.));
#561 = DEFINITIONAL_REPRESENTATION('',(#562),#565);
#562 = B_SPLINE_CURVE_WITH_KNOTS('',1,(#563,#564),.UNSPECIFIED.,.F.,.F.,
  (2,2),(27.3,47.3),.PIECEWISE_BEZIER_KNOTS.);
#563 = CARTESIAN_POINT('',(0.,0.2));
#564 = CARTESIAN_POINT('',(20.,0.2));
#565 = ( GEOMETRIC_REPRESENTATION_CONTEXT(2) 
PARAMETRIC_REPRESENTATION_CONTEXT() REPRESENTATION_CONTEXT('2D SPACE',''
  ) );
#566 = ORIENTED_EDGE('',*,*,#567,.F.);
#567 = EDGE_CURVE('',#568,#542,#570,.T.);
#568 = VERTEX_POINT('',#569);
#569 = CARTESIAN_POINT('',(-17.5,12.5,74.6));
#570 = SURFACE_CURVE('',#571,(#575,#581),.PCURVE_S1.);
#571 = LINE('',#572,#573);
#572 = CARTESIAN_POINT('',(-17.5,-15.,74.6));
#573 = VECTOR('',#574,1.);
#574 = DIRECTION('',(0.,-1.,0.));
#575 = PCURVE('',#150,#576);
#576 = DEFINITIONAL_REPRESENTATION('',(#577),#580);
#577 = B_SPLINE_CURVE_WITH_KNOTS('',1,(#578,#579),.UNSPECIFIED.,.F.,.F.,
  (2,2),(-27.5,-2.5),.PIECEWISE_BEZIER_KNOTS.);
#578 = CARTESIAN_POINT('',(74.6,-30.));
#579 = CARTESIAN_POINT('',(74.6,-5.));
#580 = ( GEOMETRIC_REPRESENTATION_CONTEXT(2) 
PARAMETRIC_REPRESENTATION_CONTEXT() REPRESENTATION_CONTEXT('2D SPACE',''
  ) );
#581 = PCURVE('',#582,#587);
#582 = PLANE('',#583);
#583 = AXIS2_PLACEMENT_3D('',#584,#585,#586);
#584 = CARTESIAN_POINT('',(-17.7,-12.5,74.6));
#585 = DIRECTION('',(0.,0.,1.));
#586 = DIRECTION('',(1.,0.,-0.));
#587 = DEFINITIONAL_REPRESENTATION('',(#588),#591);
#588 = B_SPLINE_CURVE_WITH_KNOTS('',1,(#589,#590),.UNSPECIFIED.,.F.,.F.,
  (2,2),(-27.5,-2.5),.PIECEWISE_BEZIER_KNOTS.);
#589 = CARTESIAN_POINT('',(0.2,25.));
#590 = CARTESIAN_POINT('',(0.2,0.));
#591 = ( GEOMETRIC_REPRESENTATION_CONTEXT(2) 
PARAMETRIC_REPRESENTATION_CONTEXT() REPRESENTATION_CONTEXT('2D SPACE',''
  ) );
#592 = ORIENTED_EDGE('',*,*,#593,.F.);
#593 = EDGE_CURVE('',#594,#568,#596,.T.);
#594 = VERTEX_POINT('',#595);
#595 = CARTESIAN_POINT('',(-17.5,12.5,67.1));
#596 = SURFACE_CURVE('',#597,(#601,#607),.PCURVE_S1.);
#597 = LINE('',#598,#599);
#598 = CARTESIAN_POINT('',(-17.5,12.5,27.3));
#599 = VECTOR('',#600,1.);
#600 = DIRECTION('',(0.,0.,1.));
#601 = PCURVE('',#150,#602);
#602 = DEFINITIONAL_REPRESENTATION('',(#603),#606);
#603 = B_SPLINE_CURVE_WITH_KNOTS('',1,(#604,#605),.UNSPECIFIED.,.F.,.F.,
  (2,2),(39.8,47.3),.PIECEWISE_BEZIER_KNOTS.);
#604 = CARTESIAN_POINT('',(67.1,-30.));
#605 = CARTESIAN_POINT('',(74.6,-30.));
#606 = ( GEOMETRIC_REPRESENTATION_CONTEXT(2) 
PARAMETRIC_REPRESENTATION_CONTEXT() REPRESENTATION_CONTEXT('2D SPACE',''
  ) );
#607 = PCURVE('',#608,#613);
#608 = PLANE('',#609);
#609 = AXIS2_PLACEMENT_3D('',#610,#611,#612);
#610 = CARTESIAN_POINT('',(-17.7,12.5,54.6));
#611 = DIRECTION('',(-0.,1.,0.));
#612 = DIRECTION('',(0.,0.,1.));
#613 = DEFINITIONAL_REPRESENTATION('',(#614),#617);
#614 = B_SPLINE_CURVE_WITH_KNOTS('',1,(#615,#616),.UNSPECIFIED.,.F.,.F.,
  (2,2),(39.8,47.3),.PIECEWISE_BEZIER_KNOTS.);
#615 = CARTESIAN_POINT('',(12.5,0.2));
#616 = CARTESIAN_POINT('',(20.,0.2));
#617 = ( GEOMETRIC_REPRESENTATION_CONTEXT(2) 
PARAMETRIC_REPRESENTATION_CONTEXT() REPRESENTATION_CONTEXT('2D SPACE',''
  ) );
#618 = ORIENTED_EDGE('',*,*,#619,.F.);
#619 = EDGE_CURVE('',#620,#594,#622,.T.);
#620 = VERTEX_POINT('',#621);
#621 = CARTESIAN_POINT('',(-17.5,17.5,67.1));
#622 = SURFACE_CURVE('',#623,(#627,#633),.PCURVE_S1.);
#623 = LINE('',#624,#625);
#624 = CARTESIAN_POINT('',(-17.5,-2.5,67.1));
#625 = VECTOR('',#626,1.);
#626 = DIRECTION('',(0.,-1.,0.));
#627 = PCURVE('',#150,#628);
#628 = DEFINITIONAL_REPRESENTATION('',(#629),#632);
#629 = B_SPLINE_CURVE_WITH_KNOTS('',1,(#630,#631),.UNSPECIFIED.,.F.,.F.,
  (2,2),(-20.,-15.),.PIECEWISE_BEZIER_KNOTS.);
#630 = CARTESIAN_POINT('',(67.1,-35.));
#631 = CARTESIAN_POINT('',(67.1,-30.));
#632 = ( GEOMETRIC_REPRESENTATION_CONTEXT(2) 
PARAMETRIC_REPRESENTATION_CONTEXT() REPRESENTATION_CONTEXT('2D SPACE',''
  ) );
#633 = PCURVE('',#634,#639);
#634 = PLANE('',#635);
#635 = AXIS2_PLACEMENT_3D('',#636,#637,#638);
#636 = CARTESIAN_POINT('',(-17.7,12.5,67.1));
#637 = DIRECTION('',(0.,0.,1.));
#638 = DIRECTION('',(1.,0.,-0.));
#639 = DEFINITIONAL_REPRESENTATION('',(#640),#643);
#640 = B_SPLINE_CURVE_WITH_KNOTS('',1,(#641,#642),.UNSPECIFIED.,.F.,.F.,
  (2,2),(-20.,-15.),.PIECEWISE_BEZIER_KNOTS.);
#641 = CARTESIAN_POINT('',(0.2,5.));
#642 = CARTESIAN_POINT('',(0.2,0.));
#643 = ( GEOMETRIC_REPRESENTATION_CONTEXT(2) 
PARAMETRIC_REPRESENTATION_CONTEXT() REPRESENTATION_CONTEXT('2D SPACE',''
  ) );
#644 = ORIENTED_EDGE('',*,*,#645,.T.);
#645 = EDGE_CURVE('',#620,#142,#646,.T.);
#646 = SURFACE_CURVE('',#647,(#651,#658),.PCURVE_S1.);
#647 = LINE('',#648,#649);
#648 = CARTESIAN_POINT('',(-17.5,17.5,0.));
#649 = VECTOR('',#650,1.);
#650 = DIRECTION('',(0.,0.,1.));
#651 = PCURVE('',#150,#652);
#652 = DEFINITIONAL_REPRESENTATION('',(#653),#657);
#653 = LINE('',#654,#655);
#654 = CARTESIAN_POINT('',(0.,-35.));
#655 = VECTOR('',#656,1.);
#656 = DIRECTION('',(1.,0.));
#657 = ( GEOMETRIC_REPRESENTATION_CONTEXT(2) 
PARAMETRIC_REPRESENTATION_CONTEXT() REPRESENTATION_CONTEXT('2D SPACE',''
  ) );
#658 = PCURVE('',#246,#659);
#659 = DEFINITIONAL_REPRESENTATION('',(#660),#664);
#660 = LINE('',#661,#662);
#661 = CARTESIAN_POINT('',(0.,0.));
#662 = VECTOR('',#663,1.);
#663 = DIRECTION('',(1.,0.));
#664 = ( GEOMETRIC_REPRESENTATION_CONTEXT(2) 
PARAMETRIC_REPRESENTATION_CONTEXT() REPRESENTATION_CONTEXT('2D SPACE',''
  ) );
#665 = FACE_BOUND('',#666,.F.);
#666 = EDGE_LOOP('',(#667,#695,#721,#747));
#667 = ORIENTED_EDGE('',*,*,#668,.T.);
#668 = EDGE_CURVE('',#669,#671,#673,.T.);
#669 = VERTEX_POINT('',#670);
#670 = CARTESIAN_POINT('',(-17.5,15.,77.));
#671 = VERTEX_POINT('',#672);
#672 = CARTESIAN_POINT('',(-17.5,-15.,77.));
#673 = SURFACE_CURVE('',#674,(#678,#684),.PCURVE_S1.);
#674 = LINE('',#675,#676);
#675 = CARTESIAN_POINT('',(-17.5,-16.25,77.));
#676 = VECTOR('',#677,1.);
#677 = DIRECTION('',(0.,-1.,0.));
#678 = PCURVE('',#150,#679);
#679 = DEFINITIONAL_REPRESENTATION('',(#680),#683);
#680 = B_SPLINE_CURVE_WITH_KNOTS('',1,(#681,#682),.UNSPECIFIED.,.F.,.F.,
  (2,2),(-31.25,-1.25),.PIECEWISE_BEZIER_KNOTS.);
#681 = CARTESIAN_POINT('',(77.,-32.5));
#682 = CARTESIAN_POINT('',(77.,-2.5));
#683 = ( GEOMETRIC_REPRESENTATION_CONTEXT(2) 
PARAMETRIC_REPRESENTATION_CONTEXT() REPRESENTATION_CONTEXT('2D SPACE',''
  ) );
#684 = PCURVE('',#685,#690);
#685 = PLANE('',#686);
#686 = AXIS2_PLACEMENT_3D('',#687,#688,#689);
#687 = CARTESIAN_POINT('',(-18.5,-15.,77.));
#688 = DIRECTION('',(0.,0.,1.));
#689 = DIRECTION('',(1.,0.,-0.));
#690 = DEFINITIONAL_REPRESENTATION('',(#691),#694);
#691 = B_SPLINE_CURVE_WITH_KNOTS('',1,(#692,#693),.UNSPECIFIED.,.F.,.F.,
  (2,2),(-31.25,-1.25),.PIECEWISE_BEZIER_KNOTS.);
#692 = CARTESIAN_POINT('',(1.,30.));
#693 = CARTESIAN_POINT('',(1.,0.));
#694 = ( GEOMETRIC_REPRESENTATION_CONTEXT(2) 
PARAMETRIC_REPRESENTATION_CONTEXT() REPRESENTATION_CONTEXT('2D SPACE',''
  ) );
#695 = ORIENTED_EDGE('',*,*,#696,.T.);
#696 = EDGE_CURVE('',#671,#697,#699,.T.);
#697 = VERTEX_POINT('',#698);
#698 = CARTESIAN_POINT('',(-17.5,-15.,84.));
#699 = SURFACE_CURVE('',#700,(#704,#710),.PCURVE_S1.);
#700 = LINE('',#701,#702);
#701 = CARTESIAN_POINT('',(-17.5,-15.,38.5));
#702 = VECTOR('',#703,1.);
#703 = DIRECTION('',(0.,0.,1.));
#704 = PCURVE('',#150,#705);
#705 = DEFINITIONAL_REPRESENTATION('',(#706),#709);
#706 = B_SPLINE_CURVE_WITH_KNOTS('',1,(#707,#708),.UNSPECIFIED.,.F.,.F.,
  (2,2),(38.5,45.5),.PIECEWISE_BEZIER_KNOTS.);
#707 = CARTESIAN_POINT('',(77.,-2.5));
#708 = CARTESIAN_POINT('',(84.,-2.5));
#709 = ( GEOMETRIC_REPRESENTATION_CONTEXT(2) 
PARAMETRIC_REPRESENTATION_CONTEXT() REPRESENTATION_CONTEXT('2D SPACE',''
  ) );
#710 = PCURVE('',#711,#716);
#711 = PLANE('',#712);
#712 = AXIS2_PLACEMENT_3D('',#713,#714,#715);
#713 = CARTESIAN_POINT('',(-18.5,-15.,77.));
#714 = DIRECTION('',(-0.,1.,0.));
#715 = DIRECTION('',(0.,0.,1.));
#716 = DEFINITIONAL_REPRESENTATION('',(#717),#720);
#717 = B_SPLINE_CURVE_WITH_KNOTS('',1,(#718,#719),.UNSPECIFIED.,.F.,.F.,
  (2,2),(38.5,45.5),.PIECEWISE_BEZIER_KNOTS.);
#718 = CARTESIAN_POINT('',(0.,1.));
#719 = CARTESIAN_POINT('',(7.,1.));
#720 = ( GEOMETRIC_REPRESENTATION_CONTEXT(2) 
PARAMETRIC_REPRESENTATION_CONTEXT() REPRESENTATION_CONTEXT('2D SPACE',''
  ) );
#721 = ORIENTED_EDGE('',*,*,#722,.F.);
#722 = EDGE_CURVE('',#723,#697,#725,.T.);
#723 = VERTEX_POINT('',#724);
#724 = CARTESIAN_POINT('',(-17.5,15.,84.));
#725 = SURFACE_CURVE('',#726,(#730,#736),.PCURVE_S1.);
#726 = LINE('',#727,#728);
#727 = CARTESIAN_POINT('',(-17.5,-16.25,84.));
#728 = VECTOR('',#729,1.);
#729 = DIRECTION('',(0.,-1.,0.));
#730 = PCURVE('',#150,#731);
#731 = DEFINITIONAL_REPRESENTATION('',(#732),#735);
#732 = B_SPLINE_CURVE_WITH_KNOTS('',1,(#733,#734),.UNSPECIFIED.,.F.,.F.,
  (2,2),(-31.25,-1.25),.PIECEWISE_BEZIER_KNOTS.);
#733 = CARTESIAN_POINT('',(84.,-32.5));
#734 = CARTESIAN_POINT('',(84.,-2.5));
#735 = ( GEOMETRIC_REPRESENTATION_CONTEXT(2) 
PARAMETRIC_REPRESENTATION_CONTEXT() REPRESENTATION_CONTEXT('2D SPACE',''
  ) );
#736 = PCURVE('',#737,#742);
#737 = PLANE('',#738);
#738 = AXIS2_PLACEMENT_3D('',#739,#740,#741);
#739 = CARTESIAN_POINT('',(-18.5,-15.,84.));
#740 = DIRECTION('',(0.,0.,1.));
#741 = DIRECTION('',(1.,0.,-0.));
#742 = DEFINITIONAL_REPRESENTATION('',(#743),#746);
#743 = B_SPLINE_CURVE_WITH_KNOTS('',1,(#744,#745),.UNSPECIFIED.,.F.,.F.,
  (2,2),(-31.25,-1.25),.PIECEWISE_BEZIER_KNOTS.);
#744 = CARTESIAN_POINT('',(1.,30.));
#745 = CARTESIAN_POINT('',(1.,0.));
#746 = ( GEOMETRIC_REPRESENTATION_CONTEXT(2) 
PARAMETRIC_REPRESENTATION_CONTEXT() REPRESENTATION_CONTEXT('2D SPACE',''
  ) );
#747 = ORIENTED_EDGE('',*,*,#748,.F.);
#748 = EDGE_CURVE('',#669,#723,#749,.T.);
#749 = SURFACE_CURVE('',#750,(#754,#760),.PCURVE_S1.);
#750 = LINE('',#751,#752);
#751 = CARTESIAN_POINT('',(-17.5,15.,38.5));
#752 = VECTOR('',#753,1.);
#753 = DIRECTION('',(0.,0.,1.));
#754 = PCURVE('',#150,#755);
#755 = DEFINITIONAL_REPRESENTATION('',(#756),#759);
#756 = B_SPLINE_CURVE_WITH_KNOTS('',1,(#757,#758),.UNSPECIFIED.,.F.,.F.,
  (2,2),(38.5,45.5),.PIECEWISE_BEZIER_KNOTS.);
#757 = CARTESIAN_POINT('',(77.,-32.5));
#758 = CARTESIAN_POINT('',(84.,-32.5));
#759 = ( GEOMETRIC_REPRESENTATION_CONTEXT(2) 
PARAMETRIC_REPRESENTATION_CONTEXT() REPRESENTATION_CONTEXT('2D SPACE',''
  ) );
#760 = PCURVE('',#761,#766);
#761 = PLANE('',#762);
#762 = AXIS2_PLACEMENT_3D('',#763,#764,#765);
#763 = CARTESIAN_POINT('',(-18.5,15.,77.));
#764 = DIRECTION('',(-0.,1.,0.));
#765 = DIRECTION('',(0.,0.,1.));
#766 = DEFINITIONAL_REPRESENTATION('',(#767),#770);
#767 = B_SPLINE_CURVE_WITH_KNOTS('',1,(#768,#769),.UNSPECIFIED.,.F.,.F.,
  (2,2),(38.5,45.5),.PIECEWISE_BEZIER_KNOTS.);
#768 = CARTESIAN_POINT('',(0.,1.));
#769 = CARTESIAN_POINT('',(7.,1.));
#770 = ( GEOMETRIC_REPRESENTATION_CONTEXT(2) 
PARAMETRIC_REPRESENTATION_CONTEXT() REPRESENTATION_CONTEXT('2D SPACE',''
  ) );
#771 = FACE_BOUND('',#772,.F.);
#772 = EDGE_LOOP('',(#773,#801,#827,#853,#879,#905,#931,#957));
#773 = ORIENTED_EDGE('',*,*,#774,.F.);
#774 = EDGE_CURVE('',#775,#777,#779,.T.);
#775 = VERTEX_POINT('',#776);
#776 = CARTESIAN_POINT('',(-17.5,15.,24.));
#777 = VERTEX_POINT('',#778);
#778 = CARTESIAN_POINT('',(-17.5,15.,53.));
#779 = SURFACE_CURVE('',#780,(#784,#790),.PCURVE_S1.);
#780 = LINE('',#781,#782);
#781 = CARTESIAN_POINT('',(-17.5,15.,12.));
#782 = VECTOR('',#783,1.);
#783 = DIRECTION('',(0.,0.,1.));
#784 = PCURVE('',#150,#785);
#785 = DEFINITIONAL_REPRESENTATION('',(#786),#789);
#786 = B_SPLINE_CURVE_WITH_KNOTS('',1,(#787,#788),.UNSPECIFIED.,.F.,.F.,
  (2,2),(12.,41.),.PIECEWISE_BEZIER_KNOTS.);
#787 = CARTESIAN_POINT('',(24.,-32.5));
#788 = CARTESIAN_POINT('',(53.,-32.5));
#789 = ( GEOMETRIC_REPRESENTATION_CONTEXT(2) 
PARAMETRIC_REPRESENTATION_CONTEXT() REPRESENTATION_CONTEXT('2D SPACE',''
  ) );
#790 = PCURVE('',#791,#796);
#791 = PLANE('',#792);
#792 = AXIS2_PLACEMENT_3D('',#793,#794,#795);
#793 = CARTESIAN_POINT('',(-18.5,15.,24.));
#794 = DIRECTION('',(-0.,1.,0.));
#795 = DIRECTION('',(0.,0.,1.));
#796 = DEFINITIONAL_REPRESENTATION('',(#797),#800);
#797 = B_SPLINE_CURVE_WITH_KNOTS('',1,(#798,#799),.UNSPECIFIED.,.F.,.F.,
  (2,2),(12.,41.),.PIECEWISE_BEZIER_KNOTS.);
#798 = CARTESIAN_POINT('',(0.,1.));
#799 = CARTESIAN_POINT('',(29.,1.));
#800 = ( GEOMETRIC_REPRESENTATION_CONTEXT(2) 
PARAMETRIC_REPRESENTATION_CONTEXT() REPRESENTATION_CONTEXT('2D SPACE',''
  ) );
#801 = ORIENTED_EDGE('',*,*,#802,.T.);
#802 = EDGE_CURVE('',#775,#803,#805,.T.);
#803 = VERTEX_POINT('',#804);
#804 = CARTESIAN_POINT('',(-17.5,-15.,24.));
#805 = SURFACE_CURVE('',#806,(#810,#816),.PCURVE_S1.);
#806 = LINE('',#807,#808);
#807 = CARTESIAN_POINT('',(-17.5,-16.25,24.));
#808 = VECTOR('',#809,1.);
#809 = DIRECTION('',(0.,-1.,0.));
#810 = PCURVE('',#150,#811);
#811 = DEFINITIONAL_REPRESENTATION('',(#812),#815);
#812 = B_SPLINE_CURVE_WITH_KNOTS('',1,(#813,#814),.UNSPECIFIED.,.F.,.F.,
  (2,2),(-31.25,-1.25),.PIECEWISE_BEZIER_KNOTS.);
#813 = CARTESIAN_POINT('',(24.,-32.5));
#814 = CARTESIAN_POINT('',(24.,-2.5));
#815 = ( GEOMETRIC_REPRESENTATION_CONTEXT(2) 
PARAMETRIC_REPRESENTATION_CONTEXT() REPRESENTATION_CONTEXT('2D SPACE',''
  ) );
#816 = PCURVE('',#817,#822);
#817 = PLANE('',#818);
#818 = AXIS2_PLACEMENT_3D('',#819,#820,#821);
#819 = CARTESIAN_POINT('',(-18.5,-15.,24.));
#820 = DIRECTION('',(0.,0.,1.));
#821 = DIRECTION('',(1.,0.,-0.));
#822 = DEFINITIONAL_REPRESENTATION('',(#823),#826);
#823 = B_SPLINE_CURVE_WITH_KNOTS('',1,(#824,#825),.UNSPECIFIED.,.F.,.F.,
  (2,2),(-31.25,-1.25),.PIECEWISE_BEZIER_KNOTS.);
#824 = CARTESIAN_POINT('',(1.,30.));
#825 = CARTESIAN_POINT('',(1.,0.));
#826 = ( GEOMETRIC_REPRESENTATION_CONTEXT(2) 
PARAMETRIC_REPRESENTATION_CONTEXT() REPRESENTATION_CONTEXT('2D SPACE',''
  ) );
#827 = ORIENTED_EDGE('',*,*,#828,.F.);
#828 = EDGE_CURVE('',#829,#803,#831,.T.);
#829 = VERTEX_POINT('',#830);
#830 = CARTESIAN_POINT('',(-17.5,-15.,2.));
#831 = SURFACE_CURVE('',#832,(#836,#842),.PCURVE_S1.);
#832 = LINE('',#833,#834);
#833 = CARTESIAN_POINT('',(-17.5,-15.,1.));
#834 = VECTOR('',#835,1.);
#835 = DIRECTION('',(0.,0.,1.));
#836 = PCURVE('',#150,#837);
#837 = DEFINITIONAL_REPRESENTATION('',(#838),#841);
#838 = B_SPLINE_CURVE_WITH_KNOTS('',1,(#839,#840),.UNSPECIFIED.,.F.,.F.,
  (2,2),(1.,75.),.PIECEWISE_BEZIER_KNOTS.);
#839 = CARTESIAN_POINT('',(2.,-2.5));
#840 = CARTESIAN_POINT('',(76.,-2.5));
#841 = ( GEOMETRIC_REPRESENTATION_CONTEXT(2) 
PARAMETRIC_REPRESENTATION_CONTEXT() REPRESENTATION_CONTEXT('2D SPACE',''
  ) );
#842 = PCURVE('',#843,#848);
#843 = PLANE('',#844);
#844 = AXIS2_PLACEMENT_3D('',#845,#846,#847);
#845 = CARTESIAN_POINT('',(-19.5,-15.,2.));
#846 = DIRECTION('',(-0.,1.,0.));
#847 = DIRECTION('',(0.,0.,1.));
#848 = DEFINITIONAL_REPRESENTATION('',(#849),#852);
#849 = B_SPLINE_CURVE_WITH_KNOTS('',1,(#850,#851),.UNSPECIFIED.,.F.,.F.,
  (2,2),(1.,75.),.PIECEWISE_BEZIER_KNOTS.);
#850 = CARTESIAN_POINT('',(0.,2.));
#851 = CARTESIAN_POINT('',(74.,2.));
#852 = ( GEOMETRIC_REPRESENTATION_CONTEXT(2) 
PARAMETRIC_REPRESENTATION_CONTEXT() REPRESENTATION_CONTEXT('2D SPACE',''
  ) );
#853 = ORIENTED_EDGE('',*,*,#854,.T.);
#854 = EDGE_CURVE('',#829,#855,#857,.T.);
#855 = VERTEX_POINT('',#856);
#856 = CARTESIAN_POINT('',(-17.5,-17.,2.));
#857 = SURFACE_CURVE('',#858,(#862,#868),.PCURVE_S1.);
#858 = LINE('',#859,#860);
#859 = CARTESIAN_POINT('',(-17.5,-17.25,2.));
#860 = VECTOR('',#861,1.);
#861 = DIRECTION('',(0.,-1.,0.));
#862 = PCURVE('',#150,#863);
#863 = DEFINITIONAL_REPRESENTATION('',(#864),#867);
#864 = B_SPLINE_CURVE_WITH_KNOTS('',1,(#865,#866),.UNSPECIFIED.,.F.,.F.,
  (2,2),(-2.25,-0.25),.PIECEWISE_BEZIER_KNOTS.);
#865 = CARTESIAN_POINT('',(2.,-2.5));
#866 = CARTESIAN_POINT('',(2.,-0.5));
#867 = ( GEOMETRIC_REPRESENTATION_CONTEXT(2) 
PARAMETRIC_REPRESENTATION_CONTEXT() REPRESENTATION_CONTEXT('2D SPACE',''
  ) );
#868 = PCURVE('',#869,#874);
#869 = PLANE('',#870);
#870 = AXIS2_PLACEMENT_3D('',#871,#872,#873);
#871 = CARTESIAN_POINT('',(-19.5,-17.,2.));
#872 = DIRECTION('',(0.,0.,1.));
#873 = DIRECTION('',(1.,0.,-0.));
#874 = DEFINITIONAL_REPRESENTATION('',(#875),#878);
#875 = B_SPLINE_CURVE_WITH_KNOTS('',1,(#876,#877),.UNSPECIFIED.,.F.,.F.,
  (2,2),(-2.25,-0.25),.PIECEWISE_BEZIER_KNOTS.);
#876 = CARTESIAN_POINT('',(2.,2.));
#877 = CARTESIAN_POINT('',(2.,0.));
#878 = ( GEOMETRIC_REPRESENTATION_CONTEXT(2) 
PARAMETRIC_REPRESENTATION_CONTEXT() REPRESENTATION_CONTEXT('2D SPACE',''
  ) );
#879 = ORIENTED_EDGE('',*,*,#880,.T.);
#880 = EDGE_CURVE('',#855,#881,#883,.T.);
#881 = VERTEX_POINT('',#882);
#882 = CARTESIAN_POINT('',(-17.5,-17.,76.));
#883 = SURFACE_CURVE('',#884,(#888,#894),.PCURVE_S1.);
#884 = LINE('',#885,#886);
#885 = CARTESIAN_POINT('',(-17.5,-17.,1.));
#886 = VECTOR('',#887,1.);
#887 = DIRECTION('',(0.,0.,1.));
#888 = PCURVE('',#150,#889);
#889 = DEFINITIONAL_REPRESENTATION('',(#890),#893);
#890 = B_SPLINE_CURVE_WITH_KNOTS('',1,(#891,#892),.UNSPECIFIED.,.F.,.F.,
  (2,2),(1.,75.),.PIECEWISE_BEZIER_KNOTS.);
#891 = CARTESIAN_POINT('',(2.,-0.5));
#892 = CARTESIAN_POINT('',(76.,-0.5));
#893 = ( GEOMETRIC_REPRESENTATION_CONTEXT(2) 
PARAMETRIC_REPRESENTATION_CONTEXT() REPRESENTATION_CONTEXT('2D SPACE',''
  ) );
#894 = PCURVE('',#895,#900);
#895 = PLANE('',#896);
#896 = AXIS2_PLACEMENT_3D('',#897,#898,#899);
#897 = CARTESIAN_POINT('',(-19.5,-17.,2.));
#898 = DIRECTION('',(-0.,1.,0.));
#899 = DIRECTION('',(0.,0.,1.));
#900 = DEFINITIONAL_REPRESENTATION('',(#901),#904);
#901 = B_SPLINE_CURVE_WITH_KNOTS('',1,(#902,#903),.UNSPECIFIED.,.F.,.F.,
  (2,2),(1.,75.),.PIECEWISE_BEZIER_KNOTS.);
#902 = CARTESIAN_POINT('',(0.,2.));
#903 = CARTESIAN_POINT('',(74.,2.));
#904 = ( GEOMETRIC_REPRESENTATION_CONTEXT(2) 
PARAMETRIC_REPRESENTATION_CONTEXT() REPRESENTATION_CONTEXT('2D SPACE',''
  ) );
#905 = ORIENTED_EDGE('',*,*,#906,.F.);
#906 = EDGE_CURVE('',#907,#881,#909,.T.);
#907 = VERTEX_POINT('',#908);
#908 = CARTESIAN_POINT('',(-17.5,-15.,76.));
#909 = SURFACE_CURVE('',#910,(#914,#920),.PCURVE_S1.);
#910 = LINE('',#911,#912);
#911 = CARTESIAN_POINT('',(-17.5,-17.25,76.));
#912 = VECTOR('',#913,1.);
#913 = DIRECTION('',(0.,-1.,0.));
#914 = PCURVE('',#150,#915);
#915 = DEFINITIONAL_REPRESENTATION('',(#916),#919);
#916 = B_SPLINE_CURVE_WITH_KNOTS('',1,(#917,#918),.UNSPECIFIED.,.F.,.F.,
  (2,2),(-2.25,-0.25),.PIECEWISE_BEZIER_KNOTS.);
#917 = CARTESIAN_POINT('',(76.,-2.5));
#918 = CARTESIAN_POINT('',(76.,-0.5));
#919 = ( GEOMETRIC_REPRESENTATION_CONTEXT(2) 
PARAMETRIC_REPRESENTATION_CONTEXT() REPRESENTATION_CONTEXT('2D SPACE',''
  ) );
#920 = PCURVE('',#921,#926);
#921 = PLANE('',#922);
#922 = AXIS2_PLACEMENT_3D('',#923,#924,#925);
#923 = CARTESIAN_POINT('',(-19.5,-17.,76.));
#924 = DIRECTION('',(0.,0.,1.));
#925 = DIRECTION('',(1.,0.,-0.));
#926 = DEFINITIONAL_REPRESENTATION('',(#927),#930);
#927 = B_SPLINE_CURVE_WITH_KNOTS('',1,(#928,#929),.UNSPECIFIED.,.F.,.F.,
  (2,2),(-2.25,-0.25),.PIECEWISE_BEZIER_KNOTS.);
#928 = CARTESIAN_POINT('',(2.,2.));
#929 = CARTESIAN_POINT('',(2.,0.));
#930 = ( GEOMETRIC_REPRESENTATION_CONTEXT(2) 
PARAMETRIC_REPRESENTATION_CONTEXT() REPRESENTATION_CONTEXT('2D SPACE',''
  ) );
#931 = ORIENTED_EDGE('',*,*,#932,.F.);
#932 = EDGE_CURVE('',#933,#907,#935,.T.);
#933 = VERTEX_POINT('',#934);
#934 = CARTESIAN_POINT('',(-17.5,-15.,53.));
#935 = SURFACE_CURVE('',#936,(#940,#946),.PCURVE_S1.);
#936 = LINE('',#937,#938);
#937 = CARTESIAN_POINT('',(-17.5,-15.,1.));
#938 = VECTOR('',#939,1.);
#939 = DIRECTION('',(0.,0.,1.));
#940 = PCURVE('',#150,#941);
#941 = DEFINITIONAL_REPRESENTATION('',(#942),#945);
#942 = B_SPLINE_CURVE_WITH_KNOTS('',1,(#943,#944),.UNSPECIFIED.,.F.,.F.,
  (2,2),(1.,75.),.PIECEWISE_BEZIER_KNOTS.);
#943 = CARTESIAN_POINT('',(2.,-2.5));
#944 = CARTESIAN_POINT('',(76.,-2.5));
#945 = ( GEOMETRIC_REPRESENTATION_CONTEXT(2) 
PARAMETRIC_REPRESENTATION_CONTEXT() REPRESENTATION_CONTEXT('2D SPACE',''
  ) );
#946 = PCURVE('',#947,#952);
#947 = PLANE('',#948);
#948 = AXIS2_PLACEMENT_3D('',#949,#950,#951);
#949 = CARTESIAN_POINT('',(-19.5,-15.,2.));
#950 = DIRECTION('',(-0.,1.,0.));
#951 = DIRECTION('',(0.,0.,1.));
#952 = DEFINITIONAL_REPRESENTATION('',(#953),#956);
#953 = B_SPLINE_CURVE_WITH_KNOTS('',1,(#954,#955),.UNSPECIFIED.,.F.,.F.,
  (2,2),(1.,75.),.PIECEWISE_BEZIER_KNOTS.);
#954 = CARTESIAN_POINT('',(0.,2.));
#955 = CARTESIAN_POINT('',(74.,2.));
#956 = ( GEOMETRIC_REPRESENTATION_CONTEXT(2) 
PARAMETRIC_REPRESENTATION_CONTEXT() REPRESENTATION_CONTEXT('2D SPACE',''
  ) );
#957 = ORIENTED_EDGE('',*,*,#958,.F.);
#958 = EDGE_CURVE('',#777,#933,#959,.T.);
#959 = SURFACE_CURVE('',#960,(#964,#970),.PCURVE_S1.);
#960 = LINE('',#961,#962);
#961 = CARTESIAN_POINT('',(-17.5,-16.25,53.));
#962 = VECTOR('',#963,1.);
#963 = DIRECTION('',(0.,-1.,0.));
#964 = PCURVE('',#150,#965);
#965 = DEFINITIONAL_REPRESENTATION('',(#966),#969);
#966 = B_SPLINE_CURVE_WITH_KNOTS('',1,(#967,#968),.UNSPECIFIED.,.F.,.F.,
  (2,2),(-31.25,-1.25),.PIECEWISE_BEZIER_KNOTS.);
#967 = CARTESIAN_POINT('',(53.,-32.5));
#968 = CARTESIAN_POINT('',(53.,-2.5));
#969 = ( GEOMETRIC_REPRESENTATION_CONTEXT(2) 
PARAMETRIC_REPRESENTATION_CONTEXT() REPRESENTATION_CONTEXT('2D SPACE',''
  ) );
#970 = PCURVE('',#971,#976);
#971 = PLANE('',#972);
#972 = AXIS2_PLACEMENT_3D('',#973,#974,#975);
#973 = CARTESIAN_POINT('',(-18.5,-15.,53.));
#974 = DIRECTION('',(0.,0.,1.));
#975 = DIRECTION('',(1.,0.,-0.));
#976 = DEFINITIONAL_REPRESENTATION('',(#977),#980);
#977 = B_SPLINE_CURVE_WITH_KNOTS('',1,(#978,#979),.UNSPECIFIED.,.F.,.F.,
  (2,2),(-31.25,-1.25),.PIECEWISE_BEZIER_KNOTS.);
#978 = CARTESIAN_POINT('',(1.,30.));
#979 = CARTESIAN_POINT('',(1.,0.));
#980 = ( GEOMETRIC_REPRESENTATION_CONTEXT(2) 
PARAMETRIC_REPRESENTATION_CONTEXT() REPRESENTATION_CONTEXT('2D SPACE',''
  ) );
#981 = ADVANCED_FACE('',(#982,#1057),#162,.T.);
#982 = FACE_BOUND('',#983,.T.);
#983 = EDGE_LOOP('',(#984,#985,#1008,#1036));
#984 = ORIENTED_EDGE('',*,*,#139,.F.);
#985 = ORIENTED_EDGE('',*,*,#986,.T.);
#986 = EDGE_CURVE('',#140,#987,#989,.T.);
#987 = VERTEX_POINT('',#988);
#988 = CARTESIAN_POINT('',(17.5,-17.5,88.));
#989 = SURFACE_CURVE('',#990,(#994,#1001),.PCURVE_S1.);
#990 = LINE('',#991,#992);
#991 = CARTESIAN_POINT('',(-17.5,-17.5,88.));
#992 = VECTOR('',#993,1.);
#993 = DIRECTION('',(1.,0.,-0.));
#994 = PCURVE('',#162,#995);
#995 = DEFINITIONAL_REPRESENTATION('',(#996),#1000);
#996 = LINE('',#997,#998);
#997 = CARTESIAN_POINT('',(0.,0.));
#998 = VECTOR('',#999,1.);
#999 = DIRECTION('',(1.,0.));
#1000 = ( GEOMETRIC_REPRESENTATION_CONTEXT(2) 
PARAMETRIC_REPRESENTATION_CONTEXT() REPRESENTATION_CONTEXT('2D SPACE',''
  ) );
#1001 = PCURVE('',#190,#1002);
#1002 = DEFINITIONAL_REPRESENTATION('',(#1003),#1007);
#1003 = LINE('',#1004,#1005);
#1004 = CARTESIAN_POINT('',(88.,0.));
#1005 = VECTOR('',#1006,1.);
#1006 = DIRECTION('',(0.,1.));
#1007 = ( GEOMETRIC_REPRESENTATION_CONTEXT(2) 
PARAMETRIC_REPRESENTATION_CONTEXT() REPRESENTATION_CONTEXT('2D SPACE',''
  ) );
#1008 = ORIENTED_EDGE('',*,*,#1009,.T.);
#1009 = EDGE_CURVE('',#987,#1010,#1012,.T.);
#1010 = VERTEX_POINT('',#1011);
#1011 = CARTESIAN_POINT('',(17.5,17.5,88.));
#1012 = SURFACE_CURVE('',#1013,(#1017,#1024),.PCURVE_S1.);
#1013 = LINE('',#1014,#1015);
#1014 = CARTESIAN_POINT('',(17.5,-17.5,88.));
#1015 = VECTOR('',#1016,1.);
#1016 = DIRECTION('',(-0.,1.,0.));
#1017 = PCURVE('',#162,#1018);
#1018 = DEFINITIONAL_REPRESENTATION('',(#1019),#1023);
#1019 = LINE('',#1020,#1021);
#1020 = CARTESIAN_POINT('',(35.,0.));
#1021 = VECTOR('',#1022,1.);
#1022 = DIRECTION('',(0.,1.));
#1023 = ( GEOMETRIC_REPRESENTATION_CONTEXT(2) 
PARAMETRIC_REPRESENTATION_CONTEXT() REPRESENTATION_CONTEXT('2D SPACE',''
  ) );
#1024 = PCURVE('',#1025,#1030);
#1025 = PLANE('',#1026);
#1026 = AXIS2_PLACEMENT_3D('',#1027,#1028,#1029);
#1027 = CARTESIAN_POINT('',(17.5,-17.5,0.));
#1028 = DIRECTION('',(1.,0.,-0.));
#1029 = DIRECTION('',(0.,0.,1.));
#1030 = DEFINITIONAL_REPRESENTATION('',(#1031),#1035);
#1031 = LINE('',#1032,#1033);
#1032 = CARTESIAN_POINT('',(88.,0.));
#1033 = VECTOR('',#1034,1.);
#1034 = DIRECTION('',(0.,-1.));
#1035 = ( GEOMETRIC_REPRESENTATION_CONTEXT(2) 
PARAMETRIC_REPRESENTATION_CONTEXT() REPRESENTATION_CONTEXT('2D SPACE',''
  ) );
#1036 = ORIENTED_EDGE('',*,*,#1037,.F.);
#1037 = EDGE_CURVE('',#142,#1010,#1038,.T.);
#1038 = SURFACE_CURVE('',#1039,(#1043,#1050),.PCURVE_S1.);
#1039 = LINE('',#1040,#1041);
#1040 = CARTESIAN_POINT('',(-17.5,17.5,88.));
#1041 = VECTOR('',#1042,1.);
#1042 = DIRECTION('',(1.,0.,-0.));
#1043 = PCURVE('',#162,#1044);
#1044 = DEFINITIONAL_REPRESENTATION('',(#1045),#1049);
#1045 = LINE('',#1046,#1047);
#1046 = CARTESIAN_POINT('',(0.,35.));
#1047 = VECTOR('',#1048,1.);
#1048 = DIRECTION('',(1.,0.));
#1049 = ( GEOMETRIC_REPRESENTATION_CONTEXT(2) 
PARAMETRIC_REPRESENTATION_CONTEXT() REPRESENTATION_CONTEXT('2D SPACE',''
  ) );
#1050 = PCURVE('',#246,#1051);
#1051 = DEFINITIONAL_REPRESENTATION('',(#1052),#1056);
#1052 = LINE('',#1053,#1054);
#1053 = CARTESIAN_POINT('',(88.,0.));
#1054 = VECTOR('',#1055,1.);
#1055 = DIRECTION('',(0.,1.));
#1056 = ( GEOMETRIC_REPRESENTATION_CONTEXT(2) 
PARAMETRIC_REPRESENTATION_CONTEXT() REPRESENTATION_CONTEXT('2D SPACE',''
  ) );
#1057 = FACE_BOUND('',#1058,.T.);
#1058 = EDGE_LOOP('',(#1059));
#1059 = ORIENTED_EDGE('',*,*,#1060,.F.);
#1060 = EDGE_CURVE('',#1061,#1061,#1063,.T.);
#1061 = VERTEX_POINT('',#1062);
#1062 = CARTESIAN_POINT('',(13.25,-3.24531401774E-15,88.));
#1063 = SURFACE_CURVE('',#1064,(#1069,#1076),.PCURVE_S1.);
#1064 = CIRCLE('',#1065,13.25);
#1065 = AXIS2_PLACEMENT_3D('',#1066,#1067,#1068);
#1066 = CARTESIAN_POINT('',(0.,0.,88.));
#1067 = DIRECTION('',(0.,0.,1.));
#1068 = DIRECTION('',(1.,0.,-0.));
#1069 = PCURVE('',#162,#1070);
#1070 = DEFINITIONAL_REPRESENTATION('',(#1071),#1075);
#1071 = CIRCLE('',#1072,13.25);
#1072 = AXIS2_PLACEMENT_2D('',#1073,#1074);
#1073 = CARTESIAN_POINT('',(17.5,17.5));
#1074 = DIRECTION('',(1.,0.));
#1075 = ( GEOMETRIC_REPRESENTATION_CONTEXT(2) 
PARAMETRIC_REPRESENTATION_CONTEXT() REPRESENTATION_CONTEXT('2D SPACE',''
  ) );
#1076 = PCURVE('',#1077,#1082);
#1077 = CYLINDRICAL_SURFACE('',#1078,13.25);
#1078 = AXIS2_PLACEMENT_3D('',#1079,#1080,#1081);
#1079 = CARTESIAN_POINT('',(0.,0.,81.6));
#1080 = DIRECTION('',(0.,0.,1.));
#1081 = DIRECTION('',(1.,0.,-0.));
#1082 = DEFINITIONAL_REPRESENTATION('',(#1083),#1087);
#1083 = LINE('',#1084,#1085);
#1084 = CARTESIAN_POINT('',(0.,6.4));
#1085 = VECTOR('',#1086,1.);
#1086 = DIRECTION('',(1.,0.));
#1087 = ( GEOMETRIC_REPRESENTATION_CONTEXT(2) 
PARAMETRIC_REPRESENTATION_CONTEXT() REPRESENTATION_CONTEXT('2D SPACE',''
  ) );
#1088 = ADVANCED_FACE('',(#1089,#1283,#1389),#246,.T.);
#1089 = FACE_BOUND('',#1090,.T.);
#1090 = EDGE_LOOP('',(#1091,#1114,#1135,#1136,#1159,#1187,#1208,#1209,
    #1232,#1260,#1281,#1282));
#1091 = ORIENTED_EDGE('',*,*,#1092,.F.);
#1092 = EDGE_CURVE('',#1093,#1010,#1095,.T.);
#1093 = VERTEX_POINT('',#1094);
#1094 = CARTESIAN_POINT('',(17.5,17.5,0.));
#1095 = SURFACE_CURVE('',#1096,(#1100,#1107),.PCURVE_S1.);
#1096 = LINE('',#1097,#1098);
#1097 = CARTESIAN_POINT('',(17.5,17.5,0.));
#1098 = VECTOR('',#1099,1.);
#1099 = DIRECTION('',(0.,0.,1.));
#1100 = PCURVE('',#246,#1101);
#1101 = DEFINITIONAL_REPRESENTATION('',(#1102),#1106);
#1102 = LINE('',#1103,#1104);
#1103 = CARTESIAN_POINT('',(0.,35.));
#1104 = VECTOR('',#1105,1.);
#1105 = DIRECTION('',(1.,0.));
#1106 = ( GEOMETRIC_REPRESENTATION_CONTEXT(2) 
PARAMETRIC_REPRESENTATION_CONTEXT() REPRESENTATION_CONTEXT('2D SPACE',''
  ) );
#1107 = PCURVE('',#1025,#1108);
#1108 = DEFINITIONAL_REPRESENTATION('',(#1109),#1113);
#1109 = LINE('',#1110,#1111);
#1110 = CARTESIAN_POINT('',(0.,-35.));
#1111 = VECTOR('',#1112,1.);
#1112 = DIRECTION('',(1.,0.));
#1113 = ( GEOMETRIC_REPRESENTATION_CONTEXT(2) 
PARAMETRIC_REPRESENTATION_CONTEXT() REPRESENTATION_CONTEXT('2D SPACE',''
  ) );
#1114 = ORIENTED_EDGE('',*,*,#1115,.F.);
#1115 = EDGE_CURVE('',#203,#1093,#1116,.T.);
#1116 = SURFACE_CURVE('',#1117,(#1121,#1128),.PCURVE_S1.);
#1117 = LINE('',#1118,#1119);
#1118 = CARTESIAN_POINT('',(-17.5,17.5,0.));
#1119 = VECTOR('',#1120,1.);
#1120 = DIRECTION('',(1.,0.,-0.));
#1121 = PCURVE('',#246,#1122);
#1122 = DEFINITIONAL_REPRESENTATION('',(#1123),#1127);
#1123 = LINE('',#1124,#1125);
#1124 = CARTESIAN_POINT('',(0.,0.));
#1125 = VECTOR('',#1126,1.);
#1126 = DIRECTION('',(0.,1.));
#1127 = ( GEOMETRIC_REPRESENTATION_CONTEXT(2) 
PARAMETRIC_REPRESENTATION_CONTEXT() REPRESENTATION_CONTEXT('2D SPACE',''
  ) );
#1128 = PCURVE('',#218,#1129);
#1129 = DEFINITIONAL_REPRESENTATION('',(#1130),#1134);
#1130 = LINE('',#1131,#1132);
#1131 = CARTESIAN_POINT('',(0.,35.));
#1132 = VECTOR('',#1133,1.);
#1133 = DIRECTION('',(1.,0.));
#1134 = ( GEOMETRIC_REPRESENTATION_CONTEXT(2) 
PARAMETRIC_REPRESENTATION_CONTEXT() REPRESENTATION_CONTEXT('2D SPACE',''
  ) );
#1135 = ORIENTED_EDGE('',*,*,#230,.T.);
#1136 = ORIENTED_EDGE('',*,*,#1137,.T.);
#1137 = EDGE_CURVE('',#231,#1138,#1140,.T.);
#1138 = VERTEX_POINT('',#1139);
#1139 = CARTESIAN_POINT('',(-17.3,17.5,9.5));
#1140 = SURFACE_CURVE('',#1141,(#1145,#1152),.PCURVE_S1.);
#1141 = LINE('',#1142,#1143);
#1142 = CARTESIAN_POINT('',(-17.7,17.5,9.5));
#1143 = VECTOR('',#1144,1.);
#1144 = DIRECTION('',(1.,0.,-0.));
#1145 = PCURVE('',#246,#1146);
#1146 = DEFINITIONAL_REPRESENTATION('',(#1147),#1151);
#1147 = LINE('',#1148,#1149);
#1148 = CARTESIAN_POINT('',(9.5,-0.2));
#1149 = VECTOR('',#1150,1.);
#1150 = DIRECTION('',(0.,1.));
#1151 = ( GEOMETRIC_REPRESENTATION_CONTEXT(2) 
PARAMETRIC_REPRESENTATION_CONTEXT() REPRESENTATION_CONTEXT('2D SPACE',''
  ) );
#1152 = PCURVE('',#273,#1153);
#1153 = DEFINITIONAL_REPRESENTATION('',(#1154),#1158);
#1154 = LINE('',#1155,#1156);
#1155 = CARTESIAN_POINT('',(0.,5.));
#1156 = VECTOR('',#1157,1.);
#1157 = DIRECTION('',(1.,0.));
#1158 = ( GEOMETRIC_REPRESENTATION_CONTEXT(2) 
PARAMETRIC_REPRESENTATION_CONTEXT() REPRESENTATION_CONTEXT('2D SPACE',''
  ) );
#1159 = ORIENTED_EDGE('',*,*,#1160,.T.);
#1160 = EDGE_CURVE('',#1138,#1161,#1163,.T.);
#1161 = VERTEX_POINT('',#1162);
#1162 = CARTESIAN_POINT('',(-17.3,17.5,14.5));
#1163 = SURFACE_CURVE('',#1164,(#1168,#1175),.PCURVE_S1.);
#1164 = LINE('',#1165,#1166);
#1165 = CARTESIAN_POINT('',(-17.3,17.5,9.5));
#1166 = VECTOR('',#1167,1.);
#1167 = DIRECTION('',(0.,0.,1.));
#1168 = PCURVE('',#246,#1169);
#1169 = DEFINITIONAL_REPRESENTATION('',(#1170),#1174);
#1170 = LINE('',#1171,#1172);
#1171 = CARTESIAN_POINT('',(9.5,0.2));
#1172 = VECTOR('',#1173,1.);
#1173 = DIRECTION('',(1.,0.));
#1174 = ( GEOMETRIC_REPRESENTATION_CONTEXT(2) 
PARAMETRIC_REPRESENTATION_CONTEXT() REPRESENTATION_CONTEXT('2D SPACE',''
  ) );
#1175 = PCURVE('',#1176,#1181);
#1176 = PLANE('',#1177);
#1177 = AXIS2_PLACEMENT_3D('',#1178,#1179,#1180);
#1178 = CARTESIAN_POINT('',(-17.3,-12.5,2.));
#1179 = DIRECTION('',(1.,0.,-0.));
#1180 = DIRECTION('',(0.,0.,1.));
#1181 = DEFINITIONAL_REPRESENTATION('',(#1182),#1186);
#1182 = LINE('',#1183,#1184);
#1183 = CARTESIAN_POINT('',(7.5,-30.));
#1184 = VECTOR('',#1185,1.);
#1185 = DIRECTION('',(1.,0.));
#1186 = ( GEOMETRIC_REPRESENTATION_CONTEXT(2) 
PARAMETRIC_REPRESENTATION_CONTEXT() REPRESENTATION_CONTEXT('2D SPACE',''
  ) );
#1187 = ORIENTED_EDGE('',*,*,#1188,.F.);
#1188 = EDGE_CURVE('',#415,#1161,#1189,.T.);
#1189 = SURFACE_CURVE('',#1190,(#1194,#1201),.PCURVE_S1.);
#1190 = LINE('',#1191,#1192);
#1191 = CARTESIAN_POINT('',(-17.7,17.5,14.5));
#1192 = VECTOR('',#1193,1.);
#1193 = DIRECTION('',(1.,0.,-0.));
#1194 = PCURVE('',#246,#1195);
#1195 = DEFINITIONAL_REPRESENTATION('',(#1196),#1200);
#1196 = LINE('',#1197,#1198);
#1197 = CARTESIAN_POINT('',(14.5,-0.2));
#1198 = VECTOR('',#1199,1.);
#1199 = DIRECTION('',(0.,1.));
#1200 = ( GEOMETRIC_REPRESENTATION_CONTEXT(2) 
PARAMETRIC_REPRESENTATION_CONTEXT() REPRESENTATION_CONTEXT('2D SPACE',''
  ) );
#1201 = PCURVE('',#429,#1202);
#1202 = DEFINITIONAL_REPRESENTATION('',(#1203),#1207);
#1203 = LINE('',#1204,#1205);
#1204 = CARTESIAN_POINT('',(0.,5.));
#1205 = VECTOR('',#1206,1.);
#1206 = DIRECTION('',(1.,0.));
#1207 = ( GEOMETRIC_REPRESENTATION_CONTEXT(2) 
PARAMETRIC_REPRESENTATION_CONTEXT() REPRESENTATION_CONTEXT('2D SPACE',''
  ) );
#1208 = ORIENTED_EDGE('',*,*,#440,.T.);
#1209 = ORIENTED_EDGE('',*,*,#1210,.T.);
#1210 = EDGE_CURVE('',#441,#1211,#1213,.T.);
#1211 = VERTEX_POINT('',#1212);
#1212 = CARTESIAN_POINT('',(-17.3,17.5,62.1));
#1213 = SURFACE_CURVE('',#1214,(#1218,#1225),.PCURVE_S1.);
#1214 = LINE('',#1215,#1216);
#1215 = CARTESIAN_POINT('',(-17.7,17.5,62.1));
#1216 = VECTOR('',#1217,1.);
#1217 = DIRECTION('',(1.,0.,-0.));
#1218 = PCURVE('',#246,#1219);
#1219 = DEFINITIONAL_REPRESENTATION('',(#1220),#1224);
#1220 = LINE('',#1221,#1222);
#1221 = CARTESIAN_POINT('',(62.1,-0.2));
#1222 = VECTOR('',#1223,1.);
#1223 = DIRECTION('',(0.,1.));
#1224 = ( GEOMETRIC_REPRESENTATION_CONTEXT(2) 
PARAMETRIC_REPRESENTATION_CONTEXT() REPRESENTATION_CONTEXT('2D SPACE',''
  ) );
#1225 = PCURVE('',#478,#1226);
#1226 = DEFINITIONAL_REPRESENTATION('',(#1227),#1231);
#1227 = LINE('',#1228,#1229);
#1228 = CARTESIAN_POINT('',(0.,5.));
#1229 = VECTOR('',#1230,1.);
#1230 = DIRECTION('',(1.,0.));
#1231 = ( GEOMETRIC_REPRESENTATION_CONTEXT(2) 
PARAMETRIC_REPRESENTATION_CONTEXT() REPRESENTATION_CONTEXT('2D SPACE',''
  ) );
#1232 = ORIENTED_EDGE('',*,*,#1233,.T.);
#1233 = EDGE_CURVE('',#1211,#1234,#1236,.T.);
#1234 = VERTEX_POINT('',#1235);
#1235 = CARTESIAN_POINT('',(-17.3,17.5,67.1));
#1236 = SURFACE_CURVE('',#1237,(#1241,#1248),.PCURVE_S1.);
#1237 = LINE('',#1238,#1239);
#1238 = CARTESIAN_POINT('',(-17.3,17.5,62.1));
#1239 = VECTOR('',#1240,1.);
#1240 = DIRECTION('',(0.,0.,1.));
#1241 = PCURVE('',#246,#1242);
#1242 = DEFINITIONAL_REPRESENTATION('',(#1243),#1247);
#1243 = LINE('',#1244,#1245);
#1244 = CARTESIAN_POINT('',(62.1,0.2));
#1245 = VECTOR('',#1246,1.);
#1246 = DIRECTION('',(1.,0.));
#1247 = ( GEOMETRIC_REPRESENTATION_CONTEXT(2) 
PARAMETRIC_REPRESENTATION_CONTEXT() REPRESENTATION_CONTEXT('2D SPACE',''
  ) );
#1248 = PCURVE('',#1249,#1254);
#1249 = PLANE('',#1250);
#1250 = AXIS2_PLACEMENT_3D('',#1251,#1252,#1253);
#1251 = CARTESIAN_POINT('',(-17.3,-12.5,54.6));
#1252 = DIRECTION('',(1.,0.,-0.));
#1253 = DIRECTION('',(0.,0.,1.));
#1254 = DEFINITIONAL_REPRESENTATION('',(#1255),#1259);
#1255 = LINE('',#1256,#1257);
#1256 = CARTESIAN_POINT('',(7.5,-30.));
#1257 = VECTOR('',#1258,1.);
#1258 = DIRECTION('',(1.,0.));
#1259 = ( GEOMETRIC_REPRESENTATION_CONTEXT(2) 
PARAMETRIC_REPRESENTATION_CONTEXT() REPRESENTATION_CONTEXT('2D SPACE',''
  ) );
#1260 = ORIENTED_EDGE('',*,*,#1261,.F.);
#1261 = EDGE_CURVE('',#620,#1234,#1262,.T.);
#1262 = SURFACE_CURVE('',#1263,(#1267,#1274),.PCURVE_S1.);
#1263 = LINE('',#1264,#1265);
#1264 = CARTESIAN_POINT('',(-17.7,17.5,67.1));
#1265 = VECTOR('',#1266,1.);
#1266 = DIRECTION('',(1.,0.,-0.));
#1267 = PCURVE('',#246,#1268);
#1268 = DEFINITIONAL_REPRESENTATION('',(#1269),#1273);
#1269 = LINE('',#1270,#1271);
#1270 = CARTESIAN_POINT('',(67.1,-0.2));
#1271 = VECTOR('',#1272,1.);
#1272 = DIRECTION('',(0.,1.));
#1273 = ( GEOMETRIC_REPRESENTATION_CONTEXT(2) 
PARAMETRIC_REPRESENTATION_CONTEXT() REPRESENTATION_CONTEXT('2D SPACE',''
  ) );
#1274 = PCURVE('',#634,#1275);
#1275 = DEFINITIONAL_REPRESENTATION('',(#1276),#1280);
#1276 = LINE('',#1277,#1278);
#1277 = CARTESIAN_POINT('',(0.,5.));
#1278 = VECTOR('',#1279,1.);
#1279 = DIRECTION('',(1.,0.));
#1280 = ( GEOMETRIC_REPRESENTATION_CONTEXT(2) 
PARAMETRIC_REPRESENTATION_CONTEXT() REPRESENTATION_CONTEXT('2D SPACE',''
  ) );
#1281 = ORIENTED_EDGE('',*,*,#645,.T.);
#1282 = ORIENTED_EDGE('',*,*,#1037,.T.);
#1283 = FACE_BOUND('',#1284,.T.);
#1284 = EDGE_LOOP('',(#1285,#1313,#1339,#1365));
#1285 = ORIENTED_EDGE('',*,*,#1286,.T.);
#1286 = EDGE_CURVE('',#1287,#1289,#1291,.T.);
#1287 = VERTEX_POINT('',#1288);
#1288 = CARTESIAN_POINT('',(-15.,17.5,64.));
#1289 = VERTEX_POINT('',#1290);
#1290 = CARTESIAN_POINT('',(-15.,17.5,8.));
#1291 = SURFACE_CURVE('',#1292,(#1296,#1302),.PCURVE_S1.);
#1292 = LINE('',#1293,#1294);
#1293 = CARTESIAN_POINT('',(-15.,17.5,4.));
#1294 = VECTOR('',#1295,1.);
#1295 = DIRECTION('',(-0.,0.,-1.));
#1296 = PCURVE('',#246,#1297);
#1297 = DEFINITIONAL_REPRESENTATION('',(#1298),#1301);
#1298 = B_SPLINE_CURVE_WITH_KNOTS('',1,(#1299,#1300),.UNSPECIFIED.,.F.,
  .F.,(2,2),(-60.,-4.),.PIECEWISE_BEZIER_KNOTS.);
#1299 = CARTESIAN_POINT('',(64.,2.5));
#1300 = CARTESIAN_POINT('',(8.,2.5));
#1301 = ( GEOMETRIC_REPRESENTATION_CONTEXT(2) 
PARAMETRIC_REPRESENTATION_CONTEXT() REPRESENTATION_CONTEXT('2D SPACE',''
  ) );
#1302 = PCURVE('',#1303,#1308);
#1303 = PLANE('',#1304);
#1304 = AXIS2_PLACEMENT_3D('',#1305,#1306,#1307);
#1305 = CARTESIAN_POINT('',(-15.,14.1,8.));
#1306 = DIRECTION('',(1.,0.,-0.));
#1307 = DIRECTION('',(0.,0.,1.));
#1308 = DEFINITIONAL_REPRESENTATION('',(#1309),#1312);
#1309 = B_SPLINE_CURVE_WITH_KNOTS('',1,(#1310,#1311),.UNSPECIFIED.,.F.,
  .F.,(2,2),(-60.,-4.),.PIECEWISE_BEZIER_KNOTS.);
#1310 = CARTESIAN_POINT('',(56.,-3.4));
#1311 = CARTESIAN_POINT('',(0.,-3.4));
#1312 = ( GEOMETRIC_REPRESENTATION_CONTEXT(2) 
PARAMETRIC_REPRESENTATION_CONTEXT() REPRESENTATION_CONTEXT('2D SPACE',''
  ) );
#1313 = ORIENTED_EDGE('',*,*,#1314,.T.);
#1314 = EDGE_CURVE('',#1289,#1315,#1317,.T.);
#1315 = VERTEX_POINT('',#1316);
#1316 = CARTESIAN_POINT('',(15.,17.5,8.));
#1317 = SURFACE_CURVE('',#1318,(#1322,#1328),.PCURVE_S1.);
#1318 = LINE('',#1319,#1320);
#1319 = CARTESIAN_POINT('',(-16.25,17.5,8.));
#1320 = VECTOR('',#1321,1.);
#1321 = DIRECTION('',(1.,0.,-0.));
#1322 = PCURVE('',#246,#1323);
#1323 = DEFINITIONAL_REPRESENTATION('',(#1324),#1327);
#1324 = B_SPLINE_CURVE_WITH_KNOTS('',1,(#1325,#1326),.UNSPECIFIED.,.F.,
  .F.,(2,2),(1.25,33.75),.PIECEWISE_BEZIER_KNOTS.);
#1325 = CARTESIAN_POINT('',(8.,2.5));
#1326 = CARTESIAN_POINT('',(8.,35.));
#1327 = ( GEOMETRIC_REPRESENTATION_CONTEXT(2) 
PARAMETRIC_REPRESENTATION_CONTEXT() REPRESENTATION_CONTEXT('2D SPACE',''
  ) );
#1328 = PCURVE('',#1329,#1334);
#1329 = PLANE('',#1330);
#1330 = AXIS2_PLACEMENT_3D('',#1331,#1332,#1333);
#1331 = CARTESIAN_POINT('',(-15.,14.1,8.));
#1332 = DIRECTION('',(0.,0.,1.));
#1333 = DIRECTION('',(1.,0.,-0.));
#1334 = DEFINITIONAL_REPRESENTATION('',(#1335),#1338);
#1335 = B_SPLINE_CURVE_WITH_KNOTS('',1,(#1336,#1337),.UNSPECIFIED.,.F.,
  .F.,(2,2),(1.25,33.75),.PIECEWISE_BEZIER_KNOTS.);
#1336 = CARTESIAN_POINT('',(0.,3.4));
#1337 = CARTESIAN_POINT('',(32.5,3.4));
#1338 = ( GEOMETRIC_REPRESENTATION_CONTEXT(2) 
PARAMETRIC_REPRESENTATION_CONTEXT() REPRESENTATION_CONTEXT('2D SPACE',''
  ) );
#1339 = ORIENTED_EDGE('',*,*,#1340,.F.);
#1340 = EDGE_CURVE('',#1341,#1315,#1343,.T.);
#1341 = VERTEX_POINT('',#1342);
#1342 = CARTESIAN_POINT('',(15.,17.5,64.));
#1343 = SURFACE_CURVE('',#1344,(#1348,#1354),.PCURVE_S1.);
#1344 = LINE('',#1345,#1346);
#1345 = CARTESIAN_POINT('',(15.,17.5,4.));
#1346 = VECTOR('',#1347,1.);
#1347 = DIRECTION('',(-0.,0.,-1.));
#1348 = PCURVE('',#246,#1349);
#1349 = DEFINITIONAL_REPRESENTATION('',(#1350),#1353);
#1350 = B_SPLINE_CURVE_WITH_KNOTS('',1,(#1351,#1352),.UNSPECIFIED.,.F.,
  .F.,(2,2),(-60.,-4.),.PIECEWISE_BEZIER_KNOTS.);
#1351 = CARTESIAN_POINT('',(64.,32.5));
#1352 = CARTESIAN_POINT('',(8.,32.5));
#1353 = ( GEOMETRIC_REPRESENTATION_CONTEXT(2) 
PARAMETRIC_REPRESENTATION_CONTEXT() REPRESENTATION_CONTEXT('2D SPACE',''
  ) );
#1354 = PCURVE('',#1355,#1360);
#1355 = PLANE('',#1356);
#1356 = AXIS2_PLACEMENT_3D('',#1357,#1358,#1359);
#1357 = CARTESIAN_POINT('',(15.,14.1,8.));
#1358 = DIRECTION('',(1.,0.,-0.));
#1359 = DIRECTION('',(0.,0.,1.));
#1360 = DEFINITIONAL_REPRESENTATION('',(#1361),#1364);
#1361 = B_SPLINE_CURVE_WITH_KNOTS('',1,(#1362,#1363),.UNSPECIFIED.,.F.,
  .F.,(2,2),(-60.,-4.),.PIECEWISE_BEZIER_KNOTS.);
#1362 = CARTESIAN_POINT('',(56.,-3.4));
#1363 = CARTESIAN_POINT('',(0.,-3.4));
#1364 = ( GEOMETRIC_REPRESENTATION_CONTEXT(2) 
PARAMETRIC_REPRESENTATION_CONTEXT() REPRESENTATION_CONTEXT('2D SPACE',''
  ) );
#1365 = ORIENTED_EDGE('',*,*,#1366,.F.);
#1366 = EDGE_CURVE('',#1287,#1341,#1367,.T.);
#1367 = SURFACE_CURVE('',#1368,(#1372,#1378),.PCURVE_S1.);
#1368 = LINE('',#1369,#1370);
#1369 = CARTESIAN_POINT('',(-16.25,17.5,64.));
#1370 = VECTOR('',#1371,1.);
#1371 = DIRECTION('',(1.,0.,-0.));
#1372 = PCURVE('',#246,#1373);
#1373 = DEFINITIONAL_REPRESENTATION('',(#1374),#1377);
#1374 = B_SPLINE_CURVE_WITH_KNOTS('',1,(#1375,#1376),.UNSPECIFIED.,.F.,
  .F.,(2,2),(1.25,33.75),.PIECEWISE_BEZIER_KNOTS.);
#1375 = CARTESIAN_POINT('',(64.,2.5));
#1376 = CARTESIAN_POINT('',(64.,35.));
#1377 = ( GEOMETRIC_REPRESENTATION_CONTEXT(2) 
PARAMETRIC_REPRESENTATION_CONTEXT() REPRESENTATION_CONTEXT('2D SPACE',''
  ) );
#1378 = PCURVE('',#1379,#1384);
#1379 = PLANE('',#1380);
#1380 = AXIS2_PLACEMENT_3D('',#1381,#1382,#1383);
#1381 = CARTESIAN_POINT('',(-15.,14.1,64.));
#1382 = DIRECTION('',(0.,0.,1.));
#1383 = DIRECTION('',(1.,0.,-0.));
#1384 = DEFINITIONAL_REPRESENTATION('',(#1385),#1388);
#1385 = B_SPLINE_CURVE_WITH_KNOTS('',1,(#1386,#1387),.UNSPECIFIED.,.F.,
  .F.,(2,2),(1.25,33.75),.PIECEWISE_BEZIER_KNOTS.);
#1386 = CARTESIAN_POINT('',(0.,3.4));
#1387 = CARTESIAN_POINT('',(32.5,3.4));
#1388 = ( GEOMETRIC_REPRESENTATION_CONTEXT(2) 
PARAMETRIC_REPRESENTATION_CONTEXT() REPRESENTATION_CONTEXT('2D SPACE',''
  ) );
#1389 = FACE_BOUND('',#1390,.T.);
#1390 = EDGE_LOOP('',(#1391,#1419,#1445,#1471));
#1391 = ORIENTED_EDGE('',*,*,#1392,.T.);
#1392 = EDGE_CURVE('',#1393,#1395,#1397,.T.);
#1393 = VERTEX_POINT('',#1394);
#1394 = CARTESIAN_POINT('',(-15.,17.5,84.));
#1395 = VERTEX_POINT('',#1396);
#1396 = CARTESIAN_POINT('',(-15.,17.5,66.));
#1397 = SURFACE_CURVE('',#1398,(#1402,#1408),.PCURVE_S1.);
#1398 = LINE('',#1399,#1400);
#1399 = CARTESIAN_POINT('',(-15.,17.5,33.));
#1400 = VECTOR('',#1401,1.);
#1401 = DIRECTION('',(-0.,0.,-1.));
#1402 = PCURVE('',#246,#1403);
#1403 = DEFINITIONAL_REPRESENTATION('',(#1404),#1407);
#1404 = B_SPLINE_CURVE_WITH_KNOTS('',1,(#1405,#1406),.UNSPECIFIED.,.F.,
  .F.,(2,2),(-51.,-33.),.PIECEWISE_BEZIER_KNOTS.);
#1405 = CARTESIAN_POINT('',(84.,2.5));
#1406 = CARTESIAN_POINT('',(66.,2.5));
#1407 = ( GEOMETRIC_REPRESENTATION_CONTEXT(2) 
PARAMETRIC_REPRESENTATION_CONTEXT() REPRESENTATION_CONTEXT('2D SPACE',''
  ) );
#1408 = PCURVE('',#1409,#1414);
#1409 = PLANE('',#1410);
#1410 = AXIS2_PLACEMENT_3D('',#1411,#1412,#1413);
#1411 = CARTESIAN_POINT('',(-15.,15.,66.));
#1412 = DIRECTION('',(1.,0.,-0.));
#1413 = DIRECTION('',(0.,0.,1.));
#1414 = DEFINITIONAL_REPRESENTATION('',(#1415),#1418);
#1415 = B_SPLINE_CURVE_WITH_KNOTS('',1,(#1416,#1417),.UNSPECIFIED.,.F.,
  .F.,(2,2),(-51.,-33.),.PIECEWISE_BEZIER_KNOTS.);
#1416 = CARTESIAN_POINT('',(18.,-2.5));
#1417 = CARTESIAN_POINT('',(0.,-2.5));
#1418 = ( GEOMETRIC_REPRESENTATION_CONTEXT(2) 
PARAMETRIC_REPRESENTATION_CONTEXT() REPRESENTATION_CONTEXT('2D SPACE',''
  ) );
#1419 = ORIENTED_EDGE('',*,*,#1420,.T.);
#1420 = EDGE_CURVE('',#1395,#1421,#1423,.T.);
#1421 = VERTEX_POINT('',#1422);
#1422 = CARTESIAN_POINT('',(15.,17.5,66.));
#1423 = SURFACE_CURVE('',#1424,(#1428,#1434),.PCURVE_S1.);
#1424 = LINE('',#1425,#1426);
#1425 = CARTESIAN_POINT('',(-16.25,17.5,66.));
#1426 = VECTOR('',#1427,1.);
#1427 = DIRECTION('',(1.,0.,-0.));
#1428 = PCURVE('',#246,#1429);
#1429 = DEFINITIONAL_REPRESENTATION('',(#1430),#1433);
#1430 = B_SPLINE_CURVE_WITH_KNOTS('',1,(#1431,#1432),.UNSPECIFIED.,.F.,
  .F.,(2,2),(1.25,31.25),.PIECEWISE_BEZIER_KNOTS.);
#1431 = CARTESIAN_POINT('',(66.,2.5));
#1432 = CARTESIAN_POINT('',(66.,32.5));
#1433 = ( GEOMETRIC_REPRESENTATION_CONTEXT(2) 
PARAMETRIC_REPRESENTATION_CONTEXT() REPRESENTATION_CONTEXT('2D SPACE',''
  ) );
#1434 = PCURVE('',#1435,#1440);
#1435 = PLANE('',#1436);
#1436 = AXIS2_PLACEMENT_3D('',#1437,#1438,#1439);
#1437 = CARTESIAN_POINT('',(-15.,15.,66.));
#1438 = DIRECTION('',(0.,0.,1.));
#1439 = DIRECTION('',(1.,0.,-0.));
#1440 = DEFINITIONAL_REPRESENTATION('',(#1441),#1444);
#1441 = B_SPLINE_CURVE_WITH_KNOTS('',1,(#1442,#1443),.UNSPECIFIED.,.F.,
  .F.,(2,2),(1.25,31.25),.PIECEWISE_BEZIER_KNOTS.);
#1442 = CARTESIAN_POINT('',(0.,2.5));
#1443 = CARTESIAN_POINT('',(30.,2.5));
#1444 = ( GEOMETRIC_REPRESENTATION_CONTEXT(2) 
PARAMETRIC_REPRESENTATION_CONTEXT() REPRESENTATION_CONTEXT('2D SPACE',''
  ) );
#1445 = ORIENTED_EDGE('',*,*,#1446,.F.);
#1446 = EDGE_CURVE('',#1447,#1421,#1449,.T.);
#1447 = VERTEX_POINT('',#1448);
#1448 = CARTESIAN_POINT('',(15.,17.5,84.));
#1449 = SURFACE_CURVE('',#1450,(#1454,#1460),.PCURVE_S1.);
#1450 = LINE('',#1451,#1452);
#1451 = CARTESIAN_POINT('',(15.,17.5,33.));
#1452 = VECTOR('',#1453,1.);
#1453 = DIRECTION('',(-0.,0.,-1.));
#1454 = PCURVE('',#246,#1455);
#1455 = DEFINITIONAL_REPRESENTATION('',(#1456),#1459);
#1456 = B_SPLINE_CURVE_WITH_KNOTS('',1,(#1457,#1458),.UNSPECIFIED.,.F.,
  .F.,(2,2),(-51.,-33.),.PIECEWISE_BEZIER_KNOTS.);
#1457 = CARTESIAN_POINT('',(84.,32.5));
#1458 = CARTESIAN_POINT('',(66.,32.5));
#1459 = ( GEOMETRIC_REPRESENTATION_CONTEXT(2) 
PARAMETRIC_REPRESENTATION_CONTEXT() REPRESENTATION_CONTEXT('2D SPACE',''
  ) );
#1460 = PCURVE('',#1461,#1466);
#1461 = PLANE('',#1462);
#1462 = AXIS2_PLACEMENT_3D('',#1463,#1464,#1465);
#1463 = CARTESIAN_POINT('',(15.,15.,66.));
#1464 = DIRECTION('',(1.,0.,-0.));
#1465 = DIRECTION('',(0.,0.,1.));
#1466 = DEFINITIONAL_REPRESENTATION('',(#1467),#1470);
#1467 = B_SPLINE_CURVE_WITH_KNOTS('',1,(#1468,#1469),.UNSPECIFIED.,.F.,
  .F.,(2,2),(-51.,-33.),.PIECEWISE_BEZIER_KNOTS.);
#1468 = CARTESIAN_POINT('',(18.,-2.5));
#1469 = CARTESIAN_POINT('',(0.,-2.5));
#1470 = ( GEOMETRIC_REPRESENTATION_CONTEXT(2) 
PARAMETRIC_REPRESENTATION_CONTEXT() REPRESENTATION_CONTEXT('2D SPACE',''
  ) );
#1471 = ORIENTED_EDGE('',*,*,#1472,.F.);
#1472 = EDGE_CURVE('',#1393,#1447,#1473,.T.);
#1473 = SURFACE_CURVE('',#1474,(#1478,#1484),.PCURVE_S1.);
#1474 = LINE('',#1475,#1476);
#1475 = CARTESIAN_POINT('',(-16.25,17.5,84.));
#1476 = VECTOR('',#1477,1.);
#1477 = DIRECTION('',(1.,0.,-0.));
#1478 = PCURVE('',#246,#1479);
#1479 = DEFINITIONAL_REPRESENTATION('',(#1480),#1483);
#1480 = B_SPLINE_CURVE_WITH_KNOTS('',1,(#1481,#1482),.UNSPECIFIED.,.F.,
  .F.,(2,2),(1.25,31.25),.PIECEWISE_BEZIER_KNOTS.);
#1481 = CARTESIAN_POINT('',(84.,2.5));
#1482 = CARTESIAN_POINT('',(84.,32.5));
#1483 = ( GEOMETRIC_REPRESENTATION_CONTEXT(2) 
PARAMETRIC_REPRESENTATION_CONTEXT() REPRESENTATION_CONTEXT('2D SPACE',''
  ) );
#1484 = PCURVE('',#1485,#1490);
#1485 = PLANE('',#1486);
#1486 = AXIS2_PLACEMENT_3D('',#1487,#1488,#1489);
#1487 = CARTESIAN_POINT('',(-15.,15.,84.));
#1488 = DIRECTION('',(0.,0.,1.));
#1489 = DIRECTION('',(1.,0.,-0.));
#1490 = DEFINITIONAL_REPRESENTATION('',(#1491),#1494);
#1491 = B_SPLINE_CURVE_WITH_KNOTS('',1,(#1492,#1493),.UNSPECIFIED.,.F.,
  .F.,(2,2),(1.25,31.25),.PIECEWISE_BEZIER_KNOTS.);
#1492 = CARTESIAN_POINT('',(0.,2.5));
#1493 = CARTESIAN_POINT('',(30.,2.5));
#1494 = ( GEOMETRIC_REPRESENTATION_CONTEXT(2) 
PARAMETRIC_REPRESENTATION_CONTEXT() REPRESENTATION_CONTEXT('2D SPACE',''
  ) );
#1495 = ADVANCED_FACE('',(#1496),#634,.F.);
#1496 = FACE_BOUND('',#1497,.F.);
#1497 = EDGE_LOOP('',(#1498,#1499,#1500,#1523));
#1498 = ORIENTED_EDGE('',*,*,#1261,.F.);
#1499 = ORIENTED_EDGE('',*,*,#619,.T.);
#1500 = ORIENTED_EDGE('',*,*,#1501,.T.);
#1501 = EDGE_CURVE('',#594,#1502,#1504,.T.);
#1502 = VERTEX_POINT('',#1503);
#1503 = CARTESIAN_POINT('',(-17.3,12.5,67.1));
#1504 = SURFACE_CURVE('',#1505,(#1509,#1516),.PCURVE_S1.);
#1505 = LINE('',#1506,#1507);
#1506 = CARTESIAN_POINT('',(-17.7,12.5,67.1));
#1507 = VECTOR('',#1508,1.);
#1508 = DIRECTION('',(1.,0.,-0.));
#1509 = PCURVE('',#634,#1510);
#1510 = DEFINITIONAL_REPRESENTATION('',(#1511),#1515);
#1511 = LINE('',#1512,#1513);
#1512 = CARTESIAN_POINT('',(0.,0.));
#1513 = VECTOR('',#1514,1.);
#1514 = DIRECTION('',(1.,0.));
#1515 = ( GEOMETRIC_REPRESENTATION_CONTEXT(2) 
PARAMETRIC_REPRESENTATION_CONTEXT() REPRESENTATION_CONTEXT('2D SPACE',''
  ) );
#1516 = PCURVE('',#608,#1517);
#1517 = DEFINITIONAL_REPRESENTATION('',(#1518),#1522);
#1518 = LINE('',#1519,#1520);
#1519 = CARTESIAN_POINT('',(12.5,-7.216449660064E-16));
#1520 = VECTOR('',#1521,1.);
#1521 = DIRECTION('',(0.,1.));
#1522 = ( GEOMETRIC_REPRESENTATION_CONTEXT(2) 
PARAMETRIC_REPRESENTATION_CONTEXT() REPRESENTATION_CONTEXT('2D SPACE',''
  ) );
#1523 = ORIENTED_EDGE('',*,*,#1524,.T.);
#1524 = EDGE_CURVE('',#1502,#1234,#1525,.T.);
#1525 = SURFACE_CURVE('',#1526,(#1530,#1537),.PCURVE_S1.);
#1526 = LINE('',#1527,#1528);
#1527 = CARTESIAN_POINT('',(-17.3,12.5,67.1));
#1528 = VECTOR('',#1529,1.);
#1529 = DIRECTION('',(-0.,1.,0.));
#1530 = PCURVE('',#634,#1531);
#1531 = DEFINITIONAL_REPRESENTATION('',(#1532),#1536);
#1532 = LINE('',#1533,#1534);
#1533 = CARTESIAN_POINT('',(0.4,0.));
#1534 = VECTOR('',#1535,1.);
#1535 = DIRECTION('',(0.,1.));
#1536 = ( GEOMETRIC_REPRESENTATION_CONTEXT(2) 
PARAMETRIC_REPRESENTATION_CONTEXT() REPRESENTATION_CONTEXT('2D SPACE',''
  ) );
#1537 = PCURVE('',#1249,#1538);
#1538 = DEFINITIONAL_REPRESENTATION('',(#1539),#1543);
#1539 = LINE('',#1540,#1541);
#1540 = CARTESIAN_POINT('',(12.5,-25.));
#1541 = VECTOR('',#1542,1.);
#1542 = DIRECTION('',(0.,-1.));
#1543 = ( GEOMETRIC_REPRESENTATION_CONTEXT(2) 
PARAMETRIC_REPRESENTATION_CONTEXT() REPRESENTATION_CONTEXT('2D SPACE',''
  ) );
#1544 = ADVANCED_FACE('',(#1545),#608,.F.);
#1545 = FACE_BOUND('',#1546,.F.);
#1546 = EDGE_LOOP('',(#1547,#1570,#1571,#1572));
#1547 = ORIENTED_EDGE('',*,*,#1548,.F.);
#1548 = EDGE_CURVE('',#1502,#1549,#1551,.T.);
#1549 = VERTEX_POINT('',#1550);
#1550 = CARTESIAN_POINT('',(-17.3,12.5,74.6));
#1551 = SURFACE_CURVE('',#1552,(#1556,#1563),.PCURVE_S1.);
#1552 = LINE('',#1553,#1554);
#1553 = CARTESIAN_POINT('',(-17.3,12.5,54.6));
#1554 = VECTOR('',#1555,1.);
#1555 = DIRECTION('',(0.,0.,1.));
#1556 = PCURVE('',#608,#1557);
#1557 = DEFINITIONAL_REPRESENTATION('',(#1558),#1562);
#1558 = LINE('',#1559,#1560);
#1559 = CARTESIAN_POINT('',(0.,0.4));
#1560 = VECTOR('',#1561,1.);
#1561 = DIRECTION('',(1.,0.));
#1562 = ( GEOMETRIC_REPRESENTATION_CONTEXT(2) 
PARAMETRIC_REPRESENTATION_CONTEXT() REPRESENTATION_CONTEXT('2D SPACE',''
  ) );
#1563 = PCURVE('',#1249,#1564);
#1564 = DEFINITIONAL_REPRESENTATION('',(#1565),#1569);
#1565 = LINE('',#1566,#1567);
#1566 = CARTESIAN_POINT('',(0.,-25.));
#1567 = VECTOR('',#1568,1.);
#1568 = DIRECTION('',(1.,0.));
#1569 = ( GEOMETRIC_REPRESENTATION_CONTEXT(2) 
PARAMETRIC_REPRESENTATION_CONTEXT() REPRESENTATION_CONTEXT('2D SPACE',''
  ) );
#1570 = ORIENTED_EDGE('',*,*,#1501,.F.);
#1571 = ORIENTED_EDGE('',*,*,#593,.T.);
#1572 = ORIENTED_EDGE('',*,*,#1573,.T.);
#1573 = EDGE_CURVE('',#568,#1549,#1574,.T.);
#1574 = SURFACE_CURVE('',#1575,(#1579,#1586),.PCURVE_S1.);
#1575 = LINE('',#1576,#1577);
#1576 = CARTESIAN_POINT('',(-17.7,12.5,74.6));
#1577 = VECTOR('',#1578,1.);
#1578 = DIRECTION('',(1.,0.,-0.));
#1579 = PCURVE('',#608,#1580);
#1580 = DEFINITIONAL_REPRESENTATION('',(#1581),#1585);
#1581 = LINE('',#1582,#1583);
#1582 = CARTESIAN_POINT('',(20.,0.));
#1583 = VECTOR('',#1584,1.);
#1584 = DIRECTION('',(0.,1.));
#1585 = ( GEOMETRIC_REPRESENTATION_CONTEXT(2) 
PARAMETRIC_REPRESENTATION_CONTEXT() REPRESENTATION_CONTEXT('2D SPACE',''
  ) );
#1586 = PCURVE('',#582,#1587);
#1587 = DEFINITIONAL_REPRESENTATION('',(#1588),#1592);
#1588 = LINE('',#1589,#1590);
#1589 = CARTESIAN_POINT('',(0.,25.));
#1590 = VECTOR('',#1591,1.);
#1591 = DIRECTION('',(1.,0.));
#1592 = ( GEOMETRIC_REPRESENTATION_CONTEXT(2) 
PARAMETRIC_REPRESENTATION_CONTEXT() REPRESENTATION_CONTEXT('2D SPACE',''
  ) );
#1593 = ADVANCED_FACE('',(#1594),#582,.F.);
#1594 = FACE_BOUND('',#1595,.F.);
#1595 = EDGE_LOOP('',(#1596,#1597,#1598,#1621));
#1596 = ORIENTED_EDGE('',*,*,#1573,.F.);
#1597 = ORIENTED_EDGE('',*,*,#567,.T.);
#1598 = ORIENTED_EDGE('',*,*,#1599,.T.);
#1599 = EDGE_CURVE('',#542,#1600,#1602,.T.);
#1600 = VERTEX_POINT('',#1601);
#1601 = CARTESIAN_POINT('',(-17.3,-12.5,74.6));
#1602 = SURFACE_CURVE('',#1603,(#1607,#1614),.PCURVE_S1.);
#1603 = LINE('',#1604,#1605);
#1604 = CARTESIAN_POINT('',(-17.7,-12.5,74.6));
#1605 = VECTOR('',#1606,1.);
#1606 = DIRECTION('',(1.,0.,-0.));
#1607 = PCURVE('',#582,#1608);
#1608 = DEFINITIONAL_REPRESENTATION('',(#1609),#1613);
#1609 = LINE('',#1610,#1611);
#1610 = CARTESIAN_POINT('',(0.,0.));
#1611 = VECTOR('',#1612,1.);
#1612 = DIRECTION('',(1.,0.));
#1613 = ( GEOMETRIC_REPRESENTATION_CONTEXT(2) 
PARAMETRIC_REPRESENTATION_CONTEXT() REPRESENTATION_CONTEXT('2D SPACE',''
  ) );
#1614 = PCURVE('',#556,#1615);
#1615 = DEFINITIONAL_REPRESENTATION('',(#1616),#1620);
#1616 = LINE('',#1617,#1618);
#1617 = CARTESIAN_POINT('',(20.,0.));
#1618 = VECTOR('',#1619,1.);
#1619 = DIRECTION('',(0.,1.));
#1620 = ( GEOMETRIC_REPRESENTATION_CONTEXT(2) 
PARAMETRIC_REPRESENTATION_CONTEXT() REPRESENTATION_CONTEXT('2D SPACE',''
  ) );
#1621 = ORIENTED_EDGE('',*,*,#1622,.T.);
#1622 = EDGE_CURVE('',#1600,#1549,#1623,.T.);
#1623 = SURFACE_CURVE('',#1624,(#1628,#1635),.PCURVE_S1.);
#1624 = LINE('',#1625,#1626);
#1625 = CARTESIAN_POINT('',(-17.3,-12.5,74.6));
#1626 = VECTOR('',#1627,1.);
#1627 = DIRECTION('',(-0.,1.,0.));
#1628 = PCURVE('',#582,#1629);
#1629 = DEFINITIONAL_REPRESENTATION('',(#1630),#1634);
#1630 = LINE('',#1631,#1632);
#1631 = CARTESIAN_POINT('',(0.4,0.));
#1632 = VECTOR('',#1633,1.);
#1633 = DIRECTION('',(0.,1.));
#1634 = ( GEOMETRIC_REPRESENTATION_CONTEXT(2) 
PARAMETRIC_REPRESENTATION_CONTEXT() REPRESENTATION_CONTEXT('2D SPACE',''
  ) );
#1635 = PCURVE('',#1249,#1636);
#1636 = DEFINITIONAL_REPRESENTATION('',(#1637),#1641);
#1637 = LINE('',#1638,#1639);
#1638 = CARTESIAN_POINT('',(20.,0.));
#1639 = VECTOR('',#1640,1.);
#1640 = DIRECTION('',(0.,-1.));
#1641 = ( GEOMETRIC_REPRESENTATION_CONTEXT(2) 
PARAMETRIC_REPRESENTATION_CONTEXT() REPRESENTATION_CONTEXT('2D SPACE',''
  ) );
#1642 = ADVANCED_FACE('',(#1643),#556,.T.);
#1643 = FACE_BOUND('',#1644,.T.);
#1644 = EDGE_LOOP('',(#1645,#1668,#1669,#1670));
#1645 = ORIENTED_EDGE('',*,*,#1646,.F.);
#1646 = EDGE_CURVE('',#516,#1647,#1649,.T.);
#1647 = VERTEX_POINT('',#1648);
#1648 = CARTESIAN_POINT('',(-17.3,-12.5,54.6));
#1649 = SURFACE_CURVE('',#1650,(#1654,#1661),.PCURVE_S1.);
#1650 = LINE('',#1651,#1652);
#1651 = CARTESIAN_POINT('',(-17.7,-12.5,54.6));
#1652 = VECTOR('',#1653,1.);
#1653 = DIRECTION('',(1.,0.,-0.));
#1654 = PCURVE('',#556,#1655);
#1655 = DEFINITIONAL_REPRESENTATION('',(#1656),#1660);
#1656 = LINE('',#1657,#1658);
#1657 = CARTESIAN_POINT('',(0.,0.));
#1658 = VECTOR('',#1659,1.);
#1659 = DIRECTION('',(0.,1.));
#1660 = ( GEOMETRIC_REPRESENTATION_CONTEXT(2) 
PARAMETRIC_REPRESENTATION_CONTEXT() REPRESENTATION_CONTEXT('2D SPACE',''
  ) );
#1661 = PCURVE('',#530,#1662);
#1662 = DEFINITIONAL_REPRESENTATION('',(#1663),#1667);
#1663 = LINE('',#1664,#1665);
#1664 = CARTESIAN_POINT('',(0.,0.));
#1665 = VECTOR('',#1666,1.);
#1666 = DIRECTION('',(1.,0.));
#1667 = ( GEOMETRIC_REPRESENTATION_CONTEXT(2) 
PARAMETRIC_REPRESENTATION_CONTEXT() REPRESENTATION_CONTEXT('2D SPACE',''
  ) );
#1668 = ORIENTED_EDGE('',*,*,#541,.T.);
#1669 = ORIENTED_EDGE('',*,*,#1599,.T.);
#1670 = ORIENTED_EDGE('',*,*,#1671,.F.);
#1671 = EDGE_CURVE('',#1647,#1600,#1672,.T.);
#1672 = SURFACE_CURVE('',#1673,(#1677,#1684),.PCURVE_S1.);
#1673 = LINE('',#1674,#1675);
#1674 = CARTESIAN_POINT('',(-17.3,-12.5,54.6));
#1675 = VECTOR('',#1676,1.);
#1676 = DIRECTION('',(0.,0.,1.));
#1677 = PCURVE('',#556,#1678);
#1678 = DEFINITIONAL_REPRESENTATION('',(#1679),#1683);
#1679 = LINE('',#1680,#1681);
#1680 = CARTESIAN_POINT('',(0.,0.4));
#1681 = VECTOR('',#1682,1.);
#1682 = DIRECTION('',(1.,0.));
#1683 = ( GEOMETRIC_REPRESENTATION_CONTEXT(2) 
PARAMETRIC_REPRESENTATION_CONTEXT() REPRESENTATION_CONTEXT('2D SPACE',''
  ) );
#1684 = PCURVE('',#1249,#1685);
#1685 = DEFINITIONAL_REPRESENTATION('',(#1686),#1690);
#1686 = LINE('',#1687,#1688);
#1687 = CARTESIAN_POINT('',(0.,0.));
#1688 = VECTOR('',#1689,1.);
#1689 = DIRECTION('',(1.,0.));
#1690 = ( GEOMETRIC_REPRESENTATION_CONTEXT(2) 
PARAMETRIC_REPRESENTATION_CONTEXT() REPRESENTATION_CONTEXT('2D SPACE',''
  ) );
#1691 = ADVANCED_FACE('',(#1692),#530,.T.);
#1692 = FACE_BOUND('',#1693,.T.);
#1693 = EDGE_LOOP('',(#1694,#1717,#1718,#1719));
#1694 = ORIENTED_EDGE('',*,*,#1695,.F.);
#1695 = EDGE_CURVE('',#490,#1696,#1698,.T.);
#1696 = VERTEX_POINT('',#1697);
#1697 = CARTESIAN_POINT('',(-17.3,12.5,54.6));
#1698 = SURFACE_CURVE('',#1699,(#1703,#1710),.PCURVE_S1.);
#1699 = LINE('',#1700,#1701);
#1700 = CARTESIAN_POINT('',(-17.7,12.5,54.6));
#1701 = VECTOR('',#1702,1.);
#1702 = DIRECTION('',(1.,0.,-0.));
#1703 = PCURVE('',#530,#1704);
#1704 = DEFINITIONAL_REPRESENTATION('',(#1705),#1709);
#1705 = LINE('',#1706,#1707);
#1706 = CARTESIAN_POINT('',(0.,25.));
#1707 = VECTOR('',#1708,1.);
#1708 = DIRECTION('',(1.,0.));
#1709 = ( GEOMETRIC_REPRESENTATION_CONTEXT(2) 
PARAMETRIC_REPRESENTATION_CONTEXT() REPRESENTATION_CONTEXT('2D SPACE',''
  ) );
#1710 = PCURVE('',#504,#1711);
#1711 = DEFINITIONAL_REPRESENTATION('',(#1712),#1716);
#1712 = LINE('',#1713,#1714);
#1713 = CARTESIAN_POINT('',(0.,0.));
#1714 = VECTOR('',#1715,1.);
#1715 = DIRECTION('',(0.,1.));
#1716 = ( GEOMETRIC_REPRESENTATION_CONTEXT(2) 
PARAMETRIC_REPRESENTATION_CONTEXT() REPRESENTATION_CONTEXT('2D SPACE',''
  ) );
#1717 = ORIENTED_EDGE('',*,*,#515,.T.);
#1718 = ORIENTED_EDGE('',*,*,#1646,.T.);
#1719 = ORIENTED_EDGE('',*,*,#1720,.T.);
#1720 = EDGE_CURVE('',#1647,#1696,#1721,.T.);
#1721 = SURFACE_CURVE('',#1722,(#1726,#1733),.PCURVE_S1.);
#1722 = LINE('',#1723,#1724);
#1723 = CARTESIAN_POINT('',(-17.3,-12.5,54.6));
#1724 = VECTOR('',#1725,1.);
#1725 = DIRECTION('',(-0.,1.,0.));
#1726 = PCURVE('',#530,#1727);
#1727 = DEFINITIONAL_REPRESENTATION('',(#1728),#1732);
#1728 = LINE('',#1729,#1730);
#1729 = CARTESIAN_POINT('',(0.4,0.));
#1730 = VECTOR('',#1731,1.);
#1731 = DIRECTION('',(0.,1.));
#1732 = ( GEOMETRIC_REPRESENTATION_CONTEXT(2) 
PARAMETRIC_REPRESENTATION_CONTEXT() REPRESENTATION_CONTEXT('2D SPACE',''
  ) );
#1733 = PCURVE('',#1249,#1734);
#1734 = DEFINITIONAL_REPRESENTATION('',(#1735),#1739);
#1735 = LINE('',#1736,#1737);
#1736 = CARTESIAN_POINT('',(0.,0.));
#1737 = VECTOR('',#1738,1.);
#1738 = DIRECTION('',(0.,-1.));
#1739 = ( GEOMETRIC_REPRESENTATION_CONTEXT(2) 
PARAMETRIC_REPRESENTATION_CONTEXT() REPRESENTATION_CONTEXT('2D SPACE',''
  ) );
#1740 = ADVANCED_FACE('',(#1741),#504,.F.);
#1741 = FACE_BOUND('',#1742,.F.);
#1742 = EDGE_LOOP('',(#1743,#1766,#1767,#1768));
#1743 = ORIENTED_EDGE('',*,*,#1744,.F.);
#1744 = EDGE_CURVE('',#1696,#1745,#1747,.T.);
#1745 = VERTEX_POINT('',#1746);
#1746 = CARTESIAN_POINT('',(-17.3,12.5,62.1));
#1747 = SURFACE_CURVE('',#1748,(#1752,#1759),.PCURVE_S1.);
#1748 = LINE('',#1749,#1750);
#1749 = CARTESIAN_POINT('',(-17.3,12.5,54.6));
#1750 = VECTOR('',#1751,1.);
#1751 = DIRECTION('',(0.,0.,1.));
#1752 = PCURVE('',#504,#1753);
#1753 = DEFINITIONAL_REPRESENTATION('',(#1754),#1758);
#1754 = LINE('',#1755,#1756);
#1755 = CARTESIAN_POINT('',(0.,0.4));
#1756 = VECTOR('',#1757,1.);
#1757 = DIRECTION('',(1.,0.));
#1758 = ( GEOMETRIC_REPRESENTATION_CONTEXT(2) 
PARAMETRIC_REPRESENTATION_CONTEXT() REPRESENTATION_CONTEXT('2D SPACE',''
  ) );
#1759 = PCURVE('',#1249,#1760);
#1760 = DEFINITIONAL_REPRESENTATION('',(#1761),#1765);
#1761 = LINE('',#1762,#1763);
#1762 = CARTESIAN_POINT('',(0.,-25.));
#1763 = VECTOR('',#1764,1.);
#1764 = DIRECTION('',(1.,0.));
#1765 = ( GEOMETRIC_REPRESENTATION_CONTEXT(2) 
PARAMETRIC_REPRESENTATION_CONTEXT() REPRESENTATION_CONTEXT('2D SPACE',''
  ) );
#1766 = ORIENTED_EDGE('',*,*,#1695,.F.);
#1767 = ORIENTED_EDGE('',*,*,#489,.T.);
#1768 = ORIENTED_EDGE('',*,*,#1769,.T.);
#1769 = EDGE_CURVE('',#464,#1745,#1770,.T.);
#1770 = SURFACE_CURVE('',#1771,(#1775,#1782),.PCURVE_S1.);
#1771 = LINE('',#1772,#1773);
#1772 = CARTESIAN_POINT('',(-17.7,12.5,62.1));
#1773 = VECTOR('',#1774,1.);
#1774 = DIRECTION('',(1.,0.,-0.));
#1775 = PCURVE('',#504,#1776);
#1776 = DEFINITIONAL_REPRESENTATION('',(#1777),#1781);
#1777 = LINE('',#1778,#1779);
#1778 = CARTESIAN_POINT('',(7.5,-7.216449660064E-16));
#1779 = VECTOR('',#1780,1.);
#1780 = DIRECTION('',(0.,1.));
#1781 = ( GEOMETRIC_REPRESENTATION_CONTEXT(2) 
PARAMETRIC_REPRESENTATION_CONTEXT() REPRESENTATION_CONTEXT('2D SPACE',''
  ) );
#1782 = PCURVE('',#478,#1783);
#1783 = DEFINITIONAL_REPRESENTATION('',(#1784),#1788);
#1784 = LINE('',#1785,#1786);
#1785 = CARTESIAN_POINT('',(0.,0.));
#1786 = VECTOR('',#1787,1.);
#1787 = DIRECTION('',(1.,0.));
#1788 = ( GEOMETRIC_REPRESENTATION_CONTEXT(2) 
PARAMETRIC_REPRESENTATION_CONTEXT() REPRESENTATION_CONTEXT('2D SPACE',''
  ) );
#1789 = ADVANCED_FACE('',(#1790),#478,.T.);
#1790 = FACE_BOUND('',#1791,.T.);
#1791 = EDGE_LOOP('',(#1792,#1793,#1794,#1795));
#1792 = ORIENTED_EDGE('',*,*,#1210,.F.);
#1793 = ORIENTED_EDGE('',*,*,#463,.T.);
#1794 = ORIENTED_EDGE('',*,*,#1769,.T.);
#1795 = ORIENTED_EDGE('',*,*,#1796,.T.);
#1796 = EDGE_CURVE('',#1745,#1211,#1797,.T.);
#1797 = SURFACE_CURVE('',#1798,(#1802,#1809),.PCURVE_S1.);
#1798 = LINE('',#1799,#1800);
#1799 = CARTESIAN_POINT('',(-17.3,12.5,62.1));
#1800 = VECTOR('',#1801,1.);
#1801 = DIRECTION('',(-0.,1.,0.));
#1802 = PCURVE('',#478,#1803);
#1803 = DEFINITIONAL_REPRESENTATION('',(#1804),#1808);
#1804 = LINE('',#1805,#1806);
#1805 = CARTESIAN_POINT('',(0.4,0.));
#1806 = VECTOR('',#1807,1.);
#1807 = DIRECTION('',(0.,1.));
#1808 = ( GEOMETRIC_REPRESENTATION_CONTEXT(2) 
PARAMETRIC_REPRESENTATION_CONTEXT() REPRESENTATION_CONTEXT('2D SPACE',''
  ) );
#1809 = PCURVE('',#1249,#1810);
#1810 = DEFINITIONAL_REPRESENTATION('',(#1811),#1815);
#1811 = LINE('',#1812,#1813);
#1812 = CARTESIAN_POINT('',(7.5,-25.));
#1813 = VECTOR('',#1814,1.);
#1814 = DIRECTION('',(0.,-1.));
#1815 = ( GEOMETRIC_REPRESENTATION_CONTEXT(2) 
PARAMETRIC_REPRESENTATION_CONTEXT() REPRESENTATION_CONTEXT('2D SPACE',''
  ) );
#1816 = ADVANCED_FACE('',(#1817),#429,.F.);
#1817 = FACE_BOUND('',#1818,.F.);
#1818 = EDGE_LOOP('',(#1819,#1820,#1821,#1844));
#1819 = ORIENTED_EDGE('',*,*,#1188,.F.);
#1820 = ORIENTED_EDGE('',*,*,#414,.T.);
#1821 = ORIENTED_EDGE('',*,*,#1822,.T.);
#1822 = EDGE_CURVE('',#389,#1823,#1825,.T.);
#1823 = VERTEX_POINT('',#1824);
#1824 = CARTESIAN_POINT('',(-17.3,12.5,14.5));
#1825 = SURFACE_CURVE('',#1826,(#1830,#1837),.PCURVE_S1.);
#1826 = LINE('',#1827,#1828);
#1827 = CARTESIAN_POINT('',(-17.7,12.5,14.5));
#1828 = VECTOR('',#1829,1.);
#1829 = DIRECTION('',(1.,0.,-0.));
#1830 = PCURVE('',#429,#1831);
#1831 = DEFINITIONAL_REPRESENTATION('',(#1832),#1836);
#1832 = LINE('',#1833,#1834);
#1833 = CARTESIAN_POINT('',(0.,0.));
#1834 = VECTOR('',#1835,1.);
#1835 = DIRECTION('',(1.,0.));
#1836 = ( GEOMETRIC_REPRESENTATION_CONTEXT(2) 
PARAMETRIC_REPRESENTATION_CONTEXT() REPRESENTATION_CONTEXT('2D SPACE',''
  ) );
#1837 = PCURVE('',#403,#1838);
#1838 = DEFINITIONAL_REPRESENTATION('',(#1839),#1843);
#1839 = LINE('',#1840,#1841);
#1840 = CARTESIAN_POINT('',(12.5,-7.216449660064E-16));
#1841 = VECTOR('',#1842,1.);
#1842 = DIRECTION('',(0.,1.));
#1843 = ( GEOMETRIC_REPRESENTATION_CONTEXT(2) 
PARAMETRIC_REPRESENTATION_CONTEXT() REPRESENTATION_CONTEXT('2D SPACE',''
  ) );
#1844 = ORIENTED_EDGE('',*,*,#1845,.T.);
#1845 = EDGE_CURVE('',#1823,#1161,#1846,.T.);
#1846 = SURFACE_CURVE('',#1847,(#1851,#1858),.PCURVE_S1.);
#1847 = LINE('',#1848,#1849);
#1848 = CARTESIAN_POINT('',(-17.3,12.5,14.5));
#1849 = VECTOR('',#1850,1.);
#1850 = DIRECTION('',(-0.,1.,0.));
#1851 = PCURVE('',#429,#1852);
#1852 = DEFINITIONAL_REPRESENTATION('',(#1853),#1857);
#1853 = LINE('',#1854,#1855);
#1854 = CARTESIAN_POINT('',(0.4,0.));
#1855 = VECTOR('',#1856,1.);
#1856 = DIRECTION('',(0.,1.));
#1857 = ( GEOMETRIC_REPRESENTATION_CONTEXT(2) 
PARAMETRIC_REPRESENTATION_CONTEXT() REPRESENTATION_CONTEXT('2D SPACE',''
  ) );
#1858 = PCURVE('',#1176,#1859);
#1859 = DEFINITIONAL_REPRESENTATION('',(#1860),#1864);
#1860 = LINE('',#1861,#1862);
#1861 = CARTESIAN_POINT('',(12.5,-25.));
#1862 = VECTOR('',#1863,1.);
#1863 = DIRECTION('',(0.,-1.));
#1864 = ( GEOMETRIC_REPRESENTATION_CONTEXT(2) 
PARAMETRIC_REPRESENTATION_CONTEXT() REPRESENTATION_CONTEXT('2D SPACE',''
  ) );
#1865 = ADVANCED_FACE('',(#1866),#403,.F.);
#1866 = FACE_BOUND('',#1867,.F.);
#1867 = EDGE_LOOP('',(#1868,#1891,#1892,#1893));
#1868 = ORIENTED_EDGE('',*,*,#1869,.F.);
#1869 = EDGE_CURVE('',#1823,#1870,#1872,.T.);
#1870 = VERTEX_POINT('',#1871);
#1871 = CARTESIAN_POINT('',(-17.3,12.5,22.));
#1872 = SURFACE_CURVE('',#1873,(#1877,#1884),.PCURVE_S1.);
#1873 = LINE('',#1874,#1875);
#1874 = CARTESIAN_POINT('',(-17.3,12.5,2.));
#1875 = VECTOR('',#1876,1.);
#1876 = DIRECTION('',(0.,0.,1.));
#1877 = PCURVE('',#403,#1878);
#1878 = DEFINITIONAL_REPRESENTATION('',(#1879),#1883);
#1879 = LINE('',#1880,#1881);
#1880 = CARTESIAN_POINT('',(0.,0.4));
#1881 = VECTOR('',#1882,1.);
#1882 = DIRECTION('',(1.,0.));
#1883 = ( GEOMETRIC_REPRESENTATION_CONTEXT(2) 
PARAMETRIC_REPRESENTATION_CONTEXT() REPRESENTATION_CONTEXT('2D SPACE',''
  ) );
#1884 = PCURVE('',#1176,#1885);
#1885 = DEFINITIONAL_REPRESENTATION('',(#1886),#1890);
#1886 = LINE('',#1887,#1888);
#1887 = CARTESIAN_POINT('',(0.,-25.));
#1888 = VECTOR('',#1889,1.);
#1889 = DIRECTION('',(1.,0.));
#1890 = ( GEOMETRIC_REPRESENTATION_CONTEXT(2) 
PARAMETRIC_REPRESENTATION_CONTEXT() REPRESENTATION_CONTEXT('2D SPACE',''
  ) );
#1891 = ORIENTED_EDGE('',*,*,#1822,.F.);
#1892 = ORIENTED_EDGE('',*,*,#388,.T.);
#1893 = ORIENTED_EDGE('',*,*,#1894,.T.);
#1894 = EDGE_CURVE('',#363,#1870,#1895,.T.);
#1895 = SURFACE_CURVE('',#1896,(#1900,#1907),.PCURVE_S1.);
#1896 = LINE('',#1897,#1898);
#1897 = CARTESIAN_POINT('',(-17.7,12.5,22.));
#1898 = VECTOR('',#1899,1.);
#1899 = DIRECTION('',(1.,0.,-0.));
#1900 = PCURVE('',#403,#1901);
#1901 = DEFINITIONAL_REPRESENTATION('',(#1902),#1906);
#1902 = LINE('',#1903,#1904);
#1903 = CARTESIAN_POINT('',(20.,0.));
#1904 = VECTOR('',#1905,1.);
#1905 = DIRECTION('',(0.,1.));
#1906 = ( GEOMETRIC_REPRESENTATION_CONTEXT(2) 
PARAMETRIC_REPRESENTATION_CONTEXT() REPRESENTATION_CONTEXT('2D SPACE',''
  ) );
#1907 = PCURVE('',#377,#1908);
#1908 = DEFINITIONAL_REPRESENTATION('',(#1909),#1913);
#1909 = LINE('',#1910,#1911);
#1910 = CARTESIAN_POINT('',(0.,25.));
#1911 = VECTOR('',#1912,1.);
#1912 = DIRECTION('',(1.,0.));
#1913 = ( GEOMETRIC_REPRESENTATION_CONTEXT(2) 
PARAMETRIC_REPRESENTATION_CONTEXT() REPRESENTATION_CONTEXT('2D SPACE',''
  ) );
#1914 = ADVANCED_FACE('',(#1915),#377,.F.);
#1915 = FACE_BOUND('',#1916,.F.);
#1916 = EDGE_LOOP('',(#1917,#1918,#1919,#1942));
#1917 = ORIENTED_EDGE('',*,*,#1894,.F.);
#1918 = ORIENTED_EDGE('',*,*,#362,.T.);
#1919 = ORIENTED_EDGE('',*,*,#1920,.T.);
#1920 = EDGE_CURVE('',#337,#1921,#1923,.T.);
#1921 = VERTEX_POINT('',#1922);
#1922 = CARTESIAN_POINT('',(-17.3,-12.5,22.));
#1923 = SURFACE_CURVE('',#1924,(#1928,#1935),.PCURVE_S1.);
#1924 = LINE('',#1925,#1926);
#1925 = CARTESIAN_POINT('',(-17.7,-12.5,22.));
#1926 = VECTOR('',#1927,1.);
#1927 = DIRECTION('',(1.,0.,-0.));
#1928 = PCURVE('',#377,#1929);
#1929 = DEFINITIONAL_REPRESENTATION('',(#1930),#1934);
#1930 = LINE('',#1931,#1932);
#1931 = CARTESIAN_POINT('',(0.,0.));
#1932 = VECTOR('',#1933,1.);
#1933 = DIRECTION('',(1.,0.));
#1934 = ( GEOMETRIC_REPRESENTATION_CONTEXT(2) 
PARAMETRIC_REPRESENTATION_CONTEXT() REPRESENTATION_CONTEXT('2D SPACE',''
  ) );
#1935 = PCURVE('',#351,#1936);
#1936 = DEFINITIONAL_REPRESENTATION('',(#1937),#1941);
#1937 = LINE('',#1938,#1939);
#1938 = CARTESIAN_POINT('',(20.,0.));
#1939 = VECTOR('',#1940,1.);
#1940 = DIRECTION('',(0.,1.));
#1941 = ( GEOMETRIC_REPRESENTATION_CONTEXT(2) 
PARAMETRIC_REPRESENTATION_CONTEXT() REPRESENTATION_CONTEXT('2D SPACE',''
  ) );
#1942 = ORIENTED_EDGE('',*,*,#1943,.T.);
#1943 = EDGE_CURVE('',#1921,#1870,#1944,.T.);
#1944 = SURFACE_CURVE('',#1945,(#1949,#1956),.PCURVE_S1.);
#1945 = LINE('',#1946,#1947);
#1946 = CARTESIAN_POINT('',(-17.3,-12.5,22.));
#1947 = VECTOR('',#1948,1.);
#1948 = DIRECTION('',(-0.,1.,0.));
#1949 = PCURVE('',#377,#1950);
#1950 = DEFINITIONAL_REPRESENTATION('',(#1951),#1955);
#1951 = LINE('',#1952,#1953);
#1952 = CARTESIAN_POINT('',(0.4,0.));
#1953 = VECTOR('',#1954,1.);
#1954 = DIRECTION('',(0.,1.));
#1955 = ( GEOMETRIC_REPRESENTATION_CONTEXT(2) 
PARAMETRIC_REPRESENTATION_CONTEXT() REPRESENTATION_CONTEXT('2D SPACE',''
  ) );
#1956 = PCURVE('',#1176,#1957);
#1957 = DEFINITIONAL_REPRESENTATION('',(#1958),#1962);
#1958 = LINE('',#1959,#1960);
#1959 = CARTESIAN_POINT('',(20.,0.));
#1960 = VECTOR('',#1961,1.);
#1961 = DIRECTION('',(0.,-1.));
#1962 = ( GEOMETRIC_REPRESENTATION_CONTEXT(2) 
PARAMETRIC_REPRESENTATION_CONTEXT() REPRESENTATION_CONTEXT('2D SPACE',''
  ) );
#1963 = ADVANCED_FACE('',(#1964),#351,.T.);
#1964 = FACE_BOUND('',#1965,.T.);
#1965 = EDGE_LOOP('',(#1966,#1989,#1990,#1991));
#1966 = ORIENTED_EDGE('',*,*,#1967,.F.);
#1967 = EDGE_CURVE('',#311,#1968,#1970,.T.);
#1968 = VERTEX_POINT('',#1969);
#1969 = CARTESIAN_POINT('',(-17.3,-12.5,2.));
#1970 = SURFACE_CURVE('',#1971,(#1975,#1982),.PCURVE_S1.);
#1971 = LINE('',#1972,#1973);
#1972 = CARTESIAN_POINT('',(-17.7,-12.5,2.));
#1973 = VECTOR('',#1974,1.);
#1974 = DIRECTION('',(1.,0.,-0.));
#1975 = PCURVE('',#351,#1976);
#1976 = DEFINITIONAL_REPRESENTATION('',(#1977),#1981);
#1977 = LINE('',#1978,#1979);
#1978 = CARTESIAN_POINT('',(0.,0.));
#1979 = VECTOR('',#1980,1.);
#1980 = DIRECTION('',(0.,1.));
#1981 = ( GEOMETRIC_REPRESENTATION_CONTEXT(2) 
PARAMETRIC_REPRESENTATION_CONTEXT() REPRESENTATION_CONTEXT('2D SPACE',''
  ) );
#1982 = PCURVE('',#325,#1983);
#1983 = DEFINITIONAL_REPRESENTATION('',(#1984),#1988);
#1984 = LINE('',#1985,#1986);
#1985 = CARTESIAN_POINT('',(0.,0.));
#1986 = VECTOR('',#1987,1.);
#1987 = DIRECTION('',(1.,0.));
#1988 = ( GEOMETRIC_REPRESENTATION_CONTEXT(2) 
PARAMETRIC_REPRESENTATION_CONTEXT() REPRESENTATION_CONTEXT('2D SPACE',''
  ) );
#1989 = ORIENTED_EDGE('',*,*,#336,.T.);
#1990 = ORIENTED_EDGE('',*,*,#1920,.T.);
#1991 = ORIENTED_EDGE('',*,*,#1992,.F.);
#1992 = EDGE_CURVE('',#1968,#1921,#1993,.T.);
#1993 = SURFACE_CURVE('',#1994,(#1998,#2005),.PCURVE_S1.);
#1994 = LINE('',#1995,#1996);
#1995 = CARTESIAN_POINT('',(-17.3,-12.5,2.));
#1996 = VECTOR('',#1997,1.);
#1997 = DIRECTION('',(0.,0.,1.));
#1998 = PCURVE('',#351,#1999);
#1999 = DEFINITIONAL_REPRESENTATION('',(#2000),#2004);
#2000 = LINE('',#2001,#2002);
#2001 = CARTESIAN_POINT('',(0.,0.4));
#2002 = VECTOR('',#2003,1.);
#2003 = DIRECTION('',(1.,0.));
#2004 = ( GEOMETRIC_REPRESENTATION_CONTEXT(2) 
PARAMETRIC_REPRESENTATION_CONTEXT() REPRESENTATION_CONTEXT('2D SPACE',''
  ) );
#2005 = PCURVE('',#1176,#2006);
#2006 = DEFINITIONAL_REPRESENTATION('',(#2007),#2011);
#2007 = LINE('',#2008,#2009);
#2008 = CARTESIAN_POINT('',(0.,0.));
#2009 = VECTOR('',#2010,1.);
#2010 = DIRECTION('',(1.,0.));
#2011 = ( GEOMETRIC_REPRESENTATION_CONTEXT(2) 
PARAMETRIC_REPRESENTATION_CONTEXT() REPRESENTATION_CONTEXT('2D SPACE',''
  ) );
#2012 = ADVANCED_FACE('',(#2013),#325,.T.);
#2013 = FACE_BOUND('',#2014,.T.);
#2014 = EDGE_LOOP('',(#2015,#2038,#2039,#2040));
#2015 = ORIENTED_EDGE('',*,*,#2016,.F.);
#2016 = EDGE_CURVE('',#285,#2017,#2019,.T.);
#2017 = VERTEX_POINT('',#2018);
#2018 = CARTESIAN_POINT('',(-17.3,12.5,2.));
#2019 = SURFACE_CURVE('',#2020,(#2024,#2031),.PCURVE_S1.);
#2020 = LINE('',#2021,#2022);
#2021 = CARTESIAN_POINT('',(-17.7,12.5,2.));
#2022 = VECTOR('',#2023,1.);
#2023 = DIRECTION('',(1.,0.,-0.));
#2024 = PCURVE('',#325,#2025);
#2025 = DEFINITIONAL_REPRESENTATION('',(#2026),#2030);
#2026 = LINE('',#2027,#2028);
#2027 = CARTESIAN_POINT('',(0.,25.));
#2028 = VECTOR('',#2029,1.);
#2029 = DIRECTION('',(1.,0.));
#2030 = ( GEOMETRIC_REPRESENTATION_CONTEXT(2) 
PARAMETRIC_REPRESENTATION_CONTEXT() REPRESENTATION_CONTEXT('2D SPACE',''
  ) );
#2031 = PCURVE('',#299,#2032);
#2032 = DEFINITIONAL_REPRESENTATION('',(#2033),#2037);
#2033 = LINE('',#2034,#2035);
#2034 = CARTESIAN_POINT('',(0.,0.));
#2035 = VECTOR('',#2036,1.);
#2036 = DIRECTION('',(0.,1.));
#2037 = ( GEOMETRIC_REPRESENTATION_CONTEXT(2) 
PARAMETRIC_REPRESENTATION_CONTEXT() REPRESENTATION_CONTEXT('2D SPACE',''
  ) );
#2038 = ORIENTED_EDGE('',*,*,#310,.T.);
#2039 = ORIENTED_EDGE('',*,*,#1967,.T.);
#2040 = ORIENTED_EDGE('',*,*,#2041,.T.);
#2041 = EDGE_CURVE('',#1968,#2017,#2042,.T.);
#2042 = SURFACE_CURVE('',#2043,(#2047,#2054),.PCURVE_S1.);
#2043 = LINE('',#2044,#2045);
#2044 = CARTESIAN_POINT('',(-17.3,-12.5,2.));
#2045 = VECTOR('',#2046,1.);
#2046 = DIRECTION('',(-0.,1.,0.));
#2047 = PCURVE('',#325,#2048);
#2048 = DEFINITIONAL_REPRESENTATION('',(#2049),#2053);
#2049 = LINE('',#2050,#2051);
#2050 = CARTESIAN_POINT('',(0.4,0.));
#2051 = VECTOR('',#2052,1.);
#2052 = DIRECTION('',(0.,1.));
#2053 = ( GEOMETRIC_REPRESENTATION_CONTEXT(2) 
PARAMETRIC_REPRESENTATION_CONTEXT() REPRESENTATION_CONTEXT('2D SPACE',''
  ) );
#2054 = PCURVE('',#1176,#2055);
#2055 = DEFINITIONAL_REPRESENTATION('',(#2056),#2060);
#2056 = LINE('',#2057,#2058);
#2057 = CARTESIAN_POINT('',(0.,0.));
#2058 = VECTOR('',#2059,1.);
#2059 = DIRECTION('',(0.,-1.));
#2060 = ( GEOMETRIC_REPRESENTATION_CONTEXT(2) 
PARAMETRIC_REPRESENTATION_CONTEXT() REPRESENTATION_CONTEXT('2D SPACE',''
  ) );
#2061 = ADVANCED_FACE('',(#2062),#299,.F.);
#2062 = FACE_BOUND('',#2063,.F.);
#2063 = EDGE_LOOP('',(#2064,#2087,#2088,#2089));
#2064 = ORIENTED_EDGE('',*,*,#2065,.F.);
#2065 = EDGE_CURVE('',#2017,#2066,#2068,.T.);
#2066 = VERTEX_POINT('',#2067);
#2067 = CARTESIAN_POINT('',(-17.3,12.5,9.5));
#2068 = SURFACE_CURVE('',#2069,(#2073,#2080),.PCURVE_S1.);
#2069 = LINE('',#2070,#2071);
#2070 = CARTESIAN_POINT('',(-17.3,12.5,2.));
#2071 = VECTOR('',#2072,1.);
#2072 = DIRECTION('',(0.,0.,1.));
#2073 = PCURVE('',#299,#2074);
#2074 = DEFINITIONAL_REPRESENTATION('',(#2075),#2079);
#2075 = LINE('',#2076,#2077);
#2076 = CARTESIAN_POINT('',(0.,0.4));
#2077 = VECTOR('',#2078,1.);
#2078 = DIRECTION('',(1.,0.));
#2079 = ( GEOMETRIC_REPRESENTATION_CONTEXT(2) 
PARAMETRIC_REPRESENTATION_CONTEXT() REPRESENTATION_CONTEXT('2D SPACE',''
  ) );
#2080 = PCURVE('',#1176,#2081);
#2081 = DEFINITIONAL_REPRESENTATION('',(#2082),#2086);
#2082 = LINE('',#2083,#2084);
#2083 = CARTESIAN_POINT('',(0.,-25.));
#2084 = VECTOR('',#2085,1.);
#2085 = DIRECTION('',(1.,0.));
#2086 = ( GEOMETRIC_REPRESENTATION_CONTEXT(2) 
PARAMETRIC_REPRESENTATION_CONTEXT() REPRESENTATION_CONTEXT('2D SPACE',''
  ) );
#2087 = ORIENTED_EDGE('',*,*,#2016,.F.);
#2088 = ORIENTED_EDGE('',*,*,#284,.T.);
#2089 = ORIENTED_EDGE('',*,*,#2090,.T.);
#2090 = EDGE_CURVE('',#259,#2066,#2091,.T.);
#2091 = SURFACE_CURVE('',#2092,(#2096,#2103),.PCURVE_S1.);
#2092 = LINE('',#2093,#2094);
#2093 = CARTESIAN_POINT('',(-17.7,12.5,9.5));
#2094 = VECTOR('',#2095,1.);
#2095 = DIRECTION('',(1.,0.,-0.));
#2096 = PCURVE('',#299,#2097);
#2097 = DEFINITIONAL_REPRESENTATION('',(#2098),#2102);
#2098 = LINE('',#2099,#2100);
#2099 = CARTESIAN_POINT('',(7.5,-7.216449660064E-16));
#2100 = VECTOR('',#2101,1.);
#2101 = DIRECTION('',(0.,1.));
#2102 = ( GEOMETRIC_REPRESENTATION_CONTEXT(2) 
PARAMETRIC_REPRESENTATION_CONTEXT() REPRESENTATION_CONTEXT('2D SPACE',''
  ) );
#2103 = PCURVE('',#273,#2104);
#2104 = DEFINITIONAL_REPRESENTATION('',(#2105),#2109);
#2105 = LINE('',#2106,#2107);
#2106 = CARTESIAN_POINT('',(0.,0.));
#2107 = VECTOR('',#2108,1.);
#2108 = DIRECTION('',(1.,0.));
#2109 = ( GEOMETRIC_REPRESENTATION_CONTEXT(2) 
PARAMETRIC_REPRESENTATION_CONTEXT() REPRESENTATION_CONTEXT('2D SPACE',''
  ) );
#2110 = ADVANCED_FACE('',(#2111),#273,.T.);
#2111 = FACE_BOUND('',#2112,.T.);
#2112 = EDGE_LOOP('',(#2113,#2114,#2115,#2116));
#2113 = ORIENTED_EDGE('',*,*,#1137,.F.);
#2114 = ORIENTED_EDGE('',*,*,#258,.T.);
#2115 = ORIENTED_EDGE('',*,*,#2090,.T.);
#2116 = ORIENTED_EDGE('',*,*,#2117,.T.);
#2117 = EDGE_CURVE('',#2066,#1138,#2118,.T.);
#2118 = SURFACE_CURVE('',#2119,(#2123,#2130),.PCURVE_S1.);
#2119 = LINE('',#2120,#2121);
#2120 = CARTESIAN_POINT('',(-17.3,12.5,9.5));
#2121 = VECTOR('',#2122,1.);
#2122 = DIRECTION('',(-0.,1.,0.));
#2123 = PCURVE('',#273,#2124);
#2124 = DEFINITIONAL_REPRESENTATION('',(#2125),#2129);
#2125 = LINE('',#2126,#2127);
#2126 = CARTESIAN_POINT('',(0.4,0.));
#2127 = VECTOR('',#2128,1.);
#2128 = DIRECTION('',(0.,1.));
#2129 = ( GEOMETRIC_REPRESENTATION_CONTEXT(2) 
PARAMETRIC_REPRESENTATION_CONTEXT() REPRESENTATION_CONTEXT('2D SPACE',''
  ) );
#2130 = PCURVE('',#1176,#2131);
#2131 = DEFINITIONAL_REPRESENTATION('',(#2132),#2136);
#2132 = LINE('',#2133,#2134);
#2133 = CARTESIAN_POINT('',(7.5,-25.));
#2134 = VECTOR('',#2135,1.);
#2135 = DIRECTION('',(0.,-1.));
#2136 = ( GEOMETRIC_REPRESENTATION_CONTEXT(2) 
PARAMETRIC_REPRESENTATION_CONTEXT() REPRESENTATION_CONTEXT('2D SPACE',''
  ) );
#2137 = ADVANCED_FACE('',(#2138,#2186,#2217,#2248,#2279,#2310,#2416,
    #2447),#218,.F.);
#2138 = FACE_BOUND('',#2139,.F.);
#2139 = EDGE_LOOP('',(#2140,#2141,#2164,#2185));
#2140 = ORIENTED_EDGE('',*,*,#202,.F.);
#2141 = ORIENTED_EDGE('',*,*,#2142,.T.);
#2142 = EDGE_CURVE('',#175,#2143,#2145,.T.);
#2143 = VERTEX_POINT('',#2144);
#2144 = CARTESIAN_POINT('',(17.5,-17.5,0.));
#2145 = SURFACE_CURVE('',#2146,(#2150,#2157),.PCURVE_S1.);
#2146 = LINE('',#2147,#2148);
#2147 = CARTESIAN_POINT('',(-17.5,-17.5,0.));
#2148 = VECTOR('',#2149,1.);
#2149 = DIRECTION('',(1.,0.,-0.));
#2150 = PCURVE('',#218,#2151);
#2151 = DEFINITIONAL_REPRESENTATION('',(#2152),#2156);
#2152 = LINE('',#2153,#2154);
#2153 = CARTESIAN_POINT('',(0.,0.));
#2154 = VECTOR('',#2155,1.);
#2155 = DIRECTION('',(1.,0.));
#2156 = ( GEOMETRIC_REPRESENTATION_CONTEXT(2) 
PARAMETRIC_REPRESENTATION_CONTEXT() REPRESENTATION_CONTEXT('2D SPACE',''
  ) );
#2157 = PCURVE('',#190,#2158);
#2158 = DEFINITIONAL_REPRESENTATION('',(#2159),#2163);
#2159 = LINE('',#2160,#2161);
#2160 = CARTESIAN_POINT('',(0.,0.));
#2161 = VECTOR('',#2162,1.);
#2162 = DIRECTION('',(0.,1.));
#2163 = ( GEOMETRIC_REPRESENTATION_CONTEXT(2) 
PARAMETRIC_REPRESENTATION_CONTEXT() REPRESENTATION_CONTEXT('2D SPACE',''
  ) );
#2164 = ORIENTED_EDGE('',*,*,#2165,.T.);
#2165 = EDGE_CURVE('',#2143,#1093,#2166,.T.);
#2166 = SURFACE_CURVE('',#2167,(#2171,#2178),.PCURVE_S1.);
#2167 = LINE('',#2168,#2169);
#2168 = CARTESIAN_POINT('',(17.5,-17.5,0.));
#2169 = VECTOR('',#2170,1.);
#2170 = DIRECTION('',(-0.,1.,0.));
#2171 = PCURVE('',#218,#2172);
#2172 = DEFINITIONAL_REPRESENTATION('',(#2173),#2177);
#2173 = LINE('',#2174,#2175);
#2174 = CARTESIAN_POINT('',(35.,0.));
#2175 = VECTOR('',#2176,1.);
#2176 = DIRECTION('',(0.,1.));
#2177 = ( GEOMETRIC_REPRESENTATION_CONTEXT(2) 
PARAMETRIC_REPRESENTATION_CONTEXT() REPRESENTATION_CONTEXT('2D SPACE',''
  ) );
#2178 = PCURVE('',#1025,#2179);
#2179 = DEFINITIONAL_REPRESENTATION('',(#2180),#2184);
#2180 = LINE('',#2181,#2182);
#2181 = CARTESIAN_POINT('',(0.,0.));
#2182 = VECTOR('',#2183,1.);
#2183 = DIRECTION('',(0.,-1.));
#2184 = ( GEOMETRIC_REPRESENTATION_CONTEXT(2) 
PARAMETRIC_REPRESENTATION_CONTEXT() REPRESENTATION_CONTEXT('2D SPACE',''
  ) );
#2185 = ORIENTED_EDGE('',*,*,#1115,.F.);
#2186 = FACE_BOUND('',#2187,.F.);
#2187 = EDGE_LOOP('',(#2188));
#2188 = ORIENTED_EDGE('',*,*,#2189,.F.);
#2189 = EDGE_CURVE('',#2190,#2190,#2192,.T.);
#2190 = VERTEX_POINT('',#2191);
#2191 = CARTESIAN_POINT('',(-9.7,-10.5,0.));
#2192 = SURFACE_CURVE('',#2193,(#2198,#2205),.PCURVE_S1.);
#2193 = CIRCLE('',#2194,0.8);
#2194 = AXIS2_PLACEMENT_3D('',#2195,#2196,#2197);
#2195 = CARTESIAN_POINT('',(-10.5,-10.5,0.));
#2196 = DIRECTION('',(0.,0.,1.));
#2197 = DIRECTION('',(1.,0.,-0.));
#2198 = PCURVE('',#218,#2199);
#2199 = DEFINITIONAL_REPRESENTATION('',(#2200),#2204);
#2200 = CIRCLE('',#2201,0.8);
#2201 = AXIS2_PLACEMENT_2D('',#2202,#2203);
#2202 = CARTESIAN_POINT('',(7.,7.));
#2203 = DIRECTION('',(1.,0.));
#2204 = ( GEOMETRIC_REPRESENTATION_CONTEXT(2) 
PARAMETRIC_REPRESENTATION_CONTEXT() REPRESENTATION_CONTEXT('2D SPACE',''
  ) );
#2205 = PCURVE('',#2206,#2211);
#2206 = CYLINDRICAL_SURFACE('',#2207,0.8);
#2207 = AXIS2_PLACEMENT_3D('',#2208,#2209,#2210);
#2208 = CARTESIAN_POINT('',(-10.5,-10.5,0.));
#2209 = DIRECTION('',(0.,0.,1.));
#2210 = DIRECTION('',(1.,0.,-0.));
#2211 = DEFINITIONAL_REPRESENTATION('',(#2212),#2216);
#2212 = LINE('',#2213,#2214);
#2213 = CARTESIAN_POINT('',(0.,0.));
#2214 = VECTOR('',#2215,1.);
#2215 = DIRECTION('',(1.,0.));
#2216 = ( GEOMETRIC_REPRESENTATION_CONTEXT(2) 
PARAMETRIC_REPRESENTATION_CONTEXT() REPRESENTATION_CONTEXT('2D SPACE',''
  ) );
#2217 = FACE_BOUND('',#2218,.F.);
#2218 = EDGE_LOOP('',(#2219));
#2219 = ORIENTED_EDGE('',*,*,#2220,.F.);
#2220 = EDGE_CURVE('',#2221,#2221,#2223,.T.);
#2221 = VERTEX_POINT('',#2222);
#2222 = CARTESIAN_POINT('',(1.25,-15.,0.));
#2223 = SURFACE_CURVE('',#2224,(#2229,#2236),.PCURVE_S1.);
#2224 = CIRCLE('',#2225,1.25);
#2225 = AXIS2_PLACEMENT_3D('',#2226,#2227,#2228);
#2226 = CARTESIAN_POINT('',(0.,-15.,0.));
#2227 = DIRECTION('',(0.,0.,1.));
#2228 = DIRECTION('',(1.,0.,-0.));
#2229 = PCURVE('',#218,#2230);
#2230 = DEFINITIONAL_REPRESENTATION('',(#2231),#2235);
#2231 = CIRCLE('',#2232,1.25);
#2232 = AXIS2_PLACEMENT_2D('',#2233,#2234);
#2233 = CARTESIAN_POINT('',(17.5,2.5));
#2234 = DIRECTION('',(1.,0.));
#2235 = ( GEOMETRIC_REPRESENTATION_CONTEXT(2) 
PARAMETRIC_REPRESENTATION_CONTEXT() REPRESENTATION_CONTEXT('2D SPACE',''
  ) );
#2236 = PCURVE('',#2237,#2242);
#2237 = CYLINDRICAL_SURFACE('',#2238,1.25);
#2238 = AXIS2_PLACEMENT_3D('',#2239,#2240,#2241);
#2239 = CARTESIAN_POINT('',(0.,-15.,0.));
#2240 = DIRECTION('',(0.,0.,1.));
#2241 = DIRECTION('',(1.,0.,-0.));
#2242 = DEFINITIONAL_REPRESENTATION('',(#2243),#2247);
#2243 = LINE('',#2244,#2245);
#2244 = CARTESIAN_POINT('',(0.,0.));
#2245 = VECTOR('',#2246,1.);
#2246 = DIRECTION('',(1.,0.));
#2247 = ( GEOMETRIC_REPRESENTATION_CONTEXT(2) 
PARAMETRIC_REPRESENTATION_CONTEXT() REPRESENTATION_CONTEXT('2D SPACE',''
  ) );
#2248 = FACE_BOUND('',#2249,.F.);
#2249 = EDGE_LOOP('',(#2250));
#2250 = ORIENTED_EDGE('',*,*,#2251,.F.);
#2251 = EDGE_CURVE('',#2252,#2252,#2254,.T.);
#2252 = VERTEX_POINT('',#2253);
#2253 = CARTESIAN_POINT('',(11.3,-10.5,0.));
#2254 = SURFACE_CURVE('',#2255,(#2260,#2267),.PCURVE_S1.);
#2255 = CIRCLE('',#2256,0.8);
#2256 = AXIS2_PLACEMENT_3D('',#2257,#2258,#2259);
#2257 = CARTESIAN_POINT('',(10.5,-10.5,0.));
#2258 = DIRECTION('',(0.,0.,1.));
#2259 = DIRECTION('',(1.,0.,-0.));
#2260 = PCURVE('',#218,#2261);
#2261 = DEFINITIONAL_REPRESENTATION('',(#2262),#2266);
#2262 = CIRCLE('',#2263,0.8);
#2263 = AXIS2_PLACEMENT_2D('',#2264,#2265);
#2264 = CARTESIAN_POINT('',(28.,7.));
#2265 = DIRECTION('',(1.,0.));
#2266 = ( GEOMETRIC_REPRESENTATION_CONTEXT(2) 
PARAMETRIC_REPRESENTATION_CONTEXT() REPRESENTATION_CONTEXT('2D SPACE',''
  ) );
#2267 = PCURVE('',#2268,#2273);
#2268 = CYLINDRICAL_SURFACE('',#2269,0.8);
#2269 = AXIS2_PLACEMENT_3D('',#2270,#2271,#2272);
#2270 = CARTESIAN_POINT('',(10.5,-10.5,0.));
#2271 = DIRECTION('',(0.,0.,1.));
#2272 = DIRECTION('',(1.,0.,-0.));
#2273 = DEFINITIONAL_REPRESENTATION('',(#2274),#2278);
#2274 = LINE('',#2275,#2276);
#2275 = CARTESIAN_POINT('',(0.,0.));
#2276 = VECTOR('',#2277,1.);
#2277 = DIRECTION('',(1.,0.));
#2278 = ( GEOMETRIC_REPRESENTATION_CONTEXT(2) 
PARAMETRIC_REPRESENTATION_CONTEXT() REPRESENTATION_CONTEXT('2D SPACE',''
  ) );
#2279 = FACE_BOUND('',#2280,.F.);
#2280 = EDGE_LOOP('',(#2281));
#2281 = ORIENTED_EDGE('',*,*,#2282,.F.);
#2282 = EDGE_CURVE('',#2283,#2283,#2285,.T.);
#2283 = VERTEX_POINT('',#2284);
#2284 = CARTESIAN_POINT('',(-9.7,10.5,0.));
#2285 = SURFACE_CURVE('',#2286,(#2291,#2298),.PCURVE_S1.);
#2286 = CIRCLE('',#2287,0.8);
#2287 = AXIS2_PLACEMENT_3D('',#2288,#2289,#2290);
#2288 = CARTESIAN_POINT('',(-10.5,10.5,0.));
#2289 = DIRECTION('',(0.,0.,1.));
#2290 = DIRECTION('',(1.,0.,-0.));
#2291 = PCURVE('',#218,#2292);
#2292 = DEFINITIONAL_REPRESENTATION('',(#2293),#2297);
#2293 = CIRCLE('',#2294,0.8);
#2294 = AXIS2_PLACEMENT_2D('',#2295,#2296);
#2295 = CARTESIAN_POINT('',(7.,28.));
#2296 = DIRECTION('',(1.,0.));
#2297 = ( GEOMETRIC_REPRESENTATION_CONTEXT(2) 
PARAMETRIC_REPRESENTATION_CONTEXT() REPRESENTATION_CONTEXT('2D SPACE',''
  ) );
#2298 = PCURVE('',#2299,#2304);
#2299 = CYLINDRICAL_SURFACE('',#2300,0.8);
#2300 = AXIS2_PLACEMENT_3D('',#2301,#2302,#2303);
#2301 = CARTESIAN_POINT('',(-10.5,10.5,0.));
#2302 = DIRECTION('',(0.,0.,1.));
#2303 = DIRECTION('',(1.,0.,-0.));
#2304 = DEFINITIONAL_REPRESENTATION('',(#2305),#2309);
#2305 = LINE('',#2306,#2307);
#2306 = CARTESIAN_POINT('',(0.,0.));
#2307 = VECTOR('',#2308,1.);
#2308 = DIRECTION('',(1.,0.));
#2309 = ( GEOMETRIC_REPRESENTATION_CONTEXT(2) 
PARAMETRIC_REPRESENTATION_CONTEXT() REPRESENTATION_CONTEXT('2D SPACE',''
  ) );
#2310 = FACE_BOUND('',#2311,.F.);
#2311 = EDGE_LOOP('',(#2312,#2340,#2366,#2392));
#2312 = ORIENTED_EDGE('',*,*,#2313,.F.);
#2313 = EDGE_CURVE('',#2314,#2316,#2318,.T.);
#2314 = VERTEX_POINT('',#2315);
#2315 = CARTESIAN_POINT('',(9.5,-8.5,0.));
#2316 = VERTEX_POINT('',#2317);
#2317 = CARTESIAN_POINT('',(9.5,8.5,0.));
#2318 = SURFACE_CURVE('',#2319,(#2323,#2329),.PCURVE_S1.);
#2319 = LINE('',#2320,#2321);
#2320 = CARTESIAN_POINT('',(9.5,-13.,0.));
#2321 = VECTOR('',#2322,1.);
#2322 = DIRECTION('',(-0.,1.,0.));
#2323 = PCURVE('',#218,#2324);
#2324 = DEFINITIONAL_REPRESENTATION('',(#2325),#2328);
#2325 = B_SPLINE_CURVE_WITH_KNOTS('',1,(#2326,#2327),.UNSPECIFIED.,.F.,
  .F.,(2,2),(4.5,21.5),.PIECEWISE_BEZIER_KNOTS.);
#2326 = CARTESIAN_POINT('',(27.,9.));
#2327 = CARTESIAN_POINT('',(27.,26.));
#2328 = ( GEOMETRIC_REPRESENTATION_CONTEXT(2) 
PARAMETRIC_REPRESENTATION_CONTEXT() REPRESENTATION_CONTEXT('2D SPACE',''
  ) );
#2329 = PCURVE('',#2330,#2335);
#2330 = PLANE('',#2331);
#2331 = AXIS2_PLACEMENT_3D('',#2332,#2333,#2334);
#2332 = CARTESIAN_POINT('',(9.5,-8.5,-0.5));
#2333 = DIRECTION('',(1.,0.,-0.));
#2334 = DIRECTION('',(0.,0.,1.));
#2335 = DEFINITIONAL_REPRESENTATION('',(#2336),#2339);
#2336 = B_SPLINE_CURVE_WITH_KNOTS('',1,(#2337,#2338),.UNSPECIFIED.,.F.,
  .F.,(2,2),(4.5,21.5),.PIECEWISE_BEZIER_KNOTS.);
#2337 = CARTESIAN_POINT('',(0.5,0.));
#2338 = CARTESIAN_POINT('',(0.5,-17.));
#2339 = ( GEOMETRIC_REPRESENTATION_CONTEXT(2) 
PARAMETRIC_REPRESENTATION_CONTEXT() REPRESENTATION_CONTEXT('2D SPACE',''
  ) );
#2340 = ORIENTED_EDGE('',*,*,#2341,.T.);
#2341 = EDGE_CURVE('',#2314,#2342,#2344,.T.);
#2342 = VERTEX_POINT('',#2343);
#2343 = CARTESIAN_POINT('',(-9.5,-8.5,0.));
#2344 = SURFACE_CURVE('',#2345,(#2349,#2355),.PCURVE_S1.);
#2345 = LINE('',#2346,#2347);
#2346 = CARTESIAN_POINT('',(-13.5,-8.5,0.));
#2347 = VECTOR('',#2348,1.);
#2348 = DIRECTION('',(-1.,-0.,0.));
#2349 = PCURVE('',#218,#2350);
#2350 = DEFINITIONAL_REPRESENTATION('',(#2351),#2354);
#2351 = B_SPLINE_CURVE_WITH_KNOTS('',1,(#2352,#2353),.UNSPECIFIED.,.F.,
  .F.,(2,2),(-23.,-4.),.PIECEWISE_BEZIER_KNOTS.);
#2352 = CARTESIAN_POINT('',(27.,9.));
#2353 = CARTESIAN_POINT('',(8.,9.));
#2354 = ( GEOMETRIC_REPRESENTATION_CONTEXT(2) 
PARAMETRIC_REPRESENTATION_CONTEXT() REPRESENTATION_CONTEXT('2D SPACE',''
  ) );
#2355 = PCURVE('',#2356,#2361);
#2356 = PLANE('',#2357);
#2357 = AXIS2_PLACEMENT_3D('',#2358,#2359,#2360);
#2358 = CARTESIAN_POINT('',(-9.5,-8.5,-0.5));
#2359 = DIRECTION('',(-0.,1.,0.));
#2360 = DIRECTION('',(0.,0.,1.));
#2361 = DEFINITIONAL_REPRESENTATION('',(#2362),#2365);
#2362 = B_SPLINE_CURVE_WITH_KNOTS('',1,(#2363,#2364),.UNSPECIFIED.,.F.,
  .F.,(2,2),(-23.,-4.),.PIECEWISE_BEZIER_KNOTS.);
#2363 = CARTESIAN_POINT('',(0.5,19.));
#2364 = CARTESIAN_POINT('',(0.5,0.));
#2365 = ( GEOMETRIC_REPRESENTATION_CONTEXT(2) 
PARAMETRIC_REPRESENTATION_CONTEXT() REPRESENTATION_CONTEXT('2D SPACE',''
  ) );
#2366 = ORIENTED_EDGE('',*,*,#2367,.T.);
#2367 = EDGE_CURVE('',#2342,#2368,#2370,.T.);
#2368 = VERTEX_POINT('',#2369);
#2369 = CARTESIAN_POINT('',(-9.5,8.5,0.));
#2370 = SURFACE_CURVE('',#2371,(#2375,#2381),.PCURVE_S1.);
#2371 = LINE('',#2372,#2373);
#2372 = CARTESIAN_POINT('',(-9.5,-13.,0.));
#2373 = VECTOR('',#2374,1.);
#2374 = DIRECTION('',(-0.,1.,0.));
#2375 = PCURVE('',#218,#2376);
#2376 = DEFINITIONAL_REPRESENTATION('',(#2377),#2380);
#2377 = B_SPLINE_CURVE_WITH_KNOTS('',1,(#2378,#2379),.UNSPECIFIED.,.F.,
  .F.,(2,2),(4.5,21.5),.PIECEWISE_BEZIER_KNOTS.);
#2378 = CARTESIAN_POINT('',(8.,9.));
#2379 = CARTESIAN_POINT('',(8.,26.));
#2380 = ( GEOMETRIC_REPRESENTATION_CONTEXT(2) 
PARAMETRIC_REPRESENTATION_CONTEXT() REPRESENTATION_CONTEXT('2D SPACE',''
  ) );
#2381 = PCURVE('',#2382,#2387);
#2382 = PLANE('',#2383);
#2383 = AXIS2_PLACEMENT_3D('',#2384,#2385,#2386);
#2384 = CARTESIAN_POINT('',(-9.5,-8.5,-0.5));
#2385 = DIRECTION('',(1.,0.,-0.));
#2386 = DIRECTION('',(0.,0.,1.));
#2387 = DEFINITIONAL_REPRESENTATION('',(#2388),#2391);
#2388 = B_SPLINE_CURVE_WITH_KNOTS('',1,(#2389,#2390),.UNSPECIFIED.,.F.,
  .F.,(2,2),(4.5,21.5),.PIECEWISE_BEZIER_KNOTS.);
#2389 = CARTESIAN_POINT('',(0.5,0.));
#2390 = CARTESIAN_POINT('',(0.5,-17.));
#2391 = ( GEOMETRIC_REPRESENTATION_CONTEXT(2) 
PARAMETRIC_REPRESENTATION_CONTEXT() REPRESENTATION_CONTEXT('2D SPACE',''
  ) );
#2392 = ORIENTED_EDGE('',*,*,#2393,.F.);
#2393 = EDGE_CURVE('',#2316,#2368,#2394,.T.);
#2394 = SURFACE_CURVE('',#2395,(#2399,#2405),.PCURVE_S1.);
#2395 = LINE('',#2396,#2397);
#2396 = CARTESIAN_POINT('',(-13.5,8.5,0.));
#2397 = VECTOR('',#2398,1.);
#2398 = DIRECTION('',(-1.,-0.,0.));
#2399 = PCURVE('',#218,#2400);
#2400 = DEFINITIONAL_REPRESENTATION('',(#2401),#2404);
#2401 = B_SPLINE_CURVE_WITH_KNOTS('',1,(#2402,#2403),.UNSPECIFIED.,.F.,
  .F.,(2,2),(-23.,-4.),.PIECEWISE_BEZIER_KNOTS.);
#2402 = CARTESIAN_POINT('',(27.,26.));
#2403 = CARTESIAN_POINT('',(8.,26.));
#2404 = ( GEOMETRIC_REPRESENTATION_CONTEXT(2) 
PARAMETRIC_REPRESENTATION_CONTEXT() REPRESENTATION_CONTEXT('2D SPACE',''
  ) );
#2405 = PCURVE('',#2406,#2411);
#2406 = PLANE('',#2407);
#2407 = AXIS2_PLACEMENT_3D('',#2408,#2409,#2410);
#2408 = CARTESIAN_POINT('',(-9.5,8.5,-0.5));
#2409 = DIRECTION('',(-0.,1.,0.));
#2410 = DIRECTION('',(0.,0.,1.));
#2411 = DEFINITIONAL_REPRESENTATION('',(#2412),#2415);
#2412 = B_SPLINE_CURVE_WITH_KNOTS('',1,(#2413,#2414),.UNSPECIFIED.,.F.,
  .F.,(2,2),(-23.,-4.),.PIECEWISE_BEZIER_KNOTS.);
#2413 = CARTESIAN_POINT('',(0.5,19.));
#2414 = CARTESIAN_POINT('',(0.5,0.));
#2415 = ( GEOMETRIC_REPRESENTATION_CONTEXT(2) 
PARAMETRIC_REPRESENTATION_CONTEXT() REPRESENTATION_CONTEXT('2D SPACE',''
  ) );
#2416 = FACE_BOUND('',#2417,.F.);
#2417 = EDGE_LOOP('',(#2418));
#2418 = ORIENTED_EDGE('',*,*,#2419,.F.);
#2419 = EDGE_CURVE('',#2420,#2420,#2422,.T.);
#2420 = VERTEX_POINT('',#2421);
#2421 = CARTESIAN_POINT('',(1.25,15.,0.));
#2422 = SURFACE_CURVE('',#2423,(#2428,#2435),.PCURVE_S1.);
#2423 = CIRCLE('',#2424,1.25);
#2424 = AXIS2_PLACEMENT_3D('',#2425,#2426,#2427);
#2425 = CARTESIAN_POINT('',(0.,15.,0.));
#2426 = DIRECTION('',(0.,0.,1.));
#2427 = DIRECTION('',(1.,0.,-0.));
#2428 = PCURVE('',#218,#2429);
#2429 = DEFINITIONAL_REPRESENTATION('',(#2430),#2434);
#2430 = CIRCLE('',#2431,1.25);
#2431 = AXIS2_PLACEMENT_2D('',#2432,#2433);
#2432 = CARTESIAN_POINT('',(17.5,32.5));
#2433 = DIRECTION('',(1.,0.));
#2434 = ( GEOMETRIC_REPRESENTATION_CONTEXT(2) 
PARAMETRIC_REPRESENTATION_CONTEXT() REPRESENTATION_CONTEXT('2D SPACE',''
  ) );
#2435 = PCURVE('',#2436,#2441);
#2436 = CYLINDRICAL_SURFACE('',#2437,1.25);
#2437 = AXIS2_PLACEMENT_3D('',#2438,#2439,#2440);
#2438 = CARTESIAN_POINT('',(0.,15.,0.));
#2439 = DIRECTION('',(0.,0.,1.));
#2440 = DIRECTION('',(1.,0.,-0.));
#2441 = DEFINITIONAL_REPRESENTATION('',(#2442),#2446);
#2442 = LINE('',#2443,#2444);
#2443 = CARTESIAN_POINT('',(0.,0.));
#2444 = VECTOR('',#2445,1.);
#2445 = DIRECTION('',(1.,0.));
#2446 = ( GEOMETRIC_REPRESENTATION_CONTEXT(2) 
PARAMETRIC_REPRESENTATION_CONTEXT() REPRESENTATION_CONTEXT('2D SPACE',''
  ) );
#2447 = FACE_BOUND('',#2448,.F.);
#2448 = EDGE_LOOP('',(#2449));
#2449 = ORIENTED_EDGE('',*,*,#2450,.F.);
#2450 = EDGE_CURVE('',#2451,#2451,#2453,.T.);
#2451 = VERTEX_POINT('',#2452);
#2452 = CARTESIAN_POINT('',(11.3,10.5,0.));
#2453 = SURFACE_CURVE('',#2454,(#2459,#2466),.PCURVE_S1.);
#2454 = CIRCLE('',#2455,0.8);
#2455 = AXIS2_PLACEMENT_3D('',#2456,#2457,#2458);
#2456 = CARTESIAN_POINT('',(10.5,10.5,0.));
#2457 = DIRECTION('',(0.,0.,1.));
#2458 = DIRECTION('',(1.,0.,-0.));
#2459 = PCURVE('',#218,#2460);
#2460 = DEFINITIONAL_REPRESENTATION('',(#2461),#2465);
#2461 = CIRCLE('',#2462,0.8);
#2462 = AXIS2_PLACEMENT_2D('',#2463,#2464);
#2463 = CARTESIAN_POINT('',(28.,28.));
#2464 = DIRECTION('',(1.,0.));
#2465 = ( GEOMETRIC_REPRESENTATION_CONTEXT(2) 
PARAMETRIC_REPRESENTATION_CONTEXT() REPRESENTATION_CONTEXT('2D SPACE',''
  ) );
#2466 = PCURVE('',#2467,#2472);
#2467 = CYLINDRICAL_SURFACE('',#2468,0.8);
#2468 = AXIS2_PLACEMENT_3D('',#2469,#2470,#2471);
#2469 = CARTESIAN_POINT('',(10.5,10.5,0.));
#2470 = DIRECTION('',(0.,0.,1.));
#2471 = DIRECTION('',(1.,0.,-0.));
#2472 = DEFINITIONAL_REPRESENTATION('',(#2473),#2477);
#2473 = LINE('',#2474,#2475);
#2474 = CARTESIAN_POINT('',(0.,0.));
#2475 = VECTOR('',#2476,1.);
#2476 = DIRECTION('',(1.,0.));
#2477 = ( GEOMETRIC_REPRESENTATION_CONTEXT(2) 
PARAMETRIC_REPRESENTATION_CONTEXT() REPRESENTATION_CONTEXT('2D SPACE',''
  ) );
#2478 = ADVANCED_FACE('',(#2479,#2505,#2601),#190,.F.);
#2479 = FACE_BOUND('',#2480,.F.);
#2480 = EDGE_LOOP('',(#2481,#2482,#2483,#2484));
#2481 = ORIENTED_EDGE('',*,*,#2142,.F.);
#2482 = ORIENTED_EDGE('',*,*,#174,.T.);
#2483 = ORIENTED_EDGE('',*,*,#986,.T.);
#2484 = ORIENTED_EDGE('',*,*,#2485,.F.);
#2485 = EDGE_CURVE('',#2143,#987,#2486,.T.);
#2486 = SURFACE_CURVE('',#2487,(#2491,#2498),.PCURVE_S1.);
#2487 = LINE('',#2488,#2489);
#2488 = CARTESIAN_POINT('',(17.5,-17.5,0.));
#2489 = VECTOR('',#2490,1.);
#2490 = DIRECTION('',(0.,0.,1.));
#2491 = PCURVE('',#190,#2492);
#2492 = DEFINITIONAL_REPRESENTATION('',(#2493),#2497);
#2493 = LINE('',#2494,#2495);
#2494 = CARTESIAN_POINT('',(0.,35.));
#2495 = VECTOR('',#2496,1.);
#2496 = DIRECTION('',(1.,0.));
#2497 = ( GEOMETRIC_REPRESENTATION_CONTEXT(2) 
PARAMETRIC_REPRESENTATION_CONTEXT() REPRESENTATION_CONTEXT('2D SPACE',''
  ) );
#2498 = PCURVE('',#1025,#2499);
#2499 = DEFINITIONAL_REPRESENTATION('',(#2500),#2504);
#2500 = LINE('',#2501,#2502);
#2501 = CARTESIAN_POINT('',(0.,0.));
#2502 = VECTOR('',#2503,1.);
#2503 = DIRECTION('',(1.,0.));
#2504 = ( GEOMETRIC_REPRESENTATION_CONTEXT(2) 
PARAMETRIC_REPRESENTATION_CONTEXT() REPRESENTATION_CONTEXT('2D SPACE',''
  ) );
#2505 = FACE_BOUND('',#2506,.F.);
#2506 = EDGE_LOOP('',(#2507,#2535,#2556,#2582));
#2507 = ORIENTED_EDGE('',*,*,#2508,.T.);
#2508 = EDGE_CURVE('',#2509,#2511,#2513,.T.);
#2509 = VERTEX_POINT('',#2510);
#2510 = CARTESIAN_POINT('',(-15.,-17.5,64.));
#2511 = VERTEX_POINT('',#2512);
#2512 = CARTESIAN_POINT('',(-15.,-17.5,8.));
#2513 = SURFACE_CURVE('',#2514,(#2518,#2524),.PCURVE_S1.);
#2514 = LINE('',#2515,#2516);
#2515 = CARTESIAN_POINT('',(-15.,-17.5,4.));
#2516 = VECTOR('',#2517,1.);
#2517 = DIRECTION('',(-0.,0.,-1.));
#2518 = PCURVE('',#190,#2519);
#2519 = DEFINITIONAL_REPRESENTATION('',(#2520),#2523);
#2520 = B_SPLINE_CURVE_WITH_KNOTS('',1,(#2521,#2522),.UNSPECIFIED.,.F.,
  .F.,(2,2),(-60.,-4.),.PIECEWISE_BEZIER_KNOTS.);
#2521 = CARTESIAN_POINT('',(64.,2.5));
#2522 = CARTESIAN_POINT('',(8.,2.5));
#2523 = ( GEOMETRIC_REPRESENTATION_CONTEXT(2) 
PARAMETRIC_REPRESENTATION_CONTEXT() REPRESENTATION_CONTEXT('2D SPACE',''
  ) );
#2524 = PCURVE('',#2525,#2530);
#2525 = PLANE('',#2526);
#2526 = AXIS2_PLACEMENT_3D('',#2527,#2528,#2529);
#2527 = CARTESIAN_POINT('',(-15.,-18.5,8.));
#2528 = DIRECTION('',(1.,0.,-0.));
#2529 = DIRECTION('',(0.,0.,1.));
#2530 = DEFINITIONAL_REPRESENTATION('',(#2531),#2534);
#2531 = B_SPLINE_CURVE_WITH_KNOTS('',1,(#2532,#2533),.UNSPECIFIED.,.F.,
  .F.,(2,2),(-60.,-4.),.PIECEWISE_BEZIER_KNOTS.);
#2532 = CARTESIAN_POINT('',(56.,-1.));
#2533 = CARTESIAN_POINT('',(0.,-1.));
#2534 = ( GEOMETRIC_REPRESENTATION_CONTEXT(2) 
PARAMETRIC_REPRESENTATION_CONTEXT() REPRESENTATION_CONTEXT('2D SPACE',''
  ) );
#2535 = ORIENTED_EDGE('',*,*,#2536,.T.);
#2536 = EDGE_CURVE('',#2511,#2537,#2539,.T.);
#2537 = VERTEX_POINT('',#2538);
#2538 = CARTESIAN_POINT('',(15.,-17.5,8.));
#2539 = SURFACE_CURVE('',#2540,(#2544,#2550),.PCURVE_S1.);
#2540 = LINE('',#2541,#2542);
#2541 = CARTESIAN_POINT('',(-16.25,-17.5,8.));
#2542 = VECTOR('',#2543,1.);
#2543 = DIRECTION('',(1.,0.,-0.));
#2544 = PCURVE('',#190,#2545);
#2545 = DEFINITIONAL_REPRESENTATION('',(#2546),#2549);
#2546 = B_SPLINE_CURVE_WITH_KNOTS('',1,(#2547,#2548),.UNSPECIFIED.,.F.,
  .F.,(2,2),(1.25,33.75),.PIECEWISE_BEZIER_KNOTS.);
#2547 = CARTESIAN_POINT('',(8.,2.5));
#2548 = CARTESIAN_POINT('',(8.,35.));
#2549 = ( GEOMETRIC_REPRESENTATION_CONTEXT(2) 
PARAMETRIC_REPRESENTATION_CONTEXT() REPRESENTATION_CONTEXT('2D SPACE',''
  ) );
#2550 = PCURVE('',#1329,#2551);
#2551 = DEFINITIONAL_REPRESENTATION('',(#2552),#2555);
#2552 = B_SPLINE_CURVE_WITH_KNOTS('',1,(#2553,#2554),.UNSPECIFIED.,.F.,
  .F.,(2,2),(1.25,33.75),.PIECEWISE_BEZIER_KNOTS.);
#2553 = CARTESIAN_POINT('',(0.,-31.6));
#2554 = CARTESIAN_POINT('',(32.5,-31.6));
#2555 = ( GEOMETRIC_REPRESENTATION_CONTEXT(2) 
PARAMETRIC_REPRESENTATION_CONTEXT() REPRESENTATION_CONTEXT('2D SPACE',''
  ) );
#2556 = ORIENTED_EDGE('',*,*,#2557,.F.);
#2557 = EDGE_CURVE('',#2558,#2537,#2560,.T.);
#2558 = VERTEX_POINT('',#2559);
#2559 = CARTESIAN_POINT('',(15.,-17.5,64.));
#2560 = SURFACE_CURVE('',#2561,(#2565,#2571),.PCURVE_S1.);
#2561 = LINE('',#2562,#2563);
#2562 = CARTESIAN_POINT('',(15.,-17.5,4.));
#2563 = VECTOR('',#2564,1.);
#2564 = DIRECTION('',(-0.,0.,-1.));
#2565 = PCURVE('',#190,#2566);
#2566 = DEFINITIONAL_REPRESENTATION('',(#2567),#2570);
#2567 = B_SPLINE_CURVE_WITH_KNOTS('',1,(#2568,#2569),.UNSPECIFIED.,.F.,
  .F.,(2,2),(-60.,-4.),.PIECEWISE_BEZIER_KNOTS.);
#2568 = CARTESIAN_POINT('',(64.,32.5));
#2569 = CARTESIAN_POINT('',(8.,32.5));
#2570 = ( GEOMETRIC_REPRESENTATION_CONTEXT(2) 
PARAMETRIC_REPRESENTATION_CONTEXT() REPRESENTATION_CONTEXT('2D SPACE',''
  ) );
#2571 = PCURVE('',#2572,#2577);
#2572 = PLANE('',#2573);
#2573 = AXIS2_PLACEMENT_3D('',#2574,#2575,#2576);
#2574 = CARTESIAN_POINT('',(15.,-18.5,8.));
#2575 = DIRECTION('',(1.,0.,-0.));
#2576 = DIRECTION('',(0.,0.,1.));
#2577 = DEFINITIONAL_REPRESENTATION('',(#2578),#2581);
#2578 = B_SPLINE_CURVE_WITH_KNOTS('',1,(#2579,#2580),.UNSPECIFIED.,.F.,
  .F.,(2,2),(-60.,-4.),.PIECEWISE_BEZIER_KNOTS.);
#2579 = CARTESIAN_POINT('',(56.,-1.));
#2580 = CARTESIAN_POINT('',(0.,-1.));
#2581 = ( GEOMETRIC_REPRESENTATION_CONTEXT(2) 
PARAMETRIC_REPRESENTATION_CONTEXT() REPRESENTATION_CONTEXT('2D SPACE',''
  ) );
#2582 = ORIENTED_EDGE('',*,*,#2583,.F.);
#2583 = EDGE_CURVE('',#2509,#2558,#2584,.T.);
#2584 = SURFACE_CURVE('',#2585,(#2589,#2595),.PCURVE_S1.);
#2585 = LINE('',#2586,#2587);
#2586 = CARTESIAN_POINT('',(-16.25,-17.5,64.));
#2587 = VECTOR('',#2588,1.);
#2588 = DIRECTION('',(1.,0.,-0.));
#2589 = PCURVE('',#190,#2590);
#2590 = DEFINITIONAL_REPRESENTATION('',(#2591),#2594);
#2591 = B_SPLINE_CURVE_WITH_KNOTS('',1,(#2592,#2593),.UNSPECIFIED.,.F.,
  .F.,(2,2),(1.25,33.75),.PIECEWISE_BEZIER_KNOTS.);
#2592 = CARTESIAN_POINT('',(64.,2.5));
#2593 = CARTESIAN_POINT('',(64.,35.));
#2594 = ( GEOMETRIC_REPRESENTATION_CONTEXT(2) 
PARAMETRIC_REPRESENTATION_CONTEXT() REPRESENTATION_CONTEXT('2D SPACE',''
  ) );
#2595 = PCURVE('',#1379,#2596);
#2596 = DEFINITIONAL_REPRESENTATION('',(#2597),#2600);
#2597 = B_SPLINE_CURVE_WITH_KNOTS('',1,(#2598,#2599),.UNSPECIFIED.,.F.,
  .F.,(2,2),(1.25,33.75),.PIECEWISE_BEZIER_KNOTS.);
#2598 = CARTESIAN_POINT('',(0.,-31.6));
#2599 = CARTESIAN_POINT('',(32.5,-31.6));
#2600 = ( GEOMETRIC_REPRESENTATION_CONTEXT(2) 
PARAMETRIC_REPRESENTATION_CONTEXT() REPRESENTATION_CONTEXT('2D SPACE',''
  ) );
#2601 = FACE_BOUND('',#2602,.F.);
#2602 = EDGE_LOOP('',(#2603,#2631,#2657,#2683));
#2603 = ORIENTED_EDGE('',*,*,#2604,.F.);
#2604 = EDGE_CURVE('',#2605,#2607,#2609,.T.);
#2605 = VERTEX_POINT('',#2606);
#2606 = CARTESIAN_POINT('',(15.,-17.5,84.));
#2607 = VERTEX_POINT('',#2608);
#2608 = CARTESIAN_POINT('',(15.,-17.5,66.));
#2609 = SURFACE_CURVE('',#2610,(#2614,#2620),.PCURVE_S1.);
#2610 = LINE('',#2611,#2612);
#2611 = CARTESIAN_POINT('',(15.,-17.5,33.));
#2612 = VECTOR('',#2613,1.);
#2613 = DIRECTION('',(-0.,0.,-1.));
#2614 = PCURVE('',#190,#2615);
#2615 = DEFINITIONAL_REPRESENTATION('',(#2616),#2619);
#2616 = B_SPLINE_CURVE_WITH_KNOTS('',1,(#2617,#2618),.UNSPECIFIED.,.F.,
  .F.,(2,2),(-51.,-33.),.PIECEWISE_BEZIER_KNOTS.);
#2617 = CARTESIAN_POINT('',(84.,32.5));
#2618 = CARTESIAN_POINT('',(66.,32.5));
#2619 = ( GEOMETRIC_REPRESENTATION_CONTEXT(2) 
PARAMETRIC_REPRESENTATION_CONTEXT() REPRESENTATION_CONTEXT('2D SPACE',''
  ) );
#2620 = PCURVE('',#2621,#2626);
#2621 = PLANE('',#2622);
#2622 = AXIS2_PLACEMENT_3D('',#2623,#2624,#2625);
#2623 = CARTESIAN_POINT('',(15.,-18.5,66.));
#2624 = DIRECTION('',(1.,0.,-0.));
#2625 = DIRECTION('',(0.,0.,1.));
#2626 = DEFINITIONAL_REPRESENTATION('',(#2627),#2630);
#2627 = B_SPLINE_CURVE_WITH_KNOTS('',1,(#2628,#2629),.UNSPECIFIED.,.F.,
  .F.,(2,2),(-51.,-33.),.PIECEWISE_BEZIER_KNOTS.);
#2628 = CARTESIAN_POINT('',(18.,-1.));
#2629 = CARTESIAN_POINT('',(0.,-1.));
#2630 = ( GEOMETRIC_REPRESENTATION_CONTEXT(2) 
PARAMETRIC_REPRESENTATION_CONTEXT() REPRESENTATION_CONTEXT('2D SPACE',''
  ) );
#2631 = ORIENTED_EDGE('',*,*,#2632,.F.);
#2632 = EDGE_CURVE('',#2633,#2605,#2635,.T.);
#2633 = VERTEX_POINT('',#2634);
#2634 = CARTESIAN_POINT('',(-15.,-17.5,84.));
#2635 = SURFACE_CURVE('',#2636,(#2640,#2646),.PCURVE_S1.);
#2636 = LINE('',#2637,#2638);
#2637 = CARTESIAN_POINT('',(-16.25,-17.5,84.));
#2638 = VECTOR('',#2639,1.);
#2639 = DIRECTION('',(1.,0.,-0.));
#2640 = PCURVE('',#190,#2641);
#2641 = DEFINITIONAL_REPRESENTATION('',(#2642),#2645);
#2642 = B_SPLINE_CURVE_WITH_KNOTS('',1,(#2643,#2644),.UNSPECIFIED.,.F.,
  .F.,(2,2),(1.25,31.25),.PIECEWISE_BEZIER_KNOTS.);
#2643 = CARTESIAN_POINT('',(84.,2.5));
#2644 = CARTESIAN_POINT('',(84.,32.5));
#2645 = ( GEOMETRIC_REPRESENTATION_CONTEXT(2) 
PARAMETRIC_REPRESENTATION_CONTEXT() REPRESENTATION_CONTEXT('2D SPACE',''
  ) );
#2646 = PCURVE('',#2647,#2652);
#2647 = PLANE('',#2648);
#2648 = AXIS2_PLACEMENT_3D('',#2649,#2650,#2651);
#2649 = CARTESIAN_POINT('',(-15.,-18.5,84.));
#2650 = DIRECTION('',(0.,0.,1.));
#2651 = DIRECTION('',(1.,0.,-0.));
#2652 = DEFINITIONAL_REPRESENTATION('',(#2653),#2656);
#2653 = B_SPLINE_CURVE_WITH_KNOTS('',1,(#2654,#2655),.UNSPECIFIED.,.F.,
  .F.,(2,2),(1.25,31.25),.PIECEWISE_BEZIER_KNOTS.);
#2654 = CARTESIAN_POINT('',(0.,1.));
#2655 = CARTESIAN_POINT('',(30.,1.));
#2656 = ( GEOMETRIC_REPRESENTATION_CONTEXT(2) 
PARAMETRIC_REPRESENTATION_CONTEXT() REPRESENTATION_CONTEXT('2D SPACE',''
  ) );
#2657 = ORIENTED_EDGE('',*,*,#2658,.T.);
#2658 = EDGE_CURVE('',#2633,#2659,#2661,.T.);
#2659 = VERTEX_POINT('',#2660);
#2660 = CARTESIAN_POINT('',(-15.,-17.5,66.));
#2661 = SURFACE_CURVE('',#2662,(#2666,#2672),.PCURVE_S1.);
#2662 = LINE('',#2663,#2664);
#2663 = CARTESIAN_POINT('',(-15.,-17.5,33.));
#2664 = VECTOR('',#2665,1.);
#2665 = DIRECTION('',(-0.,0.,-1.));
#2666 = PCURVE('',#190,#2667);
#2667 = DEFINITIONAL_REPRESENTATION('',(#2668),#2671);
#2668 = B_SPLINE_CURVE_WITH_KNOTS('',1,(#2669,#2670),.UNSPECIFIED.,.F.,
  .F.,(2,2),(-51.,-33.),.PIECEWISE_BEZIER_KNOTS.);
#2669 = CARTESIAN_POINT('',(84.,2.5));
#2670 = CARTESIAN_POINT('',(66.,2.5));
#2671 = ( GEOMETRIC_REPRESENTATION_CONTEXT(2) 
PARAMETRIC_REPRESENTATION_CONTEXT() REPRESENTATION_CONTEXT('2D SPACE',''
  ) );
#2672 = PCURVE('',#2673,#2678);
#2673 = PLANE('',#2674);
#2674 = AXIS2_PLACEMENT_3D('',#2675,#2676,#2677);
#2675 = CARTESIAN_POINT('',(-15.,-18.5,66.));
#2676 = DIRECTION('',(1.,0.,-0.));
#2677 = DIRECTION('',(0.,0.,1.));
#2678 = DEFINITIONAL_REPRESENTATION('',(#2679),#2682);
#2679 = B_SPLINE_CURVE_WITH_KNOTS('',1,(#2680,#2681),.UNSPECIFIED.,.F.,
  .F.,(2,2),(-51.,-33.),.PIECEWISE_BEZIER_KNOTS.);
#2680 = CARTESIAN_POINT('',(18.,-1.));
#2681 = CARTESIAN_POINT('',(0.,-1.));
#2682 = ( GEOMETRIC_REPRESENTATION_CONTEXT(2) 
PARAMETRIC_REPRESENTATION_CONTEXT() REPRESENTATION_CONTEXT('2D SPACE',''
  ) );
#2683 = ORIENTED_EDGE('',*,*,#2684,.T.);
#2684 = EDGE_CURVE('',#2659,#2607,#2685,.T.);
#2685 = SURFACE_CURVE('',#2686,(#2690,#2696),.PCURVE_S1.);
#2686 = LINE('',#2687,#2688);
#2687 = CARTESIAN_POINT('',(-16.25,-17.5,66.));
#2688 = VECTOR('',#2689,1.);
#2689 = DIRECTION('',(1.,0.,-0.));
#2690 = PCURVE('',#190,#2691);
#2691 = DEFINITIONAL_REPRESENTATION('',(#2692),#2695);
#2692 = B_SPLINE_CURVE_WITH_KNOTS('',1,(#2693,#2694),.UNSPECIFIED.,.F.,
  .F.,(2,2),(1.25,31.25),.PIECEWISE_BEZIER_KNOTS.);
#2693 = CARTESIAN_POINT('',(66.,2.5));
#2694 = CARTESIAN_POINT('',(66.,32.5));
#2695 = ( GEOMETRIC_REPRESENTATION_CONTEXT(2) 
PARAMETRIC_REPRESENTATION_CONTEXT() REPRESENTATION_CONTEXT('2D SPACE',''
  ) );
#2696 = PCURVE('',#2697,#2702);
#2697 = PLANE('',#2698);
#2698 = AXIS2_PLACEMENT_3D('',#2699,#2700,#2701);
#2699 = CARTESIAN_POINT('',(-15.,-18.5,66.));
#2700 = DIRECTION('',(0.,0.,1.));
#2701 = DIRECTION('',(1.,0.,-0.));
#2702 = DEFINITIONAL_REPRESENTATION('',(#2703),#2706);
#2703 = B_SPLINE_CURVE_WITH_KNOTS('',1,(#2704,#2705),.UNSPECIFIED.,.F.,
  .F.,(2,2),(1.25,31.25),.PIECEWISE_BEZIER_KNOTS.);
#2704 = CARTESIAN_POINT('',(0.,1.));
#2705 = CARTESIAN_POINT('',(30.,1.));
#2706 = ( GEOMETRIC_REPRESENTATION_CONTEXT(2) 
PARAMETRIC_REPRESENTATION_CONTEXT() REPRESENTATION_CONTEXT('2D SPACE',''
  ) );
#2707 = ADVANCED_FACE('',(#2708),#685,.T.);
#2708 = FACE_BOUND('',#2709,.T.);
#2709 = EDGE_LOOP('',(#2710,#2733,#2734,#2757));
#2710 = ORIENTED_EDGE('',*,*,#2711,.F.);
#2711 = EDGE_CURVE('',#669,#2712,#2714,.T.);
#2712 = VERTEX_POINT('',#2713);
#2713 = CARTESIAN_POINT('',(-15.,15.,77.));
#2714 = SURFACE_CURVE('',#2715,(#2719,#2726),.PCURVE_S1.);
#2715 = LINE('',#2716,#2717);
#2716 = CARTESIAN_POINT('',(-18.5,15.,77.));
#2717 = VECTOR('',#2718,1.);
#2718 = DIRECTION('',(1.,0.,-0.));
#2719 = PCURVE('',#685,#2720);
#2720 = DEFINITIONAL_REPRESENTATION('',(#2721),#2725);
#2721 = LINE('',#2722,#2723);
#2722 = CARTESIAN_POINT('',(0.,30.));
#2723 = VECTOR('',#2724,1.);
#2724 = DIRECTION('',(1.,0.));
#2725 = ( GEOMETRIC_REPRESENTATION_CONTEXT(2) 
PARAMETRIC_REPRESENTATION_CONTEXT() REPRESENTATION_CONTEXT('2D SPACE',''
  ) );
#2726 = PCURVE('',#761,#2727);
#2727 = DEFINITIONAL_REPRESENTATION('',(#2728),#2732);
#2728 = LINE('',#2729,#2730);
#2729 = CARTESIAN_POINT('',(0.,0.));
#2730 = VECTOR('',#2731,1.);
#2731 = DIRECTION('',(0.,1.));
#2732 = ( GEOMETRIC_REPRESENTATION_CONTEXT(2) 
PARAMETRIC_REPRESENTATION_CONTEXT() REPRESENTATION_CONTEXT('2D SPACE',''
  ) );
#2733 = ORIENTED_EDGE('',*,*,#668,.T.);
#2734 = ORIENTED_EDGE('',*,*,#2735,.T.);
#2735 = EDGE_CURVE('',#671,#2736,#2738,.T.);
#2736 = VERTEX_POINT('',#2737);
#2737 = CARTESIAN_POINT('',(-15.,-15.,77.));
#2738 = SURFACE_CURVE('',#2739,(#2743,#2750),.PCURVE_S1.);
#2739 = LINE('',#2740,#2741);
#2740 = CARTESIAN_POINT('',(-18.5,-15.,77.));
#2741 = VECTOR('',#2742,1.);
#2742 = DIRECTION('',(1.,0.,-0.));
#2743 = PCURVE('',#685,#2744);
#2744 = DEFINITIONAL_REPRESENTATION('',(#2745),#2749);
#2745 = LINE('',#2746,#2747);
#2746 = CARTESIAN_POINT('',(0.,0.));
#2747 = VECTOR('',#2748,1.);
#2748 = DIRECTION('',(1.,0.));
#2749 = ( GEOMETRIC_REPRESENTATION_CONTEXT(2) 
PARAMETRIC_REPRESENTATION_CONTEXT() REPRESENTATION_CONTEXT('2D SPACE',''
  ) );
#2750 = PCURVE('',#711,#2751);
#2751 = DEFINITIONAL_REPRESENTATION('',(#2752),#2756);
#2752 = LINE('',#2753,#2754);
#2753 = CARTESIAN_POINT('',(0.,0.));
#2754 = VECTOR('',#2755,1.);
#2755 = DIRECTION('',(0.,1.));
#2756 = ( GEOMETRIC_REPRESENTATION_CONTEXT(2) 
PARAMETRIC_REPRESENTATION_CONTEXT() REPRESENTATION_CONTEXT('2D SPACE',''
  ) );
#2757 = ORIENTED_EDGE('',*,*,#2758,.T.);
#2758 = EDGE_CURVE('',#2736,#2712,#2759,.T.);
#2759 = SURFACE_CURVE('',#2760,(#2764,#2771),.PCURVE_S1.);
#2760 = LINE('',#2761,#2762);
#2761 = CARTESIAN_POINT('',(-15.,-15.,77.));
#2762 = VECTOR('',#2763,1.);
#2763 = DIRECTION('',(-0.,1.,0.));
#2764 = PCURVE('',#685,#2765);
#2765 = DEFINITIONAL_REPRESENTATION('',(#2766),#2770);
#2766 = LINE('',#2767,#2768);
#2767 = CARTESIAN_POINT('',(3.5,0.));
#2768 = VECTOR('',#2769,1.);
#2769 = DIRECTION('',(0.,1.));
#2770 = ( GEOMETRIC_REPRESENTATION_CONTEXT(2) 
PARAMETRIC_REPRESENTATION_CONTEXT() REPRESENTATION_CONTEXT('2D SPACE',''
  ) );
#2771 = PCURVE('',#2772,#2777);
#2772 = PLANE('',#2773);
#2773 = AXIS2_PLACEMENT_3D('',#2774,#2775,#2776);
#2774 = CARTESIAN_POINT('',(-15.,-15.,77.));
#2775 = DIRECTION('',(1.,0.,-0.));
#2776 = DIRECTION('',(0.,0.,1.));
#2777 = DEFINITIONAL_REPRESENTATION('',(#2778),#2782);
#2778 = LINE('',#2779,#2780);
#2779 = CARTESIAN_POINT('',(0.,0.));
#2780 = VECTOR('',#2781,1.);
#2781 = DIRECTION('',(0.,-1.));
#2782 = ( GEOMETRIC_REPRESENTATION_CONTEXT(2) 
PARAMETRIC_REPRESENTATION_CONTEXT() REPRESENTATION_CONTEXT('2D SPACE',''
  ) );
#2783 = ADVANCED_FACE('',(#2784),#761,.F.);
#2784 = FACE_BOUND('',#2785,.F.);
#2785 = EDGE_LOOP('',(#2786,#2787,#2788,#2811));
#2786 = ORIENTED_EDGE('',*,*,#2711,.F.);
#2787 = ORIENTED_EDGE('',*,*,#748,.T.);
#2788 = ORIENTED_EDGE('',*,*,#2789,.T.);
#2789 = EDGE_CURVE('',#723,#2790,#2792,.T.);
#2790 = VERTEX_POINT('',#2791);
#2791 = CARTESIAN_POINT('',(-15.,15.,84.));
#2792 = SURFACE_CURVE('',#2793,(#2797,#2804),.PCURVE_S1.);
#2793 = LINE('',#2794,#2795);
#2794 = CARTESIAN_POINT('',(-18.5,15.,84.));
#2795 = VECTOR('',#2796,1.);
#2796 = DIRECTION('',(1.,0.,-0.));
#2797 = PCURVE('',#761,#2798);
#2798 = DEFINITIONAL_REPRESENTATION('',(#2799),#2803);
#2799 = LINE('',#2800,#2801);
#2800 = CARTESIAN_POINT('',(7.,0.));
#2801 = VECTOR('',#2802,1.);
#2802 = DIRECTION('',(0.,1.));
#2803 = ( GEOMETRIC_REPRESENTATION_CONTEXT(2) 
PARAMETRIC_REPRESENTATION_CONTEXT() REPRESENTATION_CONTEXT('2D SPACE',''
  ) );
#2804 = PCURVE('',#737,#2805);
#2805 = DEFINITIONAL_REPRESENTATION('',(#2806),#2810);
#2806 = LINE('',#2807,#2808);
#2807 = CARTESIAN_POINT('',(0.,30.));
#2808 = VECTOR('',#2809,1.);
#2809 = DIRECTION('',(1.,0.));
#2810 = ( GEOMETRIC_REPRESENTATION_CONTEXT(2) 
PARAMETRIC_REPRESENTATION_CONTEXT() REPRESENTATION_CONTEXT('2D SPACE',''
  ) );
#2811 = ORIENTED_EDGE('',*,*,#2812,.F.);
#2812 = EDGE_CURVE('',#2712,#2790,#2813,.T.);
#2813 = SURFACE_CURVE('',#2814,(#2818,#2825),.PCURVE_S1.);
#2814 = LINE('',#2815,#2816);
#2815 = CARTESIAN_POINT('',(-15.,15.,66.));
#2816 = VECTOR('',#2817,1.);
#2817 = DIRECTION('',(0.,0.,1.));
#2818 = PCURVE('',#761,#2819);
#2819 = DEFINITIONAL_REPRESENTATION('',(#2820),#2824);
#2820 = LINE('',#2821,#2822);
#2821 = CARTESIAN_POINT('',(-11.,3.5));
#2822 = VECTOR('',#2823,1.);
#2823 = DIRECTION('',(1.,0.));
#2824 = ( GEOMETRIC_REPRESENTATION_CONTEXT(2) 
PARAMETRIC_REPRESENTATION_CONTEXT() REPRESENTATION_CONTEXT('2D SPACE',''
  ) );
#2825 = PCURVE('',#1409,#2826);
#2826 = DEFINITIONAL_REPRESENTATION('',(#2827),#2831);
#2827 = LINE('',#2828,#2829);
#2828 = CARTESIAN_POINT('',(0.,0.));
#2829 = VECTOR('',#2830,1.);
#2830 = DIRECTION('',(1.,0.));
#2831 = ( GEOMETRIC_REPRESENTATION_CONTEXT(2) 
PARAMETRIC_REPRESENTATION_CONTEXT() REPRESENTATION_CONTEXT('2D SPACE',''
  ) );
#2832 = ADVANCED_FACE('',(#2833),#737,.F.);
#2833 = FACE_BOUND('',#2834,.F.);
#2834 = EDGE_LOOP('',(#2835,#2836,#2837,#2860));
#2835 = ORIENTED_EDGE('',*,*,#2789,.F.);
#2836 = ORIENTED_EDGE('',*,*,#722,.T.);
#2837 = ORIENTED_EDGE('',*,*,#2838,.T.);
#2838 = EDGE_CURVE('',#697,#2839,#2841,.T.);
#2839 = VERTEX_POINT('',#2840);
#2840 = CARTESIAN_POINT('',(-15.,-15.,84.));
#2841 = SURFACE_CURVE('',#2842,(#2846,#2853),.PCURVE_S1.);
#2842 = LINE('',#2843,#2844);
#2843 = CARTESIAN_POINT('',(-18.5,-15.,84.));
#2844 = VECTOR('',#2845,1.);
#2845 = DIRECTION('',(1.,0.,-0.));
#2846 = PCURVE('',#737,#2847);
#2847 = DEFINITIONAL_REPRESENTATION('',(#2848),#2852);
#2848 = LINE('',#2849,#2850);
#2849 = CARTESIAN_POINT('',(0.,0.));
#2850 = VECTOR('',#2851,1.);
#2851 = DIRECTION('',(1.,0.));
#2852 = ( GEOMETRIC_REPRESENTATION_CONTEXT(2) 
PARAMETRIC_REPRESENTATION_CONTEXT() REPRESENTATION_CONTEXT('2D SPACE',''
  ) );
#2853 = PCURVE('',#711,#2854);
#2854 = DEFINITIONAL_REPRESENTATION('',(#2855),#2859);
#2855 = LINE('',#2856,#2857);
#2856 = CARTESIAN_POINT('',(7.,0.));
#2857 = VECTOR('',#2858,1.);
#2858 = DIRECTION('',(0.,1.));
#2859 = ( GEOMETRIC_REPRESENTATION_CONTEXT(2) 
PARAMETRIC_REPRESENTATION_CONTEXT() REPRESENTATION_CONTEXT('2D SPACE',''
  ) );
#2860 = ORIENTED_EDGE('',*,*,#2861,.T.);
#2861 = EDGE_CURVE('',#2839,#2790,#2862,.T.);
#2862 = SURFACE_CURVE('',#2863,(#2867,#2874),.PCURVE_S1.);
#2863 = LINE('',#2864,#2865);
#2864 = CARTESIAN_POINT('',(-15.,-15.,84.));
#2865 = VECTOR('',#2866,1.);
#2866 = DIRECTION('',(-0.,1.,0.));
#2867 = PCURVE('',#737,#2868);
#2868 = DEFINITIONAL_REPRESENTATION('',(#2869),#2873);
#2869 = LINE('',#2870,#2871);
#2870 = CARTESIAN_POINT('',(3.5,0.));
#2871 = VECTOR('',#2872,1.);
#2872 = DIRECTION('',(0.,1.));
#2873 = ( GEOMETRIC_REPRESENTATION_CONTEXT(2) 
PARAMETRIC_REPRESENTATION_CONTEXT() REPRESENTATION_CONTEXT('2D SPACE',''
  ) );
#2874 = PCURVE('',#2772,#2875);
#2875 = DEFINITIONAL_REPRESENTATION('',(#2876),#2880);
#2876 = LINE('',#2877,#2878);
#2877 = CARTESIAN_POINT('',(7.,0.));
#2878 = VECTOR('',#2879,1.);
#2879 = DIRECTION('',(0.,-1.));
#2880 = ( GEOMETRIC_REPRESENTATION_CONTEXT(2) 
PARAMETRIC_REPRESENTATION_CONTEXT() REPRESENTATION_CONTEXT('2D SPACE',''
  ) );
#2881 = ADVANCED_FACE('',(#2882),#711,.T.);
#2882 = FACE_BOUND('',#2883,.T.);
#2883 = EDGE_LOOP('',(#2884,#2885,#2886,#2887));
#2884 = ORIENTED_EDGE('',*,*,#2735,.F.);
#2885 = ORIENTED_EDGE('',*,*,#696,.T.);
#2886 = ORIENTED_EDGE('',*,*,#2838,.T.);
#2887 = ORIENTED_EDGE('',*,*,#2888,.F.);
#2888 = EDGE_CURVE('',#2736,#2839,#2889,.T.);
#2889 = SURFACE_CURVE('',#2890,(#2894,#2901),.PCURVE_S1.);
#2890 = LINE('',#2891,#2892);
#2891 = CARTESIAN_POINT('',(-15.,-15.,66.));
#2892 = VECTOR('',#2893,1.);
#2893 = DIRECTION('',(0.,0.,1.));
#2894 = PCURVE('',#711,#2895);
#2895 = DEFINITIONAL_REPRESENTATION('',(#2896),#2900);
#2896 = LINE('',#2897,#2898);
#2897 = CARTESIAN_POINT('',(-11.,3.5));
#2898 = VECTOR('',#2899,1.);
#2899 = DIRECTION('',(1.,0.));
#2900 = ( GEOMETRIC_REPRESENTATION_CONTEXT(2) 
PARAMETRIC_REPRESENTATION_CONTEXT() REPRESENTATION_CONTEXT('2D SPACE',''
  ) );
#2901 = PCURVE('',#2673,#2902);
#2902 = DEFINITIONAL_REPRESENTATION('',(#2903),#2907);
#2903 = LINE('',#2904,#2905);
#2904 = CARTESIAN_POINT('',(0.,-3.5));
#2905 = VECTOR('',#2906,1.);
#2906 = DIRECTION('',(1.,0.));
#2907 = ( GEOMETRIC_REPRESENTATION_CONTEXT(2) 
PARAMETRIC_REPRESENTATION_CONTEXT() REPRESENTATION_CONTEXT('2D SPACE',''
  ) );
#2908 = ADVANCED_FACE('',(#2909),#791,.F.);
#2909 = FACE_BOUND('',#2910,.F.);
#2910 = EDGE_LOOP('',(#2911,#2934,#2935,#2958));
#2911 = ORIENTED_EDGE('',*,*,#2912,.F.);
#2912 = EDGE_CURVE('',#775,#2913,#2915,.T.);
#2913 = VERTEX_POINT('',#2914);
#2914 = CARTESIAN_POINT('',(-15.,15.,24.));
#2915 = SURFACE_CURVE('',#2916,(#2920,#2927),.PCURVE_S1.);
#2916 = LINE('',#2917,#2918);
#2917 = CARTESIAN_POINT('',(-18.5,15.,24.));
#2918 = VECTOR('',#2919,1.);
#2919 = DIRECTION('',(1.,0.,-0.));
#2920 = PCURVE('',#791,#2921);
#2921 = DEFINITIONAL_REPRESENTATION('',(#2922),#2926);
#2922 = LINE('',#2923,#2924);
#2923 = CARTESIAN_POINT('',(0.,0.));
#2924 = VECTOR('',#2925,1.);
#2925 = DIRECTION('',(0.,1.));
#2926 = ( GEOMETRIC_REPRESENTATION_CONTEXT(2) 
PARAMETRIC_REPRESENTATION_CONTEXT() REPRESENTATION_CONTEXT('2D SPACE',''
  ) );
#2927 = PCURVE('',#817,#2928);
#2928 = DEFINITIONAL_REPRESENTATION('',(#2929),#2933);
#2929 = LINE('',#2930,#2931);
#2930 = CARTESIAN_POINT('',(0.,30.));
#2931 = VECTOR('',#2932,1.);
#2932 = DIRECTION('',(1.,0.));
#2933 = ( GEOMETRIC_REPRESENTATION_CONTEXT(2) 
PARAMETRIC_REPRESENTATION_CONTEXT() REPRESENTATION_CONTEXT('2D SPACE',''
  ) );
#2934 = ORIENTED_EDGE('',*,*,#774,.T.);
#2935 = ORIENTED_EDGE('',*,*,#2936,.T.);
#2936 = EDGE_CURVE('',#777,#2937,#2939,.T.);
#2937 = VERTEX_POINT('',#2938);
#2938 = CARTESIAN_POINT('',(-15.,15.,53.));
#2939 = SURFACE_CURVE('',#2940,(#2944,#2951),.PCURVE_S1.);
#2940 = LINE('',#2941,#2942);
#2941 = CARTESIAN_POINT('',(-18.5,15.,53.));
#2942 = VECTOR('',#2943,1.);
#2943 = DIRECTION('',(1.,0.,-0.));
#2944 = PCURVE('',#791,#2945);
#2945 = DEFINITIONAL_REPRESENTATION('',(#2946),#2950);
#2946 = LINE('',#2947,#2948);
#2947 = CARTESIAN_POINT('',(29.,0.));
#2948 = VECTOR('',#2949,1.);
#2949 = DIRECTION('',(0.,1.));
#2950 = ( GEOMETRIC_REPRESENTATION_CONTEXT(2) 
PARAMETRIC_REPRESENTATION_CONTEXT() REPRESENTATION_CONTEXT('2D SPACE',''
  ) );
#2951 = PCURVE('',#971,#2952);
#2952 = DEFINITIONAL_REPRESENTATION('',(#2953),#2957);
#2953 = LINE('',#2954,#2955);
#2954 = CARTESIAN_POINT('',(0.,30.));
#2955 = VECTOR('',#2956,1.);
#2956 = DIRECTION('',(1.,0.));
#2957 = ( GEOMETRIC_REPRESENTATION_CONTEXT(2) 
PARAMETRIC_REPRESENTATION_CONTEXT() REPRESENTATION_CONTEXT('2D SPACE',''
  ) );
#2958 = ORIENTED_EDGE('',*,*,#2959,.T.);
#2959 = EDGE_CURVE('',#2937,#2913,#2960,.T.);
#2960 = SURFACE_CURVE('',#2961,(#2965,#2971),.PCURVE_S1.);
#2961 = LINE('',#2962,#2963);
#2962 = CARTESIAN_POINT('',(-15.,15.,16.));
#2963 = VECTOR('',#2964,1.);
#2964 = DIRECTION('',(-0.,0.,-1.));
#2965 = PCURVE('',#791,#2966);
#2966 = DEFINITIONAL_REPRESENTATION('',(#2967),#2970);
#2967 = B_SPLINE_CURVE_WITH_KNOTS('',1,(#2968,#2969),.UNSPECIFIED.,.F.,
  .F.,(2,2),(-37.,-8.),.PIECEWISE_BEZIER_KNOTS.);
#2968 = CARTESIAN_POINT('',(29.,3.5));
#2969 = CARTESIAN_POINT('',(0.,3.5));
#2970 = ( GEOMETRIC_REPRESENTATION_CONTEXT(2) 
PARAMETRIC_REPRESENTATION_CONTEXT() REPRESENTATION_CONTEXT('2D SPACE',''
  ) );
#2971 = PCURVE('',#1303,#2972);
#2972 = DEFINITIONAL_REPRESENTATION('',(#2973),#2976);
#2973 = B_SPLINE_CURVE_WITH_KNOTS('',1,(#2974,#2975),.UNSPECIFIED.,.F.,
  .F.,(2,2),(-37.,-8.),.PIECEWISE_BEZIER_KNOTS.);
#2974 = CARTESIAN_POINT('',(45.,-0.9));
#2975 = CARTESIAN_POINT('',(16.,-0.9));
#2976 = ( GEOMETRIC_REPRESENTATION_CONTEXT(2) 
PARAMETRIC_REPRESENTATION_CONTEXT() REPRESENTATION_CONTEXT('2D SPACE',''
  ) );
#2977 = ADVANCED_FACE('',(#2978),#971,.F.);
#2978 = FACE_BOUND('',#2979,.F.);
#2979 = EDGE_LOOP('',(#2980,#2981,#2982,#3005,#3033,#3054,#3080,#3108,
    #3134));
#2980 = ORIENTED_EDGE('',*,*,#2936,.F.);
#2981 = ORIENTED_EDGE('',*,*,#958,.T.);
#2982 = ORIENTED_EDGE('',*,*,#2983,.T.);
#2983 = EDGE_CURVE('',#933,#2984,#2986,.T.);
#2984 = VERTEX_POINT('',#2985);
#2985 = CARTESIAN_POINT('',(-15.5,-15.,53.));
#2986 = SURFACE_CURVE('',#2987,(#2991,#2998),.PCURVE_S1.);
#2987 = LINE('',#2988,#2989);
#2988 = CARTESIAN_POINT('',(-18.5,-15.,53.));
#2989 = VECTOR('',#2990,1.);
#2990 = DIRECTION('',(1.,0.,-0.));
#2991 = PCURVE('',#971,#2992);
#2992 = DEFINITIONAL_REPRESENTATION('',(#2993),#2997);
#2993 = LINE('',#2994,#2995);
#2994 = CARTESIAN_POINT('',(0.,0.));
#2995 = VECTOR('',#2996,1.);
#2996 = DIRECTION('',(1.,0.));
#2997 = ( GEOMETRIC_REPRESENTATION_CONTEXT(2) 
PARAMETRIC_REPRESENTATION_CONTEXT() REPRESENTATION_CONTEXT('2D SPACE',''
  ) );
#2998 = PCURVE('',#947,#2999);
#2999 = DEFINITIONAL_REPRESENTATION('',(#3000),#3004);
#3000 = LINE('',#3001,#3002);
#3001 = CARTESIAN_POINT('',(51.,1.));
#3002 = VECTOR('',#3003,1.);
#3003 = DIRECTION('',(0.,1.));
#3004 = ( GEOMETRIC_REPRESENTATION_CONTEXT(2) 
PARAMETRIC_REPRESENTATION_CONTEXT() REPRESENTATION_CONTEXT('2D SPACE',''
  ) );
#3005 = ORIENTED_EDGE('',*,*,#3006,.T.);
#3006 = EDGE_CURVE('',#2984,#3007,#3009,.T.);
#3007 = VERTEX_POINT('',#3008);
#3008 = CARTESIAN_POINT('',(-15.,-15.,53.));
#3009 = SURFACE_CURVE('',#3010,(#3014,#3021),.PCURVE_S1.);
#3010 = LINE('',#3011,#3012);
#3011 = CARTESIAN_POINT('',(-18.5,-15.,53.));
#3012 = VECTOR('',#3013,1.);
#3013 = DIRECTION('',(1.,0.,-0.));
#3014 = PCURVE('',#971,#3015);
#3015 = DEFINITIONAL_REPRESENTATION('',(#3016),#3020);
#3016 = LINE('',#3017,#3018);
#3017 = CARTESIAN_POINT('',(0.,0.));
#3018 = VECTOR('',#3019,1.);
#3019 = DIRECTION('',(1.,0.));
#3020 = ( GEOMETRIC_REPRESENTATION_CONTEXT(2) 
PARAMETRIC_REPRESENTATION_CONTEXT() REPRESENTATION_CONTEXT('2D SPACE',''
  ) );
#3021 = PCURVE('',#3022,#3027);
#3022 = PLANE('',#3023);
#3023 = AXIS2_PLACEMENT_3D('',#3024,#3025,#3026);
#3024 = CARTESIAN_POINT('',(-18.5,-15.,24.));
#3025 = DIRECTION('',(-0.,1.,0.));
#3026 = DIRECTION('',(0.,0.,1.));
#3027 = DEFINITIONAL_REPRESENTATION('',(#3028),#3032);
#3028 = LINE('',#3029,#3030);
#3029 = CARTESIAN_POINT('',(29.,0.));
#3030 = VECTOR('',#3031,1.);
#3031 = DIRECTION('',(0.,1.));
#3032 = ( GEOMETRIC_REPRESENTATION_CONTEXT(2) 
PARAMETRIC_REPRESENTATION_CONTEXT() REPRESENTATION_CONTEXT('2D SPACE',''
  ) );
#3033 = ORIENTED_EDGE('',*,*,#3034,.T.);
#3034 = EDGE_CURVE('',#3007,#3035,#3037,.T.);
#3035 = VERTEX_POINT('',#3036);
#3036 = CARTESIAN_POINT('',(-15.,-14.1,53.));
#3037 = SURFACE_CURVE('',#3038,(#3042,#3048),.PCURVE_S1.);
#3038 = LINE('',#3039,#3040);
#3039 = CARTESIAN_POINT('',(-15.,-16.75,53.));
#3040 = VECTOR('',#3041,1.);
#3041 = DIRECTION('',(-0.,1.,0.));
#3042 = PCURVE('',#971,#3043);
#3043 = DEFINITIONAL_REPRESENTATION('',(#3044),#3047);
#3044 = B_SPLINE_CURVE_WITH_KNOTS('',1,(#3045,#3046),.UNSPECIFIED.,.F.,
  .F.,(2,2),(1.75,2.65),.PIECEWISE_BEZIER_KNOTS.);
#3045 = CARTESIAN_POINT('',(3.5,0.));
#3046 = CARTESIAN_POINT('',(3.5,0.9));
#3047 = ( GEOMETRIC_REPRESENTATION_CONTEXT(2) 
PARAMETRIC_REPRESENTATION_CONTEXT() REPRESENTATION_CONTEXT('2D SPACE',''
  ) );
#3048 = PCURVE('',#2525,#3049);
#3049 = DEFINITIONAL_REPRESENTATION('',(#3050),#3053);
#3050 = B_SPLINE_CURVE_WITH_KNOTS('',1,(#3051,#3052),.UNSPECIFIED.,.F.,
  .F.,(2,2),(1.75,2.65),.PIECEWISE_BEZIER_KNOTS.);
#3051 = CARTESIAN_POINT('',(45.,-3.5));
#3052 = CARTESIAN_POINT('',(45.,-4.4));
#3053 = ( GEOMETRIC_REPRESENTATION_CONTEXT(2) 
PARAMETRIC_REPRESENTATION_CONTEXT() REPRESENTATION_CONTEXT('2D SPACE',''
  ) );
#3054 = ORIENTED_EDGE('',*,*,#3055,.F.);
#3055 = EDGE_CURVE('',#3056,#3035,#3058,.T.);
#3056 = VERTEX_POINT('',#3057);
#3057 = CARTESIAN_POINT('',(-14.1,-14.1,53.));
#3058 = SURFACE_CURVE('',#3059,(#3063,#3069),.PCURVE_S1.);
#3059 = LINE('',#3060,#3061);
#3060 = CARTESIAN_POINT('',(-16.75,-14.1,53.));
#3061 = VECTOR('',#3062,1.);
#3062 = DIRECTION('',(-1.,-0.,0.));
#3063 = PCURVE('',#971,#3064);
#3064 = DEFINITIONAL_REPRESENTATION('',(#3065),#3068);
#3065 = B_SPLINE_CURVE_WITH_KNOTS('',1,(#3066,#3067),.UNSPECIFIED.,.F.,
  .F.,(2,2),(-2.65,-1.75),.PIECEWISE_BEZIER_KNOTS.);
#3066 = CARTESIAN_POINT('',(4.4,0.9));
#3067 = CARTESIAN_POINT('',(3.5,0.9));
#3068 = ( GEOMETRIC_REPRESENTATION_CONTEXT(2) 
PARAMETRIC_REPRESENTATION_CONTEXT() REPRESENTATION_CONTEXT('2D SPACE',''
  ) );
#3069 = PCURVE('',#3070,#3075);
#3070 = PLANE('',#3071);
#3071 = AXIS2_PLACEMENT_3D('',#3072,#3073,#3074);
#3072 = CARTESIAN_POINT('',(-15.,-14.1,8.));
#3073 = DIRECTION('',(-0.,1.,0.));
#3074 = DIRECTION('',(0.,0.,1.));
#3075 = DEFINITIONAL_REPRESENTATION('',(#3076),#3079);
#3076 = B_SPLINE_CURVE_WITH_KNOTS('',1,(#3077,#3078),.UNSPECIFIED.,.F.,
  .F.,(2,2),(-2.65,-1.75),.PIECEWISE_BEZIER_KNOTS.);
#3077 = CARTESIAN_POINT('',(45.,0.9));
#3078 = CARTESIAN_POINT('',(45.,0.));
#3079 = ( GEOMETRIC_REPRESENTATION_CONTEXT(2) 
PARAMETRIC_REPRESENTATION_CONTEXT() REPRESENTATION_CONTEXT('2D SPACE',''
  ) );
#3080 = ORIENTED_EDGE('',*,*,#3081,.T.);
#3081 = EDGE_CURVE('',#3056,#3082,#3084,.T.);
#3082 = VERTEX_POINT('',#3083);
#3083 = CARTESIAN_POINT('',(-14.1,14.1,53.));
#3084 = SURFACE_CURVE('',#3085,(#3089,#3096),.PCURVE_S1.);
#3085 = LINE('',#3086,#3087);
#3086 = CARTESIAN_POINT('',(-14.1,-15.,53.));
#3087 = VECTOR('',#3088,1.);
#3088 = DIRECTION('',(-0.,1.,0.));
#3089 = PCURVE('',#971,#3090);
#3090 = DEFINITIONAL_REPRESENTATION('',(#3091),#3095);
#3091 = LINE('',#3092,#3093);
#3092 = CARTESIAN_POINT('',(4.4,0.));
#3093 = VECTOR('',#3094,1.);
#3094 = DIRECTION('',(0.,1.));
#3095 = ( GEOMETRIC_REPRESENTATION_CONTEXT(2) 
PARAMETRIC_REPRESENTATION_CONTEXT() REPRESENTATION_CONTEXT('2D SPACE',''
  ) );
#3096 = PCURVE('',#3097,#3102);
#3097 = PLANE('',#3098);
#3098 = AXIS2_PLACEMENT_3D('',#3099,#3100,#3101);
#3099 = CARTESIAN_POINT('',(-14.1,-15.,24.));
#3100 = DIRECTION('',(1.,0.,-0.));
#3101 = DIRECTION('',(0.,0.,1.));
#3102 = DEFINITIONAL_REPRESENTATION('',(#3103),#3107);
#3103 = LINE('',#3104,#3105);
#3104 = CARTESIAN_POINT('',(29.,0.));
#3105 = VECTOR('',#3106,1.);
#3106 = DIRECTION('',(0.,-1.));
#3107 = ( GEOMETRIC_REPRESENTATION_CONTEXT(2) 
PARAMETRIC_REPRESENTATION_CONTEXT() REPRESENTATION_CONTEXT('2D SPACE',''
  ) );
#3108 = ORIENTED_EDGE('',*,*,#3109,.T.);
#3109 = EDGE_CURVE('',#3082,#3110,#3112,.T.);
#3110 = VERTEX_POINT('',#3111);
#3111 = CARTESIAN_POINT('',(-15.,14.1,53.));
#3112 = SURFACE_CURVE('',#3113,(#3117,#3123),.PCURVE_S1.);
#3113 = LINE('',#3114,#3115);
#3114 = CARTESIAN_POINT('',(-16.75,14.1,53.));
#3115 = VECTOR('',#3116,1.);
#3116 = DIRECTION('',(-1.,-0.,0.));
#3117 = PCURVE('',#971,#3118);
#3118 = DEFINITIONAL_REPRESENTATION('',(#3119),#3122);
#3119 = B_SPLINE_CURVE_WITH_KNOTS('',1,(#3120,#3121),.UNSPECIFIED.,.F.,
  .F.,(2,2),(-2.65,-1.75),.PIECEWISE_BEZIER_KNOTS.);
#3120 = CARTESIAN_POINT('',(4.4,29.1));
#3121 = CARTESIAN_POINT('',(3.5,29.1));
#3122 = ( GEOMETRIC_REPRESENTATION_CONTEXT(2) 
PARAMETRIC_REPRESENTATION_CONTEXT() REPRESENTATION_CONTEXT('2D SPACE',''
  ) );
#3123 = PCURVE('',#3124,#3129);
#3124 = PLANE('',#3125);
#3125 = AXIS2_PLACEMENT_3D('',#3126,#3127,#3128);
#3126 = CARTESIAN_POINT('',(-15.,14.1,8.));
#3127 = DIRECTION('',(-0.,1.,0.));
#3128 = DIRECTION('',(0.,0.,1.));
#3129 = DEFINITIONAL_REPRESENTATION('',(#3130),#3133);
#3130 = B_SPLINE_CURVE_WITH_KNOTS('',1,(#3131,#3132),.UNSPECIFIED.,.F.,
  .F.,(2,2),(-2.65,-1.75),.PIECEWISE_BEZIER_KNOTS.);
#3131 = CARTESIAN_POINT('',(45.,0.9));
#3132 = CARTESIAN_POINT('',(45.,0.));
#3133 = ( GEOMETRIC_REPRESENTATION_CONTEXT(2) 
PARAMETRIC_REPRESENTATION_CONTEXT() REPRESENTATION_CONTEXT('2D SPACE',''
  ) );
#3134 = ORIENTED_EDGE('',*,*,#3135,.T.);
#3135 = EDGE_CURVE('',#3110,#2937,#3136,.T.);
#3136 = SURFACE_CURVE('',#3137,(#3141,#3147),.PCURVE_S1.);
#3137 = LINE('',#3138,#3139);
#3138 = CARTESIAN_POINT('',(-15.,-0.45,53.));
#3139 = VECTOR('',#3140,1.);
#3140 = DIRECTION('',(-0.,1.,0.));
#3141 = PCURVE('',#971,#3142);
#3142 = DEFINITIONAL_REPRESENTATION('',(#3143),#3146);
#3143 = B_SPLINE_CURVE_WITH_KNOTS('',1,(#3144,#3145),.UNSPECIFIED.,.F.,
  .F.,(2,2),(14.55,15.45),.PIECEWISE_BEZIER_KNOTS.);
#3144 = CARTESIAN_POINT('',(3.5,29.1));
#3145 = CARTESIAN_POINT('',(3.5,30.));
#3146 = ( GEOMETRIC_REPRESENTATION_CONTEXT(2) 
PARAMETRIC_REPRESENTATION_CONTEXT() REPRESENTATION_CONTEXT('2D SPACE',''
  ) );
#3147 = PCURVE('',#1303,#3148);
#3148 = DEFINITIONAL_REPRESENTATION('',(#3149),#3152);
#3149 = B_SPLINE_CURVE_WITH_KNOTS('',1,(#3150,#3151),.UNSPECIFIED.,.F.,
  .F.,(2,2),(14.55,15.45),.PIECEWISE_BEZIER_KNOTS.);
#3150 = CARTESIAN_POINT('',(45.,0.));
#3151 = CARTESIAN_POINT('',(45.,-0.9));
#3152 = ( GEOMETRIC_REPRESENTATION_CONTEXT(2) 
PARAMETRIC_REPRESENTATION_CONTEXT() REPRESENTATION_CONTEXT('2D SPACE',''
  ) );
#3153 = ADVANCED_FACE('',(#3154),#947,.F.);
#3154 = FACE_BOUND('',#3155,.F.);
#3155 = EDGE_LOOP('',(#3156,#3157,#3180,#3206));
#3156 = ORIENTED_EDGE('',*,*,#932,.T.);
#3157 = ORIENTED_EDGE('',*,*,#3158,.T.);
#3158 = EDGE_CURVE('',#907,#3159,#3161,.T.);
#3159 = VERTEX_POINT('',#3160);
#3160 = CARTESIAN_POINT('',(-15.5,-15.,76.));
#3161 = SURFACE_CURVE('',#3162,(#3166,#3173),.PCURVE_S1.);
#3162 = LINE('',#3163,#3164);
#3163 = CARTESIAN_POINT('',(-19.5,-15.,76.));
#3164 = VECTOR('',#3165,1.);
#3165 = DIRECTION('',(1.,0.,-0.));
#3166 = PCURVE('',#947,#3167);
#3167 = DEFINITIONAL_REPRESENTATION('',(#3168),#3172);
#3168 = LINE('',#3169,#3170);
#3169 = CARTESIAN_POINT('',(74.,0.));
#3170 = VECTOR('',#3171,1.);
#3171 = DIRECTION('',(0.,1.));
#3172 = ( GEOMETRIC_REPRESENTATION_CONTEXT(2) 
PARAMETRIC_REPRESENTATION_CONTEXT() REPRESENTATION_CONTEXT('2D SPACE',''
  ) );
#3173 = PCURVE('',#921,#3174);
#3174 = DEFINITIONAL_REPRESENTATION('',(#3175),#3179);
#3175 = LINE('',#3176,#3177);
#3176 = CARTESIAN_POINT('',(0.,2.));
#3177 = VECTOR('',#3178,1.);
#3178 = DIRECTION('',(1.,0.));
#3179 = ( GEOMETRIC_REPRESENTATION_CONTEXT(2) 
PARAMETRIC_REPRESENTATION_CONTEXT() REPRESENTATION_CONTEXT('2D SPACE',''
  ) );
#3180 = ORIENTED_EDGE('',*,*,#3181,.F.);
#3181 = EDGE_CURVE('',#2984,#3159,#3182,.T.);
#3182 = SURFACE_CURVE('',#3183,(#3187,#3194),.PCURVE_S1.);
#3183 = LINE('',#3184,#3185);
#3184 = CARTESIAN_POINT('',(-15.5,-15.,2.));
#3185 = VECTOR('',#3186,1.);
#3186 = DIRECTION('',(0.,0.,1.));
#3187 = PCURVE('',#947,#3188);
#3188 = DEFINITIONAL_REPRESENTATION('',(#3189),#3193);
#3189 = LINE('',#3190,#3191);
#3190 = CARTESIAN_POINT('',(0.,4.));
#3191 = VECTOR('',#3192,1.);
#3192 = DIRECTION('',(1.,0.));
#3193 = ( GEOMETRIC_REPRESENTATION_CONTEXT(2) 
PARAMETRIC_REPRESENTATION_CONTEXT() REPRESENTATION_CONTEXT('2D SPACE',''
  ) );
#3194 = PCURVE('',#3195,#3200);
#3195 = PLANE('',#3196);
#3196 = AXIS2_PLACEMENT_3D('',#3197,#3198,#3199);
#3197 = CARTESIAN_POINT('',(-15.5,-17.,2.));
#3198 = DIRECTION('',(1.,0.,-0.));
#3199 = DIRECTION('',(0.,0.,1.));
#3200 = DEFINITIONAL_REPRESENTATION('',(#3201),#3205);
#3201 = LINE('',#3202,#3203);
#3202 = CARTESIAN_POINT('',(0.,-2.));
#3203 = VECTOR('',#3204,1.);
#3204 = DIRECTION('',(1.,0.));
#3205 = ( GEOMETRIC_REPRESENTATION_CONTEXT(2) 
PARAMETRIC_REPRESENTATION_CONTEXT() REPRESENTATION_CONTEXT('2D SPACE',''
  ) );
#3206 = ORIENTED_EDGE('',*,*,#2983,.F.);
#3207 = ADVANCED_FACE('',(#3208),#921,.F.);
#3208 = FACE_BOUND('',#3209,.F.);
#3209 = EDGE_LOOP('',(#3210,#3211,#3212,#3235));
#3210 = ORIENTED_EDGE('',*,*,#3158,.F.);
#3211 = ORIENTED_EDGE('',*,*,#906,.T.);
#3212 = ORIENTED_EDGE('',*,*,#3213,.T.);
#3213 = EDGE_CURVE('',#881,#3214,#3216,.T.);
#3214 = VERTEX_POINT('',#3215);
#3215 = CARTESIAN_POINT('',(-15.5,-17.,76.));
#3216 = SURFACE_CURVE('',#3217,(#3221,#3228),.PCURVE_S1.);
#3217 = LINE('',#3218,#3219);
#3218 = CARTESIAN_POINT('',(-19.5,-17.,76.));
#3219 = VECTOR('',#3220,1.);
#3220 = DIRECTION('',(1.,0.,-0.));
#3221 = PCURVE('',#921,#3222);
#3222 = DEFINITIONAL_REPRESENTATION('',(#3223),#3227);
#3223 = LINE('',#3224,#3225);
#3224 = CARTESIAN_POINT('',(0.,0.));
#3225 = VECTOR('',#3226,1.);
#3226 = DIRECTION('',(1.,0.));
#3227 = ( GEOMETRIC_REPRESENTATION_CONTEXT(2) 
PARAMETRIC_REPRESENTATION_CONTEXT() REPRESENTATION_CONTEXT('2D SPACE',''
  ) );
#3228 = PCURVE('',#895,#3229);
#3229 = DEFINITIONAL_REPRESENTATION('',(#3230),#3234);
#3230 = LINE('',#3231,#3232);
#3231 = CARTESIAN_POINT('',(74.,0.));
#3232 = VECTOR('',#3233,1.);
#3233 = DIRECTION('',(0.,1.));
#3234 = ( GEOMETRIC_REPRESENTATION_CONTEXT(2) 
PARAMETRIC_REPRESENTATION_CONTEXT() REPRESENTATION_CONTEXT('2D SPACE',''
  ) );
#3235 = ORIENTED_EDGE('',*,*,#3236,.T.);
#3236 = EDGE_CURVE('',#3214,#3159,#3237,.T.);
#3237 = SURFACE_CURVE('',#3238,(#3242,#3249),.PCURVE_S1.);
#3238 = LINE('',#3239,#3240);
#3239 = CARTESIAN_POINT('',(-15.5,-17.,76.));
#3240 = VECTOR('',#3241,1.);
#3241 = DIRECTION('',(-0.,1.,0.));
#3242 = PCURVE('',#921,#3243);
#3243 = DEFINITIONAL_REPRESENTATION('',(#3244),#3248);
#3244 = LINE('',#3245,#3246);
#3245 = CARTESIAN_POINT('',(4.,0.));
#3246 = VECTOR('',#3247,1.);
#3247 = DIRECTION('',(0.,1.));
#3248 = ( GEOMETRIC_REPRESENTATION_CONTEXT(2) 
PARAMETRIC_REPRESENTATION_CONTEXT() REPRESENTATION_CONTEXT('2D SPACE',''
  ) );
#3249 = PCURVE('',#3195,#3250);
#3250 = DEFINITIONAL_REPRESENTATION('',(#3251),#3255);
#3251 = LINE('',#3252,#3253);
#3252 = CARTESIAN_POINT('',(74.,0.));
#3253 = VECTOR('',#3254,1.);
#3254 = DIRECTION('',(0.,-1.));
#3255 = ( GEOMETRIC_REPRESENTATION_CONTEXT(2) 
PARAMETRIC_REPRESENTATION_CONTEXT() REPRESENTATION_CONTEXT('2D SPACE',''
  ) );
#3256 = ADVANCED_FACE('',(#3257),#895,.T.);
#3257 = FACE_BOUND('',#3258,.T.);
#3258 = EDGE_LOOP('',(#3259,#3282,#3283,#3284));
#3259 = ORIENTED_EDGE('',*,*,#3260,.F.);
#3260 = EDGE_CURVE('',#855,#3261,#3263,.T.);
#3261 = VERTEX_POINT('',#3262);
#3262 = CARTESIAN_POINT('',(-15.5,-17.,2.));
#3263 = SURFACE_CURVE('',#3264,(#3268,#3275),.PCURVE_S1.);
#3264 = LINE('',#3265,#3266);
#3265 = CARTESIAN_POINT('',(-19.5,-17.,2.));
#3266 = VECTOR('',#3267,1.);
#3267 = DIRECTION('',(1.,0.,-0.));
#3268 = PCURVE('',#895,#3269);
#3269 = DEFINITIONAL_REPRESENTATION('',(#3270),#3274);
#3270 = LINE('',#3271,#3272);
#3271 = CARTESIAN_POINT('',(0.,0.));
#3272 = VECTOR('',#3273,1.);
#3273 = DIRECTION('',(0.,1.));
#3274 = ( GEOMETRIC_REPRESENTATION_CONTEXT(2) 
PARAMETRIC_REPRESENTATION_CONTEXT() REPRESENTATION_CONTEXT('2D SPACE',''
  ) );
#3275 = PCURVE('',#869,#3276);
#3276 = DEFINITIONAL_REPRESENTATION('',(#3277),#3281);
#3277 = LINE('',#3278,#3279);
#3278 = CARTESIAN_POINT('',(0.,0.));
#3279 = VECTOR('',#3280,1.);
#3280 = DIRECTION('',(1.,0.));
#3281 = ( GEOMETRIC_REPRESENTATION_CONTEXT(2) 
PARAMETRIC_REPRESENTATION_CONTEXT() REPRESENTATION_CONTEXT('2D SPACE',''
  ) );
#3282 = ORIENTED_EDGE('',*,*,#880,.T.);
#3283 = ORIENTED_EDGE('',*,*,#3213,.T.);
#3284 = ORIENTED_EDGE('',*,*,#3285,.F.);
#3285 = EDGE_CURVE('',#3261,#3214,#3286,.T.);
#3286 = SURFACE_CURVE('',#3287,(#3291,#3298),.PCURVE_S1.);
#3287 = LINE('',#3288,#3289);
#3288 = CARTESIAN_POINT('',(-15.5,-17.,2.));
#3289 = VECTOR('',#3290,1.);
#3290 = DIRECTION('',(0.,0.,1.));
#3291 = PCURVE('',#895,#3292);
#3292 = DEFINITIONAL_REPRESENTATION('',(#3293),#3297);
#3293 = LINE('',#3294,#3295);
#3294 = CARTESIAN_POINT('',(0.,4.));
#3295 = VECTOR('',#3296,1.);
#3296 = DIRECTION('',(1.,0.));
#3297 = ( GEOMETRIC_REPRESENTATION_CONTEXT(2) 
PARAMETRIC_REPRESENTATION_CONTEXT() REPRESENTATION_CONTEXT('2D SPACE',''
  ) );
#3298 = PCURVE('',#3195,#3299);
#3299 = DEFINITIONAL_REPRESENTATION('',(#3300),#3304);
#3300 = LINE('',#3301,#3302);
#3301 = CARTESIAN_POINT('',(0.,0.));
#3302 = VECTOR('',#3303,1.);
#3303 = DIRECTION('',(1.,0.));
#3304 = ( GEOMETRIC_REPRESENTATION_CONTEXT(2) 
PARAMETRIC_REPRESENTATION_CONTEXT() REPRESENTATION_CONTEXT('2D SPACE',''
  ) );
#3305 = ADVANCED_FACE('',(#3306),#869,.T.);
#3306 = FACE_BOUND('',#3307,.T.);
#3307 = EDGE_LOOP('',(#3308,#3331,#3332,#3333));
#3308 = ORIENTED_EDGE('',*,*,#3309,.F.);
#3309 = EDGE_CURVE('',#829,#3310,#3312,.T.);
#3310 = VERTEX_POINT('',#3311);
#3311 = CARTESIAN_POINT('',(-15.5,-15.,2.));
#3312 = SURFACE_CURVE('',#3313,(#3317,#3324),.PCURVE_S1.);
#3313 = LINE('',#3314,#3315);
#3314 = CARTESIAN_POINT('',(-19.5,-15.,2.));
#3315 = VECTOR('',#3316,1.);
#3316 = DIRECTION('',(1.,0.,-0.));
#3317 = PCURVE('',#869,#3318);
#3318 = DEFINITIONAL_REPRESENTATION('',(#3319),#3323);
#3319 = LINE('',#3320,#3321);
#3320 = CARTESIAN_POINT('',(0.,2.));
#3321 = VECTOR('',#3322,1.);
#3322 = DIRECTION('',(1.,0.));
#3323 = ( GEOMETRIC_REPRESENTATION_CONTEXT(2) 
PARAMETRIC_REPRESENTATION_CONTEXT() REPRESENTATION_CONTEXT('2D SPACE',''
  ) );
#3324 = PCURVE('',#843,#3325);
#3325 = DEFINITIONAL_REPRESENTATION('',(#3326),#3330);
#3326 = LINE('',#3327,#3328);
#3327 = CARTESIAN_POINT('',(0.,0.));
#3328 = VECTOR('',#3329,1.);
#3329 = DIRECTION('',(0.,1.));
#3330 = ( GEOMETRIC_REPRESENTATION_CONTEXT(2) 
PARAMETRIC_REPRESENTATION_CONTEXT() REPRESENTATION_CONTEXT('2D SPACE',''
  ) );
#3331 = ORIENTED_EDGE('',*,*,#854,.T.);
#3332 = ORIENTED_EDGE('',*,*,#3260,.T.);
#3333 = ORIENTED_EDGE('',*,*,#3334,.T.);
#3334 = EDGE_CURVE('',#3261,#3310,#3335,.T.);
#3335 = SURFACE_CURVE('',#3336,(#3340,#3347),.PCURVE_S1.);
#3336 = LINE('',#3337,#3338);
#3337 = CARTESIAN_POINT('',(-15.5,-17.,2.));
#3338 = VECTOR('',#3339,1.);
#3339 = DIRECTION('',(-0.,1.,0.));
#3340 = PCURVE('',#869,#3341);
#3341 = DEFINITIONAL_REPRESENTATION('',(#3342),#3346);
#3342 = LINE('',#3343,#3344);
#3343 = CARTESIAN_POINT('',(4.,0.));
#3344 = VECTOR('',#3345,1.);
#3345 = DIRECTION('',(0.,1.));
#3346 = ( GEOMETRIC_REPRESENTATION_CONTEXT(2) 
PARAMETRIC_REPRESENTATION_CONTEXT() REPRESENTATION_CONTEXT('2D SPACE',''
  ) );
#3347 = PCURVE('',#3195,#3348);
#3348 = DEFINITIONAL_REPRESENTATION('',(#3349),#3353);
#3349 = LINE('',#3350,#3351);
#3350 = CARTESIAN_POINT('',(0.,0.));
#3351 = VECTOR('',#3352,1.);
#3352 = DIRECTION('',(0.,-1.));
#3353 = ( GEOMETRIC_REPRESENTATION_CONTEXT(2) 
PARAMETRIC_REPRESENTATION_CONTEXT() REPRESENTATION_CONTEXT('2D SPACE',''
  ) );
#3354 = ADVANCED_FACE('',(#3355),#843,.F.);
#3355 = FACE_BOUND('',#3356,.F.);
#3356 = EDGE_LOOP('',(#3357,#3380,#3381,#3382));
#3357 = ORIENTED_EDGE('',*,*,#3358,.F.);
#3358 = EDGE_CURVE('',#3310,#3359,#3361,.T.);
#3359 = VERTEX_POINT('',#3360);
#3360 = CARTESIAN_POINT('',(-15.5,-15.,24.));
#3361 = SURFACE_CURVE('',#3362,(#3366,#3373),.PCURVE_S1.);
#3362 = LINE('',#3363,#3364);
#3363 = CARTESIAN_POINT('',(-15.5,-15.,2.));
#3364 = VECTOR('',#3365,1.);
#3365 = DIRECTION('',(0.,0.,1.));
#3366 = PCURVE('',#843,#3367);
#3367 = DEFINITIONAL_REPRESENTATION('',(#3368),#3372);
#3368 = LINE('',#3369,#3370);
#3369 = CARTESIAN_POINT('',(0.,4.));
#3370 = VECTOR('',#3371,1.);
#3371 = DIRECTION('',(1.,0.));
#3372 = ( GEOMETRIC_REPRESENTATION_CONTEXT(2) 
PARAMETRIC_REPRESENTATION_CONTEXT() REPRESENTATION_CONTEXT('2D SPACE',''
  ) );
#3373 = PCURVE('',#3195,#3374);
#3374 = DEFINITIONAL_REPRESENTATION('',(#3375),#3379);
#3375 = LINE('',#3376,#3377);
#3376 = CARTESIAN_POINT('',(0.,-2.));
#3377 = VECTOR('',#3378,1.);
#3378 = DIRECTION('',(1.,0.));
#3379 = ( GEOMETRIC_REPRESENTATION_CONTEXT(2) 
PARAMETRIC_REPRESENTATION_CONTEXT() REPRESENTATION_CONTEXT('2D SPACE',''
  ) );
#3380 = ORIENTED_EDGE('',*,*,#3309,.F.);
#3381 = ORIENTED_EDGE('',*,*,#828,.T.);
#3382 = ORIENTED_EDGE('',*,*,#3383,.T.);
#3383 = EDGE_CURVE('',#803,#3359,#3384,.T.);
#3384 = SURFACE_CURVE('',#3385,(#3389,#3396),.PCURVE_S1.);
#3385 = LINE('',#3386,#3387);
#3386 = CARTESIAN_POINT('',(-18.5,-15.,24.));
#3387 = VECTOR('',#3388,1.);
#3388 = DIRECTION('',(1.,0.,-0.));
#3389 = PCURVE('',#843,#3390);
#3390 = DEFINITIONAL_REPRESENTATION('',(#3391),#3395);
#3391 = LINE('',#3392,#3393);
#3392 = CARTESIAN_POINT('',(22.,1.));
#3393 = VECTOR('',#3394,1.);
#3394 = DIRECTION('',(0.,1.));
#3395 = ( GEOMETRIC_REPRESENTATION_CONTEXT(2) 
PARAMETRIC_REPRESENTATION_CONTEXT() REPRESENTATION_CONTEXT('2D SPACE',''
  ) );
#3396 = PCURVE('',#817,#3397);
#3397 = DEFINITIONAL_REPRESENTATION('',(#3398),#3402);
#3398 = LINE('',#3399,#3400);
#3399 = CARTESIAN_POINT('',(0.,0.));
#3400 = VECTOR('',#3401,1.);
#3401 = DIRECTION('',(1.,0.));
#3402 = ( GEOMETRIC_REPRESENTATION_CONTEXT(2) 
PARAMETRIC_REPRESENTATION_CONTEXT() REPRESENTATION_CONTEXT('2D SPACE',''
  ) );
#3403 = ADVANCED_FACE('',(#3404),#817,.T.);
#3404 = FACE_BOUND('',#3405,.T.);
#3405 = EDGE_LOOP('',(#3406,#3407,#3408,#3409,#3432,#3453,#3474,#3497,
    #3518));
#3406 = ORIENTED_EDGE('',*,*,#2912,.F.);
#3407 = ORIENTED_EDGE('',*,*,#802,.T.);
#3408 = ORIENTED_EDGE('',*,*,#3383,.T.);
#3409 = ORIENTED_EDGE('',*,*,#3410,.T.);
#3410 = EDGE_CURVE('',#3359,#3411,#3413,.T.);
#3411 = VERTEX_POINT('',#3412);
#3412 = CARTESIAN_POINT('',(-15.,-15.,24.));
#3413 = SURFACE_CURVE('',#3414,(#3418,#3425),.PCURVE_S1.);
#3414 = LINE('',#3415,#3416);
#3415 = CARTESIAN_POINT('',(-18.5,-15.,24.));
#3416 = VECTOR('',#3417,1.);
#3417 = DIRECTION('',(1.,0.,-0.));
#3418 = PCURVE('',#817,#3419);
#3419 = DEFINITIONAL_REPRESENTATION('',(#3420),#3424);
#3420 = LINE('',#3421,#3422);
#3421 = CARTESIAN_POINT('',(0.,0.));
#3422 = VECTOR('',#3423,1.);
#3423 = DIRECTION('',(1.,0.));
#3424 = ( GEOMETRIC_REPRESENTATION_CONTEXT(2) 
PARAMETRIC_REPRESENTATION_CONTEXT() REPRESENTATION_CONTEXT('2D SPACE',''
  ) );
#3425 = PCURVE('',#3022,#3426);
#3426 = DEFINITIONAL_REPRESENTATION('',(#3427),#3431);
#3427 = LINE('',#3428,#3429);
#3428 = CARTESIAN_POINT('',(0.,0.));
#3429 = VECTOR('',#3430,1.);
#3430 = DIRECTION('',(0.,1.));
#3431 = ( GEOMETRIC_REPRESENTATION_CONTEXT(2) 
PARAMETRIC_REPRESENTATION_CONTEXT() REPRESENTATION_CONTEXT('2D SPACE',''
  ) );
#3432 = ORIENTED_EDGE('',*,*,#3433,.T.);
#3433 = EDGE_CURVE('',#3411,#3434,#3436,.T.);
#3434 = VERTEX_POINT('',#3435);
#3435 = CARTESIAN_POINT('',(-15.,-14.1,24.));
#3436 = SURFACE_CURVE('',#3437,(#3441,#3447),.PCURVE_S1.);
#3437 = LINE('',#3438,#3439);
#3438 = CARTESIAN_POINT('',(-15.,-16.75,24.));
#3439 = VECTOR('',#3440,1.);
#3440 = DIRECTION('',(-0.,1.,0.));
#3441 = PCURVE('',#817,#3442);
#3442 = DEFINITIONAL_REPRESENTATION('',(#3443),#3446);
#3443 = B_SPLINE_CURVE_WITH_KNOTS('',1,(#3444,#3445),.UNSPECIFIED.,.F.,
  .F.,(2,2),(1.75,2.65),.PIECEWISE_BEZIER_KNOTS.);
#3444 = CARTESIAN_POINT('',(3.5,0.));
#3445 = CARTESIAN_POINT('',(3.5,0.9));
#3446 = ( GEOMETRIC_REPRESENTATION_CONTEXT(2) 
PARAMETRIC_REPRESENTATION_CONTEXT() REPRESENTATION_CONTEXT('2D SPACE',''
  ) );
#3447 = PCURVE('',#2525,#3448);
#3448 = DEFINITIONAL_REPRESENTATION('',(#3449),#3452);
#3449 = B_SPLINE_CURVE_WITH_KNOTS('',1,(#3450,#3451),.UNSPECIFIED.,.F.,
  .F.,(2,2),(1.75,2.65),.PIECEWISE_BEZIER_KNOTS.);
#3450 = CARTESIAN_POINT('',(16.,-3.5));
#3451 = CARTESIAN_POINT('',(16.,-4.4));
#3452 = ( GEOMETRIC_REPRESENTATION_CONTEXT(2) 
PARAMETRIC_REPRESENTATION_CONTEXT() REPRESENTATION_CONTEXT('2D SPACE',''
  ) );
#3453 = ORIENTED_EDGE('',*,*,#3454,.F.);
#3454 = EDGE_CURVE('',#3455,#3434,#3457,.T.);
#3455 = VERTEX_POINT('',#3456);
#3456 = CARTESIAN_POINT('',(-14.1,-14.1,24.));
#3457 = SURFACE_CURVE('',#3458,(#3462,#3468),.PCURVE_S1.);
#3458 = LINE('',#3459,#3460);
#3459 = CARTESIAN_POINT('',(-16.75,-14.1,24.));
#3460 = VECTOR('',#3461,1.);
#3461 = DIRECTION('',(-1.,-0.,0.));
#3462 = PCURVE('',#817,#3463);
#3463 = DEFINITIONAL_REPRESENTATION('',(#3464),#3467);
#3464 = B_SPLINE_CURVE_WITH_KNOTS('',1,(#3465,#3466),.UNSPECIFIED.,.F.,
  .F.,(2,2),(-2.65,-1.75),.PIECEWISE_BEZIER_KNOTS.);
#3465 = CARTESIAN_POINT('',(4.4,0.9));
#3466 = CARTESIAN_POINT('',(3.5,0.9));
#3467 = ( GEOMETRIC_REPRESENTATION_CONTEXT(2) 
PARAMETRIC_REPRESENTATION_CONTEXT() REPRESENTATION_CONTEXT('2D SPACE',''
  ) );
#3468 = PCURVE('',#3070,#3469);
#3469 = DEFINITIONAL_REPRESENTATION('',(#3470),#3473);
#3470 = B_SPLINE_CURVE_WITH_KNOTS('',1,(#3471,#3472),.UNSPECIFIED.,.F.,
  .F.,(2,2),(-2.65,-1.75),.PIECEWISE_BEZIER_KNOTS.);
#3471 = CARTESIAN_POINT('',(16.,0.9));
#3472 = CARTESIAN_POINT('',(16.,0.));
#3473 = ( GEOMETRIC_REPRESENTATION_CONTEXT(2) 
PARAMETRIC_REPRESENTATION_CONTEXT() REPRESENTATION_CONTEXT('2D SPACE',''
  ) );
#3474 = ORIENTED_EDGE('',*,*,#3475,.T.);
#3475 = EDGE_CURVE('',#3455,#3476,#3478,.T.);
#3476 = VERTEX_POINT('',#3477);
#3477 = CARTESIAN_POINT('',(-14.1,14.1,24.));
#3478 = SURFACE_CURVE('',#3479,(#3483,#3490),.PCURVE_S1.);
#3479 = LINE('',#3480,#3481);
#3480 = CARTESIAN_POINT('',(-14.1,-15.,24.));
#3481 = VECTOR('',#3482,1.);
#3482 = DIRECTION('',(-0.,1.,0.));
#3483 = PCURVE('',#817,#3484);
#3484 = DEFINITIONAL_REPRESENTATION('',(#3485),#3489);
#3485 = LINE('',#3486,#3487);
#3486 = CARTESIAN_POINT('',(4.4,0.));
#3487 = VECTOR('',#3488,1.);
#3488 = DIRECTION('',(0.,1.));
#3489 = ( GEOMETRIC_REPRESENTATION_CONTEXT(2) 
PARAMETRIC_REPRESENTATION_CONTEXT() REPRESENTATION_CONTEXT('2D SPACE',''
  ) );
#3490 = PCURVE('',#3097,#3491);
#3491 = DEFINITIONAL_REPRESENTATION('',(#3492),#3496);
#3492 = LINE('',#3493,#3494);
#3493 = CARTESIAN_POINT('',(0.,0.));
#3494 = VECTOR('',#3495,1.);
#3495 = DIRECTION('',(0.,-1.));
#3496 = ( GEOMETRIC_REPRESENTATION_CONTEXT(2) 
PARAMETRIC_REPRESENTATION_CONTEXT() REPRESENTATION_CONTEXT('2D SPACE',''
  ) );
#3497 = ORIENTED_EDGE('',*,*,#3498,.T.);
#3498 = EDGE_CURVE('',#3476,#3499,#3501,.T.);
#3499 = VERTEX_POINT('',#3500);
#3500 = CARTESIAN_POINT('',(-15.,14.1,24.));
#3501 = SURFACE_CURVE('',#3502,(#3506,#3512),.PCURVE_S1.);
#3502 = LINE('',#3503,#3504);
#3503 = CARTESIAN_POINT('',(-16.75,14.1,24.));
#3504 = VECTOR('',#3505,1.);
#3505 = DIRECTION('',(-1.,-0.,0.));
#3506 = PCURVE('',#817,#3507);
#3507 = DEFINITIONAL_REPRESENTATION('',(#3508),#3511);
#3508 = B_SPLINE_CURVE_WITH_KNOTS('',1,(#3509,#3510),.UNSPECIFIED.,.F.,
  .F.,(2,2),(-2.65,-1.75),.PIECEWISE_BEZIER_KNOTS.);
#3509 = CARTESIAN_POINT('',(4.4,29.1));
#3510 = CARTESIAN_POINT('',(3.5,29.1));
#3511 = ( GEOMETRIC_REPRESENTATION_CONTEXT(2) 
PARAMETRIC_REPRESENTATION_CONTEXT() REPRESENTATION_CONTEXT('2D SPACE',''
  ) );
#3512 = PCURVE('',#3124,#3513);
#3513 = DEFINITIONAL_REPRESENTATION('',(#3514),#3517);
#3514 = B_SPLINE_CURVE_WITH_KNOTS('',1,(#3515,#3516),.UNSPECIFIED.,.F.,
  .F.,(2,2),(-2.65,-1.75),.PIECEWISE_BEZIER_KNOTS.);
#3515 = CARTESIAN_POINT('',(16.,0.9));
#3516 = CARTESIAN_POINT('',(16.,0.));
#3517 = ( GEOMETRIC_REPRESENTATION_CONTEXT(2) 
PARAMETRIC_REPRESENTATION_CONTEXT() REPRESENTATION_CONTEXT('2D SPACE',''
  ) );
#3518 = ORIENTED_EDGE('',*,*,#3519,.T.);
#3519 = EDGE_CURVE('',#3499,#2913,#3520,.T.);
#3520 = SURFACE_CURVE('',#3521,(#3525,#3531),.PCURVE_S1.);
#3521 = LINE('',#3522,#3523);
#3522 = CARTESIAN_POINT('',(-15.,-0.45,24.));
#3523 = VECTOR('',#3524,1.);
#3524 = DIRECTION('',(-0.,1.,0.));
#3525 = PCURVE('',#817,#3526);
#3526 = DEFINITIONAL_REPRESENTATION('',(#3527),#3530);
#3527 = B_SPLINE_CURVE_WITH_KNOTS('',1,(#3528,#3529),.UNSPECIFIED.,.F.,
  .F.,(2,2),(14.55,15.45),.PIECEWISE_BEZIER_KNOTS.);
#3528 = CARTESIAN_POINT('',(3.5,29.1));
#3529 = CARTESIAN_POINT('',(3.5,30.));
#3530 = ( GEOMETRIC_REPRESENTATION_CONTEXT(2) 
PARAMETRIC_REPRESENTATION_CONTEXT() REPRESENTATION_CONTEXT('2D SPACE',''
  ) );
#3531 = PCURVE('',#1303,#3532);
#3532 = DEFINITIONAL_REPRESENTATION('',(#3533),#3536);
#3533 = B_SPLINE_CURVE_WITH_KNOTS('',1,(#3534,#3535),.UNSPECIFIED.,.F.,
  .F.,(2,2),(14.55,15.45),.PIECEWISE_BEZIER_KNOTS.);
#3534 = CARTESIAN_POINT('',(16.,0.));
#3535 = CARTESIAN_POINT('',(16.,-0.9));
#3536 = ( GEOMETRIC_REPRESENTATION_CONTEXT(2) 
PARAMETRIC_REPRESENTATION_CONTEXT() REPRESENTATION_CONTEXT('2D SPACE',''
  ) );
#3537 = ADVANCED_FACE('',(#3538,#3544,#3640),#1025,.T.);
#3538 = FACE_BOUND('',#3539,.T.);
#3539 = EDGE_LOOP('',(#3540,#3541,#3542,#3543));
#3540 = ORIENTED_EDGE('',*,*,#2485,.F.);
#3541 = ORIENTED_EDGE('',*,*,#2165,.T.);
#3542 = ORIENTED_EDGE('',*,*,#1092,.T.);
#3543 = ORIENTED_EDGE('',*,*,#1009,.F.);
#3544 = FACE_BOUND('',#3545,.T.);
#3545 = EDGE_LOOP('',(#3546,#3574,#3595,#3621));
#3546 = ORIENTED_EDGE('',*,*,#3547,.F.);
#3547 = EDGE_CURVE('',#3548,#3550,#3552,.T.);
#3548 = VERTEX_POINT('',#3549);
#3549 = CARTESIAN_POINT('',(17.5,15.,8.));
#3550 = VERTEX_POINT('',#3551);
#3551 = CARTESIAN_POINT('',(17.5,15.,64.));
#3552 = SURFACE_CURVE('',#3553,(#3557,#3563),.PCURVE_S1.);
#3553 = LINE('',#3554,#3555);
#3554 = CARTESIAN_POINT('',(17.5,15.,4.));
#3555 = VECTOR('',#3556,1.);
#3556 = DIRECTION('',(0.,0.,1.));
#3557 = PCURVE('',#1025,#3558);
#3558 = DEFINITIONAL_REPRESENTATION('',(#3559),#3562);
#3559 = B_SPLINE_CURVE_WITH_KNOTS('',1,(#3560,#3561),.UNSPECIFIED.,.F.,
  .F.,(2,2),(4.,60.),.PIECEWISE_BEZIER_KNOTS.);
#3560 = CARTESIAN_POINT('',(8.,-32.5));
#3561 = CARTESIAN_POINT('',(64.,-32.5));
#3562 = ( GEOMETRIC_REPRESENTATION_CONTEXT(2) 
PARAMETRIC_REPRESENTATION_CONTEXT() REPRESENTATION_CONTEXT('2D SPACE',''
  ) );
#3563 = PCURVE('',#3564,#3569);
#3564 = PLANE('',#3565);
#3565 = AXIS2_PLACEMENT_3D('',#3566,#3567,#3568);
#3566 = CARTESIAN_POINT('',(14.1,15.,8.));
#3567 = DIRECTION('',(-0.,1.,0.));
#3568 = DIRECTION('',(0.,0.,1.));
#3569 = DEFINITIONAL_REPRESENTATION('',(#3570),#3573);
#3570 = B_SPLINE_CURVE_WITH_KNOTS('',1,(#3571,#3572),.UNSPECIFIED.,.F.,
  .F.,(2,2),(4.,60.),.PIECEWISE_BEZIER_KNOTS.);
#3571 = CARTESIAN_POINT('',(0.,3.4));
#3572 = CARTESIAN_POINT('',(56.,3.4));
#3573 = ( GEOMETRIC_REPRESENTATION_CONTEXT(2) 
PARAMETRIC_REPRESENTATION_CONTEXT() REPRESENTATION_CONTEXT('2D SPACE',''
  ) );
#3574 = ORIENTED_EDGE('',*,*,#3575,.T.);
#3575 = EDGE_CURVE('',#3548,#3576,#3578,.T.);
#3576 = VERTEX_POINT('',#3577);
#3577 = CARTESIAN_POINT('',(17.5,-15.,8.));
#3578 = SURFACE_CURVE('',#3579,(#3583,#3589),.PCURVE_S1.);
#3579 = LINE('',#3580,#3581);
#3580 = CARTESIAN_POINT('',(17.5,-1.7,8.));
#3581 = VECTOR('',#3582,1.);
#3582 = DIRECTION('',(0.,-1.,0.));
#3583 = PCURVE('',#1025,#3584);
#3584 = DEFINITIONAL_REPRESENTATION('',(#3585),#3588);
#3585 = B_SPLINE_CURVE_WITH_KNOTS('',1,(#3586,#3587),.UNSPECIFIED.,.F.,
  .F.,(2,2),(-19.2,15.8),.PIECEWISE_BEZIER_KNOTS.);
#3586 = CARTESIAN_POINT('',(8.,-35.));
#3587 = CARTESIAN_POINT('',(8.,0.));
#3588 = ( GEOMETRIC_REPRESENTATION_CONTEXT(2) 
PARAMETRIC_REPRESENTATION_CONTEXT() REPRESENTATION_CONTEXT('2D SPACE',''
  ) );
#3589 = PCURVE('',#1329,#3590);
#3590 = DEFINITIONAL_REPRESENTATION('',(#3591),#3594);
#3591 = B_SPLINE_CURVE_WITH_KNOTS('',1,(#3592,#3593),.UNSPECIFIED.,.F.,
  .F.,(2,2),(-19.2,15.8),.PIECEWISE_BEZIER_KNOTS.);
#3592 = CARTESIAN_POINT('',(32.5,3.4));
#3593 = CARTESIAN_POINT('',(32.5,-31.6));
#3594 = ( GEOMETRIC_REPRESENTATION_CONTEXT(2) 
PARAMETRIC_REPRESENTATION_CONTEXT() REPRESENTATION_CONTEXT('2D SPACE',''
  ) );
#3595 = ORIENTED_EDGE('',*,*,#3596,.T.);
#3596 = EDGE_CURVE('',#3576,#3597,#3599,.T.);
#3597 = VERTEX_POINT('',#3598);
#3598 = CARTESIAN_POINT('',(17.5,-15.,64.));
#3599 = SURFACE_CURVE('',#3600,(#3604,#3610),.PCURVE_S1.);
#3600 = LINE('',#3601,#3602);
#3601 = CARTESIAN_POINT('',(17.5,-15.,4.));
#3602 = VECTOR('',#3603,1.);
#3603 = DIRECTION('',(0.,0.,1.));
#3604 = PCURVE('',#1025,#3605);
#3605 = DEFINITIONAL_REPRESENTATION('',(#3606),#3609);
#3606 = B_SPLINE_CURVE_WITH_KNOTS('',1,(#3607,#3608),.UNSPECIFIED.,.F.,
  .F.,(2,2),(4.,60.),.PIECEWISE_BEZIER_KNOTS.);
#3607 = CARTESIAN_POINT('',(8.,-2.5));
#3608 = CARTESIAN_POINT('',(64.,-2.5));
#3609 = ( GEOMETRIC_REPRESENTATION_CONTEXT(2) 
PARAMETRIC_REPRESENTATION_CONTEXT() REPRESENTATION_CONTEXT('2D SPACE',''
  ) );
#3610 = PCURVE('',#3611,#3616);
#3611 = PLANE('',#3612);
#3612 = AXIS2_PLACEMENT_3D('',#3613,#3614,#3615);
#3613 = CARTESIAN_POINT('',(14.1,-15.,8.));
#3614 = DIRECTION('',(-0.,1.,0.));
#3615 = DIRECTION('',(0.,0.,1.));
#3616 = DEFINITIONAL_REPRESENTATION('',(#3617),#3620);
#3617 = B_SPLINE_CURVE_WITH_KNOTS('',1,(#3618,#3619),.UNSPECIFIED.,.F.,
  .F.,(2,2),(4.,60.),.PIECEWISE_BEZIER_KNOTS.);
#3618 = CARTESIAN_POINT('',(0.,3.4));
#3619 = CARTESIAN_POINT('',(56.,3.4));
#3620 = ( GEOMETRIC_REPRESENTATION_CONTEXT(2) 
PARAMETRIC_REPRESENTATION_CONTEXT() REPRESENTATION_CONTEXT('2D SPACE',''
  ) );
#3621 = ORIENTED_EDGE('',*,*,#3622,.F.);
#3622 = EDGE_CURVE('',#3550,#3597,#3623,.T.);
#3623 = SURFACE_CURVE('',#3624,(#3628,#3634),.PCURVE_S1.);
#3624 = LINE('',#3625,#3626);
#3625 = CARTESIAN_POINT('',(17.5,-1.7,64.));
#3626 = VECTOR('',#3627,1.);
#3627 = DIRECTION('',(0.,-1.,0.));
#3628 = PCURVE('',#1025,#3629);
#3629 = DEFINITIONAL_REPRESENTATION('',(#3630),#3633);
#3630 = B_SPLINE_CURVE_WITH_KNOTS('',1,(#3631,#3632),.UNSPECIFIED.,.F.,
  .F.,(2,2),(-19.2,15.8),.PIECEWISE_BEZIER_KNOTS.);
#3631 = CARTESIAN_POINT('',(64.,-35.));
#3632 = CARTESIAN_POINT('',(64.,0.));
#3633 = ( GEOMETRIC_REPRESENTATION_CONTEXT(2) 
PARAMETRIC_REPRESENTATION_CONTEXT() REPRESENTATION_CONTEXT('2D SPACE',''
  ) );
#3634 = PCURVE('',#1379,#3635);
#3635 = DEFINITIONAL_REPRESENTATION('',(#3636),#3639);
#3636 = B_SPLINE_CURVE_WITH_KNOTS('',1,(#3637,#3638),.UNSPECIFIED.,.F.,
  .F.,(2,2),(-19.2,15.8),.PIECEWISE_BEZIER_KNOTS.);
#3637 = CARTESIAN_POINT('',(32.5,3.4));
#3638 = CARTESIAN_POINT('',(32.5,-31.6));
#3639 = ( GEOMETRIC_REPRESENTATION_CONTEXT(2) 
PARAMETRIC_REPRESENTATION_CONTEXT() REPRESENTATION_CONTEXT('2D SPACE',''
  ) );
#3640 = FACE_BOUND('',#3641,.T.);
#3641 = EDGE_LOOP('',(#3642,#3670,#3696,#3722));
#3642 = ORIENTED_EDGE('',*,*,#3643,.T.);
#3643 = EDGE_CURVE('',#3644,#3646,#3648,.T.);
#3644 = VERTEX_POINT('',#3645);
#3645 = CARTESIAN_POINT('',(17.5,15.,66.));
#3646 = VERTEX_POINT('',#3647);
#3647 = CARTESIAN_POINT('',(17.5,-15.,66.));
#3648 = SURFACE_CURVE('',#3649,(#3653,#3659),.PCURVE_S1.);
#3649 = LINE('',#3650,#3651);
#3650 = CARTESIAN_POINT('',(17.5,-16.25,66.));
#3651 = VECTOR('',#3652,1.);
#3652 = DIRECTION('',(0.,-1.,0.));
#3653 = PCURVE('',#1025,#3654);
#3654 = DEFINITIONAL_REPRESENTATION('',(#3655),#3658);
#3655 = B_SPLINE_CURVE_WITH_KNOTS('',1,(#3656,#3657),.UNSPECIFIED.,.F.,
  .F.,(2,2),(-31.25,-1.25),.PIECEWISE_BEZIER_KNOTS.);
#3656 = CARTESIAN_POINT('',(66.,-32.5));
#3657 = CARTESIAN_POINT('',(66.,-2.5));
#3658 = ( GEOMETRIC_REPRESENTATION_CONTEXT(2) 
PARAMETRIC_REPRESENTATION_CONTEXT() REPRESENTATION_CONTEXT('2D SPACE',''
  ) );
#3659 = PCURVE('',#3660,#3665);
#3660 = PLANE('',#3661);
#3661 = AXIS2_PLACEMENT_3D('',#3662,#3663,#3664);
#3662 = CARTESIAN_POINT('',(15.,-15.,66.));
#3663 = DIRECTION('',(0.,0.,1.));
#3664 = DIRECTION('',(1.,0.,-0.));
#3665 = DEFINITIONAL_REPRESENTATION('',(#3666),#3669);
#3666 = B_SPLINE_CURVE_WITH_KNOTS('',1,(#3667,#3668),.UNSPECIFIED.,.F.,
  .F.,(2,2),(-31.25,-1.25),.PIECEWISE_BEZIER_KNOTS.);
#3667 = CARTESIAN_POINT('',(2.5,30.));
#3668 = CARTESIAN_POINT('',(2.5,0.));
#3669 = ( GEOMETRIC_REPRESENTATION_CONTEXT(2) 
PARAMETRIC_REPRESENTATION_CONTEXT() REPRESENTATION_CONTEXT('2D SPACE',''
  ) );
#3670 = ORIENTED_EDGE('',*,*,#3671,.T.);
#3671 = EDGE_CURVE('',#3646,#3672,#3674,.T.);
#3672 = VERTEX_POINT('',#3673);
#3673 = CARTESIAN_POINT('',(17.5,-15.,84.));
#3674 = SURFACE_CURVE('',#3675,(#3679,#3685),.PCURVE_S1.);
#3675 = LINE('',#3676,#3677);
#3676 = CARTESIAN_POINT('',(17.5,-15.,33.));
#3677 = VECTOR('',#3678,1.);
#3678 = DIRECTION('',(0.,0.,1.));
#3679 = PCURVE('',#1025,#3680);
#3680 = DEFINITIONAL_REPRESENTATION('',(#3681),#3684);
#3681 = B_SPLINE_CURVE_WITH_KNOTS('',1,(#3682,#3683),.UNSPECIFIED.,.F.,
  .F.,(2,2),(33.,51.),.PIECEWISE_BEZIER_KNOTS.);
#3682 = CARTESIAN_POINT('',(66.,-2.5));
#3683 = CARTESIAN_POINT('',(84.,-2.5));
#3684 = ( GEOMETRIC_REPRESENTATION_CONTEXT(2) 
PARAMETRIC_REPRESENTATION_CONTEXT() REPRESENTATION_CONTEXT('2D SPACE',''
  ) );
#3685 = PCURVE('',#3686,#3691);
#3686 = PLANE('',#3687);
#3687 = AXIS2_PLACEMENT_3D('',#3688,#3689,#3690);
#3688 = CARTESIAN_POINT('',(15.,-15.,66.));
#3689 = DIRECTION('',(-0.,1.,0.));
#3690 = DIRECTION('',(0.,0.,1.));
#3691 = DEFINITIONAL_REPRESENTATION('',(#3692),#3695);
#3692 = B_SPLINE_CURVE_WITH_KNOTS('',1,(#3693,#3694),.UNSPECIFIED.,.F.,
  .F.,(2,2),(33.,51.),.PIECEWISE_BEZIER_KNOTS.);
#3693 = CARTESIAN_POINT('',(0.,2.5));
#3694 = CARTESIAN_POINT('',(18.,2.5));
#3695 = ( GEOMETRIC_REPRESENTATION_CONTEXT(2) 
PARAMETRIC_REPRESENTATION_CONTEXT() REPRESENTATION_CONTEXT('2D SPACE',''
  ) );
#3696 = ORIENTED_EDGE('',*,*,#3697,.F.);
#3697 = EDGE_CURVE('',#3698,#3672,#3700,.T.);
#3698 = VERTEX_POINT('',#3699);
#3699 = CARTESIAN_POINT('',(17.5,15.,84.));
#3700 = SURFACE_CURVE('',#3701,(#3705,#3711),.PCURVE_S1.);
#3701 = LINE('',#3702,#3703);
#3702 = CARTESIAN_POINT('',(17.5,-16.25,84.));
#3703 = VECTOR('',#3704,1.);
#3704 = DIRECTION('',(0.,-1.,0.));
#3705 = PCURVE('',#1025,#3706);
#3706 = DEFINITIONAL_REPRESENTATION('',(#3707),#3710);
#3707 = B_SPLINE_CURVE_WITH_KNOTS('',1,(#3708,#3709),.UNSPECIFIED.,.F.,
  .F.,(2,2),(-31.25,-1.25),.PIECEWISE_BEZIER_KNOTS.);
#3708 = CARTESIAN_POINT('',(84.,-32.5));
#3709 = CARTESIAN_POINT('',(84.,-2.5));
#3710 = ( GEOMETRIC_REPRESENTATION_CONTEXT(2) 
PARAMETRIC_REPRESENTATION_CONTEXT() REPRESENTATION_CONTEXT('2D SPACE',''
  ) );
#3711 = PCURVE('',#3712,#3717);
#3712 = PLANE('',#3713);
#3713 = AXIS2_PLACEMENT_3D('',#3714,#3715,#3716);
#3714 = CARTESIAN_POINT('',(15.,-15.,84.));
#3715 = DIRECTION('',(0.,0.,1.));
#3716 = DIRECTION('',(1.,0.,-0.));
#3717 = DEFINITIONAL_REPRESENTATION('',(#3718),#3721);
#3718 = B_SPLINE_CURVE_WITH_KNOTS('',1,(#3719,#3720),.UNSPECIFIED.,.F.,
  .F.,(2,2),(-31.25,-1.25),.PIECEWISE_BEZIER_KNOTS.);
#3719 = CARTESIAN_POINT('',(2.5,30.));
#3720 = CARTESIAN_POINT('',(2.5,0.));
#3721 = ( GEOMETRIC_REPRESENTATION_CONTEXT(2) 
PARAMETRIC_REPRESENTATION_CONTEXT() REPRESENTATION_CONTEXT('2D SPACE',''
  ) );
#3722 = ORIENTED_EDGE('',*,*,#3723,.F.);
#3723 = EDGE_CURVE('',#3644,#3698,#3724,.T.);
#3724 = SURFACE_CURVE('',#3725,(#3729,#3735),.PCURVE_S1.);
#3725 = LINE('',#3726,#3727);
#3726 = CARTESIAN_POINT('',(17.5,15.,33.));
#3727 = VECTOR('',#3728,1.);
#3728 = DIRECTION('',(0.,0.,1.));
#3729 = PCURVE('',#1025,#3730);
#3730 = DEFINITIONAL_REPRESENTATION('',(#3731),#3734);
#3731 = B_SPLINE_CURVE_WITH_KNOTS('',1,(#3732,#3733),.UNSPECIFIED.,.F.,
  .F.,(2,2),(33.,51.),.PIECEWISE_BEZIER_KNOTS.);
#3732 = CARTESIAN_POINT('',(66.,-32.5));
#3733 = CARTESIAN_POINT('',(84.,-32.5));
#3734 = ( GEOMETRIC_REPRESENTATION_CONTEXT(2) 
PARAMETRIC_REPRESENTATION_CONTEXT() REPRESENTATION_CONTEXT('2D SPACE',''
  ) );
#3735 = PCURVE('',#3736,#3741);
#3736 = PLANE('',#3737);
#3737 = AXIS2_PLACEMENT_3D('',#3738,#3739,#3740);
#3738 = CARTESIAN_POINT('',(15.,15.,66.));
#3739 = DIRECTION('',(-0.,1.,0.));
#3740 = DIRECTION('',(0.,0.,1.));
#3741 = DEFINITIONAL_REPRESENTATION('',(#3742),#3745);
#3742 = B_SPLINE_CURVE_WITH_KNOTS('',1,(#3743,#3744),.UNSPECIFIED.,.F.,
  .F.,(2,2),(33.,51.),.PIECEWISE_BEZIER_KNOTS.);
#3743 = CARTESIAN_POINT('',(0.,2.5));
#3744 = CARTESIAN_POINT('',(18.,2.5));
#3745 = ( GEOMETRIC_REPRESENTATION_CONTEXT(2) 
PARAMETRIC_REPRESENTATION_CONTEXT() REPRESENTATION_CONTEXT('2D SPACE',''
  ) );
#3746 = ADVANCED_FACE('',(#3747),#1077,.F.);
#3747 = FACE_BOUND('',#3748,.F.);
#3748 = EDGE_LOOP('',(#3749,#3750,#3773,#3800));
#3749 = ORIENTED_EDGE('',*,*,#1060,.F.);
#3750 = ORIENTED_EDGE('',*,*,#3751,.F.);
#3751 = EDGE_CURVE('',#3752,#1061,#3754,.T.);
#3752 = VERTEX_POINT('',#3753);
#3753 = CARTESIAN_POINT('',(13.25,-3.24531401774E-15,81.6));
#3754 = SEAM_CURVE('',#3755,(#3759,#3766),.PCURVE_S1.);
#3755 = LINE('',#3756,#3757);
#3756 = CARTESIAN_POINT('',(13.25,-3.24531401774E-15,81.6));
#3757 = VECTOR('',#3758,1.);
#3758 = DIRECTION('',(0.,0.,1.));
#3759 = PCURVE('',#1077,#3760);
#3760 = DEFINITIONAL_REPRESENTATION('',(#3761),#3765);
#3761 = LINE('',#3762,#3763);
#3762 = CARTESIAN_POINT('',(6.28318530718,-0.));
#3763 = VECTOR('',#3764,1.);
#3764 = DIRECTION('',(0.,1.));
#3765 = ( GEOMETRIC_REPRESENTATION_CONTEXT(2) 
PARAMETRIC_REPRESENTATION_CONTEXT() REPRESENTATION_CONTEXT('2D SPACE',''
  ) );
#3766 = PCURVE('',#1077,#3767);
#3767 = DEFINITIONAL_REPRESENTATION('',(#3768),#3772);
#3768 = LINE('',#3769,#3770);
#3769 = CARTESIAN_POINT('',(0.,-0.));
#3770 = VECTOR('',#3771,1.);
#3771 = DIRECTION('',(0.,1.));
#3772 = ( GEOMETRIC_REPRESENTATION_CONTEXT(2) 
PARAMETRIC_REPRESENTATION_CONTEXT() REPRESENTATION_CONTEXT('2D SPACE',''
  ) );
#3773 = ORIENTED_EDGE('',*,*,#3774,.T.);
#3774 = EDGE_CURVE('',#3752,#3752,#3775,.T.);
#3775 = SURFACE_CURVE('',#3776,(#3781,#3788),.PCURVE_S1.);
#3776 = CIRCLE('',#3777,13.25);
#3777 = AXIS2_PLACEMENT_3D('',#3778,#3779,#3780);
#3778 = CARTESIAN_POINT('',(0.,0.,81.6));
#3779 = DIRECTION('',(0.,0.,1.));
#3780 = DIRECTION('',(1.,0.,-0.));
#3781 = PCURVE('',#1077,#3782);
#3782 = DEFINITIONAL_REPRESENTATION('',(#3783),#3787);
#3783 = LINE('',#3784,#3785);
#3784 = CARTESIAN_POINT('',(0.,0.));
#3785 = VECTOR('',#3786,1.);
#3786 = DIRECTION('',(1.,0.));
#3787 = ( GEOMETRIC_REPRESENTATION_CONTEXT(2) 
PARAMETRIC_REPRESENTATION_CONTEXT() REPRESENTATION_CONTEXT('2D SPACE',''
  ) );
#3788 = PCURVE('',#3789,#3794);
#3789 = PLANE('',#3790);
#3790 = AXIS2_PLACEMENT_3D('',#3791,#3792,#3793);
#3791 = CARTESIAN_POINT('',(0.,0.,81.6));
#3792 = DIRECTION('',(0.,0.,1.));
#3793 = DIRECTION('',(1.,0.,-0.));
#3794 = DEFINITIONAL_REPRESENTATION('',(#3795),#3799);
#3795 = CIRCLE('',#3796,13.25);
#3796 = AXIS2_PLACEMENT_2D('',#3797,#3798);
#3797 = CARTESIAN_POINT('',(0.,0.));
#3798 = DIRECTION('',(1.,0.));
#3799 = ( GEOMETRIC_REPRESENTATION_CONTEXT(2) 
PARAMETRIC_REPRESENTATION_CONTEXT() REPRESENTATION_CONTEXT('2D SPACE',''
  ) );
#3800 = ORIENTED_EDGE('',*,*,#3751,.T.);
#3801 = ADVANCED_FACE('',(#3802),#1249,.F.);
#3802 = FACE_BOUND('',#3803,.F.);
#3803 = EDGE_LOOP('',(#3804,#3805,#3806,#3807,#3808,#3809,#3810,#3811));
#3804 = ORIENTED_EDGE('',*,*,#1671,.F.);
#3805 = ORIENTED_EDGE('',*,*,#1720,.T.);
#3806 = ORIENTED_EDGE('',*,*,#1744,.T.);
#3807 = ORIENTED_EDGE('',*,*,#1796,.T.);
#3808 = ORIENTED_EDGE('',*,*,#1233,.T.);
#3809 = ORIENTED_EDGE('',*,*,#1524,.F.);
#3810 = ORIENTED_EDGE('',*,*,#1548,.T.);
#3811 = ORIENTED_EDGE('',*,*,#1622,.F.);
#3812 = ADVANCED_FACE('',(#3813),#1176,.F.);
#3813 = FACE_BOUND('',#3814,.F.);
#3814 = EDGE_LOOP('',(#3815,#3816,#3817,#3818,#3819,#3820,#3821,#3822));
#3815 = ORIENTED_EDGE('',*,*,#1992,.F.);
#3816 = ORIENTED_EDGE('',*,*,#2041,.T.);
#3817 = ORIENTED_EDGE('',*,*,#2065,.T.);
#3818 = ORIENTED_EDGE('',*,*,#2117,.T.);
#3819 = ORIENTED_EDGE('',*,*,#1160,.T.);
#3820 = ORIENTED_EDGE('',*,*,#1845,.F.);
#3821 = ORIENTED_EDGE('',*,*,#1869,.T.);
#3822 = ORIENTED_EDGE('',*,*,#1943,.F.);
#3823 = ADVANCED_FACE('',(#3824),#1303,.T.);
#3824 = FACE_BOUND('',#3825,.T.);
#3825 = EDGE_LOOP('',(#3826,#3849,#3870,#3871,#3894,#3915,#3916,#3917));
#3826 = ORIENTED_EDGE('',*,*,#3827,.F.);
#3827 = EDGE_CURVE('',#3828,#3499,#3830,.T.);
#3828 = VERTEX_POINT('',#3829);
#3829 = CARTESIAN_POINT('',(-15.,14.1,8.));
#3830 = SURFACE_CURVE('',#3831,(#3835,#3842),.PCURVE_S1.);
#3831 = LINE('',#3832,#3833);
#3832 = CARTESIAN_POINT('',(-15.,14.1,8.));
#3833 = VECTOR('',#3834,1.);
#3834 = DIRECTION('',(0.,0.,1.));
#3835 = PCURVE('',#1303,#3836);
#3836 = DEFINITIONAL_REPRESENTATION('',(#3837),#3841);
#3837 = LINE('',#3838,#3839);
#3838 = CARTESIAN_POINT('',(0.,0.));
#3839 = VECTOR('',#3840,1.);
#3840 = DIRECTION('',(1.,0.));
#3841 = ( GEOMETRIC_REPRESENTATION_CONTEXT(2) 
PARAMETRIC_REPRESENTATION_CONTEXT() REPRESENTATION_CONTEXT('2D SPACE',''
  ) );
#3842 = PCURVE('',#3124,#3843);
#3843 = DEFINITIONAL_REPRESENTATION('',(#3844),#3848);
#3844 = LINE('',#3845,#3846);
#3845 = CARTESIAN_POINT('',(0.,0.));
#3846 = VECTOR('',#3847,1.);
#3847 = DIRECTION('',(1.,0.));
#3848 = ( GEOMETRIC_REPRESENTATION_CONTEXT(2) 
PARAMETRIC_REPRESENTATION_CONTEXT() REPRESENTATION_CONTEXT('2D SPACE',''
  ) );
#3849 = ORIENTED_EDGE('',*,*,#3850,.T.);
#3850 = EDGE_CURVE('',#3828,#1289,#3851,.T.);
#3851 = SURFACE_CURVE('',#3852,(#3856,#3863),.PCURVE_S1.);
#3852 = LINE('',#3853,#3854);
#3853 = CARTESIAN_POINT('',(-15.,14.1,8.));
#3854 = VECTOR('',#3855,1.);
#3855 = DIRECTION('',(-0.,1.,0.));
#3856 = PCURVE('',#1303,#3857);
#3857 = DEFINITIONAL_REPRESENTATION('',(#3858),#3862);
#3858 = LINE('',#3859,#3860);
#3859 = CARTESIAN_POINT('',(0.,0.));
#3860 = VECTOR('',#3861,1.);
#3861 = DIRECTION('',(0.,-1.));
#3862 = ( GEOMETRIC_REPRESENTATION_CONTEXT(2) 
PARAMETRIC_REPRESENTATION_CONTEXT() REPRESENTATION_CONTEXT('2D SPACE',''
  ) );
#3863 = PCURVE('',#1329,#3864);
#3864 = DEFINITIONAL_REPRESENTATION('',(#3865),#3869);
#3865 = LINE('',#3866,#3867);
#3866 = CARTESIAN_POINT('',(0.,0.));
#3867 = VECTOR('',#3868,1.);
#3868 = DIRECTION('',(0.,1.));
#3869 = ( GEOMETRIC_REPRESENTATION_CONTEXT(2) 
PARAMETRIC_REPRESENTATION_CONTEXT() REPRESENTATION_CONTEXT('2D SPACE',''
  ) );
#3870 = ORIENTED_EDGE('',*,*,#1286,.F.);
#3871 = ORIENTED_EDGE('',*,*,#3872,.F.);
#3872 = EDGE_CURVE('',#3873,#1287,#3875,.T.);
#3873 = VERTEX_POINT('',#3874);
#3874 = CARTESIAN_POINT('',(-15.,14.1,64.));
#3875 = SURFACE_CURVE('',#3876,(#3880,#3887),.PCURVE_S1.);
#3876 = LINE('',#3877,#3878);
#3877 = CARTESIAN_POINT('',(-15.,14.1,64.));
#3878 = VECTOR('',#3879,1.);
#3879 = DIRECTION('',(-0.,1.,0.));
#3880 = PCURVE('',#1303,#3881);
#3881 = DEFINITIONAL_REPRESENTATION('',(#3882),#3886);
#3882 = LINE('',#3883,#3884);
#3883 = CARTESIAN_POINT('',(56.,0.));
#3884 = VECTOR('',#3885,1.);
#3885 = DIRECTION('',(0.,-1.));
#3886 = ( GEOMETRIC_REPRESENTATION_CONTEXT(2) 
PARAMETRIC_REPRESENTATION_CONTEXT() REPRESENTATION_CONTEXT('2D SPACE',''
  ) );
#3887 = PCURVE('',#1379,#3888);
#3888 = DEFINITIONAL_REPRESENTATION('',(#3889),#3893);
#3889 = LINE('',#3890,#3891);
#3890 = CARTESIAN_POINT('',(0.,0.));
#3891 = VECTOR('',#3892,1.);
#3892 = DIRECTION('',(0.,1.));
#3893 = ( GEOMETRIC_REPRESENTATION_CONTEXT(2) 
PARAMETRIC_REPRESENTATION_CONTEXT() REPRESENTATION_CONTEXT('2D SPACE',''
  ) );
#3894 = ORIENTED_EDGE('',*,*,#3895,.F.);
#3895 = EDGE_CURVE('',#3110,#3873,#3896,.T.);
#3896 = SURFACE_CURVE('',#3897,(#3901,#3908),.PCURVE_S1.);
#3897 = LINE('',#3898,#3899);
#3898 = CARTESIAN_POINT('',(-15.,14.1,8.));
#3899 = VECTOR('',#3900,1.);
#3900 = DIRECTION('',(0.,0.,1.));
#3901 = PCURVE('',#1303,#3902);
#3902 = DEFINITIONAL_REPRESENTATION('',(#3903),#3907);
#3903 = LINE('',#3904,#3905);
#3904 = CARTESIAN_POINT('',(0.,0.));
#3905 = VECTOR('',#3906,1.);
#3906 = DIRECTION('',(1.,0.));
#3907 = ( GEOMETRIC_REPRESENTATION_CONTEXT(2) 
PARAMETRIC_REPRESENTATION_CONTEXT() REPRESENTATION_CONTEXT('2D SPACE',''
  ) );
#3908 = PCURVE('',#3124,#3909);
#3909 = DEFINITIONAL_REPRESENTATION('',(#3910),#3914);
#3910 = LINE('',#3911,#3912);
#3911 = CARTESIAN_POINT('',(0.,0.));
#3912 = VECTOR('',#3913,1.);
#3913 = DIRECTION('',(1.,0.));
#3914 = ( GEOMETRIC_REPRESENTATION_CONTEXT(2) 
PARAMETRIC_REPRESENTATION_CONTEXT() REPRESENTATION_CONTEXT('2D SPACE',''
  ) );
#3915 = ORIENTED_EDGE('',*,*,#3135,.T.);
#3916 = ORIENTED_EDGE('',*,*,#2959,.T.);
#3917 = ORIENTED_EDGE('',*,*,#3519,.F.);
#3918 = ADVANCED_FACE('',(#3919),#1379,.F.);
#3919 = FACE_BOUND('',#3920,.F.);
#3920 = EDGE_LOOP('',(#3921,#3944,#3965,#3966,#3967,#3990,#4018,#4041,
    #4062,#4063,#4086,#4107));
#3921 = ORIENTED_EDGE('',*,*,#3922,.F.);
#3922 = EDGE_CURVE('',#3923,#3550,#3925,.T.);
#3923 = VERTEX_POINT('',#3924);
#3924 = CARTESIAN_POINT('',(15.,15.,64.));
#3925 = SURFACE_CURVE('',#3926,(#3930,#3937),.PCURVE_S1.);
#3926 = LINE('',#3927,#3928);
#3927 = CARTESIAN_POINT('',(14.1,15.,64.));
#3928 = VECTOR('',#3929,1.);
#3929 = DIRECTION('',(1.,0.,-0.));
#3930 = PCURVE('',#1379,#3931);
#3931 = DEFINITIONAL_REPRESENTATION('',(#3932),#3936);
#3932 = LINE('',#3933,#3934);
#3933 = CARTESIAN_POINT('',(29.1,0.9));
#3934 = VECTOR('',#3935,1.);
#3935 = DIRECTION('',(1.,0.));
#3936 = ( GEOMETRIC_REPRESENTATION_CONTEXT(2) 
PARAMETRIC_REPRESENTATION_CONTEXT() REPRESENTATION_CONTEXT('2D SPACE',''
  ) );
#3937 = PCURVE('',#3564,#3938);
#3938 = DEFINITIONAL_REPRESENTATION('',(#3939),#3943);
#3939 = LINE('',#3940,#3941);
#3940 = CARTESIAN_POINT('',(56.,0.));
#3941 = VECTOR('',#3942,1.);
#3942 = DIRECTION('',(0.,1.));
#3943 = ( GEOMETRIC_REPRESENTATION_CONTEXT(2) 
PARAMETRIC_REPRESENTATION_CONTEXT() REPRESENTATION_CONTEXT('2D SPACE',''
  ) );
#3944 = ORIENTED_EDGE('',*,*,#3945,.T.);
#3945 = EDGE_CURVE('',#3923,#1341,#3946,.T.);
#3946 = SURFACE_CURVE('',#3947,(#3951,#3958),.PCURVE_S1.);
#3947 = LINE('',#3948,#3949);
#3948 = CARTESIAN_POINT('',(15.,14.1,64.));
#3949 = VECTOR('',#3950,1.);
#3950 = DIRECTION('',(-0.,1.,0.));
#3951 = PCURVE('',#1379,#3952);
#3952 = DEFINITIONAL_REPRESENTATION('',(#3953),#3957);
#3953 = LINE('',#3954,#3955);
#3954 = CARTESIAN_POINT('',(30.,0.));
#3955 = VECTOR('',#3956,1.);
#3956 = DIRECTION('',(0.,1.));
#3957 = ( GEOMETRIC_REPRESENTATION_CONTEXT(2) 
PARAMETRIC_REPRESENTATION_CONTEXT() REPRESENTATION_CONTEXT('2D SPACE',''
  ) );
#3958 = PCURVE('',#1355,#3959);
#3959 = DEFINITIONAL_REPRESENTATION('',(#3960),#3964);
#3960 = LINE('',#3961,#3962);
#3961 = CARTESIAN_POINT('',(56.,0.));
#3962 = VECTOR('',#3963,1.);
#3963 = DIRECTION('',(0.,-1.));
#3964 = ( GEOMETRIC_REPRESENTATION_CONTEXT(2) 
PARAMETRIC_REPRESENTATION_CONTEXT() REPRESENTATION_CONTEXT('2D SPACE',''
  ) );
#3965 = ORIENTED_EDGE('',*,*,#1366,.F.);
#3966 = ORIENTED_EDGE('',*,*,#3872,.F.);
#3967 = ORIENTED_EDGE('',*,*,#3968,.T.);
#3968 = EDGE_CURVE('',#3873,#3969,#3971,.T.);
#3969 = VERTEX_POINT('',#3970);
#3970 = CARTESIAN_POINT('',(14.1,14.1,64.));
#3971 = SURFACE_CURVE('',#3972,(#3976,#3983),.PCURVE_S1.);
#3972 = LINE('',#3973,#3974);
#3973 = CARTESIAN_POINT('',(-15.,14.1,64.));
#3974 = VECTOR('',#3975,1.);
#3975 = DIRECTION('',(1.,0.,-0.));
#3976 = PCURVE('',#1379,#3977);
#3977 = DEFINITIONAL_REPRESENTATION('',(#3978),#3982);
#3978 = LINE('',#3979,#3980);
#3979 = CARTESIAN_POINT('',(0.,0.));
#3980 = VECTOR('',#3981,1.);
#3981 = DIRECTION('',(1.,0.));
#3982 = ( GEOMETRIC_REPRESENTATION_CONTEXT(2) 
PARAMETRIC_REPRESENTATION_CONTEXT() REPRESENTATION_CONTEXT('2D SPACE',''
  ) );
#3983 = PCURVE('',#3124,#3984);
#3984 = DEFINITIONAL_REPRESENTATION('',(#3985),#3989);
#3985 = LINE('',#3986,#3987);
#3986 = CARTESIAN_POINT('',(56.,0.));
#3987 = VECTOR('',#3988,1.);
#3988 = DIRECTION('',(0.,1.));
#3989 = ( GEOMETRIC_REPRESENTATION_CONTEXT(2) 
PARAMETRIC_REPRESENTATION_CONTEXT() REPRESENTATION_CONTEXT('2D SPACE',''
  ) );
#3990 = ORIENTED_EDGE('',*,*,#3991,.F.);
#3991 = EDGE_CURVE('',#3992,#3969,#3994,.T.);
#3992 = VERTEX_POINT('',#3993);
#3993 = CARTESIAN_POINT('',(14.1,-14.1,64.));
#3994 = SURFACE_CURVE('',#3995,(#3999,#4006),.PCURVE_S1.);
#3995 = LINE('',#3996,#3997);
#3996 = CARTESIAN_POINT('',(14.1,-15.,64.));
#3997 = VECTOR('',#3998,1.);
#3998 = DIRECTION('',(-0.,1.,0.));
#3999 = PCURVE('',#1379,#4000);
#4000 = DEFINITIONAL_REPRESENTATION('',(#4001),#4005);
#4001 = LINE('',#4002,#4003);
#4002 = CARTESIAN_POINT('',(29.1,-29.1));
#4003 = VECTOR('',#4004,1.);
#4004 = DIRECTION('',(0.,1.));
#4005 = ( GEOMETRIC_REPRESENTATION_CONTEXT(2) 
PARAMETRIC_REPRESENTATION_CONTEXT() REPRESENTATION_CONTEXT('2D SPACE',''
  ) );
#4006 = PCURVE('',#4007,#4012);
#4007 = PLANE('',#4008);
#4008 = AXIS2_PLACEMENT_3D('',#4009,#4010,#4011);
#4009 = CARTESIAN_POINT('',(14.1,-15.,8.));
#4010 = DIRECTION('',(1.,0.,-0.));
#4011 = DIRECTION('',(0.,0.,1.));
#4012 = DEFINITIONAL_REPRESENTATION('',(#4013),#4017);
#4013 = LINE('',#4014,#4015);
#4014 = CARTESIAN_POINT('',(56.,0.));
#4015 = VECTOR('',#4016,1.);
#4016 = DIRECTION('',(0.,-1.));
#4017 = ( GEOMETRIC_REPRESENTATION_CONTEXT(2) 
PARAMETRIC_REPRESENTATION_CONTEXT() REPRESENTATION_CONTEXT('2D SPACE',''
  ) );
#4018 = ORIENTED_EDGE('',*,*,#4019,.F.);
#4019 = EDGE_CURVE('',#4020,#3992,#4022,.T.);
#4020 = VERTEX_POINT('',#4021);
#4021 = CARTESIAN_POINT('',(-15.,-14.1,64.));
#4022 = SURFACE_CURVE('',#4023,(#4027,#4034),.PCURVE_S1.);
#4023 = LINE('',#4024,#4025);
#4024 = CARTESIAN_POINT('',(-15.,-14.1,64.));
#4025 = VECTOR('',#4026,1.);
#4026 = DIRECTION('',(1.,0.,-0.));
#4027 = PCURVE('',#1379,#4028);
#4028 = DEFINITIONAL_REPRESENTATION('',(#4029),#4033);
#4029 = LINE('',#4030,#4031);
#4030 = CARTESIAN_POINT('',(0.,-28.2));
#4031 = VECTOR('',#4032,1.);
#4032 = DIRECTION('',(1.,0.));
#4033 = ( GEOMETRIC_REPRESENTATION_CONTEXT(2) 
PARAMETRIC_REPRESENTATION_CONTEXT() REPRESENTATION_CONTEXT('2D SPACE',''
  ) );
#4034 = PCURVE('',#3070,#4035);
#4035 = DEFINITIONAL_REPRESENTATION('',(#4036),#4040);
#4036 = LINE('',#4037,#4038);
#4037 = CARTESIAN_POINT('',(56.,0.));
#4038 = VECTOR('',#4039,1.);
#4039 = DIRECTION('',(0.,1.));
#4040 = ( GEOMETRIC_REPRESENTATION_CONTEXT(2) 
PARAMETRIC_REPRESENTATION_CONTEXT() REPRESENTATION_CONTEXT('2D SPACE',''
  ) );
#4041 = ORIENTED_EDGE('',*,*,#4042,.F.);
#4042 = EDGE_CURVE('',#2509,#4020,#4043,.T.);
#4043 = SURFACE_CURVE('',#4044,(#4048,#4055),.PCURVE_S1.);
#4044 = LINE('',#4045,#4046);
#4045 = CARTESIAN_POINT('',(-15.,-18.5,64.));
#4046 = VECTOR('',#4047,1.);
#4047 = DIRECTION('',(-0.,1.,0.));
#4048 = PCURVE('',#1379,#4049);
#4049 = DEFINITIONAL_REPRESENTATION('',(#4050),#4054);
#4050 = LINE('',#4051,#4052);
#4051 = CARTESIAN_POINT('',(0.,-32.6));
#4052 = VECTOR('',#4053,1.);
#4053 = DIRECTION('',(0.,1.));
#4054 = ( GEOMETRIC_REPRESENTATION_CONTEXT(2) 
PARAMETRIC_REPRESENTATION_CONTEXT() REPRESENTATION_CONTEXT('2D SPACE',''
  ) );
#4055 = PCURVE('',#2525,#4056);
#4056 = DEFINITIONAL_REPRESENTATION('',(#4057),#4061);
#4057 = LINE('',#4058,#4059);
#4058 = CARTESIAN_POINT('',(56.,0.));
#4059 = VECTOR('',#4060,1.);
#4060 = DIRECTION('',(0.,-1.));
#4061 = ( GEOMETRIC_REPRESENTATION_CONTEXT(2) 
PARAMETRIC_REPRESENTATION_CONTEXT() REPRESENTATION_CONTEXT('2D SPACE',''
  ) );
#4062 = ORIENTED_EDGE('',*,*,#2583,.T.);
#4063 = ORIENTED_EDGE('',*,*,#4064,.T.);
#4064 = EDGE_CURVE('',#2558,#4065,#4067,.T.);
#4065 = VERTEX_POINT('',#4066);
#4066 = CARTESIAN_POINT('',(15.,-15.,64.));
#4067 = SURFACE_CURVE('',#4068,(#4072,#4079),.PCURVE_S1.);
#4068 = LINE('',#4069,#4070);
#4069 = CARTESIAN_POINT('',(15.,-18.5,64.));
#4070 = VECTOR('',#4071,1.);
#4071 = DIRECTION('',(-0.,1.,0.));
#4072 = PCURVE('',#1379,#4073);
#4073 = DEFINITIONAL_REPRESENTATION('',(#4074),#4078);
#4074 = LINE('',#4075,#4076);
#4075 = CARTESIAN_POINT('',(30.,-32.6));
#4076 = VECTOR('',#4077,1.);
#4077 = DIRECTION('',(0.,1.));
#4078 = ( GEOMETRIC_REPRESENTATION_CONTEXT(2) 
PARAMETRIC_REPRESENTATION_CONTEXT() REPRESENTATION_CONTEXT('2D SPACE',''
  ) );
#4079 = PCURVE('',#2572,#4080);
#4080 = DEFINITIONAL_REPRESENTATION('',(#4081),#4085);
#4081 = LINE('',#4082,#4083);
#4082 = CARTESIAN_POINT('',(56.,0.));
#4083 = VECTOR('',#4084,1.);
#4084 = DIRECTION('',(0.,-1.));
#4085 = ( GEOMETRIC_REPRESENTATION_CONTEXT(2) 
PARAMETRIC_REPRESENTATION_CONTEXT() REPRESENTATION_CONTEXT('2D SPACE',''
  ) );
#4086 = ORIENTED_EDGE('',*,*,#4087,.T.);
#4087 = EDGE_CURVE('',#4065,#3597,#4088,.T.);
#4088 = SURFACE_CURVE('',#4089,(#4093,#4100),.PCURVE_S1.);
#4089 = LINE('',#4090,#4091);
#4090 = CARTESIAN_POINT('',(14.1,-15.,64.));
#4091 = VECTOR('',#4092,1.);
#4092 = DIRECTION('',(1.,0.,-0.));
#4093 = PCURVE('',#1379,#4094);
#4094 = DEFINITIONAL_REPRESENTATION('',(#4095),#4099);
#4095 = LINE('',#4096,#4097);
#4096 = CARTESIAN_POINT('',(29.1,-29.1));
#4097 = VECTOR('',#4098,1.);
#4098 = DIRECTION('',(1.,0.));
#4099 = ( GEOMETRIC_REPRESENTATION_CONTEXT(2) 
PARAMETRIC_REPRESENTATION_CONTEXT() REPRESENTATION_CONTEXT('2D SPACE',''
  ) );
#4100 = PCURVE('',#3611,#4101);
#4101 = DEFINITIONAL_REPRESENTATION('',(#4102),#4106);
#4102 = LINE('',#4103,#4104);
#4103 = CARTESIAN_POINT('',(56.,0.));
#4104 = VECTOR('',#4105,1.);
#4105 = DIRECTION('',(0.,1.));
#4106 = ( GEOMETRIC_REPRESENTATION_CONTEXT(2) 
PARAMETRIC_REPRESENTATION_CONTEXT() REPRESENTATION_CONTEXT('2D SPACE',''
  ) );
#4107 = ORIENTED_EDGE('',*,*,#3622,.F.);
#4108 = ADVANCED_FACE('',(#4109),#1355,.F.);
#4109 = FACE_BOUND('',#4110,.F.);
#4110 = EDGE_LOOP('',(#4111,#4112,#4133,#4154));
#4111 = ORIENTED_EDGE('',*,*,#3945,.F.);
#4112 = ORIENTED_EDGE('',*,*,#4113,.T.);
#4113 = EDGE_CURVE('',#3923,#4114,#4116,.T.);
#4114 = VERTEX_POINT('',#4115);
#4115 = CARTESIAN_POINT('',(15.,15.,8.));
#4116 = SURFACE_CURVE('',#4117,(#4121,#4127),.PCURVE_S1.);
#4117 = LINE('',#4118,#4119);
#4118 = CARTESIAN_POINT('',(15.,15.,8.));
#4119 = VECTOR('',#4120,1.);
#4120 = DIRECTION('',(-0.,0.,-1.));
#4121 = PCURVE('',#1355,#4122);
#4122 = DEFINITIONAL_REPRESENTATION('',(#4123),#4126);
#4123 = B_SPLINE_CURVE_WITH_KNOTS('',1,(#4124,#4125),.UNSPECIFIED.,.F.,
  .F.,(2,2),(-56.,-0.),.PIECEWISE_BEZIER_KNOTS.);
#4124 = CARTESIAN_POINT('',(56.,-0.9));
#4125 = CARTESIAN_POINT('',(0.,-0.9));
#4126 = ( GEOMETRIC_REPRESENTATION_CONTEXT(2) 
PARAMETRIC_REPRESENTATION_CONTEXT() REPRESENTATION_CONTEXT('2D SPACE',''
  ) );
#4127 = PCURVE('',#3564,#4128);
#4128 = DEFINITIONAL_REPRESENTATION('',(#4129),#4132);
#4129 = B_SPLINE_CURVE_WITH_KNOTS('',1,(#4130,#4131),.UNSPECIFIED.,.F.,
  .F.,(2,2),(-56.,-0.),.PIECEWISE_BEZIER_KNOTS.);
#4130 = CARTESIAN_POINT('',(56.,0.9));
#4131 = CARTESIAN_POINT('',(0.,0.9));
#4132 = ( GEOMETRIC_REPRESENTATION_CONTEXT(2) 
PARAMETRIC_REPRESENTATION_CONTEXT() REPRESENTATION_CONTEXT('2D SPACE',''
  ) );
#4133 = ORIENTED_EDGE('',*,*,#4134,.T.);
#4134 = EDGE_CURVE('',#4114,#1315,#4135,.T.);
#4135 = SURFACE_CURVE('',#4136,(#4140,#4147),.PCURVE_S1.);
#4136 = LINE('',#4137,#4138);
#4137 = CARTESIAN_POINT('',(15.,14.1,8.));
#4138 = VECTOR('',#4139,1.);
#4139 = DIRECTION('',(-0.,1.,0.));
#4140 = PCURVE('',#1355,#4141);
#4141 = DEFINITIONAL_REPRESENTATION('',(#4142),#4146);
#4142 = LINE('',#4143,#4144);
#4143 = CARTESIAN_POINT('',(0.,0.));
#4144 = VECTOR('',#4145,1.);
#4145 = DIRECTION('',(0.,-1.));
#4146 = ( GEOMETRIC_REPRESENTATION_CONTEXT(2) 
PARAMETRIC_REPRESENTATION_CONTEXT() REPRESENTATION_CONTEXT('2D SPACE',''
  ) );
#4147 = PCURVE('',#1329,#4148);
#4148 = DEFINITIONAL_REPRESENTATION('',(#4149),#4153);
#4149 = LINE('',#4150,#4151);
#4150 = CARTESIAN_POINT('',(30.,0.));
#4151 = VECTOR('',#4152,1.);
#4152 = DIRECTION('',(0.,1.));
#4153 = ( GEOMETRIC_REPRESENTATION_CONTEXT(2) 
PARAMETRIC_REPRESENTATION_CONTEXT() REPRESENTATION_CONTEXT('2D SPACE',''
  ) );
#4154 = ORIENTED_EDGE('',*,*,#1340,.F.);
#4155 = ADVANCED_FACE('',(#4156),#1329,.T.);
#4156 = FACE_BOUND('',#4157,.T.);
#4157 = EDGE_LOOP('',(#4158,#4179,#4180,#4181,#4182,#4205,#4229,#4253,
    #4276,#4299,#4322,#4346,#4370,#4393,#4414,#4415,#4438,#4459));
#4158 = ORIENTED_EDGE('',*,*,#4159,.F.);
#4159 = EDGE_CURVE('',#4114,#3548,#4160,.T.);
#4160 = SURFACE_CURVE('',#4161,(#4165,#4172),.PCURVE_S1.);
#4161 = LINE('',#4162,#4163);
#4162 = CARTESIAN_POINT('',(14.1,15.,8.));
#4163 = VECTOR('',#4164,1.);
#4164 = DIRECTION('',(1.,0.,-0.));
#4165 = PCURVE('',#1329,#4166);
#4166 = DEFINITIONAL_REPRESENTATION('',(#4167),#4171);
#4167 = LINE('',#4168,#4169);
#4168 = CARTESIAN_POINT('',(29.1,0.9));
#4169 = VECTOR('',#4170,1.);
#4170 = DIRECTION('',(1.,0.));
#4171 = ( GEOMETRIC_REPRESENTATION_CONTEXT(2) 
PARAMETRIC_REPRESENTATION_CONTEXT() REPRESENTATION_CONTEXT('2D SPACE',''
  ) );
#4172 = PCURVE('',#3564,#4173);
#4173 = DEFINITIONAL_REPRESENTATION('',(#4174),#4178);
#4174 = LINE('',#4175,#4176);
#4175 = CARTESIAN_POINT('',(0.,0.));
#4176 = VECTOR('',#4177,1.);
#4177 = DIRECTION('',(0.,1.));
#4178 = ( GEOMETRIC_REPRESENTATION_CONTEXT(2) 
PARAMETRIC_REPRESENTATION_CONTEXT() REPRESENTATION_CONTEXT('2D SPACE',''
  ) );
#4179 = ORIENTED_EDGE('',*,*,#4134,.T.);
#4180 = ORIENTED_EDGE('',*,*,#1314,.F.);
#4181 = ORIENTED_EDGE('',*,*,#3850,.F.);
#4182 = ORIENTED_EDGE('',*,*,#4183,.T.);
#4183 = EDGE_CURVE('',#3828,#4184,#4186,.T.);
#4184 = VERTEX_POINT('',#4185);
#4185 = CARTESIAN_POINT('',(-0.867467578645,14.1,8.));
#4186 = SURFACE_CURVE('',#4187,(#4191,#4198),.PCURVE_S1.);
#4187 = LINE('',#4188,#4189);
#4188 = CARTESIAN_POINT('',(-15.,14.1,8.));
#4189 = VECTOR('',#4190,1.);
#4190 = DIRECTION('',(1.,0.,-0.));
#4191 = PCURVE('',#1329,#4192);
#4192 = DEFINITIONAL_REPRESENTATION('',(#4193),#4197);
#4193 = LINE('',#4194,#4195);
#4194 = CARTESIAN_POINT('',(0.,0.));
#4195 = VECTOR('',#4196,1.);
#4196 = DIRECTION('',(1.,0.));
#4197 = ( GEOMETRIC_REPRESENTATION_CONTEXT(2) 
PARAMETRIC_REPRESENTATION_CONTEXT() REPRESENTATION_CONTEXT('2D SPACE',''
  ) );
#4198 = PCURVE('',#3124,#4199);
#4199 = DEFINITIONAL_REPRESENTATION('',(#4200),#4204);
#4200 = LINE('',#4201,#4202);
#4201 = CARTESIAN_POINT('',(0.,0.));
#4202 = VECTOR('',#4203,1.);
#4203 = DIRECTION('',(0.,1.));
#4204 = ( GEOMETRIC_REPRESENTATION_CONTEXT(2) 
PARAMETRIC_REPRESENTATION_CONTEXT() REPRESENTATION_CONTEXT('2D SPACE',''
  ) );
#4205 = ORIENTED_EDGE('',*,*,#4206,.F.);
#4206 = EDGE_CURVE('',#4207,#4184,#4209,.T.);
#4207 = VERTEX_POINT('',#4208);
#4208 = CARTESIAN_POINT('',(1.25,15.,8.));
#4209 = SURFACE_CURVE('',#4210,(#4215,#4222),.PCURVE_S1.);
#4210 = CIRCLE('',#4211,1.25);
#4211 = AXIS2_PLACEMENT_3D('',#4212,#4213,#4214);
#4212 = CARTESIAN_POINT('',(0.,15.,8.));
#4213 = DIRECTION('',(0.,0.,1.));
#4214 = DIRECTION('',(1.,0.,-0.));
#4215 = PCURVE('',#1329,#4216);
#4216 = DEFINITIONAL_REPRESENTATION('',(#4217),#4221);
#4217 = CIRCLE('',#4218,1.25);
#4218 = AXIS2_PLACEMENT_2D('',#4219,#4220);
#4219 = CARTESIAN_POINT('',(15.,0.9));
#4220 = DIRECTION('',(1.,0.));
#4221 = ( GEOMETRIC_REPRESENTATION_CONTEXT(2) 
PARAMETRIC_REPRESENTATION_CONTEXT() REPRESENTATION_CONTEXT('2D SPACE',''
  ) );
#4222 = PCURVE('',#2436,#4223);
#4223 = DEFINITIONAL_REPRESENTATION('',(#4224),#4228);
#4224 = LINE('',#4225,#4226);
#4225 = CARTESIAN_POINT('',(0.,8.));
#4226 = VECTOR('',#4227,1.);
#4227 = DIRECTION('',(1.,0.));
#4228 = ( GEOMETRIC_REPRESENTATION_CONTEXT(2) 
PARAMETRIC_REPRESENTATION_CONTEXT() REPRESENTATION_CONTEXT('2D SPACE',''
  ) );
#4229 = ORIENTED_EDGE('',*,*,#4230,.F.);
#4230 = EDGE_CURVE('',#4231,#4207,#4233,.T.);
#4231 = VERTEX_POINT('',#4232);
#4232 = CARTESIAN_POINT('',(0.867467578645,14.1,8.));
#4233 = SURFACE_CURVE('',#4234,(#4239,#4246),.PCURVE_S1.);
#4234 = CIRCLE('',#4235,1.25);
#4235 = AXIS2_PLACEMENT_3D('',#4236,#4237,#4238);
#4236 = CARTESIAN_POINT('',(0.,15.,8.));
#4237 = DIRECTION('',(0.,0.,1.));
#4238 = DIRECTION('',(1.,0.,-0.));
#4239 = PCURVE('',#1329,#4240);
#4240 = DEFINITIONAL_REPRESENTATION('',(#4241),#4245);
#4241 = CIRCLE('',#4242,1.25);
#4242 = AXIS2_PLACEMENT_2D('',#4243,#4244);
#4243 = CARTESIAN_POINT('',(15.,0.9));
#4244 = DIRECTION('',(1.,0.));
#4245 = ( GEOMETRIC_REPRESENTATION_CONTEXT(2) 
PARAMETRIC_REPRESENTATION_CONTEXT() REPRESENTATION_CONTEXT('2D SPACE',''
  ) );
#4246 = PCURVE('',#2436,#4247);
#4247 = DEFINITIONAL_REPRESENTATION('',(#4248),#4252);
#4248 = LINE('',#4249,#4250);
#4249 = CARTESIAN_POINT('',(0.,8.));
#4250 = VECTOR('',#4251,1.);
#4251 = DIRECTION('',(1.,0.));
#4252 = ( GEOMETRIC_REPRESENTATION_CONTEXT(2) 
PARAMETRIC_REPRESENTATION_CONTEXT() REPRESENTATION_CONTEXT('2D SPACE',''
  ) );
#4253 = ORIENTED_EDGE('',*,*,#4254,.T.);
#4254 = EDGE_CURVE('',#4231,#4255,#4257,.T.);
#4255 = VERTEX_POINT('',#4256);
#4256 = CARTESIAN_POINT('',(14.1,14.1,8.));
#4257 = SURFACE_CURVE('',#4258,(#4262,#4269),.PCURVE_S1.);
#4258 = LINE('',#4259,#4260);
#4259 = CARTESIAN_POINT('',(-15.,14.1,8.));
#4260 = VECTOR('',#4261,1.);
#4261 = DIRECTION('',(1.,0.,-0.));
#4262 = PCURVE('',#1329,#4263);
#4263 = DEFINITIONAL_REPRESENTATION('',(#4264),#4268);
#4264 = LINE('',#4265,#4266);
#4265 = CARTESIAN_POINT('',(0.,0.));
#4266 = VECTOR('',#4267,1.);
#4267 = DIRECTION('',(1.,0.));
#4268 = ( GEOMETRIC_REPRESENTATION_CONTEXT(2) 
PARAMETRIC_REPRESENTATION_CONTEXT() REPRESENTATION_CONTEXT('2D SPACE',''
  ) );
#4269 = PCURVE('',#3124,#4270);
#4270 = DEFINITIONAL_REPRESENTATION('',(#4271),#4275);
#4271 = LINE('',#4272,#4273);
#4272 = CARTESIAN_POINT('',(0.,0.));
#4273 = VECTOR('',#4274,1.);
#4274 = DIRECTION('',(0.,1.));
#4275 = ( GEOMETRIC_REPRESENTATION_CONTEXT(2) 
PARAMETRIC_REPRESENTATION_CONTEXT() REPRESENTATION_CONTEXT('2D SPACE',''
  ) );
#4276 = ORIENTED_EDGE('',*,*,#4277,.F.);
#4277 = EDGE_CURVE('',#4278,#4255,#4280,.T.);
#4278 = VERTEX_POINT('',#4279);
#4279 = CARTESIAN_POINT('',(14.1,-14.1,8.));
#4280 = SURFACE_CURVE('',#4281,(#4285,#4292),.PCURVE_S1.);
#4281 = LINE('',#4282,#4283);
#4282 = CARTESIAN_POINT('',(14.1,-15.,8.));
#4283 = VECTOR('',#4284,1.);
#4284 = DIRECTION('',(-0.,1.,0.));
#4285 = PCURVE('',#1329,#4286);
#4286 = DEFINITIONAL_REPRESENTATION('',(#4287),#4291);
#4287 = LINE('',#4288,#4289);
#4288 = CARTESIAN_POINT('',(29.1,-29.1));
#4289 = VECTOR('',#4290,1.);
#4290 = DIRECTION('',(0.,1.));
#4291 = ( GEOMETRIC_REPRESENTATION_CONTEXT(2) 
PARAMETRIC_REPRESENTATION_CONTEXT() REPRESENTATION_CONTEXT('2D SPACE',''
  ) );
#4292 = PCURVE('',#4007,#4293);
#4293 = DEFINITIONAL_REPRESENTATION('',(#4294),#4298);
#4294 = LINE('',#4295,#4296);
#4295 = CARTESIAN_POINT('',(0.,0.));
#4296 = VECTOR('',#4297,1.);
#4297 = DIRECTION('',(0.,-1.));
#4298 = ( GEOMETRIC_REPRESENTATION_CONTEXT(2) 
PARAMETRIC_REPRESENTATION_CONTEXT() REPRESENTATION_CONTEXT('2D SPACE',''
  ) );
#4299 = ORIENTED_EDGE('',*,*,#4300,.F.);
#4300 = EDGE_CURVE('',#4301,#4278,#4303,.T.);
#4301 = VERTEX_POINT('',#4302);
#4302 = CARTESIAN_POINT('',(0.867467578645,-14.1,8.));
#4303 = SURFACE_CURVE('',#4304,(#4308,#4315),.PCURVE_S1.);
#4304 = LINE('',#4305,#4306);
#4305 = CARTESIAN_POINT('',(-15.,-14.1,8.));
#4306 = VECTOR('',#4307,1.);
#4307 = DIRECTION('',(1.,0.,-0.));
#4308 = PCURVE('',#1329,#4309);
#4309 = DEFINITIONAL_REPRESENTATION('',(#4310),#4314);
#4310 = LINE('',#4311,#4312);
#4311 = CARTESIAN_POINT('',(0.,-28.2));
#4312 = VECTOR('',#4313,1.);
#4313 = DIRECTION('',(1.,0.));
#4314 = ( GEOMETRIC_REPRESENTATION_CONTEXT(2) 
PARAMETRIC_REPRESENTATION_CONTEXT() REPRESENTATION_CONTEXT('2D SPACE',''
  ) );
#4315 = PCURVE('',#3070,#4316);
#4316 = DEFINITIONAL_REPRESENTATION('',(#4317),#4321);
#4317 = LINE('',#4318,#4319);
#4318 = CARTESIAN_POINT('',(0.,0.));
#4319 = VECTOR('',#4320,1.);
#4320 = DIRECTION('',(0.,1.));
#4321 = ( GEOMETRIC_REPRESENTATION_CONTEXT(2) 
PARAMETRIC_REPRESENTATION_CONTEXT() REPRESENTATION_CONTEXT('2D SPACE',''
  ) );
#4322 = ORIENTED_EDGE('',*,*,#4323,.F.);
#4323 = EDGE_CURVE('',#4324,#4301,#4326,.T.);
#4324 = VERTEX_POINT('',#4325);
#4325 = CARTESIAN_POINT('',(1.25,-15.,8.));
#4326 = SURFACE_CURVE('',#4327,(#4332,#4339),.PCURVE_S1.);
#4327 = CIRCLE('',#4328,1.25);
#4328 = AXIS2_PLACEMENT_3D('',#4329,#4330,#4331);
#4329 = CARTESIAN_POINT('',(0.,-15.,8.));
#4330 = DIRECTION('',(0.,0.,1.));
#4331 = DIRECTION('',(1.,0.,-0.));
#4332 = PCURVE('',#1329,#4333);
#4333 = DEFINITIONAL_REPRESENTATION('',(#4334),#4338);
#4334 = CIRCLE('',#4335,1.25);
#4335 = AXIS2_PLACEMENT_2D('',#4336,#4337);
#4336 = CARTESIAN_POINT('',(15.,-29.1));
#4337 = DIRECTION('',(1.,0.));
#4338 = ( GEOMETRIC_REPRESENTATION_CONTEXT(2) 
PARAMETRIC_REPRESENTATION_CONTEXT() REPRESENTATION_CONTEXT('2D SPACE',''
  ) );
#4339 = PCURVE('',#2237,#4340);
#4340 = DEFINITIONAL_REPRESENTATION('',(#4341),#4345);
#4341 = LINE('',#4342,#4343);
#4342 = CARTESIAN_POINT('',(0.,8.));
#4343 = VECTOR('',#4344,1.);
#4344 = DIRECTION('',(1.,0.));
#4345 = ( GEOMETRIC_REPRESENTATION_CONTEXT(2) 
PARAMETRIC_REPRESENTATION_CONTEXT() REPRESENTATION_CONTEXT('2D SPACE',''
  ) );
#4346 = ORIENTED_EDGE('',*,*,#4347,.F.);
#4347 = EDGE_CURVE('',#4348,#4324,#4350,.T.);
#4348 = VERTEX_POINT('',#4349);
#4349 = CARTESIAN_POINT('',(-0.867467578645,-14.1,8.));
#4350 = SURFACE_CURVE('',#4351,(#4356,#4363),.PCURVE_S1.);
#4351 = CIRCLE('',#4352,1.25);
#4352 = AXIS2_PLACEMENT_3D('',#4353,#4354,#4355);
#4353 = CARTESIAN_POINT('',(0.,-15.,8.));
#4354 = DIRECTION('',(0.,0.,1.));
#4355 = DIRECTION('',(1.,0.,-0.));
#4356 = PCURVE('',#1329,#4357);
#4357 = DEFINITIONAL_REPRESENTATION('',(#4358),#4362);
#4358 = CIRCLE('',#4359,1.25);
#4359 = AXIS2_PLACEMENT_2D('',#4360,#4361);
#4360 = CARTESIAN_POINT('',(15.,-29.1));
#4361 = DIRECTION('',(1.,0.));
#4362 = ( GEOMETRIC_REPRESENTATION_CONTEXT(2) 
PARAMETRIC_REPRESENTATION_CONTEXT() REPRESENTATION_CONTEXT('2D SPACE',''
  ) );
#4363 = PCURVE('',#2237,#4364);
#4364 = DEFINITIONAL_REPRESENTATION('',(#4365),#4369);
#4365 = LINE('',#4366,#4367);
#4366 = CARTESIAN_POINT('',(0.,8.));
#4367 = VECTOR('',#4368,1.);
#4368 = DIRECTION('',(1.,0.));
#4369 = ( GEOMETRIC_REPRESENTATION_CONTEXT(2) 
PARAMETRIC_REPRESENTATION_CONTEXT() REPRESENTATION_CONTEXT('2D SPACE',''
  ) );
#4370 = ORIENTED_EDGE('',*,*,#4371,.F.);
#4371 = EDGE_CURVE('',#4372,#4348,#4374,.T.);
#4372 = VERTEX_POINT('',#4373);
#4373 = CARTESIAN_POINT('',(-15.,-14.1,8.));
#4374 = SURFACE_CURVE('',#4375,(#4379,#4386),.PCURVE_S1.);
#4375 = LINE('',#4376,#4377);
#4376 = CARTESIAN_POINT('',(-15.,-14.1,8.));
#4377 = VECTOR('',#4378,1.);
#4378 = DIRECTION('',(1.,0.,-0.));
#4379 = PCURVE('',#1329,#4380);
#4380 = DEFINITIONAL_REPRESENTATION('',(#4381),#4385);
#4381 = LINE('',#4382,#4383);
#4382 = CARTESIAN_POINT('',(0.,-28.2));
#4383 = VECTOR('',#4384,1.);
#4384 = DIRECTION('',(1.,0.));
#4385 = ( GEOMETRIC_REPRESENTATION_CONTEXT(2) 
PARAMETRIC_REPRESENTATION_CONTEXT() REPRESENTATION_CONTEXT('2D SPACE',''
  ) );
#4386 = PCURVE('',#3070,#4387);
#4387 = DEFINITIONAL_REPRESENTATION('',(#4388),#4392);
#4388 = LINE('',#4389,#4390);
#4389 = CARTESIAN_POINT('',(0.,0.));
#4390 = VECTOR('',#4391,1.);
#4391 = DIRECTION('',(0.,1.));
#4392 = ( GEOMETRIC_REPRESENTATION_CONTEXT(2) 
PARAMETRIC_REPRESENTATION_CONTEXT() REPRESENTATION_CONTEXT('2D SPACE',''
  ) );
#4393 = ORIENTED_EDGE('',*,*,#4394,.F.);
#4394 = EDGE_CURVE('',#2511,#4372,#4395,.T.);
#4395 = SURFACE_CURVE('',#4396,(#4400,#4407),.PCURVE_S1.);
#4396 = LINE('',#4397,#4398);
#4397 = CARTESIAN_POINT('',(-15.,-18.5,8.));
#4398 = VECTOR('',#4399,1.);
#4399 = DIRECTION('',(-0.,1.,0.));
#4400 = PCURVE('',#1329,#4401);
#4401 = DEFINITIONAL_REPRESENTATION('',(#4402),#4406);
#4402 = LINE('',#4403,#4404);
#4403 = CARTESIAN_POINT('',(0.,-32.6));
#4404 = VECTOR('',#4405,1.);
#4405 = DIRECTION('',(0.,1.));
#4406 = ( GEOMETRIC_REPRESENTATION_CONTEXT(2) 
PARAMETRIC_REPRESENTATION_CONTEXT() REPRESENTATION_CONTEXT('2D SPACE',''
  ) );
#4407 = PCURVE('',#2525,#4408);
#4408 = DEFINITIONAL_REPRESENTATION('',(#4409),#4413);
#4409 = LINE('',#4410,#4411);
#4410 = CARTESIAN_POINT('',(0.,0.));
#4411 = VECTOR('',#4412,1.);
#4412 = DIRECTION('',(0.,-1.));
#4413 = ( GEOMETRIC_REPRESENTATION_CONTEXT(2) 
PARAMETRIC_REPRESENTATION_CONTEXT() REPRESENTATION_CONTEXT('2D SPACE',''
  ) );
#4414 = ORIENTED_EDGE('',*,*,#2536,.T.);
#4415 = ORIENTED_EDGE('',*,*,#4416,.T.);
#4416 = EDGE_CURVE('',#2537,#4417,#4419,.T.);
#4417 = VERTEX_POINT('',#4418);
#4418 = CARTESIAN_POINT('',(15.,-15.,8.));
#4419 = SURFACE_CURVE('',#4420,(#4424,#4431),.PCURVE_S1.);
#4420 = LINE('',#4421,#4422);
#4421 = CARTESIAN_POINT('',(15.,-18.5,8.));
#4422 = VECTOR('',#4423,1.);
#4423 = DIRECTION('',(-0.,1.,0.));
#4424 = PCURVE('',#1329,#4425);
#4425 = DEFINITIONAL_REPRESENTATION('',(#4426),#4430);
#4426 = LINE('',#4427,#4428);
#4427 = CARTESIAN_POINT('',(30.,-32.6));
#4428 = VECTOR('',#4429,1.);
#4429 = DIRECTION('',(0.,1.));
#4430 = ( GEOMETRIC_REPRESENTATION_CONTEXT(2) 
PARAMETRIC_REPRESENTATION_CONTEXT() REPRESENTATION_CONTEXT('2D SPACE',''
  ) );
#4431 = PCURVE('',#2572,#4432);
#4432 = DEFINITIONAL_REPRESENTATION('',(#4433),#4437);
#4433 = LINE('',#4434,#4435);
#4434 = CARTESIAN_POINT('',(0.,0.));
#4435 = VECTOR('',#4436,1.);
#4436 = DIRECTION('',(0.,-1.));
#4437 = ( GEOMETRIC_REPRESENTATION_CONTEXT(2) 
PARAMETRIC_REPRESENTATION_CONTEXT() REPRESENTATION_CONTEXT('2D SPACE',''
  ) );
#4438 = ORIENTED_EDGE('',*,*,#4439,.T.);
#4439 = EDGE_CURVE('',#4417,#3576,#4440,.T.);
#4440 = SURFACE_CURVE('',#4441,(#4445,#4452),.PCURVE_S1.);
#4441 = LINE('',#4442,#4443);
#4442 = CARTESIAN_POINT('',(14.1,-15.,8.));
#4443 = VECTOR('',#4444,1.);
#4444 = DIRECTION('',(1.,0.,-0.));
#4445 = PCURVE('',#1329,#4446);
#4446 = DEFINITIONAL_REPRESENTATION('',(#4447),#4451);
#4447 = LINE('',#4448,#4449);
#4448 = CARTESIAN_POINT('',(29.1,-29.1));
#4449 = VECTOR('',#4450,1.);
#4450 = DIRECTION('',(1.,0.));
#4451 = ( GEOMETRIC_REPRESENTATION_CONTEXT(2) 
PARAMETRIC_REPRESENTATION_CONTEXT() REPRESENTATION_CONTEXT('2D SPACE',''
  ) );
#4452 = PCURVE('',#3611,#4453);
#4453 = DEFINITIONAL_REPRESENTATION('',(#4454),#4458);
#4454 = LINE('',#4455,#4456);
#4455 = CARTESIAN_POINT('',(0.,0.));
#4456 = VECTOR('',#4457,1.);
#4457 = DIRECTION('',(0.,1.));
#4458 = ( GEOMETRIC_REPRESENTATION_CONTEXT(2) 
PARAMETRIC_REPRESENTATION_CONTEXT() REPRESENTATION_CONTEXT('2D SPACE',''
  ) );
#4459 = ORIENTED_EDGE('',*,*,#3575,.F.);
#4460 = ADVANCED_FACE('',(#4461),#1409,.T.);
#4461 = FACE_BOUND('',#4462,.T.);
#4462 = EDGE_LOOP('',(#4463,#4491,#4512,#4513,#4534));
#4463 = ORIENTED_EDGE('',*,*,#4464,.F.);
#4464 = EDGE_CURVE('',#4465,#2712,#4467,.T.);
#4465 = VERTEX_POINT('',#4466);
#4466 = CARTESIAN_POINT('',(-15.,15.,66.));
#4467 = SURFACE_CURVE('',#4468,(#4472,#4479),.PCURVE_S1.);
#4468 = LINE('',#4469,#4470);
#4469 = CARTESIAN_POINT('',(-15.,15.,66.));
#4470 = VECTOR('',#4471,1.);
#4471 = DIRECTION('',(0.,0.,1.));
#4472 = PCURVE('',#1409,#4473);
#4473 = DEFINITIONAL_REPRESENTATION('',(#4474),#4478);
#4474 = LINE('',#4475,#4476);
#4475 = CARTESIAN_POINT('',(0.,0.));
#4476 = VECTOR('',#4477,1.);
#4477 = DIRECTION('',(1.,0.));
#4478 = ( GEOMETRIC_REPRESENTATION_CONTEXT(2) 
PARAMETRIC_REPRESENTATION_CONTEXT() REPRESENTATION_CONTEXT('2D SPACE',''
  ) );
#4479 = PCURVE('',#4480,#4485);
#4480 = PLANE('',#4481);
#4481 = AXIS2_PLACEMENT_3D('',#4482,#4483,#4484);
#4482 = CARTESIAN_POINT('',(-15.,15.,66.));
#4483 = DIRECTION('',(-0.,1.,0.));
#4484 = DIRECTION('',(0.,0.,1.));
#4485 = DEFINITIONAL_REPRESENTATION('',(#4486),#4490);
#4486 = LINE('',#4487,#4488);
#4487 = CARTESIAN_POINT('',(0.,0.));
#4488 = VECTOR('',#4489,1.);
#4489 = DIRECTION('',(1.,0.));
#4490 = ( GEOMETRIC_REPRESENTATION_CONTEXT(2) 
PARAMETRIC_REPRESENTATION_CONTEXT() REPRESENTATION_CONTEXT('2D SPACE',''
  ) );
#4491 = ORIENTED_EDGE('',*,*,#4492,.T.);
#4492 = EDGE_CURVE('',#4465,#1395,#4493,.T.);
#4493 = SURFACE_CURVE('',#4494,(#4498,#4505),.PCURVE_S1.);
#4494 = LINE('',#4495,#4496);
#4495 = CARTESIAN_POINT('',(-15.,15.,66.));
#4496 = VECTOR('',#4497,1.);
#4497 = DIRECTION('',(-0.,1.,0.));
#4498 = PCURVE('',#1409,#4499);
#4499 = DEFINITIONAL_REPRESENTATION('',(#4500),#4504);
#4500 = LINE('',#4501,#4502);
#4501 = CARTESIAN_POINT('',(0.,0.));
#4502 = VECTOR('',#4503,1.);
#4503 = DIRECTION('',(0.,-1.));
#4504 = ( GEOMETRIC_REPRESENTATION_CONTEXT(2) 
PARAMETRIC_REPRESENTATION_CONTEXT() REPRESENTATION_CONTEXT('2D SPACE',''
  ) );
#4505 = PCURVE('',#1435,#4506);
#4506 = DEFINITIONAL_REPRESENTATION('',(#4507),#4511);
#4507 = LINE('',#4508,#4509);
#4508 = CARTESIAN_POINT('',(0.,0.));
#4509 = VECTOR('',#4510,1.);
#4510 = DIRECTION('',(0.,1.));
#4511 = ( GEOMETRIC_REPRESENTATION_CONTEXT(2) 
PARAMETRIC_REPRESENTATION_CONTEXT() REPRESENTATION_CONTEXT('2D SPACE',''
  ) );
#4512 = ORIENTED_EDGE('',*,*,#1392,.F.);
#4513 = ORIENTED_EDGE('',*,*,#4514,.F.);
#4514 = EDGE_CURVE('',#2790,#1393,#4515,.T.);
#4515 = SURFACE_CURVE('',#4516,(#4520,#4527),.PCURVE_S1.);
#4516 = LINE('',#4517,#4518);
#4517 = CARTESIAN_POINT('',(-15.,15.,84.));
#4518 = VECTOR('',#4519,1.);
#4519 = DIRECTION('',(-0.,1.,0.));
#4520 = PCURVE('',#1409,#4521);
#4521 = DEFINITIONAL_REPRESENTATION('',(#4522),#4526);
#4522 = LINE('',#4523,#4524);
#4523 = CARTESIAN_POINT('',(18.,0.));
#4524 = VECTOR('',#4525,1.);
#4525 = DIRECTION('',(0.,-1.));
#4526 = ( GEOMETRIC_REPRESENTATION_CONTEXT(2) 
PARAMETRIC_REPRESENTATION_CONTEXT() REPRESENTATION_CONTEXT('2D SPACE',''
  ) );
#4527 = PCURVE('',#1485,#4528);
#4528 = DEFINITIONAL_REPRESENTATION('',(#4529),#4533);
#4529 = LINE('',#4530,#4531);
#4530 = CARTESIAN_POINT('',(0.,0.));
#4531 = VECTOR('',#4532,1.);
#4532 = DIRECTION('',(0.,1.));
#4533 = ( GEOMETRIC_REPRESENTATION_CONTEXT(2) 
PARAMETRIC_REPRESENTATION_CONTEXT() REPRESENTATION_CONTEXT('2D SPACE',''
  ) );
#4534 = ORIENTED_EDGE('',*,*,#2812,.F.);
#4535 = ADVANCED_FACE('',(#4536),#1485,.F.);
#4536 = FACE_BOUND('',#4537,.F.);
#4537 = EDGE_LOOP('',(#4538,#4539,#4562,#4583));
#4538 = ORIENTED_EDGE('',*,*,#4514,.F.);
#4539 = ORIENTED_EDGE('',*,*,#4540,.T.);
#4540 = EDGE_CURVE('',#2790,#4541,#4543,.T.);
#4541 = VERTEX_POINT('',#4542);
#4542 = CARTESIAN_POINT('',(15.,15.,84.));
#4543 = SURFACE_CURVE('',#4544,(#4548,#4555),.PCURVE_S1.);
#4544 = LINE('',#4545,#4546);
#4545 = CARTESIAN_POINT('',(-15.,15.,84.));
#4546 = VECTOR('',#4547,1.);
#4547 = DIRECTION('',(1.,0.,-0.));
#4548 = PCURVE('',#1485,#4549);
#4549 = DEFINITIONAL_REPRESENTATION('',(#4550),#4554);
#4550 = LINE('',#4551,#4552);
#4551 = CARTESIAN_POINT('',(0.,0.));
#4552 = VECTOR('',#4553,1.);
#4553 = DIRECTION('',(1.,0.));
#4554 = ( GEOMETRIC_REPRESENTATION_CONTEXT(2) 
PARAMETRIC_REPRESENTATION_CONTEXT() REPRESENTATION_CONTEXT('2D SPACE',''
  ) );
#4555 = PCURVE('',#4480,#4556);
#4556 = DEFINITIONAL_REPRESENTATION('',(#4557),#4561);
#4557 = LINE('',#4558,#4559);
#4558 = CARTESIAN_POINT('',(18.,0.));
#4559 = VECTOR('',#4560,1.);
#4560 = DIRECTION('',(0.,1.));
#4561 = ( GEOMETRIC_REPRESENTATION_CONTEXT(2) 
PARAMETRIC_REPRESENTATION_CONTEXT() REPRESENTATION_CONTEXT('2D SPACE',''
  ) );
#4562 = ORIENTED_EDGE('',*,*,#4563,.T.);
#4563 = EDGE_CURVE('',#4541,#1447,#4564,.T.);
#4564 = SURFACE_CURVE('',#4565,(#4569,#4576),.PCURVE_S1.);
#4565 = LINE('',#4566,#4567);
#4566 = CARTESIAN_POINT('',(15.,15.,84.));
#4567 = VECTOR('',#4568,1.);
#4568 = DIRECTION('',(-0.,1.,0.));
#4569 = PCURVE('',#1485,#4570);
#4570 = DEFINITIONAL_REPRESENTATION('',(#4571),#4575);
#4571 = LINE('',#4572,#4573);
#4572 = CARTESIAN_POINT('',(30.,0.));
#4573 = VECTOR('',#4574,1.);
#4574 = DIRECTION('',(0.,1.));
#4575 = ( GEOMETRIC_REPRESENTATION_CONTEXT(2) 
PARAMETRIC_REPRESENTATION_CONTEXT() REPRESENTATION_CONTEXT('2D SPACE',''
  ) );
#4576 = PCURVE('',#1461,#4577);
#4577 = DEFINITIONAL_REPRESENTATION('',(#4578),#4582);
#4578 = LINE('',#4579,#4580);
#4579 = CARTESIAN_POINT('',(18.,0.));
#4580 = VECTOR('',#4581,1.);
#4581 = DIRECTION('',(0.,-1.));
#4582 = ( GEOMETRIC_REPRESENTATION_CONTEXT(2) 
PARAMETRIC_REPRESENTATION_CONTEXT() REPRESENTATION_CONTEXT('2D SPACE',''
  ) );
#4583 = ORIENTED_EDGE('',*,*,#1472,.F.);
#4584 = ADVANCED_FACE('',(#4585),#1461,.F.);
#4585 = FACE_BOUND('',#4586,.F.);
#4586 = EDGE_LOOP('',(#4587,#4610,#4631,#4632));
#4587 = ORIENTED_EDGE('',*,*,#4588,.F.);
#4588 = EDGE_CURVE('',#4589,#4541,#4591,.T.);
#4589 = VERTEX_POINT('',#4590);
#4590 = CARTESIAN_POINT('',(15.,15.,66.));
#4591 = SURFACE_CURVE('',#4592,(#4596,#4603),.PCURVE_S1.);
#4592 = LINE('',#4593,#4594);
#4593 = CARTESIAN_POINT('',(15.,15.,66.));
#4594 = VECTOR('',#4595,1.);
#4595 = DIRECTION('',(0.,0.,1.));
#4596 = PCURVE('',#1461,#4597);
#4597 = DEFINITIONAL_REPRESENTATION('',(#4598),#4602);
#4598 = LINE('',#4599,#4600);
#4599 = CARTESIAN_POINT('',(0.,0.));
#4600 = VECTOR('',#4601,1.);
#4601 = DIRECTION('',(1.,0.));
#4602 = ( GEOMETRIC_REPRESENTATION_CONTEXT(2) 
PARAMETRIC_REPRESENTATION_CONTEXT() REPRESENTATION_CONTEXT('2D SPACE',''
  ) );
#4603 = PCURVE('',#3736,#4604);
#4604 = DEFINITIONAL_REPRESENTATION('',(#4605),#4609);
#4605 = LINE('',#4606,#4607);
#4606 = CARTESIAN_POINT('',(0.,0.));
#4607 = VECTOR('',#4608,1.);
#4608 = DIRECTION('',(1.,0.));
#4609 = ( GEOMETRIC_REPRESENTATION_CONTEXT(2) 
PARAMETRIC_REPRESENTATION_CONTEXT() REPRESENTATION_CONTEXT('2D SPACE',''
  ) );
#4610 = ORIENTED_EDGE('',*,*,#4611,.T.);
#4611 = EDGE_CURVE('',#4589,#1421,#4612,.T.);
#4612 = SURFACE_CURVE('',#4613,(#4617,#4624),.PCURVE_S1.);
#4613 = LINE('',#4614,#4615);
#4614 = CARTESIAN_POINT('',(15.,15.,66.));
#4615 = VECTOR('',#4616,1.);
#4616 = DIRECTION('',(-0.,1.,0.));
#4617 = PCURVE('',#1461,#4618);
#4618 = DEFINITIONAL_REPRESENTATION('',(#4619),#4623);
#4619 = LINE('',#4620,#4621);
#4620 = CARTESIAN_POINT('',(0.,0.));
#4621 = VECTOR('',#4622,1.);
#4622 = DIRECTION('',(0.,-1.));
#4623 = ( GEOMETRIC_REPRESENTATION_CONTEXT(2) 
PARAMETRIC_REPRESENTATION_CONTEXT() REPRESENTATION_CONTEXT('2D SPACE',''
  ) );
#4624 = PCURVE('',#1435,#4625);
#4625 = DEFINITIONAL_REPRESENTATION('',(#4626),#4630);
#4626 = LINE('',#4627,#4628);
#4627 = CARTESIAN_POINT('',(30.,0.));
#4628 = VECTOR('',#4629,1.);
#4629 = DIRECTION('',(0.,1.));
#4630 = ( GEOMETRIC_REPRESENTATION_CONTEXT(2) 
PARAMETRIC_REPRESENTATION_CONTEXT() REPRESENTATION_CONTEXT('2D SPACE',''
  ) );
#4631 = ORIENTED_EDGE('',*,*,#1446,.F.);
#4632 = ORIENTED_EDGE('',*,*,#4563,.F.);
#4633 = ADVANCED_FACE('',(#4634),#1435,.T.);
#4634 = FACE_BOUND('',#4635,.T.);
#4635 = EDGE_LOOP('',(#4636,#4637,#4658,#4659));
#4636 = ORIENTED_EDGE('',*,*,#4492,.F.);
#4637 = ORIENTED_EDGE('',*,*,#4638,.T.);
#4638 = EDGE_CURVE('',#4465,#4589,#4639,.T.);
#4639 = SURFACE_CURVE('',#4640,(#4644,#4651),.PCURVE_S1.);
#4640 = LINE('',#4641,#4642);
#4641 = CARTESIAN_POINT('',(-15.,15.,66.));
#4642 = VECTOR('',#4643,1.);
#4643 = DIRECTION('',(1.,0.,-0.));
#4644 = PCURVE('',#1435,#4645);
#4645 = DEFINITIONAL_REPRESENTATION('',(#4646),#4650);
#4646 = LINE('',#4647,#4648);
#4647 = CARTESIAN_POINT('',(0.,0.));
#4648 = VECTOR('',#4649,1.);
#4649 = DIRECTION('',(1.,0.));
#4650 = ( GEOMETRIC_REPRESENTATION_CONTEXT(2) 
PARAMETRIC_REPRESENTATION_CONTEXT() REPRESENTATION_CONTEXT('2D SPACE',''
  ) );
#4651 = PCURVE('',#4480,#4652);
#4652 = DEFINITIONAL_REPRESENTATION('',(#4653),#4657);
#4653 = LINE('',#4654,#4655);
#4654 = CARTESIAN_POINT('',(0.,0.));
#4655 = VECTOR('',#4656,1.);
#4656 = DIRECTION('',(0.,1.));
#4657 = ( GEOMETRIC_REPRESENTATION_CONTEXT(2) 
PARAMETRIC_REPRESENTATION_CONTEXT() REPRESENTATION_CONTEXT('2D SPACE',''
  ) );
#4658 = ORIENTED_EDGE('',*,*,#4611,.T.);
#4659 = ORIENTED_EDGE('',*,*,#1420,.F.);
#4660 = ADVANCED_FACE('',(#4661),#2206,.F.);
#4661 = FACE_BOUND('',#4662,.F.);
#4662 = EDGE_LOOP('',(#4663,#4692,#4713,#4714));
#4663 = ORIENTED_EDGE('',*,*,#4664,.F.);
#4664 = EDGE_CURVE('',#4665,#4665,#4667,.T.);
#4665 = VERTEX_POINT('',#4666);
#4666 = CARTESIAN_POINT('',(-9.7,-10.5,6.));
#4667 = SURFACE_CURVE('',#4668,(#4673,#4680),.PCURVE_S1.);
#4668 = CIRCLE('',#4669,0.8);
#4669 = AXIS2_PLACEMENT_3D('',#4670,#4671,#4672);
#4670 = CARTESIAN_POINT('',(-10.5,-10.5,6.));
#4671 = DIRECTION('',(0.,0.,1.));
#4672 = DIRECTION('',(1.,0.,-0.));
#4673 = PCURVE('',#2206,#4674);
#4674 = DEFINITIONAL_REPRESENTATION('',(#4675),#4679);
#4675 = LINE('',#4676,#4677);
#4676 = CARTESIAN_POINT('',(0.,6.));
#4677 = VECTOR('',#4678,1.);
#4678 = DIRECTION('',(1.,0.));
#4679 = ( GEOMETRIC_REPRESENTATION_CONTEXT(2) 
PARAMETRIC_REPRESENTATION_CONTEXT() REPRESENTATION_CONTEXT('2D SPACE',''
  ) );
#4680 = PCURVE('',#4681,#4686);
#4681 = PLANE('',#4682);
#4682 = AXIS2_PLACEMENT_3D('',#4683,#4684,#4685);
#4683 = CARTESIAN_POINT('',(-10.5,-10.5,6.));
#4684 = DIRECTION('',(0.,0.,1.));
#4685 = DIRECTION('',(1.,0.,-0.));
#4686 = DEFINITIONAL_REPRESENTATION('',(#4687),#4691);
#4687 = CIRCLE('',#4688,0.8);
#4688 = AXIS2_PLACEMENT_2D('',#4689,#4690);
#4689 = CARTESIAN_POINT('',(0.,0.));
#4690 = DIRECTION('',(1.,0.));
#4691 = ( GEOMETRIC_REPRESENTATION_CONTEXT(2) 
PARAMETRIC_REPRESENTATION_CONTEXT() REPRESENTATION_CONTEXT('2D SPACE',''
  ) );
#4692 = ORIENTED_EDGE('',*,*,#4693,.F.);
#4693 = EDGE_CURVE('',#2190,#4665,#4694,.T.);
#4694 = SEAM_CURVE('',#4695,(#4699,#4706),.PCURVE_S1.);
#4695 = LINE('',#4696,#4697);
#4696 = CARTESIAN_POINT('',(-9.7,-10.5,0.));
#4697 = VECTOR('',#4698,1.);
#4698 = DIRECTION('',(0.,0.,1.));
#4699 = PCURVE('',#2206,#4700);
#4700 = DEFINITIONAL_REPRESENTATION('',(#4701),#4705);
#4701 = LINE('',#4702,#4703);
#4702 = CARTESIAN_POINT('',(6.28318530718,-0.));
#4703 = VECTOR('',#4704,1.);
#4704 = DIRECTION('',(0.,1.));
#4705 = ( GEOMETRIC_REPRESENTATION_CONTEXT(2) 
PARAMETRIC_REPRESENTATION_CONTEXT() REPRESENTATION_CONTEXT('2D SPACE',''
  ) );
#4706 = PCURVE('',#2206,#4707);
#4707 = DEFINITIONAL_REPRESENTATION('',(#4708),#4712);
#4708 = LINE('',#4709,#4710);
#4709 = CARTESIAN_POINT('',(0.,-0.));
#4710 = VECTOR('',#4711,1.);
#4711 = DIRECTION('',(0.,1.));
#4712 = ( GEOMETRIC_REPRESENTATION_CONTEXT(2) 
PARAMETRIC_REPRESENTATION_CONTEXT() REPRESENTATION_CONTEXT('2D SPACE',''
  ) );
#4713 = ORIENTED_EDGE('',*,*,#2189,.T.);
#4714 = ORIENTED_EDGE('',*,*,#4693,.T.);
#4715 = ADVANCED_FACE('',(#4716),#2237,.F.);
#4716 = FACE_BOUND('',#4717,.F.);
#4717 = EDGE_LOOP('',(#4718,#4739,#4740,#4767,#4768,#4769));
#4718 = ORIENTED_EDGE('',*,*,#4719,.T.);
#4719 = EDGE_CURVE('',#2221,#4324,#4720,.T.);
#4720 = SEAM_CURVE('',#4721,(#4725,#4732),.PCURVE_S1.);
#4721 = LINE('',#4722,#4723);
#4722 = CARTESIAN_POINT('',(1.25,-15.,0.));
#4723 = VECTOR('',#4724,1.);
#4724 = DIRECTION('',(0.,0.,1.));
#4725 = PCURVE('',#2237,#4726);
#4726 = DEFINITIONAL_REPRESENTATION('',(#4727),#4731);
#4727 = LINE('',#4728,#4729);
#4728 = CARTESIAN_POINT('',(6.28318530718,-0.));
#4729 = VECTOR('',#4730,1.);
#4730 = DIRECTION('',(0.,1.));
#4731 = ( GEOMETRIC_REPRESENTATION_CONTEXT(2) 
PARAMETRIC_REPRESENTATION_CONTEXT() REPRESENTATION_CONTEXT('2D SPACE',''
  ) );
#4732 = PCURVE('',#2237,#4733);
#4733 = DEFINITIONAL_REPRESENTATION('',(#4734),#4738);
#4734 = LINE('',#4735,#4736);
#4735 = CARTESIAN_POINT('',(0.,-0.));
#4736 = VECTOR('',#4737,1.);
#4737 = DIRECTION('',(0.,1.));
#4738 = ( GEOMETRIC_REPRESENTATION_CONTEXT(2) 
PARAMETRIC_REPRESENTATION_CONTEXT() REPRESENTATION_CONTEXT('2D SPACE',''
  ) );
#4739 = ORIENTED_EDGE('',*,*,#4347,.F.);
#4740 = ORIENTED_EDGE('',*,*,#4741,.F.);
#4741 = EDGE_CURVE('',#4301,#4348,#4742,.T.);
#4742 = SURFACE_CURVE('',#4743,(#4748,#4755),.PCURVE_S1.);
#4743 = CIRCLE('',#4744,1.25);
#4744 = AXIS2_PLACEMENT_3D('',#4745,#4746,#4747);
#4745 = CARTESIAN_POINT('',(0.,-15.,8.));
#4746 = DIRECTION('',(0.,0.,1.));
#4747 = DIRECTION('',(1.,0.,-0.));
#4748 = PCURVE('',#2237,#4749);
#4749 = DEFINITIONAL_REPRESENTATION('',(#4750),#4754);
#4750 = LINE('',#4751,#4752);
#4751 = CARTESIAN_POINT('',(0.,8.));
#4752 = VECTOR('',#4753,1.);
#4753 = DIRECTION('',(1.,0.));
#4754 = ( GEOMETRIC_REPRESENTATION_CONTEXT(2) 
PARAMETRIC_REPRESENTATION_CONTEXT() REPRESENTATION_CONTEXT('2D SPACE',''
  ) );
#4755 = PCURVE('',#4756,#4761);
#4756 = PLANE('',#4757);
#4757 = AXIS2_PLACEMENT_3D('',#4758,#4759,#4760);
#4758 = CARTESIAN_POINT('',(0.,-15.,8.));
#4759 = DIRECTION('',(0.,0.,1.));
#4760 = DIRECTION('',(1.,0.,-0.));
#4761 = DEFINITIONAL_REPRESENTATION('',(#4762),#4766);
#4762 = CIRCLE('',#4763,1.25);
#4763 = AXIS2_PLACEMENT_2D('',#4764,#4765);
#4764 = CARTESIAN_POINT('',(0.,0.));
#4765 = DIRECTION('',(1.,0.));
#4766 = ( GEOMETRIC_REPRESENTATION_CONTEXT(2) 
PARAMETRIC_REPRESENTATION_CONTEXT() REPRESENTATION_CONTEXT('2D SPACE',''
  ) );
#4767 = ORIENTED_EDGE('',*,*,#4323,.F.);
#4768 = ORIENTED_EDGE('',*,*,#4719,.F.);
#4769 = ORIENTED_EDGE('',*,*,#2220,.T.);
#4770 = ADVANCED_FACE('',(#4771),#2268,.F.);
#4771 = FACE_BOUND('',#4772,.F.);
#4772 = EDGE_LOOP('',(#4773,#4802,#4823,#4824));
#4773 = ORIENTED_EDGE('',*,*,#4774,.F.);
#4774 = EDGE_CURVE('',#4775,#4775,#4777,.T.);
#4775 = VERTEX_POINT('',#4776);
#4776 = CARTESIAN_POINT('',(11.3,-10.5,6.));
#4777 = SURFACE_CURVE('',#4778,(#4783,#4790),.PCURVE_S1.);
#4778 = CIRCLE('',#4779,0.8);
#4779 = AXIS2_PLACEMENT_3D('',#4780,#4781,#4782);
#4780 = CARTESIAN_POINT('',(10.5,-10.5,6.));
#4781 = DIRECTION('',(0.,0.,1.));
#4782 = DIRECTION('',(1.,0.,-0.));
#4783 = PCURVE('',#2268,#4784);
#4784 = DEFINITIONAL_REPRESENTATION('',(#4785),#4789);
#4785 = LINE('',#4786,#4787);
#4786 = CARTESIAN_POINT('',(0.,6.));
#4787 = VECTOR('',#4788,1.);
#4788 = DIRECTION('',(1.,0.));
#4789 = ( GEOMETRIC_REPRESENTATION_CONTEXT(2) 
PARAMETRIC_REPRESENTATION_CONTEXT() REPRESENTATION_CONTEXT('2D SPACE',''
  ) );
#4790 = PCURVE('',#4791,#4796);
#4791 = PLANE('',#4792);
#4792 = AXIS2_PLACEMENT_3D('',#4793,#4794,#4795);
#4793 = CARTESIAN_POINT('',(10.5,-10.5,6.));
#4794 = DIRECTION('',(0.,0.,1.));
#4795 = DIRECTION('',(1.,0.,-0.));
#4796 = DEFINITIONAL_REPRESENTATION('',(#4797),#4801);
#4797 = CIRCLE('',#4798,0.8);
#4798 = AXIS2_PLACEMENT_2D('',#4799,#4800);
#4799 = CARTESIAN_POINT('',(0.,0.));
#4800 = DIRECTION('',(1.,0.));
#4801 = ( GEOMETRIC_REPRESENTATION_CONTEXT(2) 
PARAMETRIC_REPRESENTATION_CONTEXT() REPRESENTATION_CONTEXT('2D SPACE',''
  ) );
#4802 = ORIENTED_EDGE('',*,*,#4803,.F.);
#4803 = EDGE_CURVE('',#2252,#4775,#4804,.T.);
#4804 = SEAM_CURVE('',#4805,(#4809,#4816),.PCURVE_S1.);
#4805 = LINE('',#4806,#4807);
#4806 = CARTESIAN_POINT('',(11.3,-10.5,0.));
#4807 = VECTOR('',#4808,1.);
#4808 = DIRECTION('',(0.,0.,1.));
#4809 = PCURVE('',#2268,#4810);
#4810 = DEFINITIONAL_REPRESENTATION('',(#4811),#4815);
#4811 = LINE('',#4812,#4813);
#4812 = CARTESIAN_POINT('',(6.28318530718,-0.));
#4813 = VECTOR('',#4814,1.);
#4814 = DIRECTION('',(0.,1.));
#4815 = ( GEOMETRIC_REPRESENTATION_CONTEXT(2) 
PARAMETRIC_REPRESENTATION_CONTEXT() REPRESENTATION_CONTEXT('2D SPACE',''
  ) );
#4816 = PCURVE('',#2268,#4817);
#4817 = DEFINITIONAL_REPRESENTATION('',(#4818),#4822);
#4818 = LINE('',#4819,#4820);
#4819 = CARTESIAN_POINT('',(0.,-0.));
#4820 = VECTOR('',#4821,1.);
#4821 = DIRECTION('',(0.,1.));
#4822 = ( GEOMETRIC_REPRESENTATION_CONTEXT(2) 
PARAMETRIC_REPRESENTATION_CONTEXT() REPRESENTATION_CONTEXT('2D SPACE',''
  ) );
#4823 = ORIENTED_EDGE('',*,*,#2251,.T.);
#4824 = ORIENTED_EDGE('',*,*,#4803,.T.);
#4825 = ADVANCED_FACE('',(#4826),#2299,.F.);
#4826 = FACE_BOUND('',#4827,.F.);
#4827 = EDGE_LOOP('',(#4828,#4857,#4878,#4879));
#4828 = ORIENTED_EDGE('',*,*,#4829,.F.);
#4829 = EDGE_CURVE('',#4830,#4830,#4832,.T.);
#4830 = VERTEX_POINT('',#4831);
#4831 = CARTESIAN_POINT('',(-9.7,10.5,6.));
#4832 = SURFACE_CURVE('',#4833,(#4838,#4845),.PCURVE_S1.);
#4833 = CIRCLE('',#4834,0.8);
#4834 = AXIS2_PLACEMENT_3D('',#4835,#4836,#4837);
#4835 = CARTESIAN_POINT('',(-10.5,10.5,6.));
#4836 = DIRECTION('',(0.,0.,1.));
#4837 = DIRECTION('',(1.,0.,-0.));
#4838 = PCURVE('',#2299,#4839);
#4839 = DEFINITIONAL_REPRESENTATION('',(#4840),#4844);
#4840 = LINE('',#4841,#4842);
#4841 = CARTESIAN_POINT('',(0.,6.));
#4842 = VECTOR('',#4843,1.);
#4843 = DIRECTION('',(1.,0.));
#4844 = ( GEOMETRIC_REPRESENTATION_CONTEXT(2) 
PARAMETRIC_REPRESENTATION_CONTEXT() REPRESENTATION_CONTEXT('2D SPACE',''
  ) );
#4845 = PCURVE('',#4846,#4851);
#4846 = PLANE('',#4847);
#4847 = AXIS2_PLACEMENT_3D('',#4848,#4849,#4850);
#4848 = CARTESIAN_POINT('',(-10.5,10.5,6.));
#4849 = DIRECTION('',(0.,0.,1.));
#4850 = DIRECTION('',(1.,0.,-0.));
#4851 = DEFINITIONAL_REPRESENTATION('',(#4852),#4856);
#4852 = CIRCLE('',#4853,0.8);
#4853 = AXIS2_PLACEMENT_2D('',#4854,#4855);
#4854 = CARTESIAN_POINT('',(0.,0.));
#4855 = DIRECTION('',(1.,0.));
#4856 = ( GEOMETRIC_REPRESENTATION_CONTEXT(2) 
PARAMETRIC_REPRESENTATION_CONTEXT() REPRESENTATION_CONTEXT('2D SPACE',''
  ) );
#4857 = ORIENTED_EDGE('',*,*,#4858,.F.);
#4858 = EDGE_CURVE('',#2283,#4830,#4859,.T.);
#4859 = SEAM_CURVE('',#4860,(#4864,#4871),.PCURVE_S1.);
#4860 = LINE('',#4861,#4862);
#4861 = CARTESIAN_POINT('',(-9.7,10.5,0.));
#4862 = VECTOR('',#4863,1.);
#4863 = DIRECTION('',(0.,0.,1.));
#4864 = PCURVE('',#2299,#4865);
#4865 = DEFINITIONAL_REPRESENTATION('',(#4866),#4870);
#4866 = LINE('',#4867,#4868);
#4867 = CARTESIAN_POINT('',(6.28318530718,-0.));
#4868 = VECTOR('',#4869,1.);
#4869 = DIRECTION('',(0.,1.));
#4870 = ( GEOMETRIC_REPRESENTATION_CONTEXT(2) 
PARAMETRIC_REPRESENTATION_CONTEXT() REPRESENTATION_CONTEXT('2D SPACE',''
  ) );
#4871 = PCURVE('',#2299,#4872);
#4872 = DEFINITIONAL_REPRESENTATION('',(#4873),#4877);
#4873 = LINE('',#4874,#4875);
#4874 = CARTESIAN_POINT('',(0.,-0.));
#4875 = VECTOR('',#4876,1.);
#4876 = DIRECTION('',(0.,1.));
#4877 = ( GEOMETRIC_REPRESENTATION_CONTEXT(2) 
PARAMETRIC_REPRESENTATION_CONTEXT() REPRESENTATION_CONTEXT('2D SPACE',''
  ) );
#4878 = ORIENTED_EDGE('',*,*,#2282,.T.);
#4879 = ORIENTED_EDGE('',*,*,#4858,.T.);
#4880 = ADVANCED_FACE('',(#4881),#2330,.F.);
#4881 = FACE_BOUND('',#4882,.F.);
#4882 = EDGE_LOOP('',(#4883,#4913,#4934,#4935,#4958,#4986,#5012,#5038));
#4883 = ORIENTED_EDGE('',*,*,#4884,.F.);
#4884 = EDGE_CURVE('',#4885,#4887,#4889,.T.);
#4885 = VERTEX_POINT('',#4886);
#4886 = CARTESIAN_POINT('',(9.5,-8.5,3.5));
#4887 = VERTEX_POINT('',#4888);
#4888 = CARTESIAN_POINT('',(9.5,-8.27707677867,3.5));
#4889 = SURFACE_CURVE('',#4890,(#4894,#4901),.PCURVE_S1.);
#4890 = LINE('',#4891,#4892);
#4891 = CARTESIAN_POINT('',(9.5,-8.5,3.5));
#4892 = VECTOR('',#4893,1.);
#4893 = DIRECTION('',(-0.,1.,0.));
#4894 = PCURVE('',#2330,#4895);
#4895 = DEFINITIONAL_REPRESENTATION('',(#4896),#4900);
#4896 = LINE('',#4897,#4898);
#4897 = CARTESIAN_POINT('',(4.,0.));
#4898 = VECTOR('',#4899,1.);
#4899 = DIRECTION('',(0.,-1.));
#4900 = ( GEOMETRIC_REPRESENTATION_CONTEXT(2) 
PARAMETRIC_REPRESENTATION_CONTEXT() REPRESENTATION_CONTEXT('2D SPACE',''
  ) );
#4901 = PCURVE('',#4902,#4907);
#4902 = PLANE('',#4903);
#4903 = AXIS2_PLACEMENT_3D('',#4904,#4905,#4906);
#4904 = CARTESIAN_POINT('',(-9.5,-8.5,3.5));
#4905 = DIRECTION('',(0.,0.,1.));
#4906 = DIRECTION('',(1.,0.,-0.));
#4907 = DEFINITIONAL_REPRESENTATION('',(#4908),#4912);
#4908 = LINE('',#4909,#4910);
#4909 = CARTESIAN_POINT('',(19.,0.));
#4910 = VECTOR('',#4911,1.);
#4911 = DIRECTION('',(0.,1.));
#4912 = ( GEOMETRIC_REPRESENTATION_CONTEXT(2) 
PARAMETRIC_REPRESENTATION_CONTEXT() REPRESENTATION_CONTEXT('2D SPACE',''
  ) );
#4913 = ORIENTED_EDGE('',*,*,#4914,.F.);
#4914 = EDGE_CURVE('',#2314,#4885,#4915,.T.);
#4915 = SURFACE_CURVE('',#4916,(#4920,#4927),.PCURVE_S1.);
#4916 = LINE('',#4917,#4918);
#4917 = CARTESIAN_POINT('',(9.5,-8.5,-0.5));
#4918 = VECTOR('',#4919,1.);
#4919 = DIRECTION('',(0.,0.,1.));
#4920 = PCURVE('',#2330,#4921);
#4921 = DEFINITIONAL_REPRESENTATION('',(#4922),#4926);
#4922 = LINE('',#4923,#4924);
#4923 = CARTESIAN_POINT('',(0.,0.));
#4924 = VECTOR('',#4925,1.);
#4925 = DIRECTION('',(1.,0.));
#4926 = ( GEOMETRIC_REPRESENTATION_CONTEXT(2) 
PARAMETRIC_REPRESENTATION_CONTEXT() REPRESENTATION_CONTEXT('2D SPACE',''
  ) );
#4927 = PCURVE('',#2356,#4928);
#4928 = DEFINITIONAL_REPRESENTATION('',(#4929),#4933);
#4929 = LINE('',#4930,#4931);
#4930 = CARTESIAN_POINT('',(0.,19.));
#4931 = VECTOR('',#4932,1.);
#4932 = DIRECTION('',(1.,0.));
#4933 = ( GEOMETRIC_REPRESENTATION_CONTEXT(2) 
PARAMETRIC_REPRESENTATION_CONTEXT() REPRESENTATION_CONTEXT('2D SPACE',''
  ) );
#4934 = ORIENTED_EDGE('',*,*,#2313,.T.);
#4935 = ORIENTED_EDGE('',*,*,#4936,.T.);
#4936 = EDGE_CURVE('',#2316,#4937,#4939,.T.);
#4937 = VERTEX_POINT('',#4938);
#4938 = CARTESIAN_POINT('',(9.5,8.5,3.5));
#4939 = SURFACE_CURVE('',#4940,(#4944,#4951),.PCURVE_S1.);
#4940 = LINE('',#4941,#4942);
#4941 = CARTESIAN_POINT('',(9.5,8.5,-0.5));
#4942 = VECTOR('',#4943,1.);
#4943 = DIRECTION('',(0.,0.,1.));
#4944 = PCURVE('',#2330,#4945);
#4945 = DEFINITIONAL_REPRESENTATION('',(#4946),#4950);
#4946 = LINE('',#4947,#4948);
#4947 = CARTESIAN_POINT('',(0.,-17.));
#4948 = VECTOR('',#4949,1.);
#4949 = DIRECTION('',(1.,0.));
#4950 = ( GEOMETRIC_REPRESENTATION_CONTEXT(2) 
PARAMETRIC_REPRESENTATION_CONTEXT() REPRESENTATION_CONTEXT('2D SPACE',''
  ) );
#4951 = PCURVE('',#2406,#4952);
#4952 = DEFINITIONAL_REPRESENTATION('',(#4953),#4957);
#4953 = LINE('',#4954,#4955);
#4954 = CARTESIAN_POINT('',(0.,19.));
#4955 = VECTOR('',#4956,1.);
#4956 = DIRECTION('',(1.,0.));
#4957 = ( GEOMETRIC_REPRESENTATION_CONTEXT(2) 
PARAMETRIC_REPRESENTATION_CONTEXT() REPRESENTATION_CONTEXT('2D SPACE',''
  ) );
#4958 = ORIENTED_EDGE('',*,*,#4959,.F.);
#4959 = EDGE_CURVE('',#4960,#4937,#4962,.T.);
#4960 = VERTEX_POINT('',#4961);
#4961 = CARTESIAN_POINT('',(9.5,8.27707677867,3.5));
#4962 = SURFACE_CURVE('',#4963,(#4967,#4974),.PCURVE_S1.);
#4963 = LINE('',#4964,#4965);
#4964 = CARTESIAN_POINT('',(9.5,-8.5,3.5));
#4965 = VECTOR('',#4966,1.);
#4966 = DIRECTION('',(-0.,1.,0.));
#4967 = PCURVE('',#2330,#4968);
#4968 = DEFINITIONAL_REPRESENTATION('',(#4969),#4973);
#4969 = LINE('',#4970,#4971);
#4970 = CARTESIAN_POINT('',(4.,0.));
#4971 = VECTOR('',#4972,1.);
#4972 = DIRECTION('',(0.,-1.));
#4973 = ( GEOMETRIC_REPRESENTATION_CONTEXT(2) 
PARAMETRIC_REPRESENTATION_CONTEXT() REPRESENTATION_CONTEXT('2D SPACE',''
  ) );
#4974 = PCURVE('',#4975,#4980);
#4975 = PLANE('',#4976);
#4976 = AXIS2_PLACEMENT_3D('',#4977,#4978,#4979);
#4977 = CARTESIAN_POINT('',(-9.5,-8.5,3.5));
#4978 = DIRECTION('',(0.,0.,1.));
#4979 = DIRECTION('',(1.,0.,-0.));
#4980 = DEFINITIONAL_REPRESENTATION('',(#4981),#4985);
#4981 = LINE('',#4982,#4983);
#4982 = CARTESIAN_POINT('',(19.,0.));
#4983 = VECTOR('',#4984,1.);
#4984 = DIRECTION('',(0.,1.));
#4985 = ( GEOMETRIC_REPRESENTATION_CONTEXT(2) 
PARAMETRIC_REPRESENTATION_CONTEXT() REPRESENTATION_CONTEXT('2D SPACE',''
  ) );
#4986 = ORIENTED_EDGE('',*,*,#4987,.F.);
#4987 = EDGE_CURVE('',#4988,#4960,#4990,.T.);
#4988 = VERTEX_POINT('',#4989);
#4989 = CARTESIAN_POINT('',(9.5,8.27707677867,3.));
#4990 = SURFACE_CURVE('',#4991,(#4995,#5001),.PCURVE_S1.);
#4991 = LINE('',#4992,#4993);
#4992 = CARTESIAN_POINT('',(9.5,8.27707677867,3.));
#4993 = VECTOR('',#4994,1.);
#4994 = DIRECTION('',(0.,0.,1.));
#4995 = PCURVE('',#2330,#4996);
#4996 = DEFINITIONAL_REPRESENTATION('',(#4997),#5000);
#4997 = B_SPLINE_CURVE_WITH_KNOTS('',1,(#4998,#4999),.UNSPECIFIED.,.F.,
  .F.,(2,2),(-2.400000000069E-06,0.9),.PIECEWISE_BEZIER_KNOTS.);
#4998 = CARTESIAN_POINT('',(3.4999976,-16.77707677867));
#4999 = CARTESIAN_POINT('',(4.4,-16.77707677867));
#5000 = ( GEOMETRIC_REPRESENTATION_CONTEXT(2) 
PARAMETRIC_REPRESENTATION_CONTEXT() REPRESENTATION_CONTEXT('2D SPACE',''
  ) );
#5001 = PCURVE('',#5002,#5007);
#5002 = CYLINDRICAL_SURFACE('',#5003,12.6);
#5003 = AXIS2_PLACEMENT_3D('',#5004,#5005,#5006);
#5004 = CARTESIAN_POINT('',(0.,0.,3.));
#5005 = DIRECTION('',(0.,0.,1.));
#5006 = DIRECTION('',(1.,0.,-0.));
#5007 = DEFINITIONAL_REPRESENTATION('',(#5008),#5011);
#5008 = B_SPLINE_CURVE_WITH_KNOTS('',1,(#5009,#5010),.UNSPECIFIED.,.F.,
  .F.,(2,2),(-2.400000000069E-06,0.9),.PIECEWISE_BEZIER_KNOTS.);
#5009 = CARTESIAN_POINT('',(0.71671422893,-2.400000000069E-06));
#5010 = CARTESIAN_POINT('',(0.71671422893,0.9));
#5011 = ( GEOMETRIC_REPRESENTATION_CONTEXT(2) 
PARAMETRIC_REPRESENTATION_CONTEXT() REPRESENTATION_CONTEXT('2D SPACE',''
  ) );
#5012 = ORIENTED_EDGE('',*,*,#5013,.T.);
#5013 = EDGE_CURVE('',#4988,#5014,#5016,.T.);
#5014 = VERTEX_POINT('',#5015);
#5015 = CARTESIAN_POINT('',(9.5,-8.27707677867,3.));
#5016 = SURFACE_CURVE('',#5017,(#5021,#5027),.PCURVE_S1.);
#5017 = LINE('',#5018,#5019);
#5018 = CARTESIAN_POINT('',(9.5,-4.25,3.));
#5019 = VECTOR('',#5020,1.);
#5020 = DIRECTION('',(0.,-1.,0.));
#5021 = PCURVE('',#2330,#5022);
#5022 = DEFINITIONAL_REPRESENTATION('',(#5023),#5026);
#5023 = B_SPLINE_CURVE_WITH_KNOTS('',1,(#5024,#5025),.UNSPECIFIED.,.F.,
  .F.,(2,2),(-12.75,4.25),.PIECEWISE_BEZIER_KNOTS.);
#5024 = CARTESIAN_POINT('',(3.5,-17.));
#5025 = CARTESIAN_POINT('',(3.5,0.));
#5026 = ( GEOMETRIC_REPRESENTATION_CONTEXT(2) 
PARAMETRIC_REPRESENTATION_CONTEXT() REPRESENTATION_CONTEXT('2D SPACE',''
  ) );
#5027 = PCURVE('',#5028,#5033);
#5028 = PLANE('',#5029);
#5029 = AXIS2_PLACEMENT_3D('',#5030,#5031,#5032);
#5030 = CARTESIAN_POINT('',(0.,0.,3.));
#5031 = DIRECTION('',(0.,0.,1.));
#5032 = DIRECTION('',(1.,0.,-0.));
#5033 = DEFINITIONAL_REPRESENTATION('',(#5034),#5037);
#5034 = B_SPLINE_CURVE_WITH_KNOTS('',1,(#5035,#5036),.UNSPECIFIED.,.F.,
  .F.,(2,2),(-12.75,4.25),.PIECEWISE_BEZIER_KNOTS.);
#5035 = CARTESIAN_POINT('',(9.5,8.5));
#5036 = CARTESIAN_POINT('',(9.5,-8.5));
#5037 = ( GEOMETRIC_REPRESENTATION_CONTEXT(2) 
PARAMETRIC_REPRESENTATION_CONTEXT() REPRESENTATION_CONTEXT('2D SPACE',''
  ) );
#5038 = ORIENTED_EDGE('',*,*,#5039,.T.);
#5039 = EDGE_CURVE('',#5014,#4887,#5040,.T.);
#5040 = SURFACE_CURVE('',#5041,(#5045,#5051),.PCURVE_S1.);
#5041 = LINE('',#5042,#5043);
#5042 = CARTESIAN_POINT('',(9.5,-8.27707677867,3.));
#5043 = VECTOR('',#5044,1.);
#5044 = DIRECTION('',(0.,0.,1.));
#5045 = PCURVE('',#2330,#5046);
#5046 = DEFINITIONAL_REPRESENTATION('',(#5047),#5050);
#5047 = B_SPLINE_CURVE_WITH_KNOTS('',1,(#5048,#5049),.UNSPECIFIED.,.F.,
  .F.,(2,2),(-2.400000000069E-06,0.9),.PIECEWISE_BEZIER_KNOTS.);
#5048 = CARTESIAN_POINT('',(3.4999976,-0.22292322133));
#5049 = CARTESIAN_POINT('',(4.4,-0.22292322133));
#5050 = ( GEOMETRIC_REPRESENTATION_CONTEXT(2) 
PARAMETRIC_REPRESENTATION_CONTEXT() REPRESENTATION_CONTEXT('2D SPACE',''
  ) );
#5051 = PCURVE('',#5002,#5052);
#5052 = DEFINITIONAL_REPRESENTATION('',(#5053),#5056);
#5053 = B_SPLINE_CURVE_WITH_KNOTS('',1,(#5054,#5055),.UNSPECIFIED.,.F.,
  .F.,(2,2),(-2.400000000069E-06,0.9),.PIECEWISE_BEZIER_KNOTS.);
#5054 = CARTESIAN_POINT('',(5.56647107825,-2.400000000069E-06));
#5055 = CARTESIAN_POINT('',(5.56647107825,0.9));
#5056 = ( GEOMETRIC_REPRESENTATION_CONTEXT(2) 
PARAMETRIC_REPRESENTATION_CONTEXT() REPRESENTATION_CONTEXT('2D SPACE',''
  ) );
#5057 = ADVANCED_FACE('',(#5058),#2406,.F.);
#5058 = FACE_BOUND('',#5059,.F.);
#5059 = EDGE_LOOP('',(#5060,#5061,#5062,#5085,#5113,#5134,#5160,#5181));
#5060 = ORIENTED_EDGE('',*,*,#4936,.F.);
#5061 = ORIENTED_EDGE('',*,*,#2393,.T.);
#5062 = ORIENTED_EDGE('',*,*,#5063,.T.);
#5063 = EDGE_CURVE('',#2368,#5064,#5066,.T.);
#5064 = VERTEX_POINT('',#5065);
#5065 = CARTESIAN_POINT('',(-9.5,8.5,3.5));
#5066 = SURFACE_CURVE('',#5067,(#5071,#5078),.PCURVE_S1.);
#5067 = LINE('',#5068,#5069);
#5068 = CARTESIAN_POINT('',(-9.5,8.5,-0.5));
#5069 = VECTOR('',#5070,1.);
#5070 = DIRECTION('',(0.,0.,1.));
#5071 = PCURVE('',#2406,#5072);
#5072 = DEFINITIONAL_REPRESENTATION('',(#5073),#5077);
#5073 = LINE('',#5074,#5075);
#5074 = CARTESIAN_POINT('',(0.,0.));
#5075 = VECTOR('',#5076,1.);
#5076 = DIRECTION('',(1.,0.));
#5077 = ( GEOMETRIC_REPRESENTATION_CONTEXT(2) 
PARAMETRIC_REPRESENTATION_CONTEXT() REPRESENTATION_CONTEXT('2D SPACE',''
  ) );
#5078 = PCURVE('',#2382,#5079);
#5079 = DEFINITIONAL_REPRESENTATION('',(#5080),#5084);
#5080 = LINE('',#5081,#5082);
#5081 = CARTESIAN_POINT('',(0.,-17.));
#5082 = VECTOR('',#5083,1.);
#5083 = DIRECTION('',(1.,0.));
#5084 = ( GEOMETRIC_REPRESENTATION_CONTEXT(2) 
PARAMETRIC_REPRESENTATION_CONTEXT() REPRESENTATION_CONTEXT('2D SPACE',''
  ) );
#5085 = ORIENTED_EDGE('',*,*,#5086,.T.);
#5086 = EDGE_CURVE('',#5064,#5087,#5089,.T.);
#5087 = VERTEX_POINT('',#5088);
#5088 = CARTESIAN_POINT('',(-9.301075206663,8.5,3.5));
#5089 = SURFACE_CURVE('',#5090,(#5094,#5101),.PCURVE_S1.);
#5090 = LINE('',#5091,#5092);
#5091 = CARTESIAN_POINT('',(-9.5,8.5,3.5));
#5092 = VECTOR('',#5093,1.);
#5093 = DIRECTION('',(1.,0.,-0.));
#5094 = PCURVE('',#2406,#5095);
#5095 = DEFINITIONAL_REPRESENTATION('',(#5096),#5100);
#5096 = LINE('',#5097,#5098);
#5097 = CARTESIAN_POINT('',(4.,0.));
#5098 = VECTOR('',#5099,1.);
#5099 = DIRECTION('',(0.,1.));
#5100 = ( GEOMETRIC_REPRESENTATION_CONTEXT(2) 
PARAMETRIC_REPRESENTATION_CONTEXT() REPRESENTATION_CONTEXT('2D SPACE',''
  ) );
#5101 = PCURVE('',#5102,#5107);
#5102 = PLANE('',#5103);
#5103 = AXIS2_PLACEMENT_3D('',#5104,#5105,#5106);
#5104 = CARTESIAN_POINT('',(-9.5,-8.5,3.5));
#5105 = DIRECTION('',(0.,0.,1.));
#5106 = DIRECTION('',(1.,0.,-0.));
#5107 = DEFINITIONAL_REPRESENTATION('',(#5108),#5112);
#5108 = LINE('',#5109,#5110);
#5109 = CARTESIAN_POINT('',(0.,17.));
#5110 = VECTOR('',#5111,1.);
#5111 = DIRECTION('',(1.,0.));
#5112 = ( GEOMETRIC_REPRESENTATION_CONTEXT(2) 
PARAMETRIC_REPRESENTATION_CONTEXT() REPRESENTATION_CONTEXT('2D SPACE',''
  ) );
#5113 = ORIENTED_EDGE('',*,*,#5114,.F.);
#5114 = EDGE_CURVE('',#5115,#5087,#5117,.T.);
#5115 = VERTEX_POINT('',#5116);
#5116 = CARTESIAN_POINT('',(-9.301075206663,8.5,3.));
#5117 = SURFACE_CURVE('',#5118,(#5122,#5128),.PCURVE_S1.);
#5118 = LINE('',#5119,#5120);
#5119 = CARTESIAN_POINT('',(-9.301075206663,8.5,3.));
#5120 = VECTOR('',#5121,1.);
#5121 = DIRECTION('',(0.,0.,1.));
#5122 = PCURVE('',#2406,#5123);
#5123 = DEFINITIONAL_REPRESENTATION('',(#5124),#5127);
#5124 = B_SPLINE_CURVE_WITH_KNOTS('',1,(#5125,#5126),.UNSPECIFIED.,.F.,
  .F.,(2,2),(-2.400000000069E-06,0.9),.PIECEWISE_BEZIER_KNOTS.);
#5125 = CARTESIAN_POINT('',(3.4999976,0.198924793337));
#5126 = CARTESIAN_POINT('',(4.4,0.198924793337));
#5127 = ( GEOMETRIC_REPRESENTATION_CONTEXT(2) 
PARAMETRIC_REPRESENTATION_CONTEXT() REPRESENTATION_CONTEXT('2D SPACE',''
  ) );
#5128 = PCURVE('',#5002,#5129);
#5129 = DEFINITIONAL_REPRESENTATION('',(#5130),#5133);
#5130 = B_SPLINE_CURVE_WITH_KNOTS('',1,(#5131,#5132),.UNSPECIFIED.,.F.,
  .F.,(2,2),(-2.400000000069E-06,0.9),.PIECEWISE_BEZIER_KNOTS.);
#5131 = CARTESIAN_POINT('',(2.401165655783,-2.400000000069E-06));
#5132 = CARTESIAN_POINT('',(2.401165655783,0.9));
#5133 = ( GEOMETRIC_REPRESENTATION_CONTEXT(2) 
PARAMETRIC_REPRESENTATION_CONTEXT() REPRESENTATION_CONTEXT('2D SPACE',''
  ) );
#5134 = ORIENTED_EDGE('',*,*,#5135,.T.);
#5135 = EDGE_CURVE('',#5115,#5136,#5138,.T.);
#5136 = VERTEX_POINT('',#5137);
#5137 = CARTESIAN_POINT('',(9.301075206663,8.5,3.));
#5138 = SURFACE_CURVE('',#5139,(#5143,#5149),.PCURVE_S1.);
#5139 = LINE('',#5140,#5141);
#5140 = CARTESIAN_POINT('',(-4.75,8.5,3.));
#5141 = VECTOR('',#5142,1.);
#5142 = DIRECTION('',(1.,0.,-0.));
#5143 = PCURVE('',#2406,#5144);
#5144 = DEFINITIONAL_REPRESENTATION('',(#5145),#5148);
#5145 = B_SPLINE_CURVE_WITH_KNOTS('',1,(#5146,#5147),.UNSPECIFIED.,.F.,
  .F.,(2,2),(-4.75,14.25),.PIECEWISE_BEZIER_KNOTS.);
#5146 = CARTESIAN_POINT('',(3.5,0.));
#5147 = CARTESIAN_POINT('',(3.5,19.));
#5148 = ( GEOMETRIC_REPRESENTATION_CONTEXT(2) 
PARAMETRIC_REPRESENTATION_CONTEXT() REPRESENTATION_CONTEXT('2D SPACE',''
  ) );
#5149 = PCURVE('',#5150,#5155);
#5150 = PLANE('',#5151);
#5151 = AXIS2_PLACEMENT_3D('',#5152,#5153,#5154);
#5152 = CARTESIAN_POINT('',(0.,0.,3.));
#5153 = DIRECTION('',(0.,0.,1.));
#5154 = DIRECTION('',(1.,0.,-0.));
#5155 = DEFINITIONAL_REPRESENTATION('',(#5156),#5159);
#5156 = B_SPLINE_CURVE_WITH_KNOTS('',1,(#5157,#5158),.UNSPECIFIED.,.F.,
  .F.,(2,2),(-4.75,14.25),.PIECEWISE_BEZIER_KNOTS.);
#5157 = CARTESIAN_POINT('',(-9.5,8.5));
#5158 = CARTESIAN_POINT('',(9.5,8.5));
#5159 = ( GEOMETRIC_REPRESENTATION_CONTEXT(2) 
PARAMETRIC_REPRESENTATION_CONTEXT() REPRESENTATION_CONTEXT('2D SPACE',''
  ) );
#5160 = ORIENTED_EDGE('',*,*,#5161,.T.);
#5161 = EDGE_CURVE('',#5136,#5162,#5164,.T.);
#5162 = VERTEX_POINT('',#5163);
#5163 = CARTESIAN_POINT('',(9.301075206663,8.5,3.5));
#5164 = SURFACE_CURVE('',#5165,(#5169,#5175),.PCURVE_S1.);
#5165 = LINE('',#5166,#5167);
#5166 = CARTESIAN_POINT('',(9.301075206663,8.5,3.));
#5167 = VECTOR('',#5168,1.);
#5168 = DIRECTION('',(0.,0.,1.));
#5169 = PCURVE('',#2406,#5170);
#5170 = DEFINITIONAL_REPRESENTATION('',(#5171),#5174);
#5171 = B_SPLINE_CURVE_WITH_KNOTS('',1,(#5172,#5173),.UNSPECIFIED.,.F.,
  .F.,(2,2),(-2.400000000069E-06,0.9),.PIECEWISE_BEZIER_KNOTS.);
#5172 = CARTESIAN_POINT('',(3.4999976,18.801075206663));
#5173 = CARTESIAN_POINT('',(4.4,18.801075206663));
#5174 = ( GEOMETRIC_REPRESENTATION_CONTEXT(2) 
PARAMETRIC_REPRESENTATION_CONTEXT() REPRESENTATION_CONTEXT('2D SPACE',''
  ) );
#5175 = PCURVE('',#5002,#5176);
#5176 = DEFINITIONAL_REPRESENTATION('',(#5177),#5180);
#5177 = B_SPLINE_CURVE_WITH_KNOTS('',1,(#5178,#5179),.UNSPECIFIED.,.F.,
  .F.,(2,2),(-2.400000000069E-06,0.9),.PIECEWISE_BEZIER_KNOTS.);
#5178 = CARTESIAN_POINT('',(0.740426997807,-2.400000000069E-06));
#5179 = CARTESIAN_POINT('',(0.740426997807,0.9));
#5180 = ( GEOMETRIC_REPRESENTATION_CONTEXT(2) 
PARAMETRIC_REPRESENTATION_CONTEXT() REPRESENTATION_CONTEXT('2D SPACE',''
  ) );
#5181 = ORIENTED_EDGE('',*,*,#5182,.T.);
#5182 = EDGE_CURVE('',#5162,#4937,#5183,.T.);
#5183 = SURFACE_CURVE('',#5184,(#5188,#5195),.PCURVE_S1.);
#5184 = LINE('',#5185,#5186);
#5185 = CARTESIAN_POINT('',(-9.5,8.5,3.5));
#5186 = VECTOR('',#5187,1.);
#5187 = DIRECTION('',(1.,0.,-0.));
#5188 = PCURVE('',#2406,#5189);
#5189 = DEFINITIONAL_REPRESENTATION('',(#5190),#5194);
#5190 = LINE('',#5191,#5192);
#5191 = CARTESIAN_POINT('',(4.,0.));
#5192 = VECTOR('',#5193,1.);
#5193 = DIRECTION('',(0.,1.));
#5194 = ( GEOMETRIC_REPRESENTATION_CONTEXT(2) 
PARAMETRIC_REPRESENTATION_CONTEXT() REPRESENTATION_CONTEXT('2D SPACE',''
  ) );
#5195 = PCURVE('',#4975,#5196);
#5196 = DEFINITIONAL_REPRESENTATION('',(#5197),#5201);
#5197 = LINE('',#5198,#5199);
#5198 = CARTESIAN_POINT('',(0.,17.));
#5199 = VECTOR('',#5200,1.);
#5200 = DIRECTION('',(1.,0.));
#5201 = ( GEOMETRIC_REPRESENTATION_CONTEXT(2) 
PARAMETRIC_REPRESENTATION_CONTEXT() REPRESENTATION_CONTEXT('2D SPACE',''
  ) );
#5202 = ADVANCED_FACE('',(#5203),#2382,.T.);
#5203 = FACE_BOUND('',#5204,.T.);
#5204 = EDGE_LOOP('',(#5205,#5235,#5256,#5257,#5258,#5281,#5302,#5328));
#5205 = ORIENTED_EDGE('',*,*,#5206,.F.);
#5206 = EDGE_CURVE('',#5207,#5209,#5211,.T.);
#5207 = VERTEX_POINT('',#5208);
#5208 = CARTESIAN_POINT('',(-9.5,-8.5,3.5));
#5209 = VERTEX_POINT('',#5210);
#5210 = CARTESIAN_POINT('',(-9.5,-8.27707677867,3.5));
#5211 = SURFACE_CURVE('',#5212,(#5216,#5223),.PCURVE_S1.);
#5212 = LINE('',#5213,#5214);
#5213 = CARTESIAN_POINT('',(-9.5,-8.5,3.5));
#5214 = VECTOR('',#5215,1.);
#5215 = DIRECTION('',(-0.,1.,0.));
#5216 = PCURVE('',#2382,#5217);
#5217 = DEFINITIONAL_REPRESENTATION('',(#5218),#5222);
#5218 = LINE('',#5219,#5220);
#5219 = CARTESIAN_POINT('',(4.,0.));
#5220 = VECTOR('',#5221,1.);
#5221 = DIRECTION('',(0.,-1.));
#5222 = ( GEOMETRIC_REPRESENTATION_CONTEXT(2) 
PARAMETRIC_REPRESENTATION_CONTEXT() REPRESENTATION_CONTEXT('2D SPACE',''
  ) );
#5223 = PCURVE('',#5224,#5229);
#5224 = PLANE('',#5225);
#5225 = AXIS2_PLACEMENT_3D('',#5226,#5227,#5228);
#5226 = CARTESIAN_POINT('',(-9.5,-8.5,3.5));
#5227 = DIRECTION('',(0.,0.,1.));
#5228 = DIRECTION('',(1.,0.,-0.));
#5229 = DEFINITIONAL_REPRESENTATION('',(#5230),#5234);
#5230 = LINE('',#5231,#5232);
#5231 = CARTESIAN_POINT('',(0.,0.));
#5232 = VECTOR('',#5233,1.);
#5233 = DIRECTION('',(0.,1.));
#5234 = ( GEOMETRIC_REPRESENTATION_CONTEXT(2) 
PARAMETRIC_REPRESENTATION_CONTEXT() REPRESENTATION_CONTEXT('2D SPACE',''
  ) );
#5235 = ORIENTED_EDGE('',*,*,#5236,.F.);
#5236 = EDGE_CURVE('',#2342,#5207,#5237,.T.);
#5237 = SURFACE_CURVE('',#5238,(#5242,#5249),.PCURVE_S1.);
#5238 = LINE('',#5239,#5240);
#5239 = CARTESIAN_POINT('',(-9.5,-8.5,-0.5));
#5240 = VECTOR('',#5241,1.);
#5241 = DIRECTION('',(0.,0.,1.));
#5242 = PCURVE('',#2382,#5243);
#5243 = DEFINITIONAL_REPRESENTATION('',(#5244),#5248);
#5244 = LINE('',#5245,#5246);
#5245 = CARTESIAN_POINT('',(0.,0.));
#5246 = VECTOR('',#5247,1.);
#5247 = DIRECTION('',(1.,0.));
#5248 = ( GEOMETRIC_REPRESENTATION_CONTEXT(2) 
PARAMETRIC_REPRESENTATION_CONTEXT() REPRESENTATION_CONTEXT('2D SPACE',''
  ) );
#5249 = PCURVE('',#2356,#5250);
#5250 = DEFINITIONAL_REPRESENTATION('',(#5251),#5255);
#5251 = LINE('',#5252,#5253);
#5252 = CARTESIAN_POINT('',(0.,0.));
#5253 = VECTOR('',#5254,1.);
#5254 = DIRECTION('',(1.,0.));
#5255 = ( GEOMETRIC_REPRESENTATION_CONTEXT(2) 
PARAMETRIC_REPRESENTATION_CONTEXT() REPRESENTATION_CONTEXT('2D SPACE',''
  ) );
#5256 = ORIENTED_EDGE('',*,*,#2367,.T.);
#5257 = ORIENTED_EDGE('',*,*,#5063,.T.);
#5258 = ORIENTED_EDGE('',*,*,#5259,.F.);
#5259 = EDGE_CURVE('',#5260,#5064,#5262,.T.);
#5260 = VERTEX_POINT('',#5261);
#5261 = CARTESIAN_POINT('',(-9.5,8.27707677867,3.5));
#5262 = SURFACE_CURVE('',#5263,(#5267,#5274),.PCURVE_S1.);
#5263 = LINE('',#5264,#5265);
#5264 = CARTESIAN_POINT('',(-9.5,-8.5,3.5));
#5265 = VECTOR('',#5266,1.);
#5266 = DIRECTION('',(-0.,1.,0.));
#5267 = PCURVE('',#2382,#5268);
#5268 = DEFINITIONAL_REPRESENTATION('',(#5269),#5273);
#5269 = LINE('',#5270,#5271);
#5270 = CARTESIAN_POINT('',(4.,0.));
#5271 = VECTOR('',#5272,1.);
#5272 = DIRECTION('',(0.,-1.));
#5273 = ( GEOMETRIC_REPRESENTATION_CONTEXT(2) 
PARAMETRIC_REPRESENTATION_CONTEXT() REPRESENTATION_CONTEXT('2D SPACE',''
  ) );
#5274 = PCURVE('',#5102,#5275);
#5275 = DEFINITIONAL_REPRESENTATION('',(#5276),#5280);
#5276 = LINE('',#5277,#5278);
#5277 = CARTESIAN_POINT('',(0.,0.));
#5278 = VECTOR('',#5279,1.);
#5279 = DIRECTION('',(0.,1.));
#5280 = ( GEOMETRIC_REPRESENTATION_CONTEXT(2) 
PARAMETRIC_REPRESENTATION_CONTEXT() REPRESENTATION_CONTEXT('2D SPACE',''
  ) );
#5281 = ORIENTED_EDGE('',*,*,#5282,.F.);
#5282 = EDGE_CURVE('',#5283,#5260,#5285,.T.);
#5283 = VERTEX_POINT('',#5284);
#5284 = CARTESIAN_POINT('',(-9.5,8.27707677867,3.));
#5285 = SURFACE_CURVE('',#5286,(#5290,#5296),.PCURVE_S1.);
#5286 = LINE('',#5287,#5288);
#5287 = CARTESIAN_POINT('',(-9.5,8.27707677867,3.));
#5288 = VECTOR('',#5289,1.);
#5289 = DIRECTION('',(0.,0.,1.));
#5290 = PCURVE('',#2382,#5291);
#5291 = DEFINITIONAL_REPRESENTATION('',(#5292),#5295);
#5292 = B_SPLINE_CURVE_WITH_KNOTS('',1,(#5293,#5294),.UNSPECIFIED.,.F.,
  .F.,(2,2),(-2.400000000069E-06,0.9),.PIECEWISE_BEZIER_KNOTS.);
#5293 = CARTESIAN_POINT('',(3.4999976,-16.77707677867));
#5294 = CARTESIAN_POINT('',(4.4,-16.77707677867));
#5295 = ( GEOMETRIC_REPRESENTATION_CONTEXT(2) 
PARAMETRIC_REPRESENTATION_CONTEXT() REPRESENTATION_CONTEXT('2D SPACE',''
  ) );
#5296 = PCURVE('',#5002,#5297);
#5297 = DEFINITIONAL_REPRESENTATION('',(#5298),#5301);
#5298 = B_SPLINE_CURVE_WITH_KNOTS('',1,(#5299,#5300),.UNSPECIFIED.,.F.,
  .F.,(2,2),(-2.400000000069E-06,0.9),.PIECEWISE_BEZIER_KNOTS.);
#5299 = CARTESIAN_POINT('',(2.42487842466,-2.400000000069E-06));
#5300 = CARTESIAN_POINT('',(2.42487842466,0.9));
#5301 = ( GEOMETRIC_REPRESENTATION_CONTEXT(2) 
PARAMETRIC_REPRESENTATION_CONTEXT() REPRESENTATION_CONTEXT('2D SPACE',''
  ) );
#5302 = ORIENTED_EDGE('',*,*,#5303,.T.);
#5303 = EDGE_CURVE('',#5283,#5304,#5306,.T.);
#5304 = VERTEX_POINT('',#5305);
#5305 = CARTESIAN_POINT('',(-9.5,-8.27707677867,3.));
#5306 = SURFACE_CURVE('',#5307,(#5311,#5317),.PCURVE_S1.);
#5307 = LINE('',#5308,#5309);
#5308 = CARTESIAN_POINT('',(-9.5,-4.25,3.));
#5309 = VECTOR('',#5310,1.);
#5310 = DIRECTION('',(0.,-1.,0.));
#5311 = PCURVE('',#2382,#5312);
#5312 = DEFINITIONAL_REPRESENTATION('',(#5313),#5316);
#5313 = B_SPLINE_CURVE_WITH_KNOTS('',1,(#5314,#5315),.UNSPECIFIED.,.F.,
  .F.,(2,2),(-12.75,4.25),.PIECEWISE_BEZIER_KNOTS.);
#5314 = CARTESIAN_POINT('',(3.5,-17.));
#5315 = CARTESIAN_POINT('',(3.5,0.));
#5316 = ( GEOMETRIC_REPRESENTATION_CONTEXT(2) 
PARAMETRIC_REPRESENTATION_CONTEXT() REPRESENTATION_CONTEXT('2D SPACE',''
  ) );
#5317 = PCURVE('',#5318,#5323);
#5318 = PLANE('',#5319);
#5319 = AXIS2_PLACEMENT_3D('',#5320,#5321,#5322);
#5320 = CARTESIAN_POINT('',(0.,0.,3.));
#5321 = DIRECTION('',(0.,0.,1.));
#5322 = DIRECTION('',(1.,0.,-0.));
#5323 = DEFINITIONAL_REPRESENTATION('',(#5324),#5327);
#5324 = B_SPLINE_CURVE_WITH_KNOTS('',1,(#5325,#5326),.UNSPECIFIED.,.F.,
  .F.,(2,2),(-12.75,4.25),.PIECEWISE_BEZIER_KNOTS.);
#5325 = CARTESIAN_POINT('',(-9.5,8.5));
#5326 = CARTESIAN_POINT('',(-9.5,-8.5));
#5327 = ( GEOMETRIC_REPRESENTATION_CONTEXT(2) 
PARAMETRIC_REPRESENTATION_CONTEXT() REPRESENTATION_CONTEXT('2D SPACE',''
  ) );
#5328 = ORIENTED_EDGE('',*,*,#5329,.T.);
#5329 = EDGE_CURVE('',#5304,#5209,#5330,.T.);
#5330 = SURFACE_CURVE('',#5331,(#5335,#5341),.PCURVE_S1.);
#5331 = LINE('',#5332,#5333);
#5332 = CARTESIAN_POINT('',(-9.5,-8.27707677867,3.));
#5333 = VECTOR('',#5334,1.);
#5334 = DIRECTION('',(0.,0.,1.));
#5335 = PCURVE('',#2382,#5336);
#5336 = DEFINITIONAL_REPRESENTATION('',(#5337),#5340);
#5337 = B_SPLINE_CURVE_WITH_KNOTS('',1,(#5338,#5339),.UNSPECIFIED.,.F.,
  .F.,(2,2),(-2.400000000069E-06,0.9),.PIECEWISE_BEZIER_KNOTS.);
#5338 = CARTESIAN_POINT('',(3.4999976,-0.22292322133));
#5339 = CARTESIAN_POINT('',(4.4,-0.22292322133));
#5340 = ( GEOMETRIC_REPRESENTATION_CONTEXT(2) 
PARAMETRIC_REPRESENTATION_CONTEXT() REPRESENTATION_CONTEXT('2D SPACE',''
  ) );
#5341 = PCURVE('',#5002,#5342);
#5342 = DEFINITIONAL_REPRESENTATION('',(#5343),#5346);
#5343 = B_SPLINE_CURVE_WITH_KNOTS('',1,(#5344,#5345),.UNSPECIFIED.,.F.,
  .F.,(2,2),(-2.400000000069E-06,0.9),.PIECEWISE_BEZIER_KNOTS.);
#5344 = CARTESIAN_POINT('',(3.85830688252,-2.400000000069E-06));
#5345 = CARTESIAN_POINT('',(3.85830688252,0.9));
#5346 = ( GEOMETRIC_REPRESENTATION_CONTEXT(2) 
PARAMETRIC_REPRESENTATION_CONTEXT() REPRESENTATION_CONTEXT('2D SPACE',''
  ) );
#5347 = ADVANCED_FACE('',(#5348),#2356,.T.);
#5348 = FACE_BOUND('',#5349,.T.);
#5349 = EDGE_LOOP('',(#5350,#5351,#5352,#5353,#5376,#5397,#5423,#5444));
#5350 = ORIENTED_EDGE('',*,*,#4914,.F.);
#5351 = ORIENTED_EDGE('',*,*,#2341,.T.);
#5352 = ORIENTED_EDGE('',*,*,#5236,.T.);
#5353 = ORIENTED_EDGE('',*,*,#5354,.T.);
#5354 = EDGE_CURVE('',#5207,#5355,#5357,.T.);
#5355 = VERTEX_POINT('',#5356);
#5356 = CARTESIAN_POINT('',(-9.301075206663,-8.5,3.5));
#5357 = SURFACE_CURVE('',#5358,(#5362,#5369),.PCURVE_S1.);
#5358 = LINE('',#5359,#5360);
#5359 = CARTESIAN_POINT('',(-9.5,-8.5,3.5));
#5360 = VECTOR('',#5361,1.);
#5361 = DIRECTION('',(1.,0.,-0.));
#5362 = PCURVE('',#2356,#5363);
#5363 = DEFINITIONAL_REPRESENTATION('',(#5364),#5368);
#5364 = LINE('',#5365,#5366);
#5365 = CARTESIAN_POINT('',(4.,0.));
#5366 = VECTOR('',#5367,1.);
#5367 = DIRECTION('',(0.,1.));
#5368 = ( GEOMETRIC_REPRESENTATION_CONTEXT(2) 
PARAMETRIC_REPRESENTATION_CONTEXT() REPRESENTATION_CONTEXT('2D SPACE',''
  ) );
#5369 = PCURVE('',#5224,#5370);
#5370 = DEFINITIONAL_REPRESENTATION('',(#5371),#5375);
#5371 = LINE('',#5372,#5373);
#5372 = CARTESIAN_POINT('',(0.,0.));
#5373 = VECTOR('',#5374,1.);
#5374 = DIRECTION('',(1.,0.));
#5375 = ( GEOMETRIC_REPRESENTATION_CONTEXT(2) 
PARAMETRIC_REPRESENTATION_CONTEXT() REPRESENTATION_CONTEXT('2D SPACE',''
  ) );
#5376 = ORIENTED_EDGE('',*,*,#5377,.F.);
#5377 = EDGE_CURVE('',#5378,#5355,#5380,.T.);
#5378 = VERTEX_POINT('',#5379);
#5379 = CARTESIAN_POINT('',(-9.301075206663,-8.5,3.));
#5380 = SURFACE_CURVE('',#5381,(#5385,#5391),.PCURVE_S1.);
#5381 = LINE('',#5382,#5383);
#5382 = CARTESIAN_POINT('',(-9.301075206663,-8.5,3.));
#5383 = VECTOR('',#5384,1.);
#5384 = DIRECTION('',(0.,0.,1.));
#5385 = PCURVE('',#2356,#5386);
#5386 = DEFINITIONAL_REPRESENTATION('',(#5387),#5390);
#5387 = B_SPLINE_CURVE_WITH_KNOTS('',1,(#5388,#5389),.UNSPECIFIED.,.F.,
  .F.,(2,2),(-2.400000000069E-06,0.9),.PIECEWISE_BEZIER_KNOTS.);
#5388 = CARTESIAN_POINT('',(3.4999976,0.198924793337));
#5389 = CARTESIAN_POINT('',(4.4,0.198924793337));
#5390 = ( GEOMETRIC_REPRESENTATION_CONTEXT(2) 
PARAMETRIC_REPRESENTATION_CONTEXT() REPRESENTATION_CONTEXT('2D SPACE',''
  ) );
#5391 = PCURVE('',#5002,#5392);
#5392 = DEFINITIONAL_REPRESENTATION('',(#5393),#5396);
#5393 = B_SPLINE_CURVE_WITH_KNOTS('',1,(#5394,#5395),.UNSPECIFIED.,.F.,
  .F.,(2,2),(-2.400000000069E-06,0.9),.PIECEWISE_BEZIER_KNOTS.);
#5394 = CARTESIAN_POINT('',(3.882019651397,-2.400000000069E-06));
#5395 = CARTESIAN_POINT('',(3.882019651397,0.9));
#5396 = ( GEOMETRIC_REPRESENTATION_CONTEXT(2) 
PARAMETRIC_REPRESENTATION_CONTEXT() REPRESENTATION_CONTEXT('2D SPACE',''
  ) );
#5397 = ORIENTED_EDGE('',*,*,#5398,.T.);
#5398 = EDGE_CURVE('',#5378,#5399,#5401,.T.);
#5399 = VERTEX_POINT('',#5400);
#5400 = CARTESIAN_POINT('',(9.301075206663,-8.5,3.));
#5401 = SURFACE_CURVE('',#5402,(#5406,#5412),.PCURVE_S1.);
#5402 = LINE('',#5403,#5404);
#5403 = CARTESIAN_POINT('',(-4.75,-8.5,3.));
#5404 = VECTOR('',#5405,1.);
#5405 = DIRECTION('',(1.,0.,-0.));
#5406 = PCURVE('',#2356,#5407);
#5407 = DEFINITIONAL_REPRESENTATION('',(#5408),#5411);
#5408 = B_SPLINE_CURVE_WITH_KNOTS('',1,(#5409,#5410),.UNSPECIFIED.,.F.,
  .F.,(2,2),(-4.75,14.25),.PIECEWISE_BEZIER_KNOTS.);
#5409 = CARTESIAN_POINT('',(3.5,0.));
#5410 = CARTESIAN_POINT('',(3.5,19.));
#5411 = ( GEOMETRIC_REPRESENTATION_CONTEXT(2) 
PARAMETRIC_REPRESENTATION_CONTEXT() REPRESENTATION_CONTEXT('2D SPACE',''
  ) );
#5412 = PCURVE('',#5413,#5418);
#5413 = PLANE('',#5414);
#5414 = AXIS2_PLACEMENT_3D('',#5415,#5416,#5417);
#5415 = CARTESIAN_POINT('',(0.,0.,3.));
#5416 = DIRECTION('',(0.,0.,1.));
#5417 = DIRECTION('',(1.,0.,-0.));
#5418 = DEFINITIONAL_REPRESENTATION('',(#5419),#5422);
#5419 = B_SPLINE_CURVE_WITH_KNOTS('',1,(#5420,#5421),.UNSPECIFIED.,.F.,
  .F.,(2,2),(-4.75,14.25),.PIECEWISE_BEZIER_KNOTS.);
#5420 = CARTESIAN_POINT('',(-9.5,-8.5));
#5421 = CARTESIAN_POINT('',(9.5,-8.5));
#5422 = ( GEOMETRIC_REPRESENTATION_CONTEXT(2) 
PARAMETRIC_REPRESENTATION_CONTEXT() REPRESENTATION_CONTEXT('2D SPACE',''
  ) );
#5423 = ORIENTED_EDGE('',*,*,#5424,.T.);
#5424 = EDGE_CURVE('',#5399,#5425,#5427,.T.);
#5425 = VERTEX_POINT('',#5426);
#5426 = CARTESIAN_POINT('',(9.301075206663,-8.5,3.5));
#5427 = SURFACE_CURVE('',#5428,(#5432,#5438),.PCURVE_S1.);
#5428 = LINE('',#5429,#5430);
#5429 = CARTESIAN_POINT('',(9.301075206663,-8.5,3.));
#5430 = VECTOR('',#5431,1.);
#5431 = DIRECTION('',(0.,0.,1.));
#5432 = PCURVE('',#2356,#5433);
#5433 = DEFINITIONAL_REPRESENTATION('',(#5434),#5437);
#5434 = B_SPLINE_CURVE_WITH_KNOTS('',1,(#5435,#5436),.UNSPECIFIED.,.F.,
  .F.,(2,2),(-2.400000000069E-06,0.9),.PIECEWISE_BEZIER_KNOTS.);
#5435 = CARTESIAN_POINT('',(3.4999976,18.801075206663));
#5436 = CARTESIAN_POINT('',(4.4,18.801075206663));
#5437 = ( GEOMETRIC_REPRESENTATION_CONTEXT(2) 
PARAMETRIC_REPRESENTATION_CONTEXT() REPRESENTATION_CONTEXT('2D SPACE',''
  ) );
#5438 = PCURVE('',#5002,#5439);
#5439 = DEFINITIONAL_REPRESENTATION('',(#5440),#5443);
#5440 = B_SPLINE_CURVE_WITH_KNOTS('',1,(#5441,#5442),.UNSPECIFIED.,.F.,
  .F.,(2,2),(-2.400000000069E-06,0.9),.PIECEWISE_BEZIER_KNOTS.);
#5441 = CARTESIAN_POINT('',(5.542758309373,-2.400000000069E-06));
#5442 = CARTESIAN_POINT('',(5.542758309373,0.9));
#5443 = ( GEOMETRIC_REPRESENTATION_CONTEXT(2) 
PARAMETRIC_REPRESENTATION_CONTEXT() REPRESENTATION_CONTEXT('2D SPACE',''
  ) );
#5444 = ORIENTED_EDGE('',*,*,#5445,.T.);
#5445 = EDGE_CURVE('',#5425,#4885,#5446,.T.);
#5446 = SURFACE_CURVE('',#5447,(#5451,#5458),.PCURVE_S1.);
#5447 = LINE('',#5448,#5449);
#5448 = CARTESIAN_POINT('',(-9.5,-8.5,3.5));
#5449 = VECTOR('',#5450,1.);
#5450 = DIRECTION('',(1.,0.,-0.));
#5451 = PCURVE('',#2356,#5452);
#5452 = DEFINITIONAL_REPRESENTATION('',(#5453),#5457);
#5453 = LINE('',#5454,#5455);
#5454 = CARTESIAN_POINT('',(4.,0.));
#5455 = VECTOR('',#5456,1.);
#5456 = DIRECTION('',(0.,1.));
#5457 = ( GEOMETRIC_REPRESENTATION_CONTEXT(2) 
PARAMETRIC_REPRESENTATION_CONTEXT() REPRESENTATION_CONTEXT('2D SPACE',''
  ) );
#5458 = PCURVE('',#4902,#5459);
#5459 = DEFINITIONAL_REPRESENTATION('',(#5460),#5464);
#5460 = LINE('',#5461,#5462);
#5461 = CARTESIAN_POINT('',(0.,0.));
#5462 = VECTOR('',#5463,1.);
#5463 = DIRECTION('',(1.,0.));
#5464 = ( GEOMETRIC_REPRESENTATION_CONTEXT(2) 
PARAMETRIC_REPRESENTATION_CONTEXT() REPRESENTATION_CONTEXT('2D SPACE',''
  ) );
#5465 = ADVANCED_FACE('',(#5466),#2436,.F.);
#5466 = FACE_BOUND('',#5467,.F.);
#5467 = EDGE_LOOP('',(#5468,#5489,#5490,#5517,#5518,#5519));
#5468 = ORIENTED_EDGE('',*,*,#5469,.T.);
#5469 = EDGE_CURVE('',#2420,#4207,#5470,.T.);
#5470 = SEAM_CURVE('',#5471,(#5475,#5482),.PCURVE_S1.);
#5471 = LINE('',#5472,#5473);
#5472 = CARTESIAN_POINT('',(1.25,15.,0.));
#5473 = VECTOR('',#5474,1.);
#5474 = DIRECTION('',(0.,0.,1.));
#5475 = PCURVE('',#2436,#5476);
#5476 = DEFINITIONAL_REPRESENTATION('',(#5477),#5481);
#5477 = LINE('',#5478,#5479);
#5478 = CARTESIAN_POINT('',(6.28318530718,-0.));
#5479 = VECTOR('',#5480,1.);
#5480 = DIRECTION('',(0.,1.));
#5481 = ( GEOMETRIC_REPRESENTATION_CONTEXT(2) 
PARAMETRIC_REPRESENTATION_CONTEXT() REPRESENTATION_CONTEXT('2D SPACE',''
  ) );
#5482 = PCURVE('',#2436,#5483);
#5483 = DEFINITIONAL_REPRESENTATION('',(#5484),#5488);
#5484 = LINE('',#5485,#5486);
#5485 = CARTESIAN_POINT('',(0.,-0.));
#5486 = VECTOR('',#5487,1.);
#5487 = DIRECTION('',(0.,1.));
#5488 = ( GEOMETRIC_REPRESENTATION_CONTEXT(2) 
PARAMETRIC_REPRESENTATION_CONTEXT() REPRESENTATION_CONTEXT('2D SPACE',''
  ) );
#5489 = ORIENTED_EDGE('',*,*,#4230,.F.);
#5490 = ORIENTED_EDGE('',*,*,#5491,.F.);
#5491 = EDGE_CURVE('',#4184,#4231,#5492,.T.);
#5492 = SURFACE_CURVE('',#5493,(#5498,#5505),.PCURVE_S1.);
#5493 = CIRCLE('',#5494,1.25);
#5494 = AXIS2_PLACEMENT_3D('',#5495,#5496,#5497);
#5495 = CARTESIAN_POINT('',(0.,15.,8.));
#5496 = DIRECTION('',(0.,0.,1.));
#5497 = DIRECTION('',(1.,0.,-0.));
#5498 = PCURVE('',#2436,#5499);
#5499 = DEFINITIONAL_REPRESENTATION('',(#5500),#5504);
#5500 = LINE('',#5501,#5502);
#5501 = CARTESIAN_POINT('',(0.,8.));
#5502 = VECTOR('',#5503,1.);
#5503 = DIRECTION('',(1.,0.));
#5504 = ( GEOMETRIC_REPRESENTATION_CONTEXT(2) 
PARAMETRIC_REPRESENTATION_CONTEXT() REPRESENTATION_CONTEXT('2D SPACE',''
  ) );
#5505 = PCURVE('',#5506,#5511);
#5506 = PLANE('',#5507);
#5507 = AXIS2_PLACEMENT_3D('',#5508,#5509,#5510);
#5508 = CARTESIAN_POINT('',(0.,15.,8.));
#5509 = DIRECTION('',(0.,0.,1.));
#5510 = DIRECTION('',(1.,0.,-0.));
#5511 = DEFINITIONAL_REPRESENTATION('',(#5512),#5516);
#5512 = CIRCLE('',#5513,1.25);
#5513 = AXIS2_PLACEMENT_2D('',#5514,#5515);
#5514 = CARTESIAN_POINT('',(0.,0.));
#5515 = DIRECTION('',(1.,0.));
#5516 = ( GEOMETRIC_REPRESENTATION_CONTEXT(2) 
PARAMETRIC_REPRESENTATION_CONTEXT() REPRESENTATION_CONTEXT('2D SPACE',''
  ) );
#5517 = ORIENTED_EDGE('',*,*,#4206,.F.);
#5518 = ORIENTED_EDGE('',*,*,#5469,.F.);
#5519 = ORIENTED_EDGE('',*,*,#2419,.T.);
#5520 = ADVANCED_FACE('',(#5521),#2467,.F.);
#5521 = FACE_BOUND('',#5522,.F.);
#5522 = EDGE_LOOP('',(#5523,#5552,#5573,#5574));
#5523 = ORIENTED_EDGE('',*,*,#5524,.F.);
#5524 = EDGE_CURVE('',#5525,#5525,#5527,.T.);
#5525 = VERTEX_POINT('',#5526);
#5526 = CARTESIAN_POINT('',(11.3,10.5,6.));
#5527 = SURFACE_CURVE('',#5528,(#5533,#5540),.PCURVE_S1.);
#5528 = CIRCLE('',#5529,0.8);
#5529 = AXIS2_PLACEMENT_3D('',#5530,#5531,#5532);
#5530 = CARTESIAN_POINT('',(10.5,10.5,6.));
#5531 = DIRECTION('',(0.,0.,1.));
#5532 = DIRECTION('',(1.,0.,-0.));
#5533 = PCURVE('',#2467,#5534);
#5534 = DEFINITIONAL_REPRESENTATION('',(#5535),#5539);
#5535 = LINE('',#5536,#5537);
#5536 = CARTESIAN_POINT('',(0.,6.));
#5537 = VECTOR('',#5538,1.);
#5538 = DIRECTION('',(1.,0.));
#5539 = ( GEOMETRIC_REPRESENTATION_CONTEXT(2) 
PARAMETRIC_REPRESENTATION_CONTEXT() REPRESENTATION_CONTEXT('2D SPACE',''
  ) );
#5540 = PCURVE('',#5541,#5546);
#5541 = PLANE('',#5542);
#5542 = AXIS2_PLACEMENT_3D('',#5543,#5544,#5545);
#5543 = CARTESIAN_POINT('',(10.5,10.5,6.));
#5544 = DIRECTION('',(0.,0.,1.));
#5545 = DIRECTION('',(1.,0.,-0.));
#5546 = DEFINITIONAL_REPRESENTATION('',(#5547),#5551);
#5547 = CIRCLE('',#5548,0.8);
#5548 = AXIS2_PLACEMENT_2D('',#5549,#5550);
#5549 = CARTESIAN_POINT('',(0.,0.));
#5550 = DIRECTION('',(1.,0.));
#5551 = ( GEOMETRIC_REPRESENTATION_CONTEXT(2) 
PARAMETRIC_REPRESENTATION_CONTEXT() REPRESENTATION_CONTEXT('2D SPACE',''
  ) );
#5552 = ORIENTED_EDGE('',*,*,#5553,.F.);
#5553 = EDGE_CURVE('',#2451,#5525,#5554,.T.);
#5554 = SEAM_CURVE('',#5555,(#5559,#5566),.PCURVE_S1.);
#5555 = LINE('',#5556,#5557);
#5556 = CARTESIAN_POINT('',(11.3,10.5,0.));
#5557 = VECTOR('',#5558,1.);
#5558 = DIRECTION('',(0.,0.,1.));
#5559 = PCURVE('',#2467,#5560);
#5560 = DEFINITIONAL_REPRESENTATION('',(#5561),#5565);
#5561 = LINE('',#5562,#5563);
#5562 = CARTESIAN_POINT('',(6.28318530718,-0.));
#5563 = VECTOR('',#5564,1.);
#5564 = DIRECTION('',(0.,1.));
#5565 = ( GEOMETRIC_REPRESENTATION_CONTEXT(2) 
PARAMETRIC_REPRESENTATION_CONTEXT() REPRESENTATION_CONTEXT('2D SPACE',''
  ) );
#5566 = PCURVE('',#2467,#5567);
#5567 = DEFINITIONAL_REPRESENTATION('',(#5568),#5572);
#5568 = LINE('',#5569,#5570);
#5569 = CARTESIAN_POINT('',(0.,-0.));
#5570 = VECTOR('',#5571,1.);
#5571 = DIRECTION('',(0.,1.));
#5572 = ( GEOMETRIC_REPRESENTATION_CONTEXT(2) 
PARAMETRIC_REPRESENTATION_CONTEXT() REPRESENTATION_CONTEXT('2D SPACE',''
  ) );
#5573 = ORIENTED_EDGE('',*,*,#2450,.T.);
#5574 = ORIENTED_EDGE('',*,*,#5553,.T.);
#5575 = ADVANCED_FACE('',(#5576),#2525,.T.);
#5576 = FACE_BOUND('',#5577,.T.);
#5577 = EDGE_LOOP('',(#5578,#5579,#5580,#5581,#5602,#5603,#5622,#5623));
#5578 = ORIENTED_EDGE('',*,*,#4042,.F.);
#5579 = ORIENTED_EDGE('',*,*,#2508,.T.);
#5580 = ORIENTED_EDGE('',*,*,#4394,.T.);
#5581 = ORIENTED_EDGE('',*,*,#5582,.T.);
#5582 = EDGE_CURVE('',#4372,#3434,#5583,.T.);
#5583 = SURFACE_CURVE('',#5584,(#5588,#5595),.PCURVE_S1.);
#5584 = LINE('',#5585,#5586);
#5585 = CARTESIAN_POINT('',(-15.,-14.1,8.));
#5586 = VECTOR('',#5587,1.);
#5587 = DIRECTION('',(0.,0.,1.));
#5588 = PCURVE('',#2525,#5589);
#5589 = DEFINITIONAL_REPRESENTATION('',(#5590),#5594);
#5590 = LINE('',#5591,#5592);
#5591 = CARTESIAN_POINT('',(0.,-4.4));
#5592 = VECTOR('',#5593,1.);
#5593 = DIRECTION('',(1.,0.));
#5594 = ( GEOMETRIC_REPRESENTATION_CONTEXT(2) 
PARAMETRIC_REPRESENTATION_CONTEXT() REPRESENTATION_CONTEXT('2D SPACE',''
  ) );
#5595 = PCURVE('',#3070,#5596);
#5596 = DEFINITIONAL_REPRESENTATION('',(#5597),#5601);
#5597 = LINE('',#5598,#5599);
#5598 = CARTESIAN_POINT('',(0.,0.));
#5599 = VECTOR('',#5600,1.);
#5600 = DIRECTION('',(1.,0.));
#5601 = ( GEOMETRIC_REPRESENTATION_CONTEXT(2) 
PARAMETRIC_REPRESENTATION_CONTEXT() REPRESENTATION_CONTEXT('2D SPACE',''
  ) );
#5602 = ORIENTED_EDGE('',*,*,#3433,.F.);
#5603 = ORIENTED_EDGE('',*,*,#5604,.F.);
#5604 = EDGE_CURVE('',#3007,#3411,#5605,.T.);
#5605 = SURFACE_CURVE('',#5606,(#5610,#5616),.PCURVE_S1.);
#5606 = LINE('',#5607,#5608);
#5607 = CARTESIAN_POINT('',(-15.,-15.,16.));
#5608 = VECTOR('',#5609,1.);
#5609 = DIRECTION('',(-0.,0.,-1.));
#5610 = PCURVE('',#2525,#5611);
#5611 = DEFINITIONAL_REPRESENTATION('',(#5612),#5615);
#5612 = B_SPLINE_CURVE_WITH_KNOTS('',1,(#5613,#5614),.UNSPECIFIED.,.F.,
  .F.,(2,2),(-37.,-8.),.PIECEWISE_BEZIER_KNOTS.);
#5613 = CARTESIAN_POINT('',(45.,-3.5));
#5614 = CARTESIAN_POINT('',(16.,-3.5));
#5615 = ( GEOMETRIC_REPRESENTATION_CONTEXT(2) 
PARAMETRIC_REPRESENTATION_CONTEXT() REPRESENTATION_CONTEXT('2D SPACE',''
  ) );
#5616 = PCURVE('',#3022,#5617);
#5617 = DEFINITIONAL_REPRESENTATION('',(#5618),#5621);
#5618 = B_SPLINE_CURVE_WITH_KNOTS('',1,(#5619,#5620),.UNSPECIFIED.,.F.,
  .F.,(2,2),(-37.,-8.),.PIECEWISE_BEZIER_KNOTS.);
#5619 = CARTESIAN_POINT('',(29.,3.5));
#5620 = CARTESIAN_POINT('',(0.,3.5));
#5621 = ( GEOMETRIC_REPRESENTATION_CONTEXT(2) 
PARAMETRIC_REPRESENTATION_CONTEXT() REPRESENTATION_CONTEXT('2D SPACE',''
  ) );
#5622 = ORIENTED_EDGE('',*,*,#3034,.T.);
#5623 = ORIENTED_EDGE('',*,*,#5624,.T.);
#5624 = EDGE_CURVE('',#3035,#4020,#5625,.T.);
#5625 = SURFACE_CURVE('',#5626,(#5630,#5637),.PCURVE_S1.);
#5626 = LINE('',#5627,#5628);
#5627 = CARTESIAN_POINT('',(-15.,-14.1,8.));
#5628 = VECTOR('',#5629,1.);
#5629 = DIRECTION('',(0.,0.,1.));
#5630 = PCURVE('',#2525,#5631);
#5631 = DEFINITIONAL_REPRESENTATION('',(#5632),#5636);
#5632 = LINE('',#5633,#5634);
#5633 = CARTESIAN_POINT('',(0.,-4.4));
#5634 = VECTOR('',#5635,1.);
#5635 = DIRECTION('',(1.,0.));
#5636 = ( GEOMETRIC_REPRESENTATION_CONTEXT(2) 
PARAMETRIC_REPRESENTATION_CONTEXT() REPRESENTATION_CONTEXT('2D SPACE',''
  ) );
#5637 = PCURVE('',#3070,#5638);
#5638 = DEFINITIONAL_REPRESENTATION('',(#5639),#5643);
#5639 = LINE('',#5640,#5641);
#5640 = CARTESIAN_POINT('',(0.,0.));
#5641 = VECTOR('',#5642,1.);
#5642 = DIRECTION('',(1.,0.));
#5643 = ( GEOMETRIC_REPRESENTATION_CONTEXT(2) 
PARAMETRIC_REPRESENTATION_CONTEXT() REPRESENTATION_CONTEXT('2D SPACE',''
  ) );
#5644 = ADVANCED_FACE('',(#5645),#2572,.F.);
#5645 = FACE_BOUND('',#5646,.F.);
#5646 = EDGE_LOOP('',(#5647,#5648,#5649,#5650));
#5647 = ORIENTED_EDGE('',*,*,#4064,.F.);
#5648 = ORIENTED_EDGE('',*,*,#2557,.T.);
#5649 = ORIENTED_EDGE('',*,*,#4416,.T.);
#5650 = ORIENTED_EDGE('',*,*,#5651,.F.);
#5651 = EDGE_CURVE('',#4065,#4417,#5652,.T.);
#5652 = SURFACE_CURVE('',#5653,(#5657,#5663),.PCURVE_S1.);
#5653 = LINE('',#5654,#5655);
#5654 = CARTESIAN_POINT('',(15.,-15.,8.));
#5655 = VECTOR('',#5656,1.);
#5656 = DIRECTION('',(-0.,0.,-1.));
#5657 = PCURVE('',#2572,#5658);
#5658 = DEFINITIONAL_REPRESENTATION('',(#5659),#5662);
#5659 = B_SPLINE_CURVE_WITH_KNOTS('',1,(#5660,#5661),.UNSPECIFIED.,.F.,
  .F.,(2,2),(-56.,-0.),.PIECEWISE_BEZIER_KNOTS.);
#5660 = CARTESIAN_POINT('',(56.,-3.5));
#5661 = CARTESIAN_POINT('',(0.,-3.5));
#5662 = ( GEOMETRIC_REPRESENTATION_CONTEXT(2) 
PARAMETRIC_REPRESENTATION_CONTEXT() REPRESENTATION_CONTEXT('2D SPACE',''
  ) );
#5663 = PCURVE('',#3611,#5664);
#5664 = DEFINITIONAL_REPRESENTATION('',(#5665),#5668);
#5665 = B_SPLINE_CURVE_WITH_KNOTS('',1,(#5666,#5667),.UNSPECIFIED.,.F.,
  .F.,(2,2),(-56.,-0.),.PIECEWISE_BEZIER_KNOTS.);
#5666 = CARTESIAN_POINT('',(56.,0.9));
#5667 = CARTESIAN_POINT('',(0.,0.9));
#5668 = ( GEOMETRIC_REPRESENTATION_CONTEXT(2) 
PARAMETRIC_REPRESENTATION_CONTEXT() REPRESENTATION_CONTEXT('2D SPACE',''
  ) );
#5669 = ADVANCED_FACE('',(#5670),#2621,.F.);
#5670 = FACE_BOUND('',#5671,.F.);
#5671 = EDGE_LOOP('',(#5672,#5695,#5696,#5719));
#5672 = ORIENTED_EDGE('',*,*,#5673,.F.);
#5673 = EDGE_CURVE('',#2605,#5674,#5676,.T.);
#5674 = VERTEX_POINT('',#5675);
#5675 = CARTESIAN_POINT('',(15.,-15.,84.));
#5676 = SURFACE_CURVE('',#5677,(#5681,#5688),.PCURVE_S1.);
#5677 = LINE('',#5678,#5679);
#5678 = CARTESIAN_POINT('',(15.,-18.5,84.));
#5679 = VECTOR('',#5680,1.);
#5680 = DIRECTION('',(-0.,1.,0.));
#5681 = PCURVE('',#2621,#5682);
#5682 = DEFINITIONAL_REPRESENTATION('',(#5683),#5687);
#5683 = LINE('',#5684,#5685);
#5684 = CARTESIAN_POINT('',(18.,0.));
#5685 = VECTOR('',#5686,1.);
#5686 = DIRECTION('',(0.,-1.));
#5687 = ( GEOMETRIC_REPRESENTATION_CONTEXT(2) 
PARAMETRIC_REPRESENTATION_CONTEXT() REPRESENTATION_CONTEXT('2D SPACE',''
  ) );
#5688 = PCURVE('',#2647,#5689);
#5689 = DEFINITIONAL_REPRESENTATION('',(#5690),#5694);
#5690 = LINE('',#5691,#5692);
#5691 = CARTESIAN_POINT('',(30.,0.));
#5692 = VECTOR('',#5693,1.);
#5693 = DIRECTION('',(0.,1.));
#5694 = ( GEOMETRIC_REPRESENTATION_CONTEXT(2) 
PARAMETRIC_REPRESENTATION_CONTEXT() REPRESENTATION_CONTEXT('2D SPACE',''
  ) );
#5695 = ORIENTED_EDGE('',*,*,#2604,.T.);
#5696 = ORIENTED_EDGE('',*,*,#5697,.T.);
#5697 = EDGE_CURVE('',#2607,#5698,#5700,.T.);
#5698 = VERTEX_POINT('',#5699);
#5699 = CARTESIAN_POINT('',(15.,-15.,66.));
#5700 = SURFACE_CURVE('',#5701,(#5705,#5712),.PCURVE_S1.);
#5701 = LINE('',#5702,#5703);
#5702 = CARTESIAN_POINT('',(15.,-18.5,66.));
#5703 = VECTOR('',#5704,1.);
#5704 = DIRECTION('',(-0.,1.,0.));
#5705 = PCURVE('',#2621,#5706);
#5706 = DEFINITIONAL_REPRESENTATION('',(#5707),#5711);
#5707 = LINE('',#5708,#5709);
#5708 = CARTESIAN_POINT('',(0.,0.));
#5709 = VECTOR('',#5710,1.);
#5710 = DIRECTION('',(0.,-1.));
#5711 = ( GEOMETRIC_REPRESENTATION_CONTEXT(2) 
PARAMETRIC_REPRESENTATION_CONTEXT() REPRESENTATION_CONTEXT('2D SPACE',''
  ) );
#5712 = PCURVE('',#2697,#5713);
#5713 = DEFINITIONAL_REPRESENTATION('',(#5714),#5718);
#5714 = LINE('',#5715,#5716);
#5715 = CARTESIAN_POINT('',(30.,0.));
#5716 = VECTOR('',#5717,1.);
#5717 = DIRECTION('',(0.,1.));
#5718 = ( GEOMETRIC_REPRESENTATION_CONTEXT(2) 
PARAMETRIC_REPRESENTATION_CONTEXT() REPRESENTATION_CONTEXT('2D SPACE',''
  ) );
#5719 = ORIENTED_EDGE('',*,*,#5720,.T.);
#5720 = EDGE_CURVE('',#5698,#5674,#5721,.T.);
#5721 = SURFACE_CURVE('',#5722,(#5726,#5733),.PCURVE_S1.);
#5722 = LINE('',#5723,#5724);
#5723 = CARTESIAN_POINT('',(15.,-15.,66.));
#5724 = VECTOR('',#5725,1.);
#5725 = DIRECTION('',(0.,0.,1.));
#5726 = PCURVE('',#2621,#5727);
#5727 = DEFINITIONAL_REPRESENTATION('',(#5728),#5732);
#5728 = LINE('',#5729,#5730);
#5729 = CARTESIAN_POINT('',(0.,-3.5));
#5730 = VECTOR('',#5731,1.);
#5731 = DIRECTION('',(1.,0.));
#5732 = ( GEOMETRIC_REPRESENTATION_CONTEXT(2) 
PARAMETRIC_REPRESENTATION_CONTEXT() REPRESENTATION_CONTEXT('2D SPACE',''
  ) );
#5733 = PCURVE('',#3686,#5734);
#5734 = DEFINITIONAL_REPRESENTATION('',(#5735),#5739);
#5735 = LINE('',#5736,#5737);
#5736 = CARTESIAN_POINT('',(0.,0.));
#5737 = VECTOR('',#5738,1.);
#5738 = DIRECTION('',(1.,0.));
#5739 = ( GEOMETRIC_REPRESENTATION_CONTEXT(2) 
PARAMETRIC_REPRESENTATION_CONTEXT() REPRESENTATION_CONTEXT('2D SPACE',''
  ) );
#5740 = ADVANCED_FACE('',(#5741),#2697,.T.);
#5741 = FACE_BOUND('',#5742,.T.);
#5742 = EDGE_LOOP('',(#5743,#5766,#5767,#5768));
#5743 = ORIENTED_EDGE('',*,*,#5744,.F.);
#5744 = EDGE_CURVE('',#2659,#5745,#5747,.T.);
#5745 = VERTEX_POINT('',#5746);
#5746 = CARTESIAN_POINT('',(-15.,-15.,66.));
#5747 = SURFACE_CURVE('',#5748,(#5752,#5759),.PCURVE_S1.);
#5748 = LINE('',#5749,#5750);
#5749 = CARTESIAN_POINT('',(-15.,-18.5,66.));
#5750 = VECTOR('',#5751,1.);
#5751 = DIRECTION('',(-0.,1.,0.));
#5752 = PCURVE('',#2697,#5753);
#5753 = DEFINITIONAL_REPRESENTATION('',(#5754),#5758);
#5754 = LINE('',#5755,#5756);
#5755 = CARTESIAN_POINT('',(0.,0.));
#5756 = VECTOR('',#5757,1.);
#5757 = DIRECTION('',(0.,1.));
#5758 = ( GEOMETRIC_REPRESENTATION_CONTEXT(2) 
PARAMETRIC_REPRESENTATION_CONTEXT() REPRESENTATION_CONTEXT('2D SPACE',''
  ) );
#5759 = PCURVE('',#2673,#5760);
#5760 = DEFINITIONAL_REPRESENTATION('',(#5761),#5765);
#5761 = LINE('',#5762,#5763);
#5762 = CARTESIAN_POINT('',(0.,0.));
#5763 = VECTOR('',#5764,1.);
#5764 = DIRECTION('',(0.,-1.));
#5765 = ( GEOMETRIC_REPRESENTATION_CONTEXT(2) 
PARAMETRIC_REPRESENTATION_CONTEXT() REPRESENTATION_CONTEXT('2D SPACE',''
  ) );
#5766 = ORIENTED_EDGE('',*,*,#2684,.T.);
#5767 = ORIENTED_EDGE('',*,*,#5697,.T.);
#5768 = ORIENTED_EDGE('',*,*,#5769,.F.);
#5769 = EDGE_CURVE('',#5745,#5698,#5770,.T.);
#5770 = SURFACE_CURVE('',#5771,(#5775,#5782),.PCURVE_S1.);
#5771 = LINE('',#5772,#5773);
#5772 = CARTESIAN_POINT('',(-15.,-15.,66.));
#5773 = VECTOR('',#5774,1.);
#5774 = DIRECTION('',(1.,0.,-0.));
#5775 = PCURVE('',#2697,#5776);
#5776 = DEFINITIONAL_REPRESENTATION('',(#5777),#5781);
#5777 = LINE('',#5778,#5779);
#5778 = CARTESIAN_POINT('',(0.,3.5));
#5779 = VECTOR('',#5780,1.);
#5780 = DIRECTION('',(1.,0.));
#5781 = ( GEOMETRIC_REPRESENTATION_CONTEXT(2) 
PARAMETRIC_REPRESENTATION_CONTEXT() REPRESENTATION_CONTEXT('2D SPACE',''
  ) );
#5782 = PCURVE('',#5783,#5788);
#5783 = PLANE('',#5784);
#5784 = AXIS2_PLACEMENT_3D('',#5785,#5786,#5787);
#5785 = CARTESIAN_POINT('',(-15.,-15.,66.));
#5786 = DIRECTION('',(-0.,1.,0.));
#5787 = DIRECTION('',(0.,0.,1.));
#5788 = DEFINITIONAL_REPRESENTATION('',(#5789),#5793);
#5789 = LINE('',#5790,#5791);
#5790 = CARTESIAN_POINT('',(0.,0.));
#5791 = VECTOR('',#5792,1.);
#5792 = DIRECTION('',(0.,1.));
#5793 = ( GEOMETRIC_REPRESENTATION_CONTEXT(2) 
PARAMETRIC_REPRESENTATION_CONTEXT() REPRESENTATION_CONTEXT('2D SPACE',''
  ) );
#5794 = ADVANCED_FACE('',(#5795),#2673,.T.);
#5795 = FACE_BOUND('',#5796,.T.);
#5796 = EDGE_LOOP('',(#5797,#5818,#5819,#5820,#5841));
#5797 = ORIENTED_EDGE('',*,*,#5798,.F.);
#5798 = EDGE_CURVE('',#2633,#2839,#5799,.T.);
#5799 = SURFACE_CURVE('',#5800,(#5804,#5811),.PCURVE_S1.);
#5800 = LINE('',#5801,#5802);
#5801 = CARTESIAN_POINT('',(-15.,-18.5,84.));
#5802 = VECTOR('',#5803,1.);
#5803 = DIRECTION('',(-0.,1.,0.));
#5804 = PCURVE('',#2673,#5805);
#5805 = DEFINITIONAL_REPRESENTATION('',(#5806),#5810);
#5806 = LINE('',#5807,#5808);
#5807 = CARTESIAN_POINT('',(18.,0.));
#5808 = VECTOR('',#5809,1.);
#5809 = DIRECTION('',(0.,-1.));
#5810 = ( GEOMETRIC_REPRESENTATION_CONTEXT(2) 
PARAMETRIC_REPRESENTATION_CONTEXT() REPRESENTATION_CONTEXT('2D SPACE',''
  ) );
#5811 = PCURVE('',#2647,#5812);
#5812 = DEFINITIONAL_REPRESENTATION('',(#5813),#5817);
#5813 = LINE('',#5814,#5815);
#5814 = CARTESIAN_POINT('',(0.,0.));
#5815 = VECTOR('',#5816,1.);
#5816 = DIRECTION('',(0.,1.));
#5817 = ( GEOMETRIC_REPRESENTATION_CONTEXT(2) 
PARAMETRIC_REPRESENTATION_CONTEXT() REPRESENTATION_CONTEXT('2D SPACE',''
  ) );
#5818 = ORIENTED_EDGE('',*,*,#2658,.T.);
#5819 = ORIENTED_EDGE('',*,*,#5744,.T.);
#5820 = ORIENTED_EDGE('',*,*,#5821,.T.);
#5821 = EDGE_CURVE('',#5745,#2736,#5822,.T.);
#5822 = SURFACE_CURVE('',#5823,(#5827,#5834),.PCURVE_S1.);
#5823 = LINE('',#5824,#5825);
#5824 = CARTESIAN_POINT('',(-15.,-15.,66.));
#5825 = VECTOR('',#5826,1.);
#5826 = DIRECTION('',(0.,0.,1.));
#5827 = PCURVE('',#2673,#5828);
#5828 = DEFINITIONAL_REPRESENTATION('',(#5829),#5833);
#5829 = LINE('',#5830,#5831);
#5830 = CARTESIAN_POINT('',(0.,-3.5));
#5831 = VECTOR('',#5832,1.);
#5832 = DIRECTION('',(1.,0.));
#5833 = ( GEOMETRIC_REPRESENTATION_CONTEXT(2) 
PARAMETRIC_REPRESENTATION_CONTEXT() REPRESENTATION_CONTEXT('2D SPACE',''
  ) );
#5834 = PCURVE('',#5783,#5835);
#5835 = DEFINITIONAL_REPRESENTATION('',(#5836),#5840);
#5836 = LINE('',#5837,#5838);
#5837 = CARTESIAN_POINT('',(0.,0.));
#5838 = VECTOR('',#5839,1.);
#5839 = DIRECTION('',(1.,0.));
#5840 = ( GEOMETRIC_REPRESENTATION_CONTEXT(2) 
PARAMETRIC_REPRESENTATION_CONTEXT() REPRESENTATION_CONTEXT('2D SPACE',''
  ) );
#5841 = ORIENTED_EDGE('',*,*,#2888,.T.);
#5842 = ADVANCED_FACE('',(#5843),#2647,.F.);
#5843 = FACE_BOUND('',#5844,.F.);
#5844 = EDGE_LOOP('',(#5845,#5846,#5847,#5848));
#5845 = ORIENTED_EDGE('',*,*,#5798,.F.);
#5846 = ORIENTED_EDGE('',*,*,#2632,.T.);
#5847 = ORIENTED_EDGE('',*,*,#5673,.T.);
#5848 = ORIENTED_EDGE('',*,*,#5849,.F.);
#5849 = EDGE_CURVE('',#2839,#5674,#5850,.T.);
#5850 = SURFACE_CURVE('',#5851,(#5855,#5862),.PCURVE_S1.);
#5851 = LINE('',#5852,#5853);
#5852 = CARTESIAN_POINT('',(-15.,-15.,84.));
#5853 = VECTOR('',#5854,1.);
#5854 = DIRECTION('',(1.,0.,-0.));
#5855 = PCURVE('',#2647,#5856);
#5856 = DEFINITIONAL_REPRESENTATION('',(#5857),#5861);
#5857 = LINE('',#5858,#5859);
#5858 = CARTESIAN_POINT('',(0.,3.5));
#5859 = VECTOR('',#5860,1.);
#5860 = DIRECTION('',(1.,0.));
#5861 = ( GEOMETRIC_REPRESENTATION_CONTEXT(2) 
PARAMETRIC_REPRESENTATION_CONTEXT() REPRESENTATION_CONTEXT('2D SPACE',''
  ) );
#5862 = PCURVE('',#5783,#5863);
#5863 = DEFINITIONAL_REPRESENTATION('',(#5864),#5868);
#5864 = LINE('',#5865,#5866);
#5865 = CARTESIAN_POINT('',(18.,0.));
#5866 = VECTOR('',#5867,1.);
#5867 = DIRECTION('',(0.,1.));
#5868 = ( GEOMETRIC_REPRESENTATION_CONTEXT(2) 
PARAMETRIC_REPRESENTATION_CONTEXT() REPRESENTATION_CONTEXT('2D SPACE',''
  ) );
#5869 = ADVANCED_FACE('',(#5870),#2772,.F.);
#5870 = FACE_BOUND('',#5871,.F.);
#5871 = EDGE_LOOP('',(#5872,#5873,#5874,#5875));
#5872 = ORIENTED_EDGE('',*,*,#2888,.F.);
#5873 = ORIENTED_EDGE('',*,*,#2758,.T.);
#5874 = ORIENTED_EDGE('',*,*,#2812,.T.);
#5875 = ORIENTED_EDGE('',*,*,#2861,.F.);
#5876 = ADVANCED_FACE('',(#5877),#3124,.T.);
#5877 = FACE_BOUND('',#5878,.T.);
#5878 = EDGE_LOOP('',(#5879,#5880,#5881,#5882,#5901,#5902,#5903,#5904,
    #5923,#5924));
#5879 = ORIENTED_EDGE('',*,*,#4183,.F.);
#5880 = ORIENTED_EDGE('',*,*,#3827,.T.);
#5881 = ORIENTED_EDGE('',*,*,#3498,.F.);
#5882 = ORIENTED_EDGE('',*,*,#5883,.T.);
#5883 = EDGE_CURVE('',#3476,#3082,#5884,.T.);
#5884 = SURFACE_CURVE('',#5885,(#5889,#5895),.PCURVE_S1.);
#5885 = LINE('',#5886,#5887);
#5886 = CARTESIAN_POINT('',(-14.1,14.1,16.));
#5887 = VECTOR('',#5888,1.);
#5888 = DIRECTION('',(0.,0.,1.));
#5889 = PCURVE('',#3124,#5890);
#5890 = DEFINITIONAL_REPRESENTATION('',(#5891),#5894);
#5891 = B_SPLINE_CURVE_WITH_KNOTS('',1,(#5892,#5893),.UNSPECIFIED.,.F.,
  .F.,(2,2),(8.,37.),.PIECEWISE_BEZIER_KNOTS.);
#5892 = CARTESIAN_POINT('',(16.,0.9));
#5893 = CARTESIAN_POINT('',(45.,0.9));
#5894 = ( GEOMETRIC_REPRESENTATION_CONTEXT(2) 
PARAMETRIC_REPRESENTATION_CONTEXT() REPRESENTATION_CONTEXT('2D SPACE',''
  ) );
#5895 = PCURVE('',#3097,#5896);
#5896 = DEFINITIONAL_REPRESENTATION('',(#5897),#5900);
#5897 = B_SPLINE_CURVE_WITH_KNOTS('',1,(#5898,#5899),.UNSPECIFIED.,.F.,
  .F.,(2,2),(8.,37.),.PIECEWISE_BEZIER_KNOTS.);
#5898 = CARTESIAN_POINT('',(0.,-29.1));
#5899 = CARTESIAN_POINT('',(29.,-29.1));
#5900 = ( GEOMETRIC_REPRESENTATION_CONTEXT(2) 
PARAMETRIC_REPRESENTATION_CONTEXT() REPRESENTATION_CONTEXT('2D SPACE',''
  ) );
#5901 = ORIENTED_EDGE('',*,*,#3109,.T.);
#5902 = ORIENTED_EDGE('',*,*,#3895,.T.);
#5903 = ORIENTED_EDGE('',*,*,#3968,.T.);
#5904 = ORIENTED_EDGE('',*,*,#5905,.F.);
#5905 = EDGE_CURVE('',#4255,#3969,#5906,.T.);
#5906 = SURFACE_CURVE('',#5907,(#5911,#5917),.PCURVE_S1.);
#5907 = LINE('',#5908,#5909);
#5908 = CARTESIAN_POINT('',(14.1,14.1,8.));
#5909 = VECTOR('',#5910,1.);
#5910 = DIRECTION('',(0.,0.,1.));
#5911 = PCURVE('',#3124,#5912);
#5912 = DEFINITIONAL_REPRESENTATION('',(#5913),#5916);
#5913 = B_SPLINE_CURVE_WITH_KNOTS('',1,(#5914,#5915),.UNSPECIFIED.,.F.,
  .F.,(2,2),(0.,56.),.PIECEWISE_BEZIER_KNOTS.);
#5914 = CARTESIAN_POINT('',(0.,29.1));
#5915 = CARTESIAN_POINT('',(56.,29.1));
#5916 = ( GEOMETRIC_REPRESENTATION_CONTEXT(2) 
PARAMETRIC_REPRESENTATION_CONTEXT() REPRESENTATION_CONTEXT('2D SPACE',''
  ) );
#5917 = PCURVE('',#4007,#5918);
#5918 = DEFINITIONAL_REPRESENTATION('',(#5919),#5922);
#5919 = B_SPLINE_CURVE_WITH_KNOTS('',1,(#5920,#5921),.UNSPECIFIED.,.F.,
  .F.,(2,2),(0.,56.),.PIECEWISE_BEZIER_KNOTS.);
#5920 = CARTESIAN_POINT('',(0.,-29.1));
#5921 = CARTESIAN_POINT('',(56.,-29.1));
#5922 = ( GEOMETRIC_REPRESENTATION_CONTEXT(2) 
PARAMETRIC_REPRESENTATION_CONTEXT() REPRESENTATION_CONTEXT('2D SPACE',''
  ) );
#5923 = ORIENTED_EDGE('',*,*,#4254,.F.);
#5924 = ORIENTED_EDGE('',*,*,#5925,.F.);
#5925 = EDGE_CURVE('',#4184,#4231,#5926,.T.);
#5926 = SURFACE_CURVE('',#5927,(#5931,#5938),.PCURVE_S1.);
#5927 = LINE('',#5928,#5929);
#5928 = CARTESIAN_POINT('',(-15.,14.1,8.));
#5929 = VECTOR('',#5930,1.);
#5930 = DIRECTION('',(1.,0.,-0.));
#5931 = PCURVE('',#3124,#5932);
#5932 = DEFINITIONAL_REPRESENTATION('',(#5933),#5937);
#5933 = LINE('',#5934,#5935);
#5934 = CARTESIAN_POINT('',(0.,0.));
#5935 = VECTOR('',#5936,1.);
#5936 = DIRECTION('',(0.,1.));
#5937 = ( GEOMETRIC_REPRESENTATION_CONTEXT(2) 
PARAMETRIC_REPRESENTATION_CONTEXT() REPRESENTATION_CONTEXT('2D SPACE',''
  ) );
#5938 = PCURVE('',#5506,#5939);
#5939 = DEFINITIONAL_REPRESENTATION('',(#5940),#5944);
#5940 = LINE('',#5941,#5942);
#5941 = CARTESIAN_POINT('',(-15.,-0.9));
#5942 = VECTOR('',#5943,1.);
#5943 = DIRECTION('',(1.,0.));
#5944 = ( GEOMETRIC_REPRESENTATION_CONTEXT(2) 
PARAMETRIC_REPRESENTATION_CONTEXT() REPRESENTATION_CONTEXT('2D SPACE',''
  ) );
#5945 = ADVANCED_FACE('',(#5946),#3097,.F.);
#5946 = FACE_BOUND('',#5947,.F.);
#5947 = EDGE_LOOP('',(#5948,#5949,#5968,#5969));
#5948 = ORIENTED_EDGE('',*,*,#3081,.F.);
#5949 = ORIENTED_EDGE('',*,*,#5950,.F.);
#5950 = EDGE_CURVE('',#3455,#3056,#5951,.T.);
#5951 = SURFACE_CURVE('',#5952,(#5956,#5962),.PCURVE_S1.);
#5952 = LINE('',#5953,#5954);
#5953 = CARTESIAN_POINT('',(-14.1,-14.1,16.));
#5954 = VECTOR('',#5955,1.);
#5955 = DIRECTION('',(0.,0.,1.));
#5956 = PCURVE('',#3097,#5957);
#5957 = DEFINITIONAL_REPRESENTATION('',(#5958),#5961);
#5958 = B_SPLINE_CURVE_WITH_KNOTS('',1,(#5959,#5960),.UNSPECIFIED.,.F.,
  .F.,(2,2),(8.,37.),.PIECEWISE_BEZIER_KNOTS.);
#5959 = CARTESIAN_POINT('',(0.,-0.9));
#5960 = CARTESIAN_POINT('',(29.,-0.9));
#5961 = ( GEOMETRIC_REPRESENTATION_CONTEXT(2) 
PARAMETRIC_REPRESENTATION_CONTEXT() REPRESENTATION_CONTEXT('2D SPACE',''
  ) );
#5962 = PCURVE('',#3070,#5963);
#5963 = DEFINITIONAL_REPRESENTATION('',(#5964),#5967);
#5964 = B_SPLINE_CURVE_WITH_KNOTS('',1,(#5965,#5966),.UNSPECIFIED.,.F.,
  .F.,(2,2),(8.,37.),.PIECEWISE_BEZIER_KNOTS.);
#5965 = CARTESIAN_POINT('',(16.,0.9));
#5966 = CARTESIAN_POINT('',(45.,0.9));
#5967 = ( GEOMETRIC_REPRESENTATION_CONTEXT(2) 
PARAMETRIC_REPRESENTATION_CONTEXT() REPRESENTATION_CONTEXT('2D SPACE',''
  ) );
#5968 = ORIENTED_EDGE('',*,*,#3475,.T.);
#5969 = ORIENTED_EDGE('',*,*,#5883,.T.);
#5970 = ADVANCED_FACE('',(#5971),#3070,.F.);
#5971 = FACE_BOUND('',#5972,.F.);
#5972 = EDGE_LOOP('',(#5973,#5974,#5975,#5976,#5977,#5978,#5979,#5980,
    #5999,#6000));
#5973 = ORIENTED_EDGE('',*,*,#4371,.F.);
#5974 = ORIENTED_EDGE('',*,*,#5582,.T.);
#5975 = ORIENTED_EDGE('',*,*,#3454,.F.);
#5976 = ORIENTED_EDGE('',*,*,#5950,.T.);
#5977 = ORIENTED_EDGE('',*,*,#3055,.T.);
#5978 = ORIENTED_EDGE('',*,*,#5624,.T.);
#5979 = ORIENTED_EDGE('',*,*,#4019,.T.);
#5980 = ORIENTED_EDGE('',*,*,#5981,.F.);
#5981 = EDGE_CURVE('',#4278,#3992,#5982,.T.);
#5982 = SURFACE_CURVE('',#5983,(#5987,#5993),.PCURVE_S1.);
#5983 = LINE('',#5984,#5985);
#5984 = CARTESIAN_POINT('',(14.1,-14.1,8.));
#5985 = VECTOR('',#5986,1.);
#5986 = DIRECTION('',(0.,0.,1.));
#5987 = PCURVE('',#3070,#5988);
#5988 = DEFINITIONAL_REPRESENTATION('',(#5989),#5992);
#5989 = B_SPLINE_CURVE_WITH_KNOTS('',1,(#5990,#5991),.UNSPECIFIED.,.F.,
  .F.,(2,2),(0.,56.),.PIECEWISE_BEZIER_KNOTS.);
#5990 = CARTESIAN_POINT('',(0.,29.1));
#5991 = CARTESIAN_POINT('',(56.,29.1));
#5992 = ( GEOMETRIC_REPRESENTATION_CONTEXT(2) 
PARAMETRIC_REPRESENTATION_CONTEXT() REPRESENTATION_CONTEXT('2D SPACE',''
  ) );
#5993 = PCURVE('',#4007,#5994);
#5994 = DEFINITIONAL_REPRESENTATION('',(#5995),#5998);
#5995 = B_SPLINE_CURVE_WITH_KNOTS('',1,(#5996,#5997),.UNSPECIFIED.,.F.,
  .F.,(2,2),(0.,56.),.PIECEWISE_BEZIER_KNOTS.);
#5996 = CARTESIAN_POINT('',(0.,-0.9));
#5997 = CARTESIAN_POINT('',(56.,-0.9));
#5998 = ( GEOMETRIC_REPRESENTATION_CONTEXT(2) 
PARAMETRIC_REPRESENTATION_CONTEXT() REPRESENTATION_CONTEXT('2D SPACE',''
  ) );
#5999 = ORIENTED_EDGE('',*,*,#4300,.F.);
#6000 = ORIENTED_EDGE('',*,*,#6001,.F.);
#6001 = EDGE_CURVE('',#4348,#4301,#6002,.T.);
#6002 = SURFACE_CURVE('',#6003,(#6007,#6014),.PCURVE_S1.);
#6003 = LINE('',#6004,#6005);
#6004 = CARTESIAN_POINT('',(-15.,-14.1,8.));
#6005 = VECTOR('',#6006,1.);
#6006 = DIRECTION('',(1.,0.,-0.));
#6007 = PCURVE('',#3070,#6008);
#6008 = DEFINITIONAL_REPRESENTATION('',(#6009),#6013);
#6009 = LINE('',#6010,#6011);
#6010 = CARTESIAN_POINT('',(0.,0.));
#6011 = VECTOR('',#6012,1.);
#6012 = DIRECTION('',(0.,1.));
#6013 = ( GEOMETRIC_REPRESENTATION_CONTEXT(2) 
PARAMETRIC_REPRESENTATION_CONTEXT() REPRESENTATION_CONTEXT('2D SPACE',''
  ) );
#6014 = PCURVE('',#4756,#6015);
#6015 = DEFINITIONAL_REPRESENTATION('',(#6016),#6020);
#6016 = LINE('',#6017,#6018);
#6017 = CARTESIAN_POINT('',(-15.,0.9));
#6018 = VECTOR('',#6019,1.);
#6019 = DIRECTION('',(1.,0.));
#6020 = ( GEOMETRIC_REPRESENTATION_CONTEXT(2) 
PARAMETRIC_REPRESENTATION_CONTEXT() REPRESENTATION_CONTEXT('2D SPACE',''
  ) );
#6021 = ADVANCED_FACE('',(#6022),#3022,.T.);
#6022 = FACE_BOUND('',#6023,.T.);
#6023 = EDGE_LOOP('',(#6024,#6025,#6046,#6047));
#6024 = ORIENTED_EDGE('',*,*,#3410,.F.);
#6025 = ORIENTED_EDGE('',*,*,#6026,.T.);
#6026 = EDGE_CURVE('',#3359,#2984,#6027,.T.);
#6027 = SURFACE_CURVE('',#6028,(#6032,#6039),.PCURVE_S1.);
#6028 = LINE('',#6029,#6030);
#6029 = CARTESIAN_POINT('',(-15.5,-15.,2.));
#6030 = VECTOR('',#6031,1.);
#6031 = DIRECTION('',(0.,0.,1.));
#6032 = PCURVE('',#3022,#6033);
#6033 = DEFINITIONAL_REPRESENTATION('',(#6034),#6038);
#6034 = LINE('',#6035,#6036);
#6035 = CARTESIAN_POINT('',(-22.,3.));
#6036 = VECTOR('',#6037,1.);
#6037 = DIRECTION('',(1.,0.));
#6038 = ( GEOMETRIC_REPRESENTATION_CONTEXT(2) 
PARAMETRIC_REPRESENTATION_CONTEXT() REPRESENTATION_CONTEXT('2D SPACE',''
  ) );
#6039 = PCURVE('',#3195,#6040);
#6040 = DEFINITIONAL_REPRESENTATION('',(#6041),#6045);
#6041 = LINE('',#6042,#6043);
#6042 = CARTESIAN_POINT('',(0.,-2.));
#6043 = VECTOR('',#6044,1.);
#6044 = DIRECTION('',(1.,0.));
#6045 = ( GEOMETRIC_REPRESENTATION_CONTEXT(2) 
PARAMETRIC_REPRESENTATION_CONTEXT() REPRESENTATION_CONTEXT('2D SPACE',''
  ) );
#6046 = ORIENTED_EDGE('',*,*,#3006,.T.);
#6047 = ORIENTED_EDGE('',*,*,#5604,.T.);
#6048 = ADVANCED_FACE('',(#6049),#3195,.F.);
#6049 = FACE_BOUND('',#6050,.F.);
#6050 = EDGE_LOOP('',(#6051,#6052,#6053,#6054,#6055,#6056));
#6051 = ORIENTED_EDGE('',*,*,#3285,.F.);
#6052 = ORIENTED_EDGE('',*,*,#3334,.T.);
#6053 = ORIENTED_EDGE('',*,*,#3358,.T.);
#6054 = ORIENTED_EDGE('',*,*,#6026,.T.);
#6055 = ORIENTED_EDGE('',*,*,#3181,.T.);
#6056 = ORIENTED_EDGE('',*,*,#3236,.F.);
#6057 = ADVANCED_FACE('',(#6058),#3564,.F.);
#6058 = FACE_BOUND('',#6059,.F.);
#6059 = EDGE_LOOP('',(#6060,#6061,#6062,#6063));
#6060 = ORIENTED_EDGE('',*,*,#4159,.F.);
#6061 = ORIENTED_EDGE('',*,*,#4113,.F.);
#6062 = ORIENTED_EDGE('',*,*,#3922,.T.);
#6063 = ORIENTED_EDGE('',*,*,#3547,.F.);
#6064 = ADVANCED_FACE('',(#6065),#3611,.T.);
#6065 = FACE_BOUND('',#6066,.T.);
#6066 = EDGE_LOOP('',(#6067,#6068,#6069,#6070));
#6067 = ORIENTED_EDGE('',*,*,#4439,.F.);
#6068 = ORIENTED_EDGE('',*,*,#5651,.F.);
#6069 = ORIENTED_EDGE('',*,*,#4087,.T.);
#6070 = ORIENTED_EDGE('',*,*,#3596,.F.);
#6071 = ADVANCED_FACE('',(#6072),#3660,.T.);
#6072 = FACE_BOUND('',#6073,.T.);
#6073 = EDGE_LOOP('',(#6074,#6100,#6121,#6122));
#6074 = ORIENTED_EDGE('',*,*,#6075,.F.);
#6075 = EDGE_CURVE('',#5698,#4589,#6076,.T.);
#6076 = SURFACE_CURVE('',#6077,(#6081,#6088),.PCURVE_S1.);
#6077 = LINE('',#6078,#6079);
#6078 = CARTESIAN_POINT('',(15.,-15.,66.));
#6079 = VECTOR('',#6080,1.);
#6080 = DIRECTION('',(-0.,1.,0.));
#6081 = PCURVE('',#3660,#6082);
#6082 = DEFINITIONAL_REPRESENTATION('',(#6083),#6087);
#6083 = LINE('',#6084,#6085);
#6084 = CARTESIAN_POINT('',(0.,0.));
#6085 = VECTOR('',#6086,1.);
#6086 = DIRECTION('',(0.,1.));
#6087 = ( GEOMETRIC_REPRESENTATION_CONTEXT(2) 
PARAMETRIC_REPRESENTATION_CONTEXT() REPRESENTATION_CONTEXT('2D SPACE',''
  ) );
#6088 = PCURVE('',#6089,#6094);
#6089 = PLANE('',#6090);
#6090 = AXIS2_PLACEMENT_3D('',#6091,#6092,#6093);
#6091 = CARTESIAN_POINT('',(15.,-15.,66.));
#6092 = DIRECTION('',(1.,0.,-0.));
#6093 = DIRECTION('',(0.,0.,1.));
#6094 = DEFINITIONAL_REPRESENTATION('',(#6095),#6099);
#6095 = LINE('',#6096,#6097);
#6096 = CARTESIAN_POINT('',(0.,0.));
#6097 = VECTOR('',#6098,1.);
#6098 = DIRECTION('',(0.,-1.));
#6099 = ( GEOMETRIC_REPRESENTATION_CONTEXT(2) 
PARAMETRIC_REPRESENTATION_CONTEXT() REPRESENTATION_CONTEXT('2D SPACE',''
  ) );
#6100 = ORIENTED_EDGE('',*,*,#6101,.T.);
#6101 = EDGE_CURVE('',#5698,#3646,#6102,.T.);
#6102 = SURFACE_CURVE('',#6103,(#6107,#6114),.PCURVE_S1.);
#6103 = LINE('',#6104,#6105);
#6104 = CARTESIAN_POINT('',(15.,-15.,66.));
#6105 = VECTOR('',#6106,1.);
#6106 = DIRECTION('',(1.,0.,-0.));
#6107 = PCURVE('',#3660,#6108);
#6108 = DEFINITIONAL_REPRESENTATION('',(#6109),#6113);
#6109 = LINE('',#6110,#6111);
#6110 = CARTESIAN_POINT('',(0.,0.));
#6111 = VECTOR('',#6112,1.);
#6112 = DIRECTION('',(1.,0.));
#6113 = ( GEOMETRIC_REPRESENTATION_CONTEXT(2) 
PARAMETRIC_REPRESENTATION_CONTEXT() REPRESENTATION_CONTEXT('2D SPACE',''
  ) );
#6114 = PCURVE('',#3686,#6115);
#6115 = DEFINITIONAL_REPRESENTATION('',(#6116),#6120);
#6116 = LINE('',#6117,#6118);
#6117 = CARTESIAN_POINT('',(0.,0.));
#6118 = VECTOR('',#6119,1.);
#6119 = DIRECTION('',(0.,1.));
#6120 = ( GEOMETRIC_REPRESENTATION_CONTEXT(2) 
PARAMETRIC_REPRESENTATION_CONTEXT() REPRESENTATION_CONTEXT('2D SPACE',''
  ) );
#6121 = ORIENTED_EDGE('',*,*,#3643,.F.);
#6122 = ORIENTED_EDGE('',*,*,#6123,.F.);
#6123 = EDGE_CURVE('',#4589,#3644,#6124,.T.);
#6124 = SURFACE_CURVE('',#6125,(#6129,#6136),.PCURVE_S1.);
#6125 = LINE('',#6126,#6127);
#6126 = CARTESIAN_POINT('',(15.,15.,66.));
#6127 = VECTOR('',#6128,1.);
#6128 = DIRECTION('',(1.,0.,-0.));
#6129 = PCURVE('',#3660,#6130);
#6130 = DEFINITIONAL_REPRESENTATION('',(#6131),#6135);
#6131 = LINE('',#6132,#6133);
#6132 = CARTESIAN_POINT('',(0.,30.));
#6133 = VECTOR('',#6134,1.);
#6134 = DIRECTION('',(1.,0.));
#6135 = ( GEOMETRIC_REPRESENTATION_CONTEXT(2) 
PARAMETRIC_REPRESENTATION_CONTEXT() REPRESENTATION_CONTEXT('2D SPACE',''
  ) );
#6136 = PCURVE('',#3736,#6137);
#6137 = DEFINITIONAL_REPRESENTATION('',(#6138),#6142);
#6138 = LINE('',#6139,#6140);
#6139 = CARTESIAN_POINT('',(0.,0.));
#6140 = VECTOR('',#6141,1.);
#6141 = DIRECTION('',(0.,1.));
#6142 = ( GEOMETRIC_REPRESENTATION_CONTEXT(2) 
PARAMETRIC_REPRESENTATION_CONTEXT() REPRESENTATION_CONTEXT('2D SPACE',''
  ) );
#6143 = ADVANCED_FACE('',(#6144),#3736,.F.);
#6144 = FACE_BOUND('',#6145,.F.);
#6145 = EDGE_LOOP('',(#6146,#6147,#6148,#6169));
#6146 = ORIENTED_EDGE('',*,*,#6123,.F.);
#6147 = ORIENTED_EDGE('',*,*,#4588,.T.);
#6148 = ORIENTED_EDGE('',*,*,#6149,.T.);
#6149 = EDGE_CURVE('',#4541,#3698,#6150,.T.);
#6150 = SURFACE_CURVE('',#6151,(#6155,#6162),.PCURVE_S1.);
#6151 = LINE('',#6152,#6153);
#6152 = CARTESIAN_POINT('',(15.,15.,84.));
#6153 = VECTOR('',#6154,1.);
#6154 = DIRECTION('',(1.,0.,-0.));
#6155 = PCURVE('',#3736,#6156);
#6156 = DEFINITIONAL_REPRESENTATION('',(#6157),#6161);
#6157 = LINE('',#6158,#6159);
#6158 = CARTESIAN_POINT('',(18.,0.));
#6159 = VECTOR('',#6160,1.);
#6160 = DIRECTION('',(0.,1.));
#6161 = ( GEOMETRIC_REPRESENTATION_CONTEXT(2) 
PARAMETRIC_REPRESENTATION_CONTEXT() REPRESENTATION_CONTEXT('2D SPACE',''
  ) );
#6162 = PCURVE('',#3712,#6163);
#6163 = DEFINITIONAL_REPRESENTATION('',(#6164),#6168);
#6164 = LINE('',#6165,#6166);
#6165 = CARTESIAN_POINT('',(0.,30.));
#6166 = VECTOR('',#6167,1.);
#6167 = DIRECTION('',(1.,0.));
#6168 = ( GEOMETRIC_REPRESENTATION_CONTEXT(2) 
PARAMETRIC_REPRESENTATION_CONTEXT() REPRESENTATION_CONTEXT('2D SPACE',''
  ) );
#6169 = ORIENTED_EDGE('',*,*,#3723,.F.);
#6170 = ADVANCED_FACE('',(#6171),#3712,.F.);
#6171 = FACE_BOUND('',#6172,.F.);
#6172 = EDGE_LOOP('',(#6173,#6194,#6215,#6216));
#6173 = ORIENTED_EDGE('',*,*,#6174,.F.);
#6174 = EDGE_CURVE('',#5674,#4541,#6175,.T.);
#6175 = SURFACE_CURVE('',#6176,(#6180,#6187),.PCURVE_S1.);
#6176 = LINE('',#6177,#6178);
#6177 = CARTESIAN_POINT('',(15.,-15.,84.));
#6178 = VECTOR('',#6179,1.);
#6179 = DIRECTION('',(-0.,1.,0.));
#6180 = PCURVE('',#3712,#6181);
#6181 = DEFINITIONAL_REPRESENTATION('',(#6182),#6186);
#6182 = LINE('',#6183,#6184);
#6183 = CARTESIAN_POINT('',(0.,0.));
#6184 = VECTOR('',#6185,1.);
#6185 = DIRECTION('',(0.,1.));
#6186 = ( GEOMETRIC_REPRESENTATION_CONTEXT(2) 
PARAMETRIC_REPRESENTATION_CONTEXT() REPRESENTATION_CONTEXT('2D SPACE',''
  ) );
#6187 = PCURVE('',#6089,#6188);
#6188 = DEFINITIONAL_REPRESENTATION('',(#6189),#6193);
#6189 = LINE('',#6190,#6191);
#6190 = CARTESIAN_POINT('',(18.,0.));
#6191 = VECTOR('',#6192,1.);
#6192 = DIRECTION('',(0.,-1.));
#6193 = ( GEOMETRIC_REPRESENTATION_CONTEXT(2) 
PARAMETRIC_REPRESENTATION_CONTEXT() REPRESENTATION_CONTEXT('2D SPACE',''
  ) );
#6194 = ORIENTED_EDGE('',*,*,#6195,.T.);
#6195 = EDGE_CURVE('',#5674,#3672,#6196,.T.);
#6196 = SURFACE_CURVE('',#6197,(#6201,#6208),.PCURVE_S1.);
#6197 = LINE('',#6198,#6199);
#6198 = CARTESIAN_POINT('',(15.,-15.,84.));
#6199 = VECTOR('',#6200,1.);
#6200 = DIRECTION('',(1.,0.,-0.));
#6201 = PCURVE('',#3712,#6202);
#6202 = DEFINITIONAL_REPRESENTATION('',(#6203),#6207);
#6203 = LINE('',#6204,#6205);
#6204 = CARTESIAN_POINT('',(0.,0.));
#6205 = VECTOR('',#6206,1.);
#6206 = DIRECTION('',(1.,0.));
#6207 = ( GEOMETRIC_REPRESENTATION_CONTEXT(2) 
PARAMETRIC_REPRESENTATION_CONTEXT() REPRESENTATION_CONTEXT('2D SPACE',''
  ) );
#6208 = PCURVE('',#3686,#6209);
#6209 = DEFINITIONAL_REPRESENTATION('',(#6210),#6214);
#6210 = LINE('',#6211,#6212);
#6211 = CARTESIAN_POINT('',(18.,0.));
#6212 = VECTOR('',#6213,1.);
#6213 = DIRECTION('',(0.,1.));
#6214 = ( GEOMETRIC_REPRESENTATION_CONTEXT(2) 
PARAMETRIC_REPRESENTATION_CONTEXT() REPRESENTATION_CONTEXT('2D SPACE',''
  ) );
#6215 = ORIENTED_EDGE('',*,*,#3697,.F.);
#6216 = ORIENTED_EDGE('',*,*,#6149,.F.);
#6217 = ADVANCED_FACE('',(#6218),#3686,.T.);
#6218 = FACE_BOUND('',#6219,.T.);
#6219 = EDGE_LOOP('',(#6220,#6221,#6222,#6223));
#6220 = ORIENTED_EDGE('',*,*,#6101,.F.);
#6221 = ORIENTED_EDGE('',*,*,#5720,.T.);
#6222 = ORIENTED_EDGE('',*,*,#6195,.T.);
#6223 = ORIENTED_EDGE('',*,*,#3671,.F.);
#6224 = ADVANCED_FACE('',(#6225,#6228),#3789,.T.);
#6225 = FACE_BOUND('',#6226,.T.);
#6226 = EDGE_LOOP('',(#6227));
#6227 = ORIENTED_EDGE('',*,*,#3774,.T.);
#6228 = FACE_BOUND('',#6229,.T.);
#6229 = EDGE_LOOP('',(#6230));
#6230 = ORIENTED_EDGE('',*,*,#6231,.F.);
#6231 = EDGE_CURVE('',#6232,#6232,#6234,.T.);
#6232 = VERTEX_POINT('',#6233);
#6233 = CARTESIAN_POINT('',(12.73,-3.117950750629E-15,81.6));
#6234 = SURFACE_CURVE('',#6235,(#6240,#6247),.PCURVE_S1.);
#6235 = CIRCLE('',#6236,12.73);
#6236 = AXIS2_PLACEMENT_3D('',#6237,#6238,#6239);
#6237 = CARTESIAN_POINT('',(0.,0.,81.6));
#6238 = DIRECTION('',(0.,0.,1.));
#6239 = DIRECTION('',(1.,0.,-0.));
#6240 = PCURVE('',#3789,#6241);
#6241 = DEFINITIONAL_REPRESENTATION('',(#6242),#6246);
#6242 = CIRCLE('',#6243,12.73);
#6243 = AXIS2_PLACEMENT_2D('',#6244,#6245);
#6244 = CARTESIAN_POINT('',(0.,0.));
#6245 = DIRECTION('',(1.,0.));
#6246 = ( GEOMETRIC_REPRESENTATION_CONTEXT(2) 
PARAMETRIC_REPRESENTATION_CONTEXT() REPRESENTATION_CONTEXT('2D SPACE',''
  ) );
#6247 = PCURVE('',#6248,#6253);
#6248 = CYLINDRICAL_SURFACE('',#6249,12.73);
#6249 = AXIS2_PLACEMENT_3D('',#6250,#6251,#6252);
#6250 = CARTESIAN_POINT('',(0.,0.,72.7));
#6251 = DIRECTION('',(0.,0.,1.));
#6252 = DIRECTION('',(1.,0.,-0.));
#6253 = DEFINITIONAL_REPRESENTATION('',(#6254),#6258);
#6254 = LINE('',#6255,#6256);
#6255 = CARTESIAN_POINT('',(0.,8.9));
#6256 = VECTOR('',#6257,1.);
#6257 = DIRECTION('',(1.,0.));
#6258 = ( GEOMETRIC_REPRESENTATION_CONTEXT(2) 
PARAMETRIC_REPRESENTATION_CONTEXT() REPRESENTATION_CONTEXT('2D SPACE',''
  ) );
#6259 = ADVANCED_FACE('',(#6260),#4007,.T.);
#6260 = FACE_BOUND('',#6261,.T.);
#6261 = EDGE_LOOP('',(#6262,#6263,#6264,#6265));
#6262 = ORIENTED_EDGE('',*,*,#3991,.F.);
#6263 = ORIENTED_EDGE('',*,*,#5981,.F.);
#6264 = ORIENTED_EDGE('',*,*,#4277,.T.);
#6265 = ORIENTED_EDGE('',*,*,#5905,.T.);
#6266 = ADVANCED_FACE('',(#6267),#4480,.T.);
#6267 = FACE_BOUND('',#6268,.T.);
#6268 = EDGE_LOOP('',(#6269,#6270,#6271,#6272,#6273));
#6269 = ORIENTED_EDGE('',*,*,#4638,.F.);
#6270 = ORIENTED_EDGE('',*,*,#4464,.T.);
#6271 = ORIENTED_EDGE('',*,*,#2812,.T.);
#6272 = ORIENTED_EDGE('',*,*,#4540,.T.);
#6273 = ORIENTED_EDGE('',*,*,#4588,.F.);
#6274 = ADVANCED_FACE('',(#6275),#4681,.F.);
#6275 = FACE_BOUND('',#6276,.F.);
#6276 = EDGE_LOOP('',(#6277));
#6277 = ORIENTED_EDGE('',*,*,#4664,.T.);
#6278 = ADVANCED_FACE('',(#6279),#4756,.F.);
#6279 = FACE_BOUND('',#6280,.F.);
#6280 = EDGE_LOOP('',(#6281,#6282));
#6281 = ORIENTED_EDGE('',*,*,#6001,.T.);
#6282 = ORIENTED_EDGE('',*,*,#4741,.T.);
#6283 = ADVANCED_FACE('',(#6284),#4791,.F.);
#6284 = FACE_BOUND('',#6285,.F.);
#6285 = EDGE_LOOP('',(#6286));
#6286 = ORIENTED_EDGE('',*,*,#4774,.T.);
#6287 = ADVANCED_FACE('',(#6288),#4846,.F.);
#6288 = FACE_BOUND('',#6289,.F.);
#6289 = EDGE_LOOP('',(#6290));
#6290 = ORIENTED_EDGE('',*,*,#4829,.T.);
#6291 = ADVANCED_FACE('',(#6292),#4902,.F.);
#6292 = FACE_BOUND('',#6293,.F.);
#6293 = EDGE_LOOP('',(#6294,#6316,#6317));
#6294 = ORIENTED_EDGE('',*,*,#6295,.F.);
#6295 = EDGE_CURVE('',#5425,#4887,#6296,.T.);
#6296 = SURFACE_CURVE('',#6297,(#6302,#6309),.PCURVE_S1.);
#6297 = CIRCLE('',#6298,12.6);
#6298 = AXIS2_PLACEMENT_3D('',#6299,#6300,#6301);
#6299 = CARTESIAN_POINT('',(0.,0.,3.5));
#6300 = DIRECTION('',(0.,0.,1.));
#6301 = DIRECTION('',(1.,0.,-0.));
#6302 = PCURVE('',#4902,#6303);
#6303 = DEFINITIONAL_REPRESENTATION('',(#6304),#6308);
#6304 = CIRCLE('',#6305,12.6);
#6305 = AXIS2_PLACEMENT_2D('',#6306,#6307);
#6306 = CARTESIAN_POINT('',(9.5,8.5));
#6307 = DIRECTION('',(1.,0.));
#6308 = ( GEOMETRIC_REPRESENTATION_CONTEXT(2) 
PARAMETRIC_REPRESENTATION_CONTEXT() REPRESENTATION_CONTEXT('2D SPACE',''
  ) );
#6309 = PCURVE('',#5002,#6310);
#6310 = DEFINITIONAL_REPRESENTATION('',(#6311),#6315);
#6311 = LINE('',#6312,#6313);
#6312 = CARTESIAN_POINT('',(0.,0.5));
#6313 = VECTOR('',#6314,1.);
#6314 = DIRECTION('',(1.,0.));
#6315 = ( GEOMETRIC_REPRESENTATION_CONTEXT(2) 
PARAMETRIC_REPRESENTATION_CONTEXT() REPRESENTATION_CONTEXT('2D SPACE',''
  ) );
#6316 = ORIENTED_EDGE('',*,*,#5445,.T.);
#6317 = ORIENTED_EDGE('',*,*,#4884,.T.);
#6318 = ADVANCED_FACE('',(#6319),#5002,.F.);
#6319 = FACE_BOUND('',#6320,.F.);
#6320 = EDGE_LOOP('',(#6321,#6350,#6373,#6395,#6396,#6418,#6419,#6441,
    #6442,#6464,#6465,#6487,#6488,#6510,#6511,#6533,#6534,#6535,#6536,
    #6558));
#6321 = ORIENTED_EDGE('',*,*,#6322,.F.);
#6322 = EDGE_CURVE('',#6323,#6323,#6325,.T.);
#6323 = VERTEX_POINT('',#6324);
#6324 = CARTESIAN_POINT('',(12.6,-3.086109933851E-15,4.));
#6325 = SURFACE_CURVE('',#6326,(#6331,#6338),.PCURVE_S1.);
#6326 = CIRCLE('',#6327,12.6);
#6327 = AXIS2_PLACEMENT_3D('',#6328,#6329,#6330);
#6328 = CARTESIAN_POINT('',(0.,0.,4.));
#6329 = DIRECTION('',(0.,0.,1.));
#6330 = DIRECTION('',(1.,0.,-0.));
#6331 = PCURVE('',#5002,#6332);
#6332 = DEFINITIONAL_REPRESENTATION('',(#6333),#6337);
#6333 = LINE('',#6334,#6335);
#6334 = CARTESIAN_POINT('',(0.,1.));
#6335 = VECTOR('',#6336,1.);
#6336 = DIRECTION('',(1.,0.));
#6337 = ( GEOMETRIC_REPRESENTATION_CONTEXT(2) 
PARAMETRIC_REPRESENTATION_CONTEXT() REPRESENTATION_CONTEXT('2D SPACE',''
  ) );
#6338 = PCURVE('',#6339,#6344);
#6339 = PLANE('',#6340);
#6340 = AXIS2_PLACEMENT_3D('',#6341,#6342,#6343);
#6341 = CARTESIAN_POINT('',(0.,0.,4.));
#6342 = DIRECTION('',(0.,0.,1.));
#6343 = DIRECTION('',(1.,0.,-0.));
#6344 = DEFINITIONAL_REPRESENTATION('',(#6345),#6349);
#6345 = CIRCLE('',#6346,12.6);
#6346 = AXIS2_PLACEMENT_2D('',#6347,#6348);
#6347 = CARTESIAN_POINT('',(0.,0.));
#6348 = DIRECTION('',(1.,0.));
#6349 = ( GEOMETRIC_REPRESENTATION_CONTEXT(2) 
PARAMETRIC_REPRESENTATION_CONTEXT() REPRESENTATION_CONTEXT('2D SPACE',''
  ) );
#6350 = ORIENTED_EDGE('',*,*,#6351,.F.);
#6351 = EDGE_CURVE('',#6352,#6323,#6354,.T.);
#6352 = VERTEX_POINT('',#6353);
#6353 = CARTESIAN_POINT('',(12.6,-3.086109933851E-15,3.));
#6354 = SEAM_CURVE('',#6355,(#6359,#6366),.PCURVE_S1.);
#6355 = LINE('',#6356,#6357);
#6356 = CARTESIAN_POINT('',(12.6,-3.086109933851E-15,3.));
#6357 = VECTOR('',#6358,1.);
#6358 = DIRECTION('',(0.,0.,1.));
#6359 = PCURVE('',#5002,#6360);
#6360 = DEFINITIONAL_REPRESENTATION('',(#6361),#6365);
#6361 = LINE('',#6362,#6363);
#6362 = CARTESIAN_POINT('',(6.28318530718,-0.));
#6363 = VECTOR('',#6364,1.);
#6364 = DIRECTION('',(0.,1.));
#6365 = ( GEOMETRIC_REPRESENTATION_CONTEXT(2) 
PARAMETRIC_REPRESENTATION_CONTEXT() REPRESENTATION_CONTEXT('2D SPACE',''
  ) );
#6366 = PCURVE('',#5002,#6367);
#6367 = DEFINITIONAL_REPRESENTATION('',(#6368),#6372);
#6368 = LINE('',#6369,#6370);
#6369 = CARTESIAN_POINT('',(0.,-0.));
#6370 = VECTOR('',#6371,1.);
#6371 = DIRECTION('',(0.,1.));
#6372 = ( GEOMETRIC_REPRESENTATION_CONTEXT(2) 
PARAMETRIC_REPRESENTATION_CONTEXT() REPRESENTATION_CONTEXT('2D SPACE',''
  ) );
#6373 = ORIENTED_EDGE('',*,*,#6374,.T.);
#6374 = EDGE_CURVE('',#6352,#4988,#6375,.T.);
#6375 = SURFACE_CURVE('',#6376,(#6381,#6388),.PCURVE_S1.);
#6376 = CIRCLE('',#6377,12.6);
#6377 = AXIS2_PLACEMENT_3D('',#6378,#6379,#6380);
#6378 = CARTESIAN_POINT('',(0.,0.,3.));
#6379 = DIRECTION('',(0.,0.,1.));
#6380 = DIRECTION('',(1.,0.,-0.));
#6381 = PCURVE('',#5002,#6382);
#6382 = DEFINITIONAL_REPRESENTATION('',(#6383),#6387);
#6383 = LINE('',#6384,#6385);
#6384 = CARTESIAN_POINT('',(0.,0.));
#6385 = VECTOR('',#6386,1.);
#6386 = DIRECTION('',(1.,0.));
#6387 = ( GEOMETRIC_REPRESENTATION_CONTEXT(2) 
PARAMETRIC_REPRESENTATION_CONTEXT() REPRESENTATION_CONTEXT('2D SPACE',''
  ) );
#6388 = PCURVE('',#5028,#6389);
#6389 = DEFINITIONAL_REPRESENTATION('',(#6390),#6394);
#6390 = CIRCLE('',#6391,12.6);
#6391 = AXIS2_PLACEMENT_2D('',#6392,#6393);
#6392 = CARTESIAN_POINT('',(0.,0.));
#6393 = DIRECTION('',(1.,0.));
#6394 = ( GEOMETRIC_REPRESENTATION_CONTEXT(2) 
PARAMETRIC_REPRESENTATION_CONTEXT() REPRESENTATION_CONTEXT('2D SPACE',''
  ) );
#6395 = ORIENTED_EDGE('',*,*,#4987,.T.);
#6396 = ORIENTED_EDGE('',*,*,#6397,.T.);
#6397 = EDGE_CURVE('',#4960,#5162,#6398,.T.);
#6398 = SURFACE_CURVE('',#6399,(#6404,#6411),.PCURVE_S1.);
#6399 = CIRCLE('',#6400,12.6);
#6400 = AXIS2_PLACEMENT_3D('',#6401,#6402,#6403);
#6401 = CARTESIAN_POINT('',(0.,0.,3.5));
#6402 = DIRECTION('',(0.,0.,1.));
#6403 = DIRECTION('',(1.,0.,-0.));
#6404 = PCURVE('',#5002,#6405);
#6405 = DEFINITIONAL_REPRESENTATION('',(#6406),#6410);
#6406 = LINE('',#6407,#6408);
#6407 = CARTESIAN_POINT('',(0.,0.5));
#6408 = VECTOR('',#6409,1.);
#6409 = DIRECTION('',(1.,0.));
#6410 = ( GEOMETRIC_REPRESENTATION_CONTEXT(2) 
PARAMETRIC_REPRESENTATION_CONTEXT() REPRESENTATION_CONTEXT('2D SPACE',''
  ) );
#6411 = PCURVE('',#4975,#6412);
#6412 = DEFINITIONAL_REPRESENTATION('',(#6413),#6417);
#6413 = CIRCLE('',#6414,12.6);
#6414 = AXIS2_PLACEMENT_2D('',#6415,#6416);
#6415 = CARTESIAN_POINT('',(9.5,8.5));
#6416 = DIRECTION('',(1.,0.));
#6417 = ( GEOMETRIC_REPRESENTATION_CONTEXT(2) 
PARAMETRIC_REPRESENTATION_CONTEXT() REPRESENTATION_CONTEXT('2D SPACE',''
  ) );
#6418 = ORIENTED_EDGE('',*,*,#5161,.F.);
#6419 = ORIENTED_EDGE('',*,*,#6420,.T.);
#6420 = EDGE_CURVE('',#5136,#5115,#6421,.T.);
#6421 = SURFACE_CURVE('',#6422,(#6427,#6434),.PCURVE_S1.);
#6422 = CIRCLE('',#6423,12.6);
#6423 = AXIS2_PLACEMENT_3D('',#6424,#6425,#6426);
#6424 = CARTESIAN_POINT('',(0.,0.,3.));
#6425 = DIRECTION('',(0.,0.,1.));
#6426 = DIRECTION('',(1.,0.,-0.));
#6427 = PCURVE('',#5002,#6428);
#6428 = DEFINITIONAL_REPRESENTATION('',(#6429),#6433);
#6429 = LINE('',#6430,#6431);
#6430 = CARTESIAN_POINT('',(0.,0.));
#6431 = VECTOR('',#6432,1.);
#6432 = DIRECTION('',(1.,0.));
#6433 = ( GEOMETRIC_REPRESENTATION_CONTEXT(2) 
PARAMETRIC_REPRESENTATION_CONTEXT() REPRESENTATION_CONTEXT('2D SPACE',''
  ) );
#6434 = PCURVE('',#5150,#6435);
#6435 = DEFINITIONAL_REPRESENTATION('',(#6436),#6440);
#6436 = CIRCLE('',#6437,12.6);
#6437 = AXIS2_PLACEMENT_2D('',#6438,#6439);
#6438 = CARTESIAN_POINT('',(0.,0.));
#6439 = DIRECTION('',(1.,0.));
#6440 = ( GEOMETRIC_REPRESENTATION_CONTEXT(2) 
PARAMETRIC_REPRESENTATION_CONTEXT() REPRESENTATION_CONTEXT('2D SPACE',''
  ) );
#6441 = ORIENTED_EDGE('',*,*,#5114,.T.);
#6442 = ORIENTED_EDGE('',*,*,#6443,.T.);
#6443 = EDGE_CURVE('',#5087,#5260,#6444,.T.);
#6444 = SURFACE_CURVE('',#6445,(#6450,#6457),.PCURVE_S1.);
#6445 = CIRCLE('',#6446,12.6);
#6446 = AXIS2_PLACEMENT_3D('',#6447,#6448,#6449);
#6447 = CARTESIAN_POINT('',(0.,0.,3.5));
#6448 = DIRECTION('',(0.,0.,1.));
#6449 = DIRECTION('',(1.,0.,-0.));
#6450 = PCURVE('',#5002,#6451);
#6451 = DEFINITIONAL_REPRESENTATION('',(#6452),#6456);
#6452 = LINE('',#6453,#6454);
#6453 = CARTESIAN_POINT('',(0.,0.5));
#6454 = VECTOR('',#6455,1.);
#6455 = DIRECTION('',(1.,0.));
#6456 = ( GEOMETRIC_REPRESENTATION_CONTEXT(2) 
PARAMETRIC_REPRESENTATION_CONTEXT() REPRESENTATION_CONTEXT('2D SPACE',''
  ) );
#6457 = PCURVE('',#5102,#6458);
#6458 = DEFINITIONAL_REPRESENTATION('',(#6459),#6463);
#6459 = CIRCLE('',#6460,12.6);
#6460 = AXIS2_PLACEMENT_2D('',#6461,#6462);
#6461 = CARTESIAN_POINT('',(9.5,8.5));
#6462 = DIRECTION('',(1.,0.));
#6463 = ( GEOMETRIC_REPRESENTATION_CONTEXT(2) 
PARAMETRIC_REPRESENTATION_CONTEXT() REPRESENTATION_CONTEXT('2D SPACE',''
  ) );
#6464 = ORIENTED_EDGE('',*,*,#5282,.F.);
#6465 = ORIENTED_EDGE('',*,*,#6466,.T.);
#6466 = EDGE_CURVE('',#5283,#5304,#6467,.T.);
#6467 = SURFACE_CURVE('',#6468,(#6473,#6480),.PCURVE_S1.);
#6468 = CIRCLE('',#6469,12.6);
#6469 = AXIS2_PLACEMENT_3D('',#6470,#6471,#6472);
#6470 = CARTESIAN_POINT('',(0.,0.,3.));
#6471 = DIRECTION('',(0.,0.,1.));
#6472 = DIRECTION('',(1.,0.,-0.));
#6473 = PCURVE('',#5002,#6474);
#6474 = DEFINITIONAL_REPRESENTATION('',(#6475),#6479);
#6475 = LINE('',#6476,#6477);
#6476 = CARTESIAN_POINT('',(0.,0.));
#6477 = VECTOR('',#6478,1.);
#6478 = DIRECTION('',(1.,0.));
#6479 = ( GEOMETRIC_REPRESENTATION_CONTEXT(2) 
PARAMETRIC_REPRESENTATION_CONTEXT() REPRESENTATION_CONTEXT('2D SPACE',''
  ) );
#6480 = PCURVE('',#5318,#6481);
#6481 = DEFINITIONAL_REPRESENTATION('',(#6482),#6486);
#6482 = CIRCLE('',#6483,12.6);
#6483 = AXIS2_PLACEMENT_2D('',#6484,#6485);
#6484 = CARTESIAN_POINT('',(0.,0.));
#6485 = DIRECTION('',(1.,0.));
#6486 = ( GEOMETRIC_REPRESENTATION_CONTEXT(2) 
PARAMETRIC_REPRESENTATION_CONTEXT() REPRESENTATION_CONTEXT('2D SPACE',''
  ) );
#6487 = ORIENTED_EDGE('',*,*,#5329,.T.);
#6488 = ORIENTED_EDGE('',*,*,#6489,.T.);
#6489 = EDGE_CURVE('',#5209,#5355,#6490,.T.);
#6490 = SURFACE_CURVE('',#6491,(#6496,#6503),.PCURVE_S1.);
#6491 = CIRCLE('',#6492,12.6);
#6492 = AXIS2_PLACEMENT_3D('',#6493,#6494,#6495);
#6493 = CARTESIAN_POINT('',(0.,0.,3.5));
#6494 = DIRECTION('',(0.,0.,1.));
#6495 = DIRECTION('',(1.,0.,-0.));
#6496 = PCURVE('',#5002,#6497);
#6497 = DEFINITIONAL_REPRESENTATION('',(#6498),#6502);
#6498 = LINE('',#6499,#6500);
#6499 = CARTESIAN_POINT('',(0.,0.5));
#6500 = VECTOR('',#6501,1.);
#6501 = DIRECTION('',(1.,0.));
#6502 = ( GEOMETRIC_REPRESENTATION_CONTEXT(2) 
PARAMETRIC_REPRESENTATION_CONTEXT() REPRESENTATION_CONTEXT('2D SPACE',''
  ) );
#6503 = PCURVE('',#5224,#6504);
#6504 = DEFINITIONAL_REPRESENTATION('',(#6505),#6509);
#6505 = CIRCLE('',#6506,12.6);
#6506 = AXIS2_PLACEMENT_2D('',#6507,#6508);
#6507 = CARTESIAN_POINT('',(9.5,8.5));
#6508 = DIRECTION('',(1.,0.));
#6509 = ( GEOMETRIC_REPRESENTATION_CONTEXT(2) 
PARAMETRIC_REPRESENTATION_CONTEXT() REPRESENTATION_CONTEXT('2D SPACE',''
  ) );
#6510 = ORIENTED_EDGE('',*,*,#5377,.F.);
#6511 = ORIENTED_EDGE('',*,*,#6512,.T.);
#6512 = EDGE_CURVE('',#5378,#5399,#6513,.T.);
#6513 = SURFACE_CURVE('',#6514,(#6519,#6526),.PCURVE_S1.);
#6514 = CIRCLE('',#6515,12.6);
#6515 = AXIS2_PLACEMENT_3D('',#6516,#6517,#6518);
#6516 = CARTESIAN_POINT('',(0.,0.,3.));
#6517 = DIRECTION('',(0.,0.,1.));
#6518 = DIRECTION('',(1.,0.,-0.));
#6519 = PCURVE('',#5002,#6520);
#6520 = DEFINITIONAL_REPRESENTATION('',(#6521),#6525);
#6521 = LINE('',#6522,#6523);
#6522 = CARTESIAN_POINT('',(0.,0.));
#6523 = VECTOR('',#6524,1.);
#6524 = DIRECTION('',(1.,0.));
#6525 = ( GEOMETRIC_REPRESENTATION_CONTEXT(2) 
PARAMETRIC_REPRESENTATION_CONTEXT() REPRESENTATION_CONTEXT('2D SPACE',''
  ) );
#6526 = PCURVE('',#5413,#6527);
#6527 = DEFINITIONAL_REPRESENTATION('',(#6528),#6532);
#6528 = CIRCLE('',#6529,12.6);
#6529 = AXIS2_PLACEMENT_2D('',#6530,#6531);
#6530 = CARTESIAN_POINT('',(0.,0.));
#6531 = DIRECTION('',(1.,0.));
#6532 = ( GEOMETRIC_REPRESENTATION_CONTEXT(2) 
PARAMETRIC_REPRESENTATION_CONTEXT() REPRESENTATION_CONTEXT('2D SPACE',''
  ) );
#6533 = ORIENTED_EDGE('',*,*,#5424,.T.);
#6534 = ORIENTED_EDGE('',*,*,#6295,.T.);
#6535 = ORIENTED_EDGE('',*,*,#5039,.F.);
#6536 = ORIENTED_EDGE('',*,*,#6537,.T.);
#6537 = EDGE_CURVE('',#5014,#6352,#6538,.T.);
#6538 = SURFACE_CURVE('',#6539,(#6544,#6551),.PCURVE_S1.);
#6539 = CIRCLE('',#6540,12.6);
#6540 = AXIS2_PLACEMENT_3D('',#6541,#6542,#6543);
#6541 = CARTESIAN_POINT('',(0.,0.,3.));
#6542 = DIRECTION('',(0.,0.,1.));
#6543 = DIRECTION('',(1.,0.,-0.));
#6544 = PCURVE('',#5002,#6545);
#6545 = DEFINITIONAL_REPRESENTATION('',(#6546),#6550);
#6546 = LINE('',#6547,#6548);
#6547 = CARTESIAN_POINT('',(0.,0.));
#6548 = VECTOR('',#6549,1.);
#6549 = DIRECTION('',(1.,0.));
#6550 = ( GEOMETRIC_REPRESENTATION_CONTEXT(2) 
PARAMETRIC_REPRESENTATION_CONTEXT() REPRESENTATION_CONTEXT('2D SPACE',''
  ) );
#6551 = PCURVE('',#5028,#6552);
#6552 = DEFINITIONAL_REPRESENTATION('',(#6553),#6557);
#6553 = CIRCLE('',#6554,12.6);
#6554 = AXIS2_PLACEMENT_2D('',#6555,#6556);
#6555 = CARTESIAN_POINT('',(0.,0.));
#6556 = DIRECTION('',(1.,0.));
#6557 = ( GEOMETRIC_REPRESENTATION_CONTEXT(2) 
PARAMETRIC_REPRESENTATION_CONTEXT() REPRESENTATION_CONTEXT('2D SPACE',''
  ) );
#6558 = ORIENTED_EDGE('',*,*,#6351,.T.);
#6559 = ADVANCED_FACE('',(#6560),#5028,.T.);
#6560 = FACE_BOUND('',#6561,.T.);
#6561 = EDGE_LOOP('',(#6562,#6563,#6564));
#6562 = ORIENTED_EDGE('',*,*,#6537,.T.);
#6563 = ORIENTED_EDGE('',*,*,#6374,.T.);
#6564 = ORIENTED_EDGE('',*,*,#5013,.T.);
#6565 = ADVANCED_FACE('',(#6566),#4975,.F.);
#6566 = FACE_BOUND('',#6567,.F.);
#6567 = EDGE_LOOP('',(#6568,#6569,#6570));
#6568 = ORIENTED_EDGE('',*,*,#5182,.F.);
#6569 = ORIENTED_EDGE('',*,*,#6397,.F.);
#6570 = ORIENTED_EDGE('',*,*,#4959,.T.);
#6571 = ADVANCED_FACE('',(#6572),#5150,.T.);
#6572 = FACE_BOUND('',#6573,.T.);
#6573 = EDGE_LOOP('',(#6574,#6575));
#6574 = ORIENTED_EDGE('',*,*,#5135,.T.);
#6575 = ORIENTED_EDGE('',*,*,#6420,.T.);
#6576 = ADVANCED_FACE('',(#6577),#5102,.F.);
#6577 = FACE_BOUND('',#6578,.F.);
#6578 = EDGE_LOOP('',(#6579,#6580,#6581));
#6579 = ORIENTED_EDGE('',*,*,#5259,.F.);
#6580 = ORIENTED_EDGE('',*,*,#6443,.F.);
#6581 = ORIENTED_EDGE('',*,*,#5086,.F.);
#6582 = ADVANCED_FACE('',(#6583),#5224,.F.);
#6583 = FACE_BOUND('',#6584,.F.);
#6584 = EDGE_LOOP('',(#6585,#6586,#6587));
#6585 = ORIENTED_EDGE('',*,*,#5206,.F.);
#6586 = ORIENTED_EDGE('',*,*,#5354,.T.);
#6587 = ORIENTED_EDGE('',*,*,#6489,.F.);
#6588 = ADVANCED_FACE('',(#6589),#5318,.T.);
#6589 = FACE_BOUND('',#6590,.T.);
#6590 = EDGE_LOOP('',(#6591,#6592));
#6591 = ORIENTED_EDGE('',*,*,#5303,.F.);
#6592 = ORIENTED_EDGE('',*,*,#6466,.T.);
#6593 = ADVANCED_FACE('',(#6594),#5413,.T.);
#6594 = FACE_BOUND('',#6595,.T.);
#6595 = EDGE_LOOP('',(#6596,#6597));
#6596 = ORIENTED_EDGE('',*,*,#6512,.T.);
#6597 = ORIENTED_EDGE('',*,*,#5398,.F.);
#6598 = ADVANCED_FACE('',(#6599),#5506,.F.);
#6599 = FACE_BOUND('',#6600,.F.);
#6600 = EDGE_LOOP('',(#6601,#6602));
#6601 = ORIENTED_EDGE('',*,*,#5925,.F.);
#6602 = ORIENTED_EDGE('',*,*,#5491,.T.);
#6603 = ADVANCED_FACE('',(#6604),#5541,.F.);
#6604 = FACE_BOUND('',#6605,.F.);
#6605 = EDGE_LOOP('',(#6606));
#6606 = ORIENTED_EDGE('',*,*,#5524,.T.);
#6607 = ADVANCED_FACE('',(#6608),#5783,.F.);
#6608 = FACE_BOUND('',#6609,.F.);
#6609 = EDGE_LOOP('',(#6610,#6611,#6612,#6613,#6614));
#6610 = ORIENTED_EDGE('',*,*,#5769,.F.);
#6611 = ORIENTED_EDGE('',*,*,#5821,.T.);
#6612 = ORIENTED_EDGE('',*,*,#2888,.T.);
#6613 = ORIENTED_EDGE('',*,*,#5849,.T.);
#6614 = ORIENTED_EDGE('',*,*,#5720,.F.);
#6615 = ADVANCED_FACE('',(#6616),#6089,.T.);
#6616 = FACE_BOUND('',#6617,.T.);
#6617 = EDGE_LOOP('',(#6618,#6619,#6620,#6621));
#6618 = ORIENTED_EDGE('',*,*,#5720,.F.);
#6619 = ORIENTED_EDGE('',*,*,#6075,.T.);
#6620 = ORIENTED_EDGE('',*,*,#4588,.T.);
#6621 = ORIENTED_EDGE('',*,*,#6174,.F.);
#6622 = ADVANCED_FACE('',(#6623),#6248,.F.);
#6623 = FACE_BOUND('',#6624,.F.);
#6624 = EDGE_LOOP('',(#6625,#6626,#6649,#6676));
#6625 = ORIENTED_EDGE('',*,*,#6231,.F.);
#6626 = ORIENTED_EDGE('',*,*,#6627,.F.);
#6627 = EDGE_CURVE('',#6628,#6232,#6630,.T.);
#6628 = VERTEX_POINT('',#6629);
#6629 = CARTESIAN_POINT('',(12.73,-3.117950750629E-15,72.7));
#6630 = SEAM_CURVE('',#6631,(#6635,#6642),.PCURVE_S1.);
#6631 = LINE('',#6632,#6633);
#6632 = CARTESIAN_POINT('',(12.73,-3.117950750629E-15,72.7));
#6633 = VECTOR('',#6634,1.);
#6634 = DIRECTION('',(0.,0.,1.));
#6635 = PCURVE('',#6248,#6636);
#6636 = DEFINITIONAL_REPRESENTATION('',(#6637),#6641);
#6637 = LINE('',#6638,#6639);
#6638 = CARTESIAN_POINT('',(6.28318530718,-0.));
#6639 = VECTOR('',#6640,1.);
#6640 = DIRECTION('',(0.,1.));
#6641 = ( GEOMETRIC_REPRESENTATION_CONTEXT(2) 
PARAMETRIC_REPRESENTATION_CONTEXT() REPRESENTATION_CONTEXT('2D SPACE',''
  ) );
#6642 = PCURVE('',#6248,#6643);
#6643 = DEFINITIONAL_REPRESENTATION('',(#6644),#6648);
#6644 = LINE('',#6645,#6646);
#6645 = CARTESIAN_POINT('',(0.,-0.));
#6646 = VECTOR('',#6647,1.);
#6647 = DIRECTION('',(0.,1.));
#6648 = ( GEOMETRIC_REPRESENTATION_CONTEXT(2) 
PARAMETRIC_REPRESENTATION_CONTEXT() REPRESENTATION_CONTEXT('2D SPACE',''
  ) );
#6649 = ORIENTED_EDGE('',*,*,#6650,.T.);
#6650 = EDGE_CURVE('',#6628,#6628,#6651,.T.);
#6651 = SURFACE_CURVE('',#6652,(#6657,#6664),.PCURVE_S1.);
#6652 = CIRCLE('',#6653,12.73);
#6653 = AXIS2_PLACEMENT_3D('',#6654,#6655,#6656);
#6654 = CARTESIAN_POINT('',(0.,0.,72.7));
#6655 = DIRECTION('',(0.,0.,1.));
#6656 = DIRECTION('',(1.,0.,-0.));
#6657 = PCURVE('',#6248,#6658);
#6658 = DEFINITIONAL_REPRESENTATION('',(#6659),#6663);
#6659 = LINE('',#6660,#6661);
#6660 = CARTESIAN_POINT('',(0.,0.));
#6661 = VECTOR('',#6662,1.);
#6662 = DIRECTION('',(1.,0.));
#6663 = ( GEOMETRIC_REPRESENTATION_CONTEXT(2) 
PARAMETRIC_REPRESENTATION_CONTEXT() REPRESENTATION_CONTEXT('2D SPACE',''
  ) );
#6664 = PCURVE('',#6665,#6670);
#6665 = PLANE('',#6666);
#6666 = AXIS2_PLACEMENT_3D('',#6667,#6668,#6669);
#6667 = CARTESIAN_POINT('',(0.,0.,72.7));
#6668 = DIRECTION('',(0.,0.,1.));
#6669 = DIRECTION('',(1.,0.,-0.));
#6670 = DEFINITIONAL_REPRESENTATION('',(#6671),#6675);
#6671 = CIRCLE('',#6672,12.73);
#6672 = AXIS2_PLACEMENT_2D('',#6673,#6674);
#6673 = CARTESIAN_POINT('',(0.,0.));
#6674 = DIRECTION('',(1.,0.));
#6675 = ( GEOMETRIC_REPRESENTATION_CONTEXT(2) 
PARAMETRIC_REPRESENTATION_CONTEXT() REPRESENTATION_CONTEXT('2D SPACE',''
  ) );
#6676 = ORIENTED_EDGE('',*,*,#6627,.T.);
#6677 = ADVANCED_FACE('',(#6678,#6681),#6339,.F.);
#6678 = FACE_BOUND('',#6679,.F.);
#6679 = EDGE_LOOP('',(#6680));
#6680 = ORIENTED_EDGE('',*,*,#6322,.T.);
#6681 = FACE_BOUND('',#6682,.F.);
#6682 = EDGE_LOOP('',(#6683));
#6683 = ORIENTED_EDGE('',*,*,#6684,.F.);
#6684 = EDGE_CURVE('',#6685,#6685,#6687,.T.);
#6685 = VERTEX_POINT('',#6686);
#6686 = CARTESIAN_POINT('',(12.27,-3.005283245108E-15,4.));
#6687 = SURFACE_CURVE('',#6688,(#6693,#6700),.PCURVE_S1.);
#6688 = CIRCLE('',#6689,12.27);
#6689 = AXIS2_PLACEMENT_3D('',#6690,#6691,#6692);
#6690 = CARTESIAN_POINT('',(0.,0.,4.));
#6691 = DIRECTION('',(0.,0.,1.));
#6692 = DIRECTION('',(1.,0.,-0.));
#6693 = PCURVE('',#6339,#6694);
#6694 = DEFINITIONAL_REPRESENTATION('',(#6695),#6699);
#6695 = CIRCLE('',#6696,12.27);
#6696 = AXIS2_PLACEMENT_2D('',#6697,#6698);
#6697 = CARTESIAN_POINT('',(0.,0.));
#6698 = DIRECTION('',(1.,0.));
#6699 = ( GEOMETRIC_REPRESENTATION_CONTEXT(2) 
PARAMETRIC_REPRESENTATION_CONTEXT() REPRESENTATION_CONTEXT('2D SPACE',''
  ) );
#6700 = PCURVE('',#6701,#6706);
#6701 = CONICAL_SURFACE('',#6702,12.65,0.785398163397);
#6702 = AXIS2_PLACEMENT_3D('',#6703,#6704,#6705);
#6703 = CARTESIAN_POINT('',(0.,0.,3.62));
#6704 = DIRECTION('',(-0.,-0.,-1.));
#6705 = DIRECTION('',(1.,0.,-0.));
#6706 = DEFINITIONAL_REPRESENTATION('',(#6707),#6711);
#6707 = LINE('',#6708,#6709);
#6708 = CARTESIAN_POINT('',(-0.,-0.38));
#6709 = VECTOR('',#6710,1.);
#6710 = DIRECTION('',(-1.,-0.));
#6711 = ( GEOMETRIC_REPRESENTATION_CONTEXT(2) 
PARAMETRIC_REPRESENTATION_CONTEXT() REPRESENTATION_CONTEXT('2D SPACE',''
  ) );
#6712 = ADVANCED_FACE('',(#6713,#6744),#6665,.F.);
#6713 = FACE_BOUND('',#6714,.F.);
#6714 = EDGE_LOOP('',(#6715));
#6715 = ORIENTED_EDGE('',*,*,#6716,.T.);
#6716 = EDGE_CURVE('',#6717,#6717,#6719,.T.);
#6717 = VERTEX_POINT('',#6718);
#6718 = CARTESIAN_POINT('',(13.05,-3.196328145775E-15,72.7));
#6719 = SURFACE_CURVE('',#6720,(#6725,#6732),.PCURVE_S1.);
#6720 = CIRCLE('',#6721,13.05);
#6721 = AXIS2_PLACEMENT_3D('',#6722,#6723,#6724);
#6722 = CARTESIAN_POINT('',(0.,0.,72.7));
#6723 = DIRECTION('',(0.,0.,1.));
#6724 = DIRECTION('',(1.,0.,-0.));
#6725 = PCURVE('',#6665,#6726);
#6726 = DEFINITIONAL_REPRESENTATION('',(#6727),#6731);
#6727 = CIRCLE('',#6728,13.05);
#6728 = AXIS2_PLACEMENT_2D('',#6729,#6730);
#6729 = CARTESIAN_POINT('',(0.,0.));
#6730 = DIRECTION('',(1.,0.));
#6731 = ( GEOMETRIC_REPRESENTATION_CONTEXT(2) 
PARAMETRIC_REPRESENTATION_CONTEXT() REPRESENTATION_CONTEXT('2D SPACE',''
  ) );
#6732 = PCURVE('',#6733,#6738);
#6733 = CYLINDRICAL_SURFACE('',#6734,13.05);
#6734 = AXIS2_PLACEMENT_3D('',#6735,#6736,#6737);
#6735 = CARTESIAN_POINT('',(0.,0.,71.9));
#6736 = DIRECTION('',(0.,0.,1.));
#6737 = DIRECTION('',(1.,0.,-0.));
#6738 = DEFINITIONAL_REPRESENTATION('',(#6739),#6743);
#6739 = LINE('',#6740,#6741);
#6740 = CARTESIAN_POINT('',(0.,0.8));
#6741 = VECTOR('',#6742,1.);
#6742 = DIRECTION('',(1.,0.));
#6743 = ( GEOMETRIC_REPRESENTATION_CONTEXT(2) 
PARAMETRIC_REPRESENTATION_CONTEXT() REPRESENTATION_CONTEXT('2D SPACE',''
  ) );
#6744 = FACE_BOUND('',#6745,.F.);
#6745 = EDGE_LOOP('',(#6746));
#6746 = ORIENTED_EDGE('',*,*,#6650,.F.);
#6747 = ADVANCED_FACE('',(#6748),#6701,.F.);
#6748 = FACE_BOUND('',#6749,.F.);
#6749 = EDGE_LOOP('',(#6750,#6751,#6774,#6801));
#6750 = ORIENTED_EDGE('',*,*,#6684,.T.);
#6751 = ORIENTED_EDGE('',*,*,#6752,.T.);
#6752 = EDGE_CURVE('',#6685,#6753,#6755,.T.);
#6753 = VERTEX_POINT('',#6754);
#6754 = CARTESIAN_POINT('',(4.643548387097,-1.137341333789E-15,
    11.626451612903));
#6755 = SEAM_CURVE('',#6756,(#6760,#6767),.PCURVE_S1.);
#6756 = LINE('',#6757,#6758);
#6757 = CARTESIAN_POINT('',(12.65,-3.098356401843E-15,3.62));
#6758 = VECTOR('',#6759,1.);
#6759 = DIRECTION('',(-0.707106781187,1.731912112471E-16,0.707106781187)
  );
#6760 = PCURVE('',#6701,#6761);
#6761 = DEFINITIONAL_REPRESENTATION('',(#6762),#6766);
#6762 = LINE('',#6763,#6764);
#6763 = CARTESIAN_POINT('',(0.,-0.));
#6764 = VECTOR('',#6765,1.);
#6765 = DIRECTION('',(-0.,-1.));
#6766 = ( GEOMETRIC_REPRESENTATION_CONTEXT(2) 
PARAMETRIC_REPRESENTATION_CONTEXT() REPRESENTATION_CONTEXT('2D SPACE',''
  ) );
#6767 = PCURVE('',#6701,#6768);
#6768 = DEFINITIONAL_REPRESENTATION('',(#6769),#6773);
#6769 = LINE('',#6770,#6771);
#6770 = CARTESIAN_POINT('',(-6.28318530718,0.));
#6771 = VECTOR('',#6772,1.);
#6772 = DIRECTION('',(-0.,-1.));
#6773 = ( GEOMETRIC_REPRESENTATION_CONTEXT(2) 
PARAMETRIC_REPRESENTATION_CONTEXT() REPRESENTATION_CONTEXT('2D SPACE',''
  ) );
#6774 = ORIENTED_EDGE('',*,*,#6775,.F.);
#6775 = EDGE_CURVE('',#6753,#6753,#6776,.T.);
#6776 = SURFACE_CURVE('',#6777,(#6782,#6789),.PCURVE_S1.);
#6777 = CIRCLE('',#6778,4.643548387097);
#6778 = AXIS2_PLACEMENT_3D('',#6779,#6780,#6781);
#6779 = CARTESIAN_POINT('',(0.,0.,11.626451612903));
#6780 = DIRECTION('',(0.,0.,1.));
#6781 = DIRECTION('',(0.,-1.,0.));
#6782 = PCURVE('',#6701,#6783);
#6783 = DEFINITIONAL_REPRESENTATION('',(#6784),#6788);
#6784 = LINE('',#6785,#6786);
#6785 = CARTESIAN_POINT('',(1.570796326795,-8.006451612903));
#6786 = VECTOR('',#6787,1.);
#6787 = DIRECTION('',(-1.,-0.));
#6788 = ( GEOMETRIC_REPRESENTATION_CONTEXT(2) 
PARAMETRIC_REPRESENTATION_CONTEXT() REPRESENTATION_CONTEXT('2D SPACE',''
  ) );
#6789 = PCURVE('',#6790,#6795);
#6790 = CYLINDRICAL_SURFACE('',#6791,4.643548387097);
#6791 = AXIS2_PLACEMENT_3D('',#6792,#6793,#6794);
#6792 = CARTESIAN_POINT('',(0.,0.,3.));
#6793 = DIRECTION('',(0.,0.,1.));
#6794 = DIRECTION('',(1.,0.,-0.));
#6795 = DEFINITIONAL_REPRESENTATION('',(#6796),#6800);
#6796 = LINE('',#6797,#6798);
#6797 = CARTESIAN_POINT('',(-1.570796326795,8.626451612903));
#6798 = VECTOR('',#6799,1.);
#6799 = DIRECTION('',(1.,0.));
#6800 = ( GEOMETRIC_REPRESENTATION_CONTEXT(2) 
PARAMETRIC_REPRESENTATION_CONTEXT() REPRESENTATION_CONTEXT('2D SPACE',''
  ) );
#6801 = ORIENTED_EDGE('',*,*,#6752,.F.);
#6802 = ADVANCED_FACE('',(#6803),#6733,.F.);
#6803 = FACE_BOUND('',#6804,.F.);
#6804 = EDGE_LOOP('',(#6805,#6806,#6829,#6856));
#6805 = ORIENTED_EDGE('',*,*,#6716,.F.);
#6806 = ORIENTED_EDGE('',*,*,#6807,.F.);
#6807 = EDGE_CURVE('',#6808,#6717,#6810,.T.);
#6808 = VERTEX_POINT('',#6809);
#6809 = CARTESIAN_POINT('',(13.05,-3.196328145775E-15,71.9));
#6810 = SEAM_CURVE('',#6811,(#6815,#6822),.PCURVE_S1.);
#6811 = LINE('',#6812,#6813);
#6812 = CARTESIAN_POINT('',(13.05,-3.196328145775E-15,71.9));
#6813 = VECTOR('',#6814,1.);
#6814 = DIRECTION('',(0.,0.,1.));
#6815 = PCURVE('',#6733,#6816);
#6816 = DEFINITIONAL_REPRESENTATION('',(#6817),#6821);
#6817 = LINE('',#6818,#6819);
#6818 = CARTESIAN_POINT('',(6.28318530718,-0.));
#6819 = VECTOR('',#6820,1.);
#6820 = DIRECTION('',(0.,1.));
#6821 = ( GEOMETRIC_REPRESENTATION_CONTEXT(2) 
PARAMETRIC_REPRESENTATION_CONTEXT() REPRESENTATION_CONTEXT('2D SPACE',''
  ) );
#6822 = PCURVE('',#6733,#6823);
#6823 = DEFINITIONAL_REPRESENTATION('',(#6824),#6828);
#6824 = LINE('',#6825,#6826);
#6825 = CARTESIAN_POINT('',(0.,-0.));
#6826 = VECTOR('',#6827,1.);
#6827 = DIRECTION('',(0.,1.));
#6828 = ( GEOMETRIC_REPRESENTATION_CONTEXT(2) 
PARAMETRIC_REPRESENTATION_CONTEXT() REPRESENTATION_CONTEXT('2D SPACE',''
  ) );
#6829 = ORIENTED_EDGE('',*,*,#6830,.T.);
#6830 = EDGE_CURVE('',#6808,#6808,#6831,.T.);
#6831 = SURFACE_CURVE('',#6832,(#6837,#6844),.PCURVE_S1.);
#6832 = CIRCLE('',#6833,13.05);
#6833 = AXIS2_PLACEMENT_3D('',#6834,#6835,#6836);
#6834 = CARTESIAN_POINT('',(0.,0.,71.9));
#6835 = DIRECTION('',(0.,0.,1.));
#6836 = DIRECTION('',(1.,0.,-0.));
#6837 = PCURVE('',#6733,#6838);
#6838 = DEFINITIONAL_REPRESENTATION('',(#6839),#6843);
#6839 = LINE('',#6840,#6841);
#6840 = CARTESIAN_POINT('',(0.,0.));
#6841 = VECTOR('',#6842,1.);
#6842 = DIRECTION('',(1.,0.));
#6843 = ( GEOMETRIC_REPRESENTATION_CONTEXT(2) 
PARAMETRIC_REPRESENTATION_CONTEXT() REPRESENTATION_CONTEXT('2D SPACE',''
  ) );
#6844 = PCURVE('',#6845,#6850);
#6845 = PLANE('',#6846);
#6846 = AXIS2_PLACEMENT_3D('',#6847,#6848,#6849);
#6847 = CARTESIAN_POINT('',(0.,0.,71.9));
#6848 = DIRECTION('',(0.,0.,1.));
#6849 = DIRECTION('',(1.,0.,-0.));
#6850 = DEFINITIONAL_REPRESENTATION('',(#6851),#6855);
#6851 = CIRCLE('',#6852,13.05);
#6852 = AXIS2_PLACEMENT_2D('',#6853,#6854);
#6853 = CARTESIAN_POINT('',(0.,0.));
#6854 = DIRECTION('',(1.,0.));
#6855 = ( GEOMETRIC_REPRESENTATION_CONTEXT(2) 
PARAMETRIC_REPRESENTATION_CONTEXT() REPRESENTATION_CONTEXT('2D SPACE',''
  ) );
#6856 = ORIENTED_EDGE('',*,*,#6807,.T.);
#6857 = ADVANCED_FACE('',(#6858),#6790,.F.);
#6858 = FACE_BOUND('',#6859,.F.);
#6859 = EDGE_LOOP('',(#6860,#6889,#6910,#6911));
#6860 = ORIENTED_EDGE('',*,*,#6861,.F.);
#6861 = EDGE_CURVE('',#6862,#6862,#6864,.T.);
#6862 = VERTEX_POINT('',#6863);
#6863 = CARTESIAN_POINT('',(4.643548387097,-1.137341333789E-15,
    12.006451612903));
#6864 = SURFACE_CURVE('',#6865,(#6870,#6877),.PCURVE_S1.);
#6865 = CIRCLE('',#6866,4.643548387097);
#6866 = AXIS2_PLACEMENT_3D('',#6867,#6868,#6869);
#6867 = CARTESIAN_POINT('',(0.,0.,12.006451612903));
#6868 = DIRECTION('',(0.,0.,1.));
#6869 = DIRECTION('',(0.,-1.,0.));
#6870 = PCURVE('',#6790,#6871);
#6871 = DEFINITIONAL_REPRESENTATION('',(#6872),#6876);
#6872 = LINE('',#6873,#6874);
#6873 = CARTESIAN_POINT('',(-1.570796326795,9.006451612903));
#6874 = VECTOR('',#6875,1.);
#6875 = DIRECTION('',(1.,0.));
#6876 = ( GEOMETRIC_REPRESENTATION_CONTEXT(2) 
PARAMETRIC_REPRESENTATION_CONTEXT() REPRESENTATION_CONTEXT('2D SPACE',''
  ) );
#6877 = PCURVE('',#6878,#6883);
#6878 = CONICAL_SURFACE('',#6879,12.65,0.785398163397);
#6879 = AXIS2_PLACEMENT_3D('',#6880,#6881,#6882);
#6880 = CARTESIAN_POINT('',(0.,0.,4.));
#6881 = DIRECTION('',(-0.,-0.,-1.));
#6882 = DIRECTION('',(1.,0.,-0.));
#6883 = DEFINITIONAL_REPRESENTATION('',(#6884),#6888);
#6884 = LINE('',#6885,#6886);
#6885 = CARTESIAN_POINT('',(1.570796326795,-8.006451612903));
#6886 = VECTOR('',#6887,1.);
#6887 = DIRECTION('',(-1.,-0.));
#6888 = ( GEOMETRIC_REPRESENTATION_CONTEXT(2) 
PARAMETRIC_REPRESENTATION_CONTEXT() REPRESENTATION_CONTEXT('2D SPACE',''
  ) );
#6889 = ORIENTED_EDGE('',*,*,#6890,.F.);
#6890 = EDGE_CURVE('',#6753,#6862,#6891,.T.);
#6891 = SEAM_CURVE('',#6892,(#6896,#6903),.PCURVE_S1.);
#6892 = LINE('',#6893,#6894);
#6893 = CARTESIAN_POINT('',(4.643548387097,-1.137341333789E-15,3.));
#6894 = VECTOR('',#6895,1.);
#6895 = DIRECTION('',(0.,0.,1.));
#6896 = PCURVE('',#6790,#6897);
#6897 = DEFINITIONAL_REPRESENTATION('',(#6898),#6902);
#6898 = LINE('',#6899,#6900);
#6899 = CARTESIAN_POINT('',(6.28318530718,-0.));
#6900 = VECTOR('',#6901,1.);
#6901 = DIRECTION('',(0.,1.));
#6902 = ( GEOMETRIC_REPRESENTATION_CONTEXT(2) 
PARAMETRIC_REPRESENTATION_CONTEXT() REPRESENTATION_CONTEXT('2D SPACE',''
  ) );
#6903 = PCURVE('',#6790,#6904);
#6904 = DEFINITIONAL_REPRESENTATION('',(#6905),#6909);
#6905 = LINE('',#6906,#6907);
#6906 = CARTESIAN_POINT('',(0.,-0.));
#6907 = VECTOR('',#6908,1.);
#6908 = DIRECTION('',(0.,1.));
#6909 = ( GEOMETRIC_REPRESENTATION_CONTEXT(2) 
PARAMETRIC_REPRESENTATION_CONTEXT() REPRESENTATION_CONTEXT('2D SPACE',''
  ) );
#6910 = ORIENTED_EDGE('',*,*,#6775,.T.);
#6911 = ORIENTED_EDGE('',*,*,#6890,.T.);
#6912 = ADVANCED_FACE('',(#6913,#6916),#6845,.T.);
#6913 = FACE_BOUND('',#6914,.T.);
#6914 = EDGE_LOOP('',(#6915));
#6915 = ORIENTED_EDGE('',*,*,#6830,.T.);
#6916 = FACE_BOUND('',#6917,.T.);
#6917 = EDGE_LOOP('',(#6918));
#6918 = ORIENTED_EDGE('',*,*,#6919,.F.);
#6919 = EDGE_CURVE('',#6920,#6920,#6922,.T.);
#6920 = VERTEX_POINT('',#6921);
#6921 = CARTESIAN_POINT('',(12.6,-3.086109933851E-15,71.9));
#6922 = SURFACE_CURVE('',#6923,(#6928,#6935),.PCURVE_S1.);
#6923 = CIRCLE('',#6924,12.6);
#6924 = AXIS2_PLACEMENT_3D('',#6925,#6926,#6927);
#6925 = CARTESIAN_POINT('',(0.,0.,71.9));
#6926 = DIRECTION('',(0.,0.,1.));
#6927 = DIRECTION('',(1.,0.,-0.));
#6928 = PCURVE('',#6845,#6929);
#6929 = DEFINITIONAL_REPRESENTATION('',(#6930),#6934);
#6930 = CIRCLE('',#6931,12.6);
#6931 = AXIS2_PLACEMENT_2D('',#6932,#6933);
#6932 = CARTESIAN_POINT('',(0.,0.));
#6933 = DIRECTION('',(1.,0.));
#6934 = ( GEOMETRIC_REPRESENTATION_CONTEXT(2) 
PARAMETRIC_REPRESENTATION_CONTEXT() REPRESENTATION_CONTEXT('2D SPACE',''
  ) );
#6935 = PCURVE('',#6936,#6941);
#6936 = CYLINDRICAL_SURFACE('',#6937,12.6);
#6937 = AXIS2_PLACEMENT_3D('',#6938,#6939,#6940);
#6938 = CARTESIAN_POINT('',(0.,0.,70.4));
#6939 = DIRECTION('',(0.,0.,1.));
#6940 = DIRECTION('',(1.,0.,-0.));
#6941 = DEFINITIONAL_REPRESENTATION('',(#6942),#6946);
#6942 = LINE('',#6943,#6944);
#6943 = CARTESIAN_POINT('',(0.,1.5));
#6944 = VECTOR('',#6945,1.);
#6945 = DIRECTION('',(1.,0.));
#6946 = ( GEOMETRIC_REPRESENTATION_CONTEXT(2) 
PARAMETRIC_REPRESENTATION_CONTEXT() REPRESENTATION_CONTEXT('2D SPACE',''
  ) );
#6947 = ADVANCED_FACE('',(#6948),#6878,.T.);
#6948 = FACE_BOUND('',#6949,.T.);
#6949 = EDGE_LOOP('',(#6950,#6973,#6974,#6975));
#6950 = ORIENTED_EDGE('',*,*,#6951,.T.);
#6951 = EDGE_CURVE('',#6952,#6862,#6954,.T.);
#6952 = VERTEX_POINT('',#6953);
#6953 = CARTESIAN_POINT('',(12.6,-3.086109933851E-15,4.05));
#6954 = SEAM_CURVE('',#6955,(#6959,#6966),.PCURVE_S1.);
#6955 = LINE('',#6956,#6957);
#6956 = CARTESIAN_POINT('',(12.65,-3.098356401843E-15,4.));
#6957 = VECTOR('',#6958,1.);
#6958 = DIRECTION('',(-0.707106781187,1.731912112471E-16,0.707106781187)
  );
#6959 = PCURVE('',#6878,#6960);
#6960 = DEFINITIONAL_REPRESENTATION('',(#6961),#6965);
#6961 = LINE('',#6962,#6963);
#6962 = CARTESIAN_POINT('',(-6.28318530718,0.));
#6963 = VECTOR('',#6964,1.);
#6964 = DIRECTION('',(-0.,-1.));
#6965 = ( GEOMETRIC_REPRESENTATION_CONTEXT(2) 
PARAMETRIC_REPRESENTATION_CONTEXT() REPRESENTATION_CONTEXT('2D SPACE',''
  ) );
#6966 = PCURVE('',#6878,#6967);
#6967 = DEFINITIONAL_REPRESENTATION('',(#6968),#6972);
#6968 = LINE('',#6969,#6970);
#6969 = CARTESIAN_POINT('',(0.,-0.));
#6970 = VECTOR('',#6971,1.);
#6971 = DIRECTION('',(-0.,-1.));
#6972 = ( GEOMETRIC_REPRESENTATION_CONTEXT(2) 
PARAMETRIC_REPRESENTATION_CONTEXT() REPRESENTATION_CONTEXT('2D SPACE',''
  ) );
#6973 = ORIENTED_EDGE('',*,*,#6861,.F.);
#6974 = ORIENTED_EDGE('',*,*,#6951,.F.);
#6975 = ORIENTED_EDGE('',*,*,#6976,.T.);
#6976 = EDGE_CURVE('',#6952,#6952,#6977,.T.);
#6977 = SURFACE_CURVE('',#6978,(#6983,#6990),.PCURVE_S1.);
#6978 = CIRCLE('',#6979,12.6);
#6979 = AXIS2_PLACEMENT_3D('',#6980,#6981,#6982);
#6980 = CARTESIAN_POINT('',(0.,0.,4.05));
#6981 = DIRECTION('',(0.,0.,1.));
#6982 = DIRECTION('',(0.,-1.,0.));
#6983 = PCURVE('',#6878,#6984);
#6984 = DEFINITIONAL_REPRESENTATION('',(#6985),#6989);
#6985 = LINE('',#6986,#6987);
#6986 = CARTESIAN_POINT('',(1.570796326795,-5.E-02));
#6987 = VECTOR('',#6988,1.);
#6988 = DIRECTION('',(-1.,-0.));
#6989 = ( GEOMETRIC_REPRESENTATION_CONTEXT(2) 
PARAMETRIC_REPRESENTATION_CONTEXT() REPRESENTATION_CONTEXT('2D SPACE',''
  ) );
#6990 = PCURVE('',#6991,#6996);
#6991 = CYLINDRICAL_SURFACE('',#6992,12.6);
#6992 = AXIS2_PLACEMENT_3D('',#6993,#6994,#6995);
#6993 = CARTESIAN_POINT('',(0.,0.,3.));
#6994 = DIRECTION('',(0.,0.,1.));
#6995 = DIRECTION('',(1.,0.,-0.));
#6996 = DEFINITIONAL_REPRESENTATION('',(#6997),#7001);
#6997 = LINE('',#6998,#6999);
#6998 = CARTESIAN_POINT('',(-1.570796326795,1.05));
#6999 = VECTOR('',#7000,1.);
#7000 = DIRECTION('',(1.,0.));
#7001 = ( GEOMETRIC_REPRESENTATION_CONTEXT(2) 
PARAMETRIC_REPRESENTATION_CONTEXT() REPRESENTATION_CONTEXT('2D SPACE',''
  ) );
#7002 = ADVANCED_FACE('',(#7003),#6936,.F.);
#7003 = FACE_BOUND('',#7004,.F.);
#7004 = EDGE_LOOP('',(#7005,#7006,#7029,#7056));
#7005 = ORIENTED_EDGE('',*,*,#6919,.F.);
#7006 = ORIENTED_EDGE('',*,*,#7007,.F.);
#7007 = EDGE_CURVE('',#7008,#6920,#7010,.T.);
#7008 = VERTEX_POINT('',#7009);
#7009 = CARTESIAN_POINT('',(12.6,-3.086109933851E-15,70.4));
#7010 = SEAM_CURVE('',#7011,(#7015,#7022),.PCURVE_S1.);
#7011 = LINE('',#7012,#7013);
#7012 = CARTESIAN_POINT('',(12.6,-3.086109933851E-15,70.4));
#7013 = VECTOR('',#7014,1.);
#7014 = DIRECTION('',(0.,0.,1.));
#7015 = PCURVE('',#6936,#7016);
#7016 = DEFINITIONAL_REPRESENTATION('',(#7017),#7021);
#7017 = LINE('',#7018,#7019);
#7018 = CARTESIAN_POINT('',(6.28318530718,-0.));
#7019 = VECTOR('',#7020,1.);
#7020 = DIRECTION('',(0.,1.));
#7021 = ( GEOMETRIC_REPRESENTATION_CONTEXT(2) 
PARAMETRIC_REPRESENTATION_CONTEXT() REPRESENTATION_CONTEXT('2D SPACE',''
  ) );
#7022 = PCURVE('',#6936,#7023);
#7023 = DEFINITIONAL_REPRESENTATION('',(#7024),#7028);
#7024 = LINE('',#7025,#7026);
#7025 = CARTESIAN_POINT('',(0.,-0.));
#7026 = VECTOR('',#7027,1.);
#7027 = DIRECTION('',(0.,1.));
#7028 = ( GEOMETRIC_REPRESENTATION_CONTEXT(2) 
PARAMETRIC_REPRESENTATION_CONTEXT() REPRESENTATION_CONTEXT('2D SPACE',''
  ) );
#7029 = ORIENTED_EDGE('',*,*,#7030,.T.);
#7030 = EDGE_CURVE('',#7008,#7008,#7031,.T.);
#7031 = SURFACE_CURVE('',#7032,(#7037,#7044),.PCURVE_S1.);
#7032 = CIRCLE('',#7033,12.6);
#7033 = AXIS2_PLACEMENT_3D('',#7034,#7035,#7036);
#7034 = CARTESIAN_POINT('',(0.,0.,70.4));
#7035 = DIRECTION('',(0.,0.,1.));
#7036 = DIRECTION('',(1.,0.,-0.));
#7037 = PCURVE('',#6936,#7038);
#7038 = DEFINITIONAL_REPRESENTATION('',(#7039),#7043);
#7039 = LINE('',#7040,#7041);
#7040 = CARTESIAN_POINT('',(0.,0.));
#7041 = VECTOR('',#7042,1.);
#7042 = DIRECTION('',(1.,0.));
#7043 = ( GEOMETRIC_REPRESENTATION_CONTEXT(2) 
PARAMETRIC_REPRESENTATION_CONTEXT() REPRESENTATION_CONTEXT('2D SPACE',''
  ) );
#7044 = PCURVE('',#7045,#7050);
#7045 = PLANE('',#7046);
#7046 = AXIS2_PLACEMENT_3D('',#7047,#7048,#7049);
#7047 = CARTESIAN_POINT('',(0.,0.,70.4));
#7048 = DIRECTION('',(0.,0.,1.));
#7049 = DIRECTION('',(1.,0.,-0.));
#7050 = DEFINITIONAL_REPRESENTATION('',(#7051),#7055);
#7051 = CIRCLE('',#7052,12.6);
#7052 = AXIS2_PLACEMENT_2D('',#7053,#7054);
#7053 = CARTESIAN_POINT('',(0.,0.));
#7054 = DIRECTION('',(1.,0.));
#7055 = ( GEOMETRIC_REPRESENTATION_CONTEXT(2) 
PARAMETRIC_REPRESENTATION_CONTEXT() REPRESENTATION_CONTEXT('2D SPACE',''
  ) );
#7056 = ORIENTED_EDGE('',*,*,#7007,.T.);
#7057 = ADVANCED_FACE('',(#7058),#6991,.F.);
#7058 = FACE_BOUND('',#7059,.F.);
#7059 = EDGE_LOOP('',(#7060,#7083,#7084,#7085));
#7060 = ORIENTED_EDGE('',*,*,#7061,.F.);
#7061 = EDGE_CURVE('',#6952,#7062,#7064,.T.);
#7062 = VERTEX_POINT('',#7063);
#7063 = CARTESIAN_POINT('',(12.6,-3.086109933851E-15,17.));
#7064 = SEAM_CURVE('',#7065,(#7069,#7076),.PCURVE_S1.);
#7065 = LINE('',#7066,#7067);
#7066 = CARTESIAN_POINT('',(12.6,-3.086109933851E-15,3.));
#7067 = VECTOR('',#7068,1.);
#7068 = DIRECTION('',(0.,0.,1.));
#7069 = PCURVE('',#6991,#7070);
#7070 = DEFINITIONAL_REPRESENTATION('',(#7071),#7075);
#7071 = LINE('',#7072,#7073);
#7072 = CARTESIAN_POINT('',(0.,-0.));
#7073 = VECTOR('',#7074,1.);
#7074 = DIRECTION('',(0.,1.));
#7075 = ( GEOMETRIC_REPRESENTATION_CONTEXT(2) 
PARAMETRIC_REPRESENTATION_CONTEXT() REPRESENTATION_CONTEXT('2D SPACE',''
  ) );
#7076 = PCURVE('',#6991,#7077);
#7077 = DEFINITIONAL_REPRESENTATION('',(#7078),#7082);
#7078 = LINE('',#7079,#7080);
#7079 = CARTESIAN_POINT('',(6.28318530718,-0.));
#7080 = VECTOR('',#7081,1.);
#7081 = DIRECTION('',(0.,1.));
#7082 = ( GEOMETRIC_REPRESENTATION_CONTEXT(2) 
PARAMETRIC_REPRESENTATION_CONTEXT() REPRESENTATION_CONTEXT('2D SPACE',''
  ) );
#7083 = ORIENTED_EDGE('',*,*,#6976,.T.);
#7084 = ORIENTED_EDGE('',*,*,#7061,.T.);
#7085 = ORIENTED_EDGE('',*,*,#7086,.F.);
#7086 = EDGE_CURVE('',#7062,#7062,#7087,.T.);
#7087 = SURFACE_CURVE('',#7088,(#7093,#7100),.PCURVE_S1.);
#7088 = CIRCLE('',#7089,12.6);
#7089 = AXIS2_PLACEMENT_3D('',#7090,#7091,#7092);
#7090 = CARTESIAN_POINT('',(0.,0.,17.));
#7091 = DIRECTION('',(0.,0.,1.));
#7092 = DIRECTION('',(1.,0.,-0.));
#7093 = PCURVE('',#6991,#7094);
#7094 = DEFINITIONAL_REPRESENTATION('',(#7095),#7099);
#7095 = LINE('',#7096,#7097);
#7096 = CARTESIAN_POINT('',(0.,14.));
#7097 = VECTOR('',#7098,1.);
#7098 = DIRECTION('',(1.,0.));
#7099 = ( GEOMETRIC_REPRESENTATION_CONTEXT(2) 
PARAMETRIC_REPRESENTATION_CONTEXT() REPRESENTATION_CONTEXT('2D SPACE',''
  ) );
#7100 = PCURVE('',#7101,#7106);
#7101 = PLANE('',#7102);
#7102 = AXIS2_PLACEMENT_3D('',#7103,#7104,#7105);
#7103 = CARTESIAN_POINT('',(0.,0.,17.));
#7104 = DIRECTION('',(0.,0.,1.));
#7105 = DIRECTION('',(1.,0.,-0.));
#7106 = DEFINITIONAL_REPRESENTATION('',(#7107),#7111);
#7107 = CIRCLE('',#7108,12.6);
#7108 = AXIS2_PLACEMENT_2D('',#7109,#7110);
#7109 = CARTESIAN_POINT('',(0.,0.));
#7110 = DIRECTION('',(1.,0.));
#7111 = ( GEOMETRIC_REPRESENTATION_CONTEXT(2) 
PARAMETRIC_REPRESENTATION_CONTEXT() REPRESENTATION_CONTEXT('2D SPACE',''
  ) );
#7112 = ADVANCED_FACE('',(#7113,#7116),#7045,.T.);
#7113 = FACE_BOUND('',#7114,.T.);
#7114 = EDGE_LOOP('',(#7115));
#7115 = ORIENTED_EDGE('',*,*,#7030,.T.);
#7116 = FACE_BOUND('',#7117,.T.);
#7117 = EDGE_LOOP('',(#7118));
#7118 = ORIENTED_EDGE('',*,*,#7119,.F.);
#7119 = EDGE_CURVE('',#7120,#7120,#7122,.T.);
#7120 = VERTEX_POINT('',#7121);
#7121 = CARTESIAN_POINT('',(12.25,-3.000384657911E-15,70.4));
#7122 = SURFACE_CURVE('',#7123,(#7128,#7135),.PCURVE_S1.);
#7123 = CIRCLE('',#7124,12.25);
#7124 = AXIS2_PLACEMENT_3D('',#7125,#7126,#7127);
#7125 = CARTESIAN_POINT('',(0.,0.,70.4));
#7126 = DIRECTION('',(0.,0.,1.));
#7127 = DIRECTION('',(1.,0.,-0.));
#7128 = PCURVE('',#7045,#7129);
#7129 = DEFINITIONAL_REPRESENTATION('',(#7130),#7134);
#7130 = CIRCLE('',#7131,12.25);
#7131 = AXIS2_PLACEMENT_2D('',#7132,#7133);
#7132 = CARTESIAN_POINT('',(0.,0.));
#7133 = DIRECTION('',(1.,0.));
#7134 = ( GEOMETRIC_REPRESENTATION_CONTEXT(2) 
PARAMETRIC_REPRESENTATION_CONTEXT() REPRESENTATION_CONTEXT('2D SPACE',''
  ) );
#7135 = PCURVE('',#7136,#7141);
#7136 = CYLINDRICAL_SURFACE('',#7137,12.25);
#7137 = AXIS2_PLACEMENT_3D('',#7138,#7139,#7140);
#7138 = CARTESIAN_POINT('',(0.,0.,69.17));
#7139 = DIRECTION('',(0.,0.,1.));
#7140 = DIRECTION('',(1.,0.,-0.));
#7141 = DEFINITIONAL_REPRESENTATION('',(#7142),#7146);
#7142 = LINE('',#7143,#7144);
#7143 = CARTESIAN_POINT('',(0.,1.23));
#7144 = VECTOR('',#7145,1.);
#7145 = DIRECTION('',(1.,0.));
#7146 = ( GEOMETRIC_REPRESENTATION_CONTEXT(2) 
PARAMETRIC_REPRESENTATION_CONTEXT() REPRESENTATION_CONTEXT('2D SPACE',''
  ) );
#7147 = ADVANCED_FACE('',(#7148,#7151),#7101,.F.);
#7148 = FACE_BOUND('',#7149,.F.);
#7149 = EDGE_LOOP('',(#7150));
#7150 = ORIENTED_EDGE('',*,*,#7086,.T.);
#7151 = FACE_BOUND('',#7152,.F.);
#7152 = EDGE_LOOP('',(#7153));
#7153 = ORIENTED_EDGE('',*,*,#7154,.F.);
#7154 = EDGE_CURVE('',#7155,#7155,#7157,.T.);
#7155 = VERTEX_POINT('',#7156);
#7156 = CARTESIAN_POINT('',(12.27,-3.005283245108E-15,17.));
#7157 = SURFACE_CURVE('',#7158,(#7163,#7170),.PCURVE_S1.);
#7158 = CIRCLE('',#7159,12.27);
#7159 = AXIS2_PLACEMENT_3D('',#7160,#7161,#7162);
#7160 = CARTESIAN_POINT('',(0.,0.,17.));
#7161 = DIRECTION('',(0.,0.,1.));
#7162 = DIRECTION('',(1.,0.,-0.));
#7163 = PCURVE('',#7101,#7164);
#7164 = DEFINITIONAL_REPRESENTATION('',(#7165),#7169);
#7165 = CIRCLE('',#7166,12.27);
#7166 = AXIS2_PLACEMENT_2D('',#7167,#7168);
#7167 = CARTESIAN_POINT('',(0.,0.));
#7168 = DIRECTION('',(1.,0.));
#7169 = ( GEOMETRIC_REPRESENTATION_CONTEXT(2) 
PARAMETRIC_REPRESENTATION_CONTEXT() REPRESENTATION_CONTEXT('2D SPACE',''
  ) );
#7170 = PCURVE('',#7171,#7176);
#7171 = CONICAL_SURFACE('',#7172,12.65,0.785398163397);
#7172 = AXIS2_PLACEMENT_3D('',#7173,#7174,#7175);
#7173 = CARTESIAN_POINT('',(0.,0.,16.62));
#7174 = DIRECTION('',(-0.,-0.,-1.));
#7175 = DIRECTION('',(1.,0.,-0.));
#7176 = DEFINITIONAL_REPRESENTATION('',(#7177),#7181);
#7177 = LINE('',#7178,#7179);
#7178 = CARTESIAN_POINT('',(-0.,-0.38));
#7179 = VECTOR('',#7180,1.);
#7180 = DIRECTION('',(-1.,-0.));
#7181 = ( GEOMETRIC_REPRESENTATION_CONTEXT(2) 
PARAMETRIC_REPRESENTATION_CONTEXT() REPRESENTATION_CONTEXT('2D SPACE',''
  ) );
#7182 = ADVANCED_FACE('',(#7183),#7136,.F.);
#7183 = FACE_BOUND('',#7184,.F.);
#7184 = EDGE_LOOP('',(#7185,#7186,#7209,#7236));
#7185 = ORIENTED_EDGE('',*,*,#7119,.F.);
#7186 = ORIENTED_EDGE('',*,*,#7187,.F.);
#7187 = EDGE_CURVE('',#7188,#7120,#7190,.T.);
#7188 = VERTEX_POINT('',#7189);
#7189 = CARTESIAN_POINT('',(12.25,-3.000384657911E-15,69.17));
#7190 = SEAM_CURVE('',#7191,(#7195,#7202),.PCURVE_S1.);
#7191 = LINE('',#7192,#7193);
#7192 = CARTESIAN_POINT('',(12.25,-3.000384657911E-15,69.17));
#7193 = VECTOR('',#7194,1.);
#7194 = DIRECTION('',(0.,0.,1.));
#7195 = PCURVE('',#7136,#7196);
#7196 = DEFINITIONAL_REPRESENTATION('',(#7197),#7201);
#7197 = LINE('',#7198,#7199);
#7198 = CARTESIAN_POINT('',(6.28318530718,-0.));
#7199 = VECTOR('',#7200,1.);
#7200 = DIRECTION('',(0.,1.));
#7201 = ( GEOMETRIC_REPRESENTATION_CONTEXT(2) 
PARAMETRIC_REPRESENTATION_CONTEXT() REPRESENTATION_CONTEXT('2D SPACE',''
  ) );
#7202 = PCURVE('',#7136,#7203);
#7203 = DEFINITIONAL_REPRESENTATION('',(#7204),#7208);
#7204 = LINE('',#7205,#7206);
#7205 = CARTESIAN_POINT('',(0.,-0.));
#7206 = VECTOR('',#7207,1.);
#7207 = DIRECTION('',(0.,1.));
#7208 = ( GEOMETRIC_REPRESENTATION_CONTEXT(2) 
PARAMETRIC_REPRESENTATION_CONTEXT() REPRESENTATION_CONTEXT('2D SPACE',''
  ) );
#7209 = ORIENTED_EDGE('',*,*,#7210,.T.);
#7210 = EDGE_CURVE('',#7188,#7188,#7211,.T.);
#7211 = SURFACE_CURVE('',#7212,(#7217,#7224),.PCURVE_S1.);
#7212 = CIRCLE('',#7213,12.25);
#7213 = AXIS2_PLACEMENT_3D('',#7214,#7215,#7216);
#7214 = CARTESIAN_POINT('',(0.,0.,69.17));
#7215 = DIRECTION('',(0.,0.,1.));
#7216 = DIRECTION('',(1.,0.,-0.));
#7217 = PCURVE('',#7136,#7218);
#7218 = DEFINITIONAL_REPRESENTATION('',(#7219),#7223);
#7219 = LINE('',#7220,#7221);
#7220 = CARTESIAN_POINT('',(0.,0.));
#7221 = VECTOR('',#7222,1.);
#7222 = DIRECTION('',(1.,0.));
#7223 = ( GEOMETRIC_REPRESENTATION_CONTEXT(2) 
PARAMETRIC_REPRESENTATION_CONTEXT() REPRESENTATION_CONTEXT('2D SPACE',''
  ) );
#7224 = PCURVE('',#7225,#7230);
#7225 = PLANE('',#7226);
#7226 = AXIS2_PLACEMENT_3D('',#7227,#7228,#7229);
#7227 = CARTESIAN_POINT('',(0.,0.,69.17));
#7228 = DIRECTION('',(0.,0.,1.));
#7229 = DIRECTION('',(1.,0.,-0.));
#7230 = DEFINITIONAL_REPRESENTATION('',(#7231),#7235);
#7231 = CIRCLE('',#7232,12.25);
#7232 = AXIS2_PLACEMENT_2D('',#7233,#7234);
#7233 = CARTESIAN_POINT('',(0.,0.));
#7234 = DIRECTION('',(1.,0.));
#7235 = ( GEOMETRIC_REPRESENTATION_CONTEXT(2) 
PARAMETRIC_REPRESENTATION_CONTEXT() REPRESENTATION_CONTEXT('2D SPACE',''
  ) );
#7236 = ORIENTED_EDGE('',*,*,#7187,.T.);
#7237 = ADVANCED_FACE('',(#7238),#7171,.F.);
#7238 = FACE_BOUND('',#7239,.F.);
#7239 = EDGE_LOOP('',(#7240,#7241,#7264,#7291));
#7240 = ORIENTED_EDGE('',*,*,#7154,.T.);
#7241 = ORIENTED_EDGE('',*,*,#7242,.T.);
#7242 = EDGE_CURVE('',#7155,#7243,#7245,.T.);
#7243 = VERTEX_POINT('',#7244);
#7244 = CARTESIAN_POINT('',(5.901612903226,-1.445478270348E-15,
    23.368387096774));
#7245 = SEAM_CURVE('',#7246,(#7250,#7257),.PCURVE_S1.);
#7246 = LINE('',#7247,#7248);
#7247 = CARTESIAN_POINT('',(12.65,-3.098356401843E-15,16.62));
#7248 = VECTOR('',#7249,1.);
#7249 = DIRECTION('',(-0.707106781187,1.731912112471E-16,0.707106781187)
  );
#7250 = PCURVE('',#7171,#7251);
#7251 = DEFINITIONAL_REPRESENTATION('',(#7252),#7256);
#7252 = LINE('',#7253,#7254);
#7253 = CARTESIAN_POINT('',(0.,-0.));
#7254 = VECTOR('',#7255,1.);
#7255 = DIRECTION('',(-0.,-1.));
#7256 = ( GEOMETRIC_REPRESENTATION_CONTEXT(2) 
PARAMETRIC_REPRESENTATION_CONTEXT() REPRESENTATION_CONTEXT('2D SPACE',''
  ) );
#7257 = PCURVE('',#7171,#7258);
#7258 = DEFINITIONAL_REPRESENTATION('',(#7259),#7263);
#7259 = LINE('',#7260,#7261);
#7260 = CARTESIAN_POINT('',(-6.28318530718,0.));
#7261 = VECTOR('',#7262,1.);
#7262 = DIRECTION('',(-0.,-1.));
#7263 = ( GEOMETRIC_REPRESENTATION_CONTEXT(2) 
PARAMETRIC_REPRESENTATION_CONTEXT() REPRESENTATION_CONTEXT('2D SPACE',''
  ) );
#7264 = ORIENTED_EDGE('',*,*,#7265,.F.);
#7265 = EDGE_CURVE('',#7243,#7243,#7266,.T.);
#7266 = SURFACE_CURVE('',#7267,(#7272,#7279),.PCURVE_S1.);
#7267 = CIRCLE('',#7268,5.901612903226);
#7268 = AXIS2_PLACEMENT_3D('',#7269,#7270,#7271);
#7269 = CARTESIAN_POINT('',(0.,0.,23.368387096774));
#7270 = DIRECTION('',(0.,0.,1.));
#7271 = DIRECTION('',(0.,-1.,0.));
#7272 = PCURVE('',#7171,#7273);
#7273 = DEFINITIONAL_REPRESENTATION('',(#7274),#7278);
#7274 = LINE('',#7275,#7276);
#7275 = CARTESIAN_POINT('',(1.570796326795,-6.748387096774));
#7276 = VECTOR('',#7277,1.);
#7277 = DIRECTION('',(-1.,-0.));
#7278 = ( GEOMETRIC_REPRESENTATION_CONTEXT(2) 
PARAMETRIC_REPRESENTATION_CONTEXT() REPRESENTATION_CONTEXT('2D SPACE',''
  ) );
#7279 = PCURVE('',#7280,#7285);
#7280 = CYLINDRICAL_SURFACE('',#7281,5.901612903226);
#7281 = AXIS2_PLACEMENT_3D('',#7282,#7283,#7284);
#7282 = CARTESIAN_POINT('',(0.,0.,16.));
#7283 = DIRECTION('',(0.,0.,1.));
#7284 = DIRECTION('',(1.,0.,-0.));
#7285 = DEFINITIONAL_REPRESENTATION('',(#7286),#7290);
#7286 = LINE('',#7287,#7288);
#7287 = CARTESIAN_POINT('',(-1.570796326795,7.368387096774));
#7288 = VECTOR('',#7289,1.);
#7289 = DIRECTION('',(1.,0.));
#7290 = ( GEOMETRIC_REPRESENTATION_CONTEXT(2) 
PARAMETRIC_REPRESENTATION_CONTEXT() REPRESENTATION_CONTEXT('2D SPACE',''
  ) );
#7291 = ORIENTED_EDGE('',*,*,#7242,.F.);
#7292 = ADVANCED_FACE('',(#7293,#7296),#7225,.T.);
#7293 = FACE_BOUND('',#7294,.T.);
#7294 = EDGE_LOOP('',(#7295));
#7295 = ORIENTED_EDGE('',*,*,#7210,.T.);
#7296 = FACE_BOUND('',#7297,.T.);
#7297 = EDGE_LOOP('',(#7298));
#7298 = ORIENTED_EDGE('',*,*,#7299,.F.);
#7299 = EDGE_CURVE('',#7300,#7300,#7302,.T.);
#7300 = VERTEX_POINT('',#7301);
#7301 = CARTESIAN_POINT('',(10.45,-2.559511810218E-15,69.17));
#7302 = SURFACE_CURVE('',#7303,(#7308,#7315),.PCURVE_S1.);
#7303 = CIRCLE('',#7304,10.45);
#7304 = AXIS2_PLACEMENT_3D('',#7305,#7306,#7307);
#7305 = CARTESIAN_POINT('',(0.,0.,69.17));
#7306 = DIRECTION('',(0.,0.,1.));
#7307 = DIRECTION('',(1.,0.,-0.));
#7308 = PCURVE('',#7225,#7309);
#7309 = DEFINITIONAL_REPRESENTATION('',(#7310),#7314);
#7310 = CIRCLE('',#7311,10.45);
#7311 = AXIS2_PLACEMENT_2D('',#7312,#7313);
#7312 = CARTESIAN_POINT('',(0.,0.));
#7313 = DIRECTION('',(1.,0.));
#7314 = ( GEOMETRIC_REPRESENTATION_CONTEXT(2) 
PARAMETRIC_REPRESENTATION_CONTEXT() REPRESENTATION_CONTEXT('2D SPACE',''
  ) );
#7315 = PCURVE('',#7316,#7321);
#7316 = CYLINDRICAL_SURFACE('',#7317,10.45);
#7317 = AXIS2_PLACEMENT_3D('',#7318,#7319,#7320);
#7318 = CARTESIAN_POINT('',(0.,0.,68.67));
#7319 = DIRECTION('',(0.,0.,1.));
#7320 = DIRECTION('',(1.,0.,-0.));
#7321 = DEFINITIONAL_REPRESENTATION('',(#7322),#7326);
#7322 = LINE('',#7323,#7324);
#7323 = CARTESIAN_POINT('',(0.,0.5));
#7324 = VECTOR('',#7325,1.);
#7325 = DIRECTION('',(1.,0.));
#7326 = ( GEOMETRIC_REPRESENTATION_CONTEXT(2) 
PARAMETRIC_REPRESENTATION_CONTEXT() REPRESENTATION_CONTEXT('2D SPACE',''
  ) );
#7327 = ADVANCED_FACE('',(#7328),#7280,.F.);
#7328 = FACE_BOUND('',#7329,.F.);
#7329 = EDGE_LOOP('',(#7330,#7359,#7380,#7381));
#7330 = ORIENTED_EDGE('',*,*,#7331,.F.);
#7331 = EDGE_CURVE('',#7332,#7332,#7334,.T.);
#7332 = VERTEX_POINT('',#7333);
#7333 = CARTESIAN_POINT('',(5.901612903226,-1.445478270348E-15,
    23.748387096774));
#7334 = SURFACE_CURVE('',#7335,(#7340,#7347),.PCURVE_S1.);
#7335 = CIRCLE('',#7336,5.901612903226);
#7336 = AXIS2_PLACEMENT_3D('',#7337,#7338,#7339);
#7337 = CARTESIAN_POINT('',(0.,0.,23.748387096774));
#7338 = DIRECTION('',(0.,0.,1.));
#7339 = DIRECTION('',(0.,-1.,0.));
#7340 = PCURVE('',#7280,#7341);
#7341 = DEFINITIONAL_REPRESENTATION('',(#7342),#7346);
#7342 = LINE('',#7343,#7344);
#7343 = CARTESIAN_POINT('',(-1.570796326795,7.748387096774));
#7344 = VECTOR('',#7345,1.);
#7345 = DIRECTION('',(1.,0.));
#7346 = ( GEOMETRIC_REPRESENTATION_CONTEXT(2) 
PARAMETRIC_REPRESENTATION_CONTEXT() REPRESENTATION_CONTEXT('2D SPACE',''
  ) );
#7347 = PCURVE('',#7348,#7353);
#7348 = CONICAL_SURFACE('',#7349,12.65,0.785398163397);
#7349 = AXIS2_PLACEMENT_3D('',#7350,#7351,#7352);
#7350 = CARTESIAN_POINT('',(0.,0.,17.));
#7351 = DIRECTION('',(-0.,-0.,-1.));
#7352 = DIRECTION('',(1.,0.,-0.));
#7353 = DEFINITIONAL_REPRESENTATION('',(#7354),#7358);
#7354 = LINE('',#7355,#7356);
#7355 = CARTESIAN_POINT('',(1.570796326795,-6.748387096774));
#7356 = VECTOR('',#7357,1.);
#7357 = DIRECTION('',(-1.,-0.));
#7358 = ( GEOMETRIC_REPRESENTATION_CONTEXT(2) 
PARAMETRIC_REPRESENTATION_CONTEXT() REPRESENTATION_CONTEXT('2D SPACE',''
  ) );
#7359 = ORIENTED_EDGE('',*,*,#7360,.F.);
#7360 = EDGE_CURVE('',#7243,#7332,#7361,.T.);
#7361 = SEAM_CURVE('',#7362,(#7366,#7373),.PCURVE_S1.);
#7362 = LINE('',#7363,#7364);
#7363 = CARTESIAN_POINT('',(5.901612903226,-1.445478270348E-15,16.));
#7364 = VECTOR('',#7365,1.);
#7365 = DIRECTION('',(0.,0.,1.));
#7366 = PCURVE('',#7280,#7367);
#7367 = DEFINITIONAL_REPRESENTATION('',(#7368),#7372);
#7368 = LINE('',#7369,#7370);
#7369 = CARTESIAN_POINT('',(6.28318530718,-0.));
#7370 = VECTOR('',#7371,1.);
#7371 = DIRECTION('',(0.,1.));
#7372 = ( GEOMETRIC_REPRESENTATION_CONTEXT(2) 
PARAMETRIC_REPRESENTATION_CONTEXT() REPRESENTATION_CONTEXT('2D SPACE',''
  ) );
#7373 = PCURVE('',#7280,#7374);
#7374 = DEFINITIONAL_REPRESENTATION('',(#7375),#7379);
#7375 = LINE('',#7376,#7377);
#7376 = CARTESIAN_POINT('',(0.,-0.));
#7377 = VECTOR('',#7378,1.);
#7378 = DIRECTION('',(0.,1.));
#7379 = ( GEOMETRIC_REPRESENTATION_CONTEXT(2) 
PARAMETRIC_REPRESENTATION_CONTEXT() REPRESENTATION_CONTEXT('2D SPACE',''
  ) );
#7380 = ORIENTED_EDGE('',*,*,#7265,.T.);
#7381 = ORIENTED_EDGE('',*,*,#7360,.T.);
#7382 = ADVANCED_FACE('',(#7383),#7316,.T.);
#7383 = FACE_BOUND('',#7384,.T.);
#7384 = EDGE_LOOP('',(#7385,#7414,#7435,#7436));
#7385 = ORIENTED_EDGE('',*,*,#7386,.F.);
#7386 = EDGE_CURVE('',#7387,#7387,#7389,.T.);
#7387 = VERTEX_POINT('',#7388);
#7388 = CARTESIAN_POINT('',(10.45,-2.559511810218E-15,70.4));
#7389 = SURFACE_CURVE('',#7390,(#7395,#7402),.PCURVE_S1.);
#7390 = CIRCLE('',#7391,10.45);
#7391 = AXIS2_PLACEMENT_3D('',#7392,#7393,#7394);
#7392 = CARTESIAN_POINT('',(0.,0.,70.4));
#7393 = DIRECTION('',(0.,0.,1.));
#7394 = DIRECTION('',(1.,0.,-0.));
#7395 = PCURVE('',#7316,#7396);
#7396 = DEFINITIONAL_REPRESENTATION('',(#7397),#7401);
#7397 = LINE('',#7398,#7399);
#7398 = CARTESIAN_POINT('',(0.,1.73));
#7399 = VECTOR('',#7400,1.);
#7400 = DIRECTION('',(1.,0.));
#7401 = ( GEOMETRIC_REPRESENTATION_CONTEXT(2) 
PARAMETRIC_REPRESENTATION_CONTEXT() REPRESENTATION_CONTEXT('2D SPACE',''
  ) );
#7402 = PCURVE('',#7403,#7408);
#7403 = PLANE('',#7404);
#7404 = AXIS2_PLACEMENT_3D('',#7405,#7406,#7407);
#7405 = CARTESIAN_POINT('',(0.,0.,70.4));
#7406 = DIRECTION('',(0.,0.,1.));
#7407 = DIRECTION('',(1.,0.,-0.));
#7408 = DEFINITIONAL_REPRESENTATION('',(#7409),#7413);
#7409 = CIRCLE('',#7410,10.45);
#7410 = AXIS2_PLACEMENT_2D('',#7411,#7412);
#7411 = CARTESIAN_POINT('',(0.,0.));
#7412 = DIRECTION('',(1.,0.));
#7413 = ( GEOMETRIC_REPRESENTATION_CONTEXT(2) 
PARAMETRIC_REPRESENTATION_CONTEXT() REPRESENTATION_CONTEXT('2D SPACE',''
  ) );
#7414 = ORIENTED_EDGE('',*,*,#7415,.F.);
#7415 = EDGE_CURVE('',#7300,#7387,#7416,.T.);
#7416 = SEAM_CURVE('',#7417,(#7421,#7428),.PCURVE_S1.);
#7417 = LINE('',#7418,#7419);
#7418 = CARTESIAN_POINT('',(10.45,-2.559511810218E-15,68.67));
#7419 = VECTOR('',#7420,1.);
#7420 = DIRECTION('',(0.,0.,1.));
#7421 = PCURVE('',#7316,#7422);
#7422 = DEFINITIONAL_REPRESENTATION('',(#7423),#7427);
#7423 = LINE('',#7424,#7425);
#7424 = CARTESIAN_POINT('',(6.28318530718,-0.));
#7425 = VECTOR('',#7426,1.);
#7426 = DIRECTION('',(0.,1.));
#7427 = ( GEOMETRIC_REPRESENTATION_CONTEXT(2) 
PARAMETRIC_REPRESENTATION_CONTEXT() REPRESENTATION_CONTEXT('2D SPACE',''
  ) );
#7428 = PCURVE('',#7316,#7429);
#7429 = DEFINITIONAL_REPRESENTATION('',(#7430),#7434);
#7430 = LINE('',#7431,#7432);
#7431 = CARTESIAN_POINT('',(0.,-0.));
#7432 = VECTOR('',#7433,1.);
#7433 = DIRECTION('',(0.,1.));
#7434 = ( GEOMETRIC_REPRESENTATION_CONTEXT(2) 
PARAMETRIC_REPRESENTATION_CONTEXT() REPRESENTATION_CONTEXT('2D SPACE',''
  ) );
#7435 = ORIENTED_EDGE('',*,*,#7299,.T.);
#7436 = ORIENTED_EDGE('',*,*,#7415,.T.);
#7437 = ADVANCED_FACE('',(#7438),#7348,.T.);
#7438 = FACE_BOUND('',#7439,.T.);
#7439 = EDGE_LOOP('',(#7440,#7463,#7464,#7465));
#7440 = ORIENTED_EDGE('',*,*,#7441,.T.);
#7441 = EDGE_CURVE('',#7442,#7332,#7444,.T.);
#7442 = VERTEX_POINT('',#7443);
#7443 = CARTESIAN_POINT('',(12.6,-3.086109933851E-15,17.05));
#7444 = SEAM_CURVE('',#7445,(#7449,#7456),.PCURVE_S1.);
#7445 = LINE('',#7446,#7447);
#7446 = CARTESIAN_POINT('',(12.65,-3.098356401843E-15,17.));
#7447 = VECTOR('',#7448,1.);
#7448 = DIRECTION('',(-0.707106781187,1.731912112471E-16,0.707106781187)
  );
#7449 = PCURVE('',#7348,#7450);
#7450 = DEFINITIONAL_REPRESENTATION('',(#7451),#7455);
#7451 = LINE('',#7452,#7453);
#7452 = CARTESIAN_POINT('',(-6.28318530718,0.));
#7453 = VECTOR('',#7454,1.);
#7454 = DIRECTION('',(-0.,-1.));
#7455 = ( GEOMETRIC_REPRESENTATION_CONTEXT(2) 
PARAMETRIC_REPRESENTATION_CONTEXT() REPRESENTATION_CONTEXT('2D SPACE',''
  ) );
#7456 = PCURVE('',#7348,#7457);
#7457 = DEFINITIONAL_REPRESENTATION('',(#7458),#7462);
#7458 = LINE('',#7459,#7460);
#7459 = CARTESIAN_POINT('',(0.,-0.));
#7460 = VECTOR('',#7461,1.);
#7461 = DIRECTION('',(-0.,-1.));
#7462 = ( GEOMETRIC_REPRESENTATION_CONTEXT(2) 
PARAMETRIC_REPRESENTATION_CONTEXT() REPRESENTATION_CONTEXT('2D SPACE',''
  ) );
#7463 = ORIENTED_EDGE('',*,*,#7331,.F.);
#7464 = ORIENTED_EDGE('',*,*,#7441,.F.);
#7465 = ORIENTED_EDGE('',*,*,#7466,.T.);
#7466 = EDGE_CURVE('',#7442,#7442,#7467,.T.);
#7467 = SURFACE_CURVE('',#7468,(#7473,#7480),.PCURVE_S1.);
#7468 = CIRCLE('',#7469,12.6);
#7469 = AXIS2_PLACEMENT_3D('',#7470,#7471,#7472);
#7470 = CARTESIAN_POINT('',(0.,0.,17.05));
#7471 = DIRECTION('',(0.,0.,1.));
#7472 = DIRECTION('',(0.,-1.,0.));
#7473 = PCURVE('',#7348,#7474);
#7474 = DEFINITIONAL_REPRESENTATION('',(#7475),#7479);
#7475 = LINE('',#7476,#7477);
#7476 = CARTESIAN_POINT('',(1.570796326795,-5.E-02));
#7477 = VECTOR('',#7478,1.);
#7478 = DIRECTION('',(-1.,-0.));
#7479 = ( GEOMETRIC_REPRESENTATION_CONTEXT(2) 
PARAMETRIC_REPRESENTATION_CONTEXT() REPRESENTATION_CONTEXT('2D SPACE',''
  ) );
#7480 = PCURVE('',#7481,#7486);
#7481 = CYLINDRICAL_SURFACE('',#7482,12.6);
#7482 = AXIS2_PLACEMENT_3D('',#7483,#7484,#7485);
#7483 = CARTESIAN_POINT('',(0.,0.,3.));
#7484 = DIRECTION('',(0.,0.,1.));
#7485 = DIRECTION('',(1.,0.,-0.));
#7486 = DEFINITIONAL_REPRESENTATION('',(#7487),#7491);
#7487 = LINE('',#7488,#7489);
#7488 = CARTESIAN_POINT('',(-1.570796326795,14.05));
#7489 = VECTOR('',#7490,1.);
#7490 = DIRECTION('',(1.,0.));
#7491 = ( GEOMETRIC_REPRESENTATION_CONTEXT(2) 
PARAMETRIC_REPRESENTATION_CONTEXT() REPRESENTATION_CONTEXT('2D SPACE',''
  ) );
#7492 = ADVANCED_FACE('',(#7493,#7496),#7403,.T.);
#7493 = FACE_BOUND('',#7494,.T.);
#7494 = EDGE_LOOP('',(#7495));
#7495 = ORIENTED_EDGE('',*,*,#7386,.T.);
#7496 = FACE_BOUND('',#7497,.T.);
#7497 = EDGE_LOOP('',(#7498));
#7498 = ORIENTED_EDGE('',*,*,#7499,.F.);
#7499 = EDGE_CURVE('',#7500,#7500,#7502,.T.);
#7500 = VERTEX_POINT('',#7501);
#7501 = CARTESIAN_POINT('',(10.1,-2.473786534278E-15,70.4));
#7502 = SURFACE_CURVE('',#7503,(#7508,#7515),.PCURVE_S1.);
#7503 = CIRCLE('',#7504,10.1);
#7504 = AXIS2_PLACEMENT_3D('',#7505,#7506,#7507);
#7505 = CARTESIAN_POINT('',(0.,0.,70.4));
#7506 = DIRECTION('',(0.,0.,1.));
#7507 = DIRECTION('',(1.,0.,-0.));
#7508 = PCURVE('',#7403,#7509);
#7509 = DEFINITIONAL_REPRESENTATION('',(#7510),#7514);
#7510 = CIRCLE('',#7511,10.1);
#7511 = AXIS2_PLACEMENT_2D('',#7512,#7513);
#7512 = CARTESIAN_POINT('',(0.,0.));
#7513 = DIRECTION('',(1.,0.));
#7514 = ( GEOMETRIC_REPRESENTATION_CONTEXT(2) 
PARAMETRIC_REPRESENTATION_CONTEXT() REPRESENTATION_CONTEXT('2D SPACE',''
  ) );
#7515 = PCURVE('',#7516,#7521);
#7516 = CYLINDRICAL_SURFACE('',#7517,10.1);
#7517 = AXIS2_PLACEMENT_3D('',#7518,#7519,#7520);
#7518 = CARTESIAN_POINT('',(0.,0.,67.4));
#7519 = DIRECTION('',(0.,0.,1.));
#7520 = DIRECTION('',(1.,0.,-0.));
#7521 = DEFINITIONAL_REPRESENTATION('',(#7522),#7526);
#7522 = LINE('',#7523,#7524);
#7523 = CARTESIAN_POINT('',(0.,3.));
#7524 = VECTOR('',#7525,1.);
#7525 = DIRECTION('',(1.,0.));
#7526 = ( GEOMETRIC_REPRESENTATION_CONTEXT(2) 
PARAMETRIC_REPRESENTATION_CONTEXT() REPRESENTATION_CONTEXT('2D SPACE',''
  ) );
#7527 = ADVANCED_FACE('',(#7528),#7481,.F.);
#7528 = FACE_BOUND('',#7529,.F.);
#7529 = EDGE_LOOP('',(#7530,#7553,#7554,#7555));
#7530 = ORIENTED_EDGE('',*,*,#7531,.F.);
#7531 = EDGE_CURVE('',#7442,#7532,#7534,.T.);
#7532 = VERTEX_POINT('',#7533);
#7533 = CARTESIAN_POINT('',(12.6,-3.086109933851E-15,30.));
#7534 = SEAM_CURVE('',#7535,(#7539,#7546),.PCURVE_S1.);
#7535 = LINE('',#7536,#7537);
#7536 = CARTESIAN_POINT('',(12.6,-3.086109933851E-15,3.));
#7537 = VECTOR('',#7538,1.);
#7538 = DIRECTION('',(0.,0.,1.));
#7539 = PCURVE('',#7481,#7540);
#7540 = DEFINITIONAL_REPRESENTATION('',(#7541),#7545);
#7541 = LINE('',#7542,#7543);
#7542 = CARTESIAN_POINT('',(0.,-0.));
#7543 = VECTOR('',#7544,1.);
#7544 = DIRECTION('',(0.,1.));
#7545 = ( GEOMETRIC_REPRESENTATION_CONTEXT(2) 
PARAMETRIC_REPRESENTATION_CONTEXT() REPRESENTATION_CONTEXT('2D SPACE',''
  ) );
#7546 = PCURVE('',#7481,#7547);
#7547 = DEFINITIONAL_REPRESENTATION('',(#7548),#7552);
#7548 = LINE('',#7549,#7550);
#7549 = CARTESIAN_POINT('',(6.28318530718,-0.));
#7550 = VECTOR('',#7551,1.);
#7551 = DIRECTION('',(0.,1.));
#7552 = ( GEOMETRIC_REPRESENTATION_CONTEXT(2) 
PARAMETRIC_REPRESENTATION_CONTEXT() REPRESENTATION_CONTEXT('2D SPACE',''
  ) );
#7553 = ORIENTED_EDGE('',*,*,#7466,.T.);
#7554 = ORIENTED_EDGE('',*,*,#7531,.T.);
#7555 = ORIENTED_EDGE('',*,*,#7556,.F.);
#7556 = EDGE_CURVE('',#7532,#7532,#7557,.T.);
#7557 = SURFACE_CURVE('',#7558,(#7563,#7570),.PCURVE_S1.);
#7558 = CIRCLE('',#7559,12.6);
#7559 = AXIS2_PLACEMENT_3D('',#7560,#7561,#7562);
#7560 = CARTESIAN_POINT('',(0.,0.,30.));
#7561 = DIRECTION('',(0.,0.,1.));
#7562 = DIRECTION('',(1.,0.,-0.));
#7563 = PCURVE('',#7481,#7564);
#7564 = DEFINITIONAL_REPRESENTATION('',(#7565),#7569);
#7565 = LINE('',#7566,#7567);
#7566 = CARTESIAN_POINT('',(0.,27.));
#7567 = VECTOR('',#7568,1.);
#7568 = DIRECTION('',(1.,0.));
#7569 = ( GEOMETRIC_REPRESENTATION_CONTEXT(2) 
PARAMETRIC_REPRESENTATION_CONTEXT() REPRESENTATION_CONTEXT('2D SPACE',''
  ) );
#7570 = PCURVE('',#7571,#7576);
#7571 = PLANE('',#7572);
#7572 = AXIS2_PLACEMENT_3D('',#7573,#7574,#7575);
#7573 = CARTESIAN_POINT('',(0.,0.,30.));
#7574 = DIRECTION('',(0.,0.,1.));
#7575 = DIRECTION('',(1.,0.,-0.));
#7576 = DEFINITIONAL_REPRESENTATION('',(#7577),#7581);
#7577 = CIRCLE('',#7578,12.6);
#7578 = AXIS2_PLACEMENT_2D('',#7579,#7580);
#7579 = CARTESIAN_POINT('',(0.,0.));
#7580 = DIRECTION('',(1.,0.));
#7581 = ( GEOMETRIC_REPRESENTATION_CONTEXT(2) 
PARAMETRIC_REPRESENTATION_CONTEXT() REPRESENTATION_CONTEXT('2D SPACE',''
  ) );
#7582 = ADVANCED_FACE('',(#7583),#7516,.F.);
#7583 = FACE_BOUND('',#7584,.F.);
#7584 = EDGE_LOOP('',(#7585,#7586,#7609,#7635));
#7585 = ORIENTED_EDGE('',*,*,#7499,.F.);
#7586 = ORIENTED_EDGE('',*,*,#7587,.F.);
#7587 = EDGE_CURVE('',#7588,#7500,#7590,.T.);
#7588 = VERTEX_POINT('',#7589);
#7589 = CARTESIAN_POINT('',(10.1,-2.473786534278E-15,67.4));
#7590 = SEAM_CURVE('',#7591,(#7595,#7602),.PCURVE_S1.);
#7591 = LINE('',#7592,#7593);
#7592 = CARTESIAN_POINT('',(10.1,-2.473786534278E-15,67.4));
#7593 = VECTOR('',#7594,1.);
#7594 = DIRECTION('',(0.,0.,1.));
#7595 = PCURVE('',#7516,#7596);
#7596 = DEFINITIONAL_REPRESENTATION('',(#7597),#7601);
#7597 = LINE('',#7598,#7599);
#7598 = CARTESIAN_POINT('',(6.28318530718,-0.));
#7599 = VECTOR('',#7600,1.);
#7600 = DIRECTION('',(0.,1.));
#7601 = ( GEOMETRIC_REPRESENTATION_CONTEXT(2) 
PARAMETRIC_REPRESENTATION_CONTEXT() REPRESENTATION_CONTEXT('2D SPACE',''
  ) );
#7602 = PCURVE('',#7516,#7603);
#7603 = DEFINITIONAL_REPRESENTATION('',(#7604),#7608);
#7604 = LINE('',#7605,#7606);
#7605 = CARTESIAN_POINT('',(0.,-0.));
#7606 = VECTOR('',#7607,1.);
#7607 = DIRECTION('',(0.,1.));
#7608 = ( GEOMETRIC_REPRESENTATION_CONTEXT(2) 
PARAMETRIC_REPRESENTATION_CONTEXT() REPRESENTATION_CONTEXT('2D SPACE',''
  ) );
#7609 = ORIENTED_EDGE('',*,*,#7610,.T.);
#7610 = EDGE_CURVE('',#7588,#7588,#7611,.T.);
#7611 = SURFACE_CURVE('',#7612,(#7617,#7624),.PCURVE_S1.);
#7612 = CIRCLE('',#7613,10.1);
#7613 = AXIS2_PLACEMENT_3D('',#7614,#7615,#7616);
#7614 = CARTESIAN_POINT('',(0.,0.,67.4));
#7615 = DIRECTION('',(0.,0.,1.));
#7616 = DIRECTION('',(1.,0.,-0.));
#7617 = PCURVE('',#7516,#7618);
#7618 = DEFINITIONAL_REPRESENTATION('',(#7619),#7623);
#7619 = LINE('',#7620,#7621);
#7620 = CARTESIAN_POINT('',(0.,0.));
#7621 = VECTOR('',#7622,1.);
#7622 = DIRECTION('',(1.,0.));
#7623 = ( GEOMETRIC_REPRESENTATION_CONTEXT(2) 
PARAMETRIC_REPRESENTATION_CONTEXT() REPRESENTATION_CONTEXT('2D SPACE',''
  ) );
#7624 = PCURVE('',#7625,#7630);
#7625 = CYLINDRICAL_SURFACE('',#7626,10.1);
#7626 = AXIS2_PLACEMENT_3D('',#7627,#7628,#7629);
#7627 = CARTESIAN_POINT('',(0.,0.,64.85));
#7628 = DIRECTION('',(0.,0.,1.));
#7629 = DIRECTION('',(1.,0.,-0.));
#7630 = DEFINITIONAL_REPRESENTATION('',(#7631),#7634);
#7631 = B_SPLINE_CURVE_WITH_KNOTS('',1,(#7632,#7633),.UNSPECIFIED.,.F.,
  .F.,(2,2),(0.,6.28318530718),.PIECEWISE_BEZIER_KNOTS.);
#7632 = CARTESIAN_POINT('',(0.,2.55));
#7633 = CARTESIAN_POINT('',(6.28318530718,2.55));
#7634 = ( GEOMETRIC_REPRESENTATION_CONTEXT(2) 
PARAMETRIC_REPRESENTATION_CONTEXT() REPRESENTATION_CONTEXT('2D SPACE',''
  ) );
#7635 = ORIENTED_EDGE('',*,*,#7587,.T.);
#7636 = ADVANCED_FACE('',(#7637,#7640),#7571,.F.);
#7637 = FACE_BOUND('',#7638,.F.);
#7638 = EDGE_LOOP('',(#7639));
#7639 = ORIENTED_EDGE('',*,*,#7556,.T.);
#7640 = FACE_BOUND('',#7641,.F.);
#7641 = EDGE_LOOP('',(#7642));
#7642 = ORIENTED_EDGE('',*,*,#7643,.F.);
#7643 = EDGE_CURVE('',#7644,#7644,#7646,.T.);
#7644 = VERTEX_POINT('',#7645);
#7645 = CARTESIAN_POINT('',(12.27,-3.005283245108E-15,30.));
#7646 = SURFACE_CURVE('',#7647,(#7652,#7659),.PCURVE_S1.);
#7647 = CIRCLE('',#7648,12.27);
#7648 = AXIS2_PLACEMENT_3D('',#7649,#7650,#7651);
#7649 = CARTESIAN_POINT('',(0.,0.,30.));
#7650 = DIRECTION('',(0.,0.,1.));
#7651 = DIRECTION('',(1.,0.,-0.));
#7652 = PCURVE('',#7571,#7653);
#7653 = DEFINITIONAL_REPRESENTATION('',(#7654),#7658);
#7654 = CIRCLE('',#7655,12.27);
#7655 = AXIS2_PLACEMENT_2D('',#7656,#7657);
#7656 = CARTESIAN_POINT('',(0.,0.));
#7657 = DIRECTION('',(1.,0.));
#7658 = ( GEOMETRIC_REPRESENTATION_CONTEXT(2) 
PARAMETRIC_REPRESENTATION_CONTEXT() REPRESENTATION_CONTEXT('2D SPACE',''
  ) );
#7659 = PCURVE('',#7660,#7665);
#7660 = CONICAL_SURFACE('',#7661,12.65,0.785398163397);
#7661 = AXIS2_PLACEMENT_3D('',#7662,#7663,#7664);
#7662 = CARTESIAN_POINT('',(0.,0.,29.62));
#7663 = DIRECTION('',(-0.,-0.,-1.));
#7664 = DIRECTION('',(1.,0.,-0.));
#7665 = DEFINITIONAL_REPRESENTATION('',(#7666),#7670);
#7666 = LINE('',#7667,#7668);
#7667 = CARTESIAN_POINT('',(-0.,-0.38));
#7668 = VECTOR('',#7669,1.);
#7669 = DIRECTION('',(-1.,-0.));
#7670 = ( GEOMETRIC_REPRESENTATION_CONTEXT(2) 
PARAMETRIC_REPRESENTATION_CONTEXT() REPRESENTATION_CONTEXT('2D SPACE',''
  ) );
#7671 = ADVANCED_FACE('',(#7672),#7660,.F.);
#7672 = FACE_BOUND('',#7673,.F.);
#7673 = EDGE_LOOP('',(#7674,#7675,#7698,#7725));
#7674 = ORIENTED_EDGE('',*,*,#7643,.T.);
#7675 = ORIENTED_EDGE('',*,*,#7676,.T.);
#7676 = EDGE_CURVE('',#7644,#7677,#7679,.T.);
#7677 = VERTEX_POINT('',#7678);
#7678 = CARTESIAN_POINT('',(7.159677419355,-1.753615206908E-15,
    35.110322580645));
#7679 = SEAM_CURVE('',#7680,(#7684,#7691),.PCURVE_S1.);
#7680 = LINE('',#7681,#7682);
#7681 = CARTESIAN_POINT('',(12.65,-3.098356401843E-15,29.62));
#7682 = VECTOR('',#7683,1.);
#7683 = DIRECTION('',(-0.707106781187,1.731912112471E-16,0.707106781187)
  );
#7684 = PCURVE('',#7660,#7685);
#7685 = DEFINITIONAL_REPRESENTATION('',(#7686),#7690);
#7686 = LINE('',#7687,#7688);
#7687 = CARTESIAN_POINT('',(0.,-0.));
#7688 = VECTOR('',#7689,1.);
#7689 = DIRECTION('',(-0.,-1.));
#7690 = ( GEOMETRIC_REPRESENTATION_CONTEXT(2) 
PARAMETRIC_REPRESENTATION_CONTEXT() REPRESENTATION_CONTEXT('2D SPACE',''
  ) );
#7691 = PCURVE('',#7660,#7692);
#7692 = DEFINITIONAL_REPRESENTATION('',(#7693),#7697);
#7693 = LINE('',#7694,#7695);
#7694 = CARTESIAN_POINT('',(-6.28318530718,0.));
#7695 = VECTOR('',#7696,1.);
#7696 = DIRECTION('',(-0.,-1.));
#7697 = ( GEOMETRIC_REPRESENTATION_CONTEXT(2) 
PARAMETRIC_REPRESENTATION_CONTEXT() REPRESENTATION_CONTEXT('2D SPACE',''
  ) );
#7698 = ORIENTED_EDGE('',*,*,#7699,.F.);
#7699 = EDGE_CURVE('',#7677,#7677,#7700,.T.);
#7700 = SURFACE_CURVE('',#7701,(#7706,#7713),.PCURVE_S1.);
#7701 = CIRCLE('',#7702,7.159677419355);
#7702 = AXIS2_PLACEMENT_3D('',#7703,#7704,#7705);
#7703 = CARTESIAN_POINT('',(0.,0.,35.110322580645));
#7704 = DIRECTION('',(0.,0.,1.));
#7705 = DIRECTION('',(0.,-1.,0.));
#7706 = PCURVE('',#7660,#7707);
#7707 = DEFINITIONAL_REPRESENTATION('',(#7708),#7712);
#7708 = LINE('',#7709,#7710);
#7709 = CARTESIAN_POINT('',(1.570796326795,-5.490322580645));
#7710 = VECTOR('',#7711,1.);
#7711 = DIRECTION('',(-1.,-0.));
#7712 = ( GEOMETRIC_REPRESENTATION_CONTEXT(2) 
PARAMETRIC_REPRESENTATION_CONTEXT() REPRESENTATION_CONTEXT('2D SPACE',''
  ) );
#7713 = PCURVE('',#7714,#7719);
#7714 = CYLINDRICAL_SURFACE('',#7715,7.159677419355);
#7715 = AXIS2_PLACEMENT_3D('',#7716,#7717,#7718);
#7716 = CARTESIAN_POINT('',(0.,0.,29.));
#7717 = DIRECTION('',(0.,0.,1.));
#7718 = DIRECTION('',(1.,0.,-0.));
#7719 = DEFINITIONAL_REPRESENTATION('',(#7720),#7724);
#7720 = LINE('',#7721,#7722);
#7721 = CARTESIAN_POINT('',(-1.570796326795,6.110322580645));
#7722 = VECTOR('',#7723,1.);
#7723 = DIRECTION('',(1.,0.));
#7724 = ( GEOMETRIC_REPRESENTATION_CONTEXT(2) 
PARAMETRIC_REPRESENTATION_CONTEXT() REPRESENTATION_CONTEXT('2D SPACE',''
  ) );
#7725 = ORIENTED_EDGE('',*,*,#7676,.F.);
#7726 = ADVANCED_FACE('',(#7727),#7714,.F.);
#7727 = FACE_BOUND('',#7728,.F.);
#7728 = EDGE_LOOP('',(#7729,#7758,#7779,#7780));
#7729 = ORIENTED_EDGE('',*,*,#7730,.F.);
#7730 = EDGE_CURVE('',#7731,#7731,#7733,.T.);
#7731 = VERTEX_POINT('',#7732);
#7732 = CARTESIAN_POINT('',(7.159677419355,-1.753615206908E-15,
    35.490322580645));
#7733 = SURFACE_CURVE('',#7734,(#7739,#7746),.PCURVE_S1.);
#7734 = CIRCLE('',#7735,7.159677419355);
#7735 = AXIS2_PLACEMENT_3D('',#7736,#7737,#7738);
#7736 = CARTESIAN_POINT('',(0.,0.,35.490322580645));
#7737 = DIRECTION('',(0.,0.,1.));
#7738 = DIRECTION('',(0.,-1.,0.));
#7739 = PCURVE('',#7714,#7740);
#7740 = DEFINITIONAL_REPRESENTATION('',(#7741),#7745);
#7741 = LINE('',#7742,#7743);
#7742 = CARTESIAN_POINT('',(-1.570796326795,6.490322580645));
#7743 = VECTOR('',#7744,1.);
#7744 = DIRECTION('',(1.,0.));
#7745 = ( GEOMETRIC_REPRESENTATION_CONTEXT(2) 
PARAMETRIC_REPRESENTATION_CONTEXT() REPRESENTATION_CONTEXT('2D SPACE',''
  ) );
#7746 = PCURVE('',#7747,#7752);
#7747 = CONICAL_SURFACE('',#7748,12.65,0.785398163397);
#7748 = AXIS2_PLACEMENT_3D('',#7749,#7750,#7751);
#7749 = CARTESIAN_POINT('',(0.,0.,30.));
#7750 = DIRECTION('',(-0.,-0.,-1.));
#7751 = DIRECTION('',(1.,0.,-0.));
#7752 = DEFINITIONAL_REPRESENTATION('',(#7753),#7757);
#7753 = LINE('',#7754,#7755);
#7754 = CARTESIAN_POINT('',(1.570796326795,-5.490322580645));
#7755 = VECTOR('',#7756,1.);
#7756 = DIRECTION('',(-1.,-0.));
#7757 = ( GEOMETRIC_REPRESENTATION_CONTEXT(2) 
PARAMETRIC_REPRESENTATION_CONTEXT() REPRESENTATION_CONTEXT('2D SPACE',''
  ) );
#7758 = ORIENTED_EDGE('',*,*,#7759,.F.);
#7759 = EDGE_CURVE('',#7677,#7731,#7760,.T.);
#7760 = SEAM_CURVE('',#7761,(#7765,#7772),.PCURVE_S1.);
#7761 = LINE('',#7762,#7763);
#7762 = CARTESIAN_POINT('',(7.159677419355,-1.753615206908E-15,29.));
#7763 = VECTOR('',#7764,1.);
#7764 = DIRECTION('',(0.,0.,1.));
#7765 = PCURVE('',#7714,#7766);
#7766 = DEFINITIONAL_REPRESENTATION('',(#7767),#7771);
#7767 = LINE('',#7768,#7769);
#7768 = CARTESIAN_POINT('',(6.28318530718,-0.));
#7769 = VECTOR('',#7770,1.);
#7770 = DIRECTION('',(0.,1.));
#7771 = ( GEOMETRIC_REPRESENTATION_CONTEXT(2) 
PARAMETRIC_REPRESENTATION_CONTEXT() REPRESENTATION_CONTEXT('2D SPACE',''
  ) );
#7772 = PCURVE('',#7714,#7773);
#7773 = DEFINITIONAL_REPRESENTATION('',(#7774),#7778);
#7774 = LINE('',#7775,#7776);
#7775 = CARTESIAN_POINT('',(0.,-0.));
#7776 = VECTOR('',#7777,1.);
#7777 = DIRECTION('',(0.,1.));
#7778 = ( GEOMETRIC_REPRESENTATION_CONTEXT(2) 
PARAMETRIC_REPRESENTATION_CONTEXT() REPRESENTATION_CONTEXT('2D SPACE',''
  ) );
#7779 = ORIENTED_EDGE('',*,*,#7699,.T.);
#7780 = ORIENTED_EDGE('',*,*,#7759,.T.);
#7781 = ADVANCED_FACE('',(#7782),#7747,.T.);
#7782 = FACE_BOUND('',#7783,.T.);
#7783 = EDGE_LOOP('',(#7784,#7807,#7808,#7809));
#7784 = ORIENTED_EDGE('',*,*,#7785,.T.);
#7785 = EDGE_CURVE('',#7786,#7731,#7788,.T.);
#7786 = VERTEX_POINT('',#7787);
#7787 = CARTESIAN_POINT('',(12.6,-3.086109933851E-15,30.05));
#7788 = SEAM_CURVE('',#7789,(#7793,#7800),.PCURVE_S1.);
#7789 = LINE('',#7790,#7791);
#7790 = CARTESIAN_POINT('',(12.65,-3.098356401843E-15,30.));
#7791 = VECTOR('',#7792,1.);
#7792 = DIRECTION('',(-0.707106781187,1.731912112471E-16,0.707106781187)
  );
#7793 = PCURVE('',#7747,#7794);
#7794 = DEFINITIONAL_REPRESENTATION('',(#7795),#7799);
#7795 = LINE('',#7796,#7797);
#7796 = CARTESIAN_POINT('',(-6.28318530718,0.));
#7797 = VECTOR('',#7798,1.);
#7798 = DIRECTION('',(-0.,-1.));
#7799 = ( GEOMETRIC_REPRESENTATION_CONTEXT(2) 
PARAMETRIC_REPRESENTATION_CONTEXT() REPRESENTATION_CONTEXT('2D SPACE',''
  ) );
#7800 = PCURVE('',#7747,#7801);
#7801 = DEFINITIONAL_REPRESENTATION('',(#7802),#7806);
#7802 = LINE('',#7803,#7804);
#7803 = CARTESIAN_POINT('',(0.,-0.));
#7804 = VECTOR('',#7805,1.);
#7805 = DIRECTION('',(-0.,-1.));
#7806 = ( GEOMETRIC_REPRESENTATION_CONTEXT(2) 
PARAMETRIC_REPRESENTATION_CONTEXT() REPRESENTATION_CONTEXT('2D SPACE',''
  ) );
#7807 = ORIENTED_EDGE('',*,*,#7730,.F.);
#7808 = ORIENTED_EDGE('',*,*,#7785,.F.);
#7809 = ORIENTED_EDGE('',*,*,#7810,.T.);
#7810 = EDGE_CURVE('',#7786,#7786,#7811,.T.);
#7811 = SURFACE_CURVE('',#7812,(#7817,#7824),.PCURVE_S1.);
#7812 = CIRCLE('',#7813,12.6);
#7813 = AXIS2_PLACEMENT_3D('',#7814,#7815,#7816);
#7814 = CARTESIAN_POINT('',(0.,0.,30.05));
#7815 = DIRECTION('',(0.,0.,1.));
#7816 = DIRECTION('',(0.,-1.,0.));
#7817 = PCURVE('',#7747,#7818);
#7818 = DEFINITIONAL_REPRESENTATION('',(#7819),#7823);
#7819 = LINE('',#7820,#7821);
#7820 = CARTESIAN_POINT('',(1.570796326795,-5.E-02));
#7821 = VECTOR('',#7822,1.);
#7822 = DIRECTION('',(-1.,-0.));
#7823 = ( GEOMETRIC_REPRESENTATION_CONTEXT(2) 
PARAMETRIC_REPRESENTATION_CONTEXT() REPRESENTATION_CONTEXT('2D SPACE',''
  ) );
#7824 = PCURVE('',#7825,#7830);
#7825 = CYLINDRICAL_SURFACE('',#7826,12.6);
#7826 = AXIS2_PLACEMENT_3D('',#7827,#7828,#7829);
#7827 = CARTESIAN_POINT('',(0.,0.,3.));
#7828 = DIRECTION('',(0.,0.,1.));
#7829 = DIRECTION('',(1.,0.,-0.));
#7830 = DEFINITIONAL_REPRESENTATION('',(#7831),#7835);
#7831 = LINE('',#7832,#7833);
#7832 = CARTESIAN_POINT('',(-1.570796326795,27.05));
#7833 = VECTOR('',#7834,1.);
#7834 = DIRECTION('',(1.,0.));
#7835 = ( GEOMETRIC_REPRESENTATION_CONTEXT(2) 
PARAMETRIC_REPRESENTATION_CONTEXT() REPRESENTATION_CONTEXT('2D SPACE',''
  ) );
#7836 = ADVANCED_FACE('',(#7837),#7825,.F.);
#7837 = FACE_BOUND('',#7838,.F.);
#7838 = EDGE_LOOP('',(#7839,#7862,#7863,#7864));
#7839 = ORIENTED_EDGE('',*,*,#7840,.F.);
#7840 = EDGE_CURVE('',#7786,#7841,#7843,.T.);
#7841 = VERTEX_POINT('',#7842);
#7842 = CARTESIAN_POINT('',(12.6,-3.086109933851E-15,43.));
#7843 = SEAM_CURVE('',#7844,(#7848,#7855),.PCURVE_S1.);
#7844 = LINE('',#7845,#7846);
#7845 = CARTESIAN_POINT('',(12.6,-3.086109933851E-15,3.));
#7846 = VECTOR('',#7847,1.);
#7847 = DIRECTION('',(0.,0.,1.));
#7848 = PCURVE('',#7825,#7849);
#7849 = DEFINITIONAL_REPRESENTATION('',(#7850),#7854);
#7850 = LINE('',#7851,#7852);
#7851 = CARTESIAN_POINT('',(0.,-0.));
#7852 = VECTOR('',#7853,1.);
#7853 = DIRECTION('',(0.,1.));
#7854 = ( GEOMETRIC_REPRESENTATION_CONTEXT(2) 
PARAMETRIC_REPRESENTATION_CONTEXT() REPRESENTATION_CONTEXT('2D SPACE',''
  ) );
#7855 = PCURVE('',#7825,#7856);
#7856 = DEFINITIONAL_REPRESENTATION('',(#7857),#7861);
#7857 = LINE('',#7858,#7859);
#7858 = CARTESIAN_POINT('',(6.28318530718,-0.));
#7859 = VECTOR('',#7860,1.);
#7860 = DIRECTION('',(0.,1.));
#7861 = ( GEOMETRIC_REPRESENTATION_CONTEXT(2) 
PARAMETRIC_REPRESENTATION_CONTEXT() REPRESENTATION_CONTEXT('2D SPACE',''
  ) );
#7862 = ORIENTED_EDGE('',*,*,#7810,.T.);
#7863 = ORIENTED_EDGE('',*,*,#7840,.T.);
#7864 = ORIENTED_EDGE('',*,*,#7865,.F.);
#7865 = EDGE_CURVE('',#7841,#7841,#7866,.T.);
#7866 = SURFACE_CURVE('',#7867,(#7872,#7879),.PCURVE_S1.);
#7867 = CIRCLE('',#7868,12.6);
#7868 = AXIS2_PLACEMENT_3D('',#7869,#7870,#7871);
#7869 = CARTESIAN_POINT('',(0.,0.,43.));
#7870 = DIRECTION('',(0.,0.,1.));
#7871 = DIRECTION('',(1.,0.,-0.));
#7872 = PCURVE('',#7825,#7873);
#7873 = DEFINITIONAL_REPRESENTATION('',(#7874),#7878);
#7874 = LINE('',#7875,#7876);
#7875 = CARTESIAN_POINT('',(0.,40.));
#7876 = VECTOR('',#7877,1.);
#7877 = DIRECTION('',(1.,0.));
#7878 = ( GEOMETRIC_REPRESENTATION_CONTEXT(2) 
PARAMETRIC_REPRESENTATION_CONTEXT() REPRESENTATION_CONTEXT('2D SPACE',''
  ) );
#7879 = PCURVE('',#7880,#7885);
#7880 = PLANE('',#7881);
#7881 = AXIS2_PLACEMENT_3D('',#7882,#7883,#7884);
#7882 = CARTESIAN_POINT('',(0.,0.,43.));
#7883 = DIRECTION('',(0.,0.,1.));
#7884 = DIRECTION('',(1.,0.,-0.));
#7885 = DEFINITIONAL_REPRESENTATION('',(#7886),#7890);
#7886 = CIRCLE('',#7887,12.6);
#7887 = AXIS2_PLACEMENT_2D('',#7888,#7889);
#7888 = CARTESIAN_POINT('',(0.,0.));
#7889 = DIRECTION('',(1.,0.));
#7890 = ( GEOMETRIC_REPRESENTATION_CONTEXT(2) 
PARAMETRIC_REPRESENTATION_CONTEXT() REPRESENTATION_CONTEXT('2D SPACE',''
  ) );
#7891 = ADVANCED_FACE('',(#7892,#7895),#7880,.F.);
#7892 = FACE_BOUND('',#7893,.F.);
#7893 = EDGE_LOOP('',(#7894));
#7894 = ORIENTED_EDGE('',*,*,#7865,.T.);
#7895 = FACE_BOUND('',#7896,.F.);
#7896 = EDGE_LOOP('',(#7897));
#7897 = ORIENTED_EDGE('',*,*,#7898,.F.);
#7898 = EDGE_CURVE('',#7899,#7899,#7901,.T.);
#7899 = VERTEX_POINT('',#7900);
#7900 = CARTESIAN_POINT('',(12.27,-3.005283245108E-15,43.));
#7901 = SURFACE_CURVE('',#7902,(#7907,#7914),.PCURVE_S1.);
#7902 = CIRCLE('',#7903,12.27);
#7903 = AXIS2_PLACEMENT_3D('',#7904,#7905,#7906);
#7904 = CARTESIAN_POINT('',(0.,0.,43.));
#7905 = DIRECTION('',(0.,0.,1.));
#7906 = DIRECTION('',(1.,0.,-0.));
#7907 = PCURVE('',#7880,#7908);
#7908 = DEFINITIONAL_REPRESENTATION('',(#7909),#7913);
#7909 = CIRCLE('',#7910,12.27);
#7910 = AXIS2_PLACEMENT_2D('',#7911,#7912);
#7911 = CARTESIAN_POINT('',(0.,0.));
#7912 = DIRECTION('',(1.,0.));
#7913 = ( GEOMETRIC_REPRESENTATION_CONTEXT(2) 
PARAMETRIC_REPRESENTATION_CONTEXT() REPRESENTATION_CONTEXT('2D SPACE',''
  ) );
#7914 = PCURVE('',#7915,#7920);
#7915 = CONICAL_SURFACE('',#7916,12.65,0.785398163397);
#7916 = AXIS2_PLACEMENT_3D('',#7917,#7918,#7919);
#7917 = CARTESIAN_POINT('',(0.,0.,42.62));
#7918 = DIRECTION('',(-0.,-0.,-1.));
#7919 = DIRECTION('',(1.,0.,-0.));
#7920 = DEFINITIONAL_REPRESENTATION('',(#7921),#7925);
#7921 = LINE('',#7922,#7923);
#7922 = CARTESIAN_POINT('',(-0.,-0.38));
#7923 = VECTOR('',#7924,1.);
#7924 = DIRECTION('',(-1.,-0.));
#7925 = ( GEOMETRIC_REPRESENTATION_CONTEXT(2) 
PARAMETRIC_REPRESENTATION_CONTEXT() REPRESENTATION_CONTEXT('2D SPACE',''
  ) );
#7926 = ADVANCED_FACE('',(#7927),#7915,.F.);
#7927 = FACE_BOUND('',#7928,.F.);
#7928 = EDGE_LOOP('',(#7929,#7930,#7953,#7980));
#7929 = ORIENTED_EDGE('',*,*,#7898,.T.);
#7930 = ORIENTED_EDGE('',*,*,#7931,.T.);
#7931 = EDGE_CURVE('',#7899,#7932,#7934,.T.);
#7932 = VERTEX_POINT('',#7933);
#7933 = CARTESIAN_POINT('',(8.417741935484,-2.061752143468E-15,
    46.852258064516));
#7934 = SEAM_CURVE('',#7935,(#7939,#7946),.PCURVE_S1.);
#7935 = LINE('',#7936,#7937);
#7936 = CARTESIAN_POINT('',(12.65,-3.098356401843E-15,42.62));
#7937 = VECTOR('',#7938,1.);
#7938 = DIRECTION('',(-0.707106781187,1.731912112471E-16,0.707106781187)
  );
#7939 = PCURVE('',#7915,#7940);
#7940 = DEFINITIONAL_REPRESENTATION('',(#7941),#7945);
#7941 = LINE('',#7942,#7943);
#7942 = CARTESIAN_POINT('',(0.,-0.));
#7943 = VECTOR('',#7944,1.);
#7944 = DIRECTION('',(-0.,-1.));
#7945 = ( GEOMETRIC_REPRESENTATION_CONTEXT(2) 
PARAMETRIC_REPRESENTATION_CONTEXT() REPRESENTATION_CONTEXT('2D SPACE',''
  ) );
#7946 = PCURVE('',#7915,#7947);
#7947 = DEFINITIONAL_REPRESENTATION('',(#7948),#7952);
#7948 = LINE('',#7949,#7950);
#7949 = CARTESIAN_POINT('',(-6.28318530718,0.));
#7950 = VECTOR('',#7951,1.);
#7951 = DIRECTION('',(-0.,-1.));
#7952 = ( GEOMETRIC_REPRESENTATION_CONTEXT(2) 
PARAMETRIC_REPRESENTATION_CONTEXT() REPRESENTATION_CONTEXT('2D SPACE',''
  ) );
#7953 = ORIENTED_EDGE('',*,*,#7954,.F.);
#7954 = EDGE_CURVE('',#7932,#7932,#7955,.T.);
#7955 = SURFACE_CURVE('',#7956,(#7961,#7968),.PCURVE_S1.);
#7956 = CIRCLE('',#7957,8.417741935484);
#7957 = AXIS2_PLACEMENT_3D('',#7958,#7959,#7960);
#7958 = CARTESIAN_POINT('',(0.,0.,46.852258064516));
#7959 = DIRECTION('',(0.,0.,1.));
#7960 = DIRECTION('',(0.,-1.,0.));
#7961 = PCURVE('',#7915,#7962);
#7962 = DEFINITIONAL_REPRESENTATION('',(#7963),#7967);
#7963 = LINE('',#7964,#7965);
#7964 = CARTESIAN_POINT('',(1.570796326795,-4.232258064516));
#7965 = VECTOR('',#7966,1.);
#7966 = DIRECTION('',(-1.,-0.));
#7967 = ( GEOMETRIC_REPRESENTATION_CONTEXT(2) 
PARAMETRIC_REPRESENTATION_CONTEXT() REPRESENTATION_CONTEXT('2D SPACE',''
  ) );
#7968 = PCURVE('',#7969,#7974);
#7969 = CYLINDRICAL_SURFACE('',#7970,8.417741935484);
#7970 = AXIS2_PLACEMENT_3D('',#7971,#7972,#7973);
#7971 = CARTESIAN_POINT('',(0.,0.,42.));
#7972 = DIRECTION('',(0.,0.,1.));
#7973 = DIRECTION('',(1.,0.,-0.));
#7974 = DEFINITIONAL_REPRESENTATION('',(#7975),#7979);
#7975 = LINE('',#7976,#7977);
#7976 = CARTESIAN_POINT('',(-1.570796326795,4.852258064516));
#7977 = VECTOR('',#7978,1.);
#7978 = DIRECTION('',(1.,0.));
#7979 = ( GEOMETRIC_REPRESENTATION_CONTEXT(2) 
PARAMETRIC_REPRESENTATION_CONTEXT() REPRESENTATION_CONTEXT('2D SPACE',''
  ) );
#7980 = ORIENTED_EDGE('',*,*,#7931,.F.);
#7981 = ADVANCED_FACE('',(#7982),#7969,.F.);
#7982 = FACE_BOUND('',#7983,.F.);
#7983 = EDGE_LOOP('',(#7984,#8013,#8034,#8035));
#7984 = ORIENTED_EDGE('',*,*,#7985,.F.);
#7985 = EDGE_CURVE('',#7986,#7986,#7988,.T.);
#7986 = VERTEX_POINT('',#7987);
#7987 = CARTESIAN_POINT('',(8.417741935484,-2.061752143468E-15,
    47.232258064516));
#7988 = SURFACE_CURVE('',#7989,(#7994,#8001),.PCURVE_S1.);
#7989 = CIRCLE('',#7990,8.417741935484);
#7990 = AXIS2_PLACEMENT_3D('',#7991,#7992,#7993);
#7991 = CARTESIAN_POINT('',(0.,0.,47.232258064516));
#7992 = DIRECTION('',(0.,0.,1.));
#7993 = DIRECTION('',(0.,-1.,0.));
#7994 = PCURVE('',#7969,#7995);
#7995 = DEFINITIONAL_REPRESENTATION('',(#7996),#8000);
#7996 = LINE('',#7997,#7998);
#7997 = CARTESIAN_POINT('',(-1.570796326795,5.232258064516));
#7998 = VECTOR('',#7999,1.);
#7999 = DIRECTION('',(1.,0.));
#8000 = ( GEOMETRIC_REPRESENTATION_CONTEXT(2) 
PARAMETRIC_REPRESENTATION_CONTEXT() REPRESENTATION_CONTEXT('2D SPACE',''
  ) );
#8001 = PCURVE('',#8002,#8007);
#8002 = CONICAL_SURFACE('',#8003,12.65,0.785398163397);
#8003 = AXIS2_PLACEMENT_3D('',#8004,#8005,#8006);
#8004 = CARTESIAN_POINT('',(0.,0.,43.));
#8005 = DIRECTION('',(-0.,-0.,-1.));
#8006 = DIRECTION('',(1.,0.,-0.));
#8007 = DEFINITIONAL_REPRESENTATION('',(#8008),#8012);
#8008 = LINE('',#8009,#8010);
#8009 = CARTESIAN_POINT('',(1.570796326795,-4.232258064516));
#8010 = VECTOR('',#8011,1.);
#8011 = DIRECTION('',(-1.,-0.));
#8012 = ( GEOMETRIC_REPRESENTATION_CONTEXT(2) 
PARAMETRIC_REPRESENTATION_CONTEXT() REPRESENTATION_CONTEXT('2D SPACE',''
  ) );
#8013 = ORIENTED_EDGE('',*,*,#8014,.F.);
#8014 = EDGE_CURVE('',#7932,#7986,#8015,.T.);
#8015 = SEAM_CURVE('',#8016,(#8020,#8027),.PCURVE_S1.);
#8016 = LINE('',#8017,#8018);
#8017 = CARTESIAN_POINT('',(8.417741935484,-2.061752143468E-15,42.));
#8018 = VECTOR('',#8019,1.);
#8019 = DIRECTION('',(0.,0.,1.));
#8020 = PCURVE('',#7969,#8021);
#8021 = DEFINITIONAL_REPRESENTATION('',(#8022),#8026);
#8022 = LINE('',#8023,#8024);
#8023 = CARTESIAN_POINT('',(6.28318530718,-0.));
#8024 = VECTOR('',#8025,1.);
#8025 = DIRECTION('',(0.,1.));
#8026 = ( GEOMETRIC_REPRESENTATION_CONTEXT(2) 
PARAMETRIC_REPRESENTATION_CONTEXT() REPRESENTATION_CONTEXT('2D SPACE',''
  ) );
#8027 = PCURVE('',#7969,#8028);
#8028 = DEFINITIONAL_REPRESENTATION('',(#8029),#8033);
#8029 = LINE('',#8030,#8031);
#8030 = CARTESIAN_POINT('',(0.,-0.));
#8031 = VECTOR('',#8032,1.);
#8032 = DIRECTION('',(0.,1.));
#8033 = ( GEOMETRIC_REPRESENTATION_CONTEXT(2) 
PARAMETRIC_REPRESENTATION_CONTEXT() REPRESENTATION_CONTEXT('2D SPACE',''
  ) );
#8034 = ORIENTED_EDGE('',*,*,#7954,.T.);
#8035 = ORIENTED_EDGE('',*,*,#8014,.T.);
#8036 = ADVANCED_FACE('',(#8037),#8002,.T.);
#8037 = FACE_BOUND('',#8038,.T.);
#8038 = EDGE_LOOP('',(#8039,#8062,#8063,#8064));
#8039 = ORIENTED_EDGE('',*,*,#8040,.T.);
#8040 = EDGE_CURVE('',#8041,#7986,#8043,.T.);
#8041 = VERTEX_POINT('',#8042);
#8042 = CARTESIAN_POINT('',(12.6,-3.086109933851E-15,43.05));
#8043 = SEAM_CURVE('',#8044,(#8048,#8055),.PCURVE_S1.);
#8044 = LINE('',#8045,#8046);
#8045 = CARTESIAN_POINT('',(12.65,-3.098356401843E-15,43.));
#8046 = VECTOR('',#8047,1.);
#8047 = DIRECTION('',(-0.707106781187,1.731912112471E-16,0.707106781187)
  );
#8048 = PCURVE('',#8002,#8049);
#8049 = DEFINITIONAL_REPRESENTATION('',(#8050),#8054);
#8050 = LINE('',#8051,#8052);
#8051 = CARTESIAN_POINT('',(-6.28318530718,0.));
#8052 = VECTOR('',#8053,1.);
#8053 = DIRECTION('',(-0.,-1.));
#8054 = ( GEOMETRIC_REPRESENTATION_CONTEXT(2) 
PARAMETRIC_REPRESENTATION_CONTEXT() REPRESENTATION_CONTEXT('2D SPACE',''
  ) );
#8055 = PCURVE('',#8002,#8056);
#8056 = DEFINITIONAL_REPRESENTATION('',(#8057),#8061);
#8057 = LINE('',#8058,#8059);
#8058 = CARTESIAN_POINT('',(0.,-0.));
#8059 = VECTOR('',#8060,1.);
#8060 = DIRECTION('',(-0.,-1.));
#8061 = ( GEOMETRIC_REPRESENTATION_CONTEXT(2) 
PARAMETRIC_REPRESENTATION_CONTEXT() REPRESENTATION_CONTEXT('2D SPACE',''
  ) );
#8062 = ORIENTED_EDGE('',*,*,#7985,.F.);
#8063 = ORIENTED_EDGE('',*,*,#8040,.F.);
#8064 = ORIENTED_EDGE('',*,*,#8065,.T.);
#8065 = EDGE_CURVE('',#8041,#8041,#8066,.T.);
#8066 = SURFACE_CURVE('',#8067,(#8072,#8079),.PCURVE_S1.);
#8067 = CIRCLE('',#8068,12.6);
#8068 = AXIS2_PLACEMENT_3D('',#8069,#8070,#8071);
#8069 = CARTESIAN_POINT('',(0.,0.,43.05));
#8070 = DIRECTION('',(0.,0.,1.));
#8071 = DIRECTION('',(0.,-1.,0.));
#8072 = PCURVE('',#8002,#8073);
#8073 = DEFINITIONAL_REPRESENTATION('',(#8074),#8078);
#8074 = LINE('',#8075,#8076);
#8075 = CARTESIAN_POINT('',(1.570796326795,-5.E-02));
#8076 = VECTOR('',#8077,1.);
#8077 = DIRECTION('',(-1.,-0.));
#8078 = ( GEOMETRIC_REPRESENTATION_CONTEXT(2) 
PARAMETRIC_REPRESENTATION_CONTEXT() REPRESENTATION_CONTEXT('2D SPACE',''
  ) );
#8079 = PCURVE('',#8080,#8085);
#8080 = CYLINDRICAL_SURFACE('',#8081,12.6);
#8081 = AXIS2_PLACEMENT_3D('',#8082,#8083,#8084);
#8082 = CARTESIAN_POINT('',(0.,0.,3.));
#8083 = DIRECTION('',(0.,0.,1.));
#8084 = DIRECTION('',(1.,0.,-0.));
#8085 = DEFINITIONAL_REPRESENTATION('',(#8086),#8090);
#8086 = LINE('',#8087,#8088);
#8087 = CARTESIAN_POINT('',(-1.570796326795,40.05));
#8088 = VECTOR('',#8089,1.);
#8089 = DIRECTION('',(1.,0.));
#8090 = ( GEOMETRIC_REPRESENTATION_CONTEXT(2) 
PARAMETRIC_REPRESENTATION_CONTEXT() REPRESENTATION_CONTEXT('2D SPACE',''
  ) );
#8091 = ADVANCED_FACE('',(#8092),#8080,.F.);
#8092 = FACE_BOUND('',#8093,.F.);
#8093 = EDGE_LOOP('',(#8094,#8117,#8118,#8119));
#8094 = ORIENTED_EDGE('',*,*,#8095,.F.);
#8095 = EDGE_CURVE('',#8041,#8096,#8098,.T.);
#8096 = VERTEX_POINT('',#8097);
#8097 = CARTESIAN_POINT('',(12.6,-3.086109933851E-15,56.));
#8098 = SEAM_CURVE('',#8099,(#8103,#8110),.PCURVE_S1.);
#8099 = LINE('',#8100,#8101);
#8100 = CARTESIAN_POINT('',(12.6,-3.086109933851E-15,3.));
#8101 = VECTOR('',#8102,1.);
#8102 = DIRECTION('',(0.,0.,1.));
#8103 = PCURVE('',#8080,#8104);
#8104 = DEFINITIONAL_REPRESENTATION('',(#8105),#8109);
#8105 = LINE('',#8106,#8107);
#8106 = CARTESIAN_POINT('',(0.,-0.));
#8107 = VECTOR('',#8108,1.);
#8108 = DIRECTION('',(0.,1.));
#8109 = ( GEOMETRIC_REPRESENTATION_CONTEXT(2) 
PARAMETRIC_REPRESENTATION_CONTEXT() REPRESENTATION_CONTEXT('2D SPACE',''
  ) );
#8110 = PCURVE('',#8080,#8111);
#8111 = DEFINITIONAL_REPRESENTATION('',(#8112),#8116);
#8112 = LINE('',#8113,#8114);
#8113 = CARTESIAN_POINT('',(6.28318530718,-0.));
#8114 = VECTOR('',#8115,1.);
#8115 = DIRECTION('',(0.,1.));
#8116 = ( GEOMETRIC_REPRESENTATION_CONTEXT(2) 
PARAMETRIC_REPRESENTATION_CONTEXT() REPRESENTATION_CONTEXT('2D SPACE',''
  ) );
#8117 = ORIENTED_EDGE('',*,*,#8065,.T.);
#8118 = ORIENTED_EDGE('',*,*,#8095,.T.);
#8119 = ORIENTED_EDGE('',*,*,#8120,.F.);
#8120 = EDGE_CURVE('',#8096,#8096,#8121,.T.);
#8121 = SURFACE_CURVE('',#8122,(#8127,#8134),.PCURVE_S1.);
#8122 = CIRCLE('',#8123,12.6);
#8123 = AXIS2_PLACEMENT_3D('',#8124,#8125,#8126);
#8124 = CARTESIAN_POINT('',(0.,0.,56.));
#8125 = DIRECTION('',(0.,0.,1.));
#8126 = DIRECTION('',(1.,0.,-0.));
#8127 = PCURVE('',#8080,#8128);
#8128 = DEFINITIONAL_REPRESENTATION('',(#8129),#8133);
#8129 = LINE('',#8130,#8131);
#8130 = CARTESIAN_POINT('',(0.,53.));
#8131 = VECTOR('',#8132,1.);
#8132 = DIRECTION('',(1.,0.));
#8133 = ( GEOMETRIC_REPRESENTATION_CONTEXT(2) 
PARAMETRIC_REPRESENTATION_CONTEXT() REPRESENTATION_CONTEXT('2D SPACE',''
  ) );
#8134 = PCURVE('',#8135,#8140);
#8135 = PLANE('',#8136);
#8136 = AXIS2_PLACEMENT_3D('',#8137,#8138,#8139);
#8137 = CARTESIAN_POINT('',(0.,0.,56.));
#8138 = DIRECTION('',(0.,0.,1.));
#8139 = DIRECTION('',(1.,0.,-0.));
#8140 = DEFINITIONAL_REPRESENTATION('',(#8141),#8145);
#8141 = CIRCLE('',#8142,12.6);
#8142 = AXIS2_PLACEMENT_2D('',#8143,#8144);
#8143 = CARTESIAN_POINT('',(0.,0.));
#8144 = DIRECTION('',(1.,0.));
#8145 = ( GEOMETRIC_REPRESENTATION_CONTEXT(2) 
PARAMETRIC_REPRESENTATION_CONTEXT() REPRESENTATION_CONTEXT('2D SPACE',''
  ) );
#8146 = ADVANCED_FACE('',(#8147,#8150),#8135,.F.);
#8147 = FACE_BOUND('',#8148,.F.);
#8148 = EDGE_LOOP('',(#8149));
#8149 = ORIENTED_EDGE('',*,*,#8120,.T.);
#8150 = FACE_BOUND('',#8151,.F.);
#8151 = EDGE_LOOP('',(#8152));
#8152 = ORIENTED_EDGE('',*,*,#8153,.F.);
#8153 = EDGE_CURVE('',#8154,#8154,#8156,.T.);
#8154 = VERTEX_POINT('',#8155);
#8155 = CARTESIAN_POINT('',(12.27,-3.005283245108E-15,56.));
#8156 = SURFACE_CURVE('',#8157,(#8162,#8169),.PCURVE_S1.);
#8157 = CIRCLE('',#8158,12.27);
#8158 = AXIS2_PLACEMENT_3D('',#8159,#8160,#8161);
#8159 = CARTESIAN_POINT('',(0.,0.,56.));
#8160 = DIRECTION('',(0.,0.,1.));
#8161 = DIRECTION('',(1.,0.,-0.));
#8162 = PCURVE('',#8135,#8163);
#8163 = DEFINITIONAL_REPRESENTATION('',(#8164),#8168);
#8164 = CIRCLE('',#8165,12.27);
#8165 = AXIS2_PLACEMENT_2D('',#8166,#8167);
#8166 = CARTESIAN_POINT('',(0.,0.));
#8167 = DIRECTION('',(1.,0.));
#8168 = ( GEOMETRIC_REPRESENTATION_CONTEXT(2) 
PARAMETRIC_REPRESENTATION_CONTEXT() REPRESENTATION_CONTEXT('2D SPACE',''
  ) );
#8169 = PCURVE('',#8170,#8175);
#8170 = CONICAL_SURFACE('',#8171,12.65,0.785398163397);
#8171 = AXIS2_PLACEMENT_3D('',#8172,#8173,#8174);
#8172 = CARTESIAN_POINT('',(0.,0.,55.62));
#8173 = DIRECTION('',(-0.,-0.,-1.));
#8174 = DIRECTION('',(1.,0.,-0.));
#8175 = DEFINITIONAL_REPRESENTATION('',(#8176),#8180);
#8176 = LINE('',#8177,#8178);
#8177 = CARTESIAN_POINT('',(-0.,-0.38));
#8178 = VECTOR('',#8179,1.);
#8179 = DIRECTION('',(-1.,-0.));
#8180 = ( GEOMETRIC_REPRESENTATION_CONTEXT(2) 
PARAMETRIC_REPRESENTATION_CONTEXT() REPRESENTATION_CONTEXT('2D SPACE',''
  ) );
#8181 = ADVANCED_FACE('',(#8182),#8170,.F.);
#8182 = FACE_BOUND('',#8183,.F.);
#8183 = EDGE_LOOP('',(#8184,#8185,#8208,#8235));
#8184 = ORIENTED_EDGE('',*,*,#8153,.T.);
#8185 = ORIENTED_EDGE('',*,*,#8186,.T.);
#8186 = EDGE_CURVE('',#8154,#8187,#8189,.T.);
#8187 = VERTEX_POINT('',#8188);
#8188 = CARTESIAN_POINT('',(9.675806451613,-2.369889080027E-15,
    58.594193548387));
#8189 = SEAM_CURVE('',#8190,(#8194,#8201),.PCURVE_S1.);
#8190 = LINE('',#8191,#8192);
#8191 = CARTESIAN_POINT('',(12.65,-3.098356401843E-15,55.62));
#8192 = VECTOR('',#8193,1.);
#8193 = DIRECTION('',(-0.707106781187,1.731912112471E-16,0.707106781187)
  );
#8194 = PCURVE('',#8170,#8195);
#8195 = DEFINITIONAL_REPRESENTATION('',(#8196),#8200);
#8196 = LINE('',#8197,#8198);
#8197 = CARTESIAN_POINT('',(0.,-0.));
#8198 = VECTOR('',#8199,1.);
#8199 = DIRECTION('',(-0.,-1.));
#8200 = ( GEOMETRIC_REPRESENTATION_CONTEXT(2) 
PARAMETRIC_REPRESENTATION_CONTEXT() REPRESENTATION_CONTEXT('2D SPACE',''
  ) );
#8201 = PCURVE('',#8170,#8202);
#8202 = DEFINITIONAL_REPRESENTATION('',(#8203),#8207);
#8203 = LINE('',#8204,#8205);
#8204 = CARTESIAN_POINT('',(-6.28318530718,0.));
#8205 = VECTOR('',#8206,1.);
#8206 = DIRECTION('',(-0.,-1.));
#8207 = ( GEOMETRIC_REPRESENTATION_CONTEXT(2) 
PARAMETRIC_REPRESENTATION_CONTEXT() REPRESENTATION_CONTEXT('2D SPACE',''
  ) );
#8208 = ORIENTED_EDGE('',*,*,#8209,.F.);
#8209 = EDGE_CURVE('',#8187,#8187,#8210,.T.);
#8210 = SURFACE_CURVE('',#8211,(#8216,#8223),.PCURVE_S1.);
#8211 = CIRCLE('',#8212,9.675806451613);
#8212 = AXIS2_PLACEMENT_3D('',#8213,#8214,#8215);
#8213 = CARTESIAN_POINT('',(0.,0.,58.594193548387));
#8214 = DIRECTION('',(0.,0.,1.));
#8215 = DIRECTION('',(0.,-1.,0.));
#8216 = PCURVE('',#8170,#8217);
#8217 = DEFINITIONAL_REPRESENTATION('',(#8218),#8222);
#8218 = LINE('',#8219,#8220);
#8219 = CARTESIAN_POINT('',(1.570796326795,-2.974193548387));
#8220 = VECTOR('',#8221,1.);
#8221 = DIRECTION('',(-1.,-0.));
#8222 = ( GEOMETRIC_REPRESENTATION_CONTEXT(2) 
PARAMETRIC_REPRESENTATION_CONTEXT() REPRESENTATION_CONTEXT('2D SPACE',''
  ) );
#8223 = PCURVE('',#8224,#8229);
#8224 = CYLINDRICAL_SURFACE('',#8225,9.675806451613);
#8225 = AXIS2_PLACEMENT_3D('',#8226,#8227,#8228);
#8226 = CARTESIAN_POINT('',(0.,0.,55.));
#8227 = DIRECTION('',(0.,0.,1.));
#8228 = DIRECTION('',(1.,0.,-0.));
#8229 = DEFINITIONAL_REPRESENTATION('',(#8230),#8234);
#8230 = LINE('',#8231,#8232);
#8231 = CARTESIAN_POINT('',(-1.570796326795,3.594193548387));
#8232 = VECTOR('',#8233,1.);
#8233 = DIRECTION('',(1.,0.));
#8234 = ( GEOMETRIC_REPRESENTATION_CONTEXT(2) 
PARAMETRIC_REPRESENTATION_CONTEXT() REPRESENTATION_CONTEXT('2D SPACE',''
  ) );
#8235 = ORIENTED_EDGE('',*,*,#8186,.F.);
#8236 = ADVANCED_FACE('',(#8237),#8224,.F.);
#8237 = FACE_BOUND('',#8238,.F.);
#8238 = EDGE_LOOP('',(#8239,#8268,#8289,#8290));
#8239 = ORIENTED_EDGE('',*,*,#8240,.F.);
#8240 = EDGE_CURVE('',#8241,#8241,#8243,.T.);
#8241 = VERTEX_POINT('',#8242);
#8242 = CARTESIAN_POINT('',(9.675806451613,-2.369889080027E-15,
    58.974193548387));
#8243 = SURFACE_CURVE('',#8244,(#8249,#8256),.PCURVE_S1.);
#8244 = CIRCLE('',#8245,9.675806451613);
#8245 = AXIS2_PLACEMENT_3D('',#8246,#8247,#8248);
#8246 = CARTESIAN_POINT('',(0.,0.,58.974193548387));
#8247 = DIRECTION('',(0.,0.,1.));
#8248 = DIRECTION('',(0.,-1.,0.));
#8249 = PCURVE('',#8224,#8250);
#8250 = DEFINITIONAL_REPRESENTATION('',(#8251),#8255);
#8251 = LINE('',#8252,#8253);
#8252 = CARTESIAN_POINT('',(-1.570796326795,3.974193548387));
#8253 = VECTOR('',#8254,1.);
#8254 = DIRECTION('',(1.,0.));
#8255 = ( GEOMETRIC_REPRESENTATION_CONTEXT(2) 
PARAMETRIC_REPRESENTATION_CONTEXT() REPRESENTATION_CONTEXT('2D SPACE',''
  ) );
#8256 = PCURVE('',#8257,#8262);
#8257 = CONICAL_SURFACE('',#8258,12.65,0.785398163397);
#8258 = AXIS2_PLACEMENT_3D('',#8259,#8260,#8261);
#8259 = CARTESIAN_POINT('',(0.,0.,56.));
#8260 = DIRECTION('',(-0.,-0.,-1.));
#8261 = DIRECTION('',(1.,0.,-0.));
#8262 = DEFINITIONAL_REPRESENTATION('',(#8263),#8267);
#8263 = LINE('',#8264,#8265);
#8264 = CARTESIAN_POINT('',(1.570796326795,-2.974193548387));
#8265 = VECTOR('',#8266,1.);
#8266 = DIRECTION('',(-1.,-0.));
#8267 = ( GEOMETRIC_REPRESENTATION_CONTEXT(2) 
PARAMETRIC_REPRESENTATION_CONTEXT() REPRESENTATION_CONTEXT('2D SPACE',''
  ) );
#8268 = ORIENTED_EDGE('',*,*,#8269,.F.);
#8269 = EDGE_CURVE('',#8187,#8241,#8270,.T.);
#8270 = SEAM_CURVE('',#8271,(#8275,#8282),.PCURVE_S1.);
#8271 = LINE('',#8272,#8273);
#8272 = CARTESIAN_POINT('',(9.675806451613,-2.369889080027E-15,55.));
#8273 = VECTOR('',#8274,1.);
#8274 = DIRECTION('',(0.,0.,1.));
#8275 = PCURVE('',#8224,#8276);
#8276 = DEFINITIONAL_REPRESENTATION('',(#8277),#8281);
#8277 = LINE('',#8278,#8279);
#8278 = CARTESIAN_POINT('',(6.28318530718,-0.));
#8279 = VECTOR('',#8280,1.);
#8280 = DIRECTION('',(0.,1.));
#8281 = ( GEOMETRIC_REPRESENTATION_CONTEXT(2) 
PARAMETRIC_REPRESENTATION_CONTEXT() REPRESENTATION_CONTEXT('2D SPACE',''
  ) );
#8282 = PCURVE('',#8224,#8283);
#8283 = DEFINITIONAL_REPRESENTATION('',(#8284),#8288);
#8284 = LINE('',#8285,#8286);
#8285 = CARTESIAN_POINT('',(0.,-0.));
#8286 = VECTOR('',#8287,1.);
#8287 = DIRECTION('',(0.,1.));
#8288 = ( GEOMETRIC_REPRESENTATION_CONTEXT(2) 
PARAMETRIC_REPRESENTATION_CONTEXT() REPRESENTATION_CONTEXT('2D SPACE',''
  ) );
#8289 = ORIENTED_EDGE('',*,*,#8209,.T.);
#8290 = ORIENTED_EDGE('',*,*,#8269,.T.);
#8291 = ADVANCED_FACE('',(#8292),#8257,.T.);
#8292 = FACE_BOUND('',#8293,.T.);
#8293 = EDGE_LOOP('',(#8294,#8317,#8318,#8319));
#8294 = ORIENTED_EDGE('',*,*,#8295,.T.);
#8295 = EDGE_CURVE('',#8296,#8241,#8298,.T.);
#8296 = VERTEX_POINT('',#8297);
#8297 = CARTESIAN_POINT('',(12.6,-3.086109933851E-15,56.05));
#8298 = SEAM_CURVE('',#8299,(#8303,#8310),.PCURVE_S1.);
#8299 = LINE('',#8300,#8301);
#8300 = CARTESIAN_POINT('',(12.65,-3.098356401843E-15,56.));
#8301 = VECTOR('',#8302,1.);
#8302 = DIRECTION('',(-0.707106781187,1.731912112471E-16,0.707106781187)
  );
#8303 = PCURVE('',#8257,#8304);
#8304 = DEFINITIONAL_REPRESENTATION('',(#8305),#8309);
#8305 = LINE('',#8306,#8307);
#8306 = CARTESIAN_POINT('',(-6.28318530718,0.));
#8307 = VECTOR('',#8308,1.);
#8308 = DIRECTION('',(-0.,-1.));
#8309 = ( GEOMETRIC_REPRESENTATION_CONTEXT(2) 
PARAMETRIC_REPRESENTATION_CONTEXT() REPRESENTATION_CONTEXT('2D SPACE',''
  ) );
#8310 = PCURVE('',#8257,#8311);
#8311 = DEFINITIONAL_REPRESENTATION('',(#8312),#8316);
#8312 = LINE('',#8313,#8314);
#8313 = CARTESIAN_POINT('',(0.,-0.));
#8314 = VECTOR('',#8315,1.);
#8315 = DIRECTION('',(-0.,-1.));
#8316 = ( GEOMETRIC_REPRESENTATION_CONTEXT(2) 
PARAMETRIC_REPRESENTATION_CONTEXT() REPRESENTATION_CONTEXT('2D SPACE',''
  ) );
#8317 = ORIENTED_EDGE('',*,*,#8240,.F.);
#8318 = ORIENTED_EDGE('',*,*,#8295,.F.);
#8319 = ORIENTED_EDGE('',*,*,#8320,.T.);
#8320 = EDGE_CURVE('',#8296,#8296,#8321,.T.);
#8321 = SURFACE_CURVE('',#8322,(#8327,#8334),.PCURVE_S1.);
#8322 = CIRCLE('',#8323,12.6);
#8323 = AXIS2_PLACEMENT_3D('',#8324,#8325,#8326);
#8324 = CARTESIAN_POINT('',(0.,0.,56.05));
#8325 = DIRECTION('',(0.,0.,1.));
#8326 = DIRECTION('',(0.,-1.,0.));
#8327 = PCURVE('',#8257,#8328);
#8328 = DEFINITIONAL_REPRESENTATION('',(#8329),#8333);
#8329 = LINE('',#8330,#8331);
#8330 = CARTESIAN_POINT('',(1.570796326795,-5.E-02));
#8331 = VECTOR('',#8332,1.);
#8332 = DIRECTION('',(-1.,-0.));
#8333 = ( GEOMETRIC_REPRESENTATION_CONTEXT(2) 
PARAMETRIC_REPRESENTATION_CONTEXT() REPRESENTATION_CONTEXT('2D SPACE',''
  ) );
#8334 = PCURVE('',#8335,#8340);
#8335 = CYLINDRICAL_SURFACE('',#8336,12.6);
#8336 = AXIS2_PLACEMENT_3D('',#8337,#8338,#8339);
#8337 = CARTESIAN_POINT('',(0.,0.,3.));
#8338 = DIRECTION('',(0.,0.,1.));
#8339 = DIRECTION('',(1.,0.,-0.));
#8340 = DEFINITIONAL_REPRESENTATION('',(#8341),#8345);
#8341 = LINE('',#8342,#8343);
#8342 = CARTESIAN_POINT('',(-1.570796326795,53.05));
#8343 = VECTOR('',#8344,1.);
#8344 = DIRECTION('',(1.,0.));
#8345 = ( GEOMETRIC_REPRESENTATION_CONTEXT(2) 
PARAMETRIC_REPRESENTATION_CONTEXT() REPRESENTATION_CONTEXT('2D SPACE',''
  ) );
#8346 = ADVANCED_FACE('',(#8347),#8335,.F.);
#8347 = FACE_BOUND('',#8348,.F.);
#8348 = EDGE_LOOP('',(#8349,#8372,#8373,#8374));
#8349 = ORIENTED_EDGE('',*,*,#8350,.F.);
#8350 = EDGE_CURVE('',#8296,#8351,#8353,.T.);
#8351 = VERTEX_POINT('',#8352);
#8352 = CARTESIAN_POINT('',(12.6,-3.086109933851E-15,64.9));
#8353 = SEAM_CURVE('',#8354,(#8358,#8365),.PCURVE_S1.);
#8354 = LINE('',#8355,#8356);
#8355 = CARTESIAN_POINT('',(12.6,-3.086109933851E-15,3.));
#8356 = VECTOR('',#8357,1.);
#8357 = DIRECTION('',(0.,0.,1.));
#8358 = PCURVE('',#8335,#8359);
#8359 = DEFINITIONAL_REPRESENTATION('',(#8360),#8364);
#8360 = LINE('',#8361,#8362);
#8361 = CARTESIAN_POINT('',(0.,-0.));
#8362 = VECTOR('',#8363,1.);
#8363 = DIRECTION('',(0.,1.));
#8364 = ( GEOMETRIC_REPRESENTATION_CONTEXT(2) 
PARAMETRIC_REPRESENTATION_CONTEXT() REPRESENTATION_CONTEXT('2D SPACE',''
  ) );
#8365 = PCURVE('',#8335,#8366);
#8366 = DEFINITIONAL_REPRESENTATION('',(#8367),#8371);
#8367 = LINE('',#8368,#8369);
#8368 = CARTESIAN_POINT('',(6.28318530718,-0.));
#8369 = VECTOR('',#8370,1.);
#8370 = DIRECTION('',(0.,1.));
#8371 = ( GEOMETRIC_REPRESENTATION_CONTEXT(2) 
PARAMETRIC_REPRESENTATION_CONTEXT() REPRESENTATION_CONTEXT('2D SPACE',''
  ) );
#8372 = ORIENTED_EDGE('',*,*,#8320,.T.);
#8373 = ORIENTED_EDGE('',*,*,#8350,.T.);
#8374 = ORIENTED_EDGE('',*,*,#8375,.F.);
#8375 = EDGE_CURVE('',#8351,#8351,#8376,.T.);
#8376 = SURFACE_CURVE('',#8377,(#8382,#8389),.PCURVE_S1.);
#8377 = CIRCLE('',#8378,12.6);
#8378 = AXIS2_PLACEMENT_3D('',#8379,#8380,#8381);
#8379 = CARTESIAN_POINT('',(0.,0.,64.9));
#8380 = DIRECTION('',(0.,0.,1.));
#8381 = DIRECTION('',(1.,0.,-0.));
#8382 = PCURVE('',#8335,#8383);
#8383 = DEFINITIONAL_REPRESENTATION('',(#8384),#8388);
#8384 = LINE('',#8385,#8386);
#8385 = CARTESIAN_POINT('',(0.,61.9));
#8386 = VECTOR('',#8387,1.);
#8387 = DIRECTION('',(1.,0.));
#8388 = ( GEOMETRIC_REPRESENTATION_CONTEXT(2) 
PARAMETRIC_REPRESENTATION_CONTEXT() REPRESENTATION_CONTEXT('2D SPACE',''
  ) );
#8389 = PCURVE('',#8390,#8395);
#8390 = PLANE('',#8391);
#8391 = AXIS2_PLACEMENT_3D('',#8392,#8393,#8394);
#8392 = CARTESIAN_POINT('',(0.,0.,64.9));
#8393 = DIRECTION('',(0.,0.,1.));
#8394 = DIRECTION('',(1.,0.,-0.));
#8395 = DEFINITIONAL_REPRESENTATION('',(#8396),#8400);
#8396 = CIRCLE('',#8397,12.6);
#8397 = AXIS2_PLACEMENT_2D('',#8398,#8399);
#8398 = CARTESIAN_POINT('',(0.,0.));
#8399 = DIRECTION('',(1.,0.));
#8400 = ( GEOMETRIC_REPRESENTATION_CONTEXT(2) 
PARAMETRIC_REPRESENTATION_CONTEXT() REPRESENTATION_CONTEXT('2D SPACE',''
  ) );
#8401 = ADVANCED_FACE('',(#8402,#8405),#8390,.F.);
#8402 = FACE_BOUND('',#8403,.F.);
#8403 = EDGE_LOOP('',(#8404));
#8404 = ORIENTED_EDGE('',*,*,#8375,.T.);
#8405 = FACE_BOUND('',#8406,.F.);
#8406 = EDGE_LOOP('',(#8407));
#8407 = ORIENTED_EDGE('',*,*,#8408,.F.);
#8408 = EDGE_CURVE('',#8409,#8409,#8411,.T.);
#8409 = VERTEX_POINT('',#8410);
#8410 = CARTESIAN_POINT('',(10.1,-2.473786534278E-15,64.9));
#8411 = SURFACE_CURVE('',#8412,(#8417,#8424),.PCURVE_S1.);
#8412 = CIRCLE('',#8413,10.1);
#8413 = AXIS2_PLACEMENT_3D('',#8414,#8415,#8416);
#8414 = CARTESIAN_POINT('',(0.,0.,64.9));
#8415 = DIRECTION('',(0.,0.,1.));
#8416 = DIRECTION('',(1.,0.,-0.));
#8417 = PCURVE('',#8390,#8418);
#8418 = DEFINITIONAL_REPRESENTATION('',(#8419),#8423);
#8419 = CIRCLE('',#8420,10.1);
#8420 = AXIS2_PLACEMENT_2D('',#8421,#8422);
#8421 = CARTESIAN_POINT('',(0.,0.));
#8422 = DIRECTION('',(1.,0.));
#8423 = ( GEOMETRIC_REPRESENTATION_CONTEXT(2) 
PARAMETRIC_REPRESENTATION_CONTEXT() REPRESENTATION_CONTEXT('2D SPACE',''
  ) );
#8424 = PCURVE('',#7625,#8425);
#8425 = DEFINITIONAL_REPRESENTATION('',(#8426),#8430);
#8426 = LINE('',#8427,#8428);
#8427 = CARTESIAN_POINT('',(0.,5.E-02));
#8428 = VECTOR('',#8429,1.);
#8429 = DIRECTION('',(1.,0.));
#8430 = ( GEOMETRIC_REPRESENTATION_CONTEXT(2) 
PARAMETRIC_REPRESENTATION_CONTEXT() REPRESENTATION_CONTEXT('2D SPACE',''
  ) );
#8431 = ADVANCED_FACE('',(#8432),#7625,.F.);
#8432 = FACE_BOUND('',#8433,.F.);
#8433 = EDGE_LOOP('',(#8434,#8435,#8456,#8457));
#8434 = ORIENTED_EDGE('',*,*,#7610,.F.);
#8435 = ORIENTED_EDGE('',*,*,#8436,.F.);
#8436 = EDGE_CURVE('',#8409,#7588,#8437,.T.);
#8437 = SEAM_CURVE('',#8438,(#8442,#8449),.PCURVE_S1.);
#8438 = LINE('',#8439,#8440);
#8439 = CARTESIAN_POINT('',(10.1,-2.473786534278E-15,64.85));
#8440 = VECTOR('',#8441,1.);
#8441 = DIRECTION('',(0.,0.,1.));
#8442 = PCURVE('',#7625,#8443);
#8443 = DEFINITIONAL_REPRESENTATION('',(#8444),#8448);
#8444 = LINE('',#8445,#8446);
#8445 = CARTESIAN_POINT('',(6.28318530718,-0.));
#8446 = VECTOR('',#8447,1.);
#8447 = DIRECTION('',(0.,1.));
#8448 = ( GEOMETRIC_REPRESENTATION_CONTEXT(2) 
PARAMETRIC_REPRESENTATION_CONTEXT() REPRESENTATION_CONTEXT('2D SPACE',''
  ) );
#8449 = PCURVE('',#7625,#8450);
#8450 = DEFINITIONAL_REPRESENTATION('',(#8451),#8455);
#8451 = LINE('',#8452,#8453);
#8452 = CARTESIAN_POINT('',(0.,-0.));
#8453 = VECTOR('',#8454,1.);
#8454 = DIRECTION('',(0.,1.));
#8455 = ( GEOMETRIC_REPRESENTATION_CONTEXT(2) 
PARAMETRIC_REPRESENTATION_CONTEXT() REPRESENTATION_CONTEXT('2D SPACE',''
  ) );
#8456 = ORIENTED_EDGE('',*,*,#8408,.T.);
#8457 = ORIENTED_EDGE('',*,*,#8436,.T.);
#8458 = ORIENTED_CLOSED_SHELL('',*,#8459,.F.);
#8459 = CLOSED_SHELL('',(#8460,#8527,#8577));
#8460 = ADVANCED_FACE('',(#8461,#8497),#8474,.T.);
#8461 = FACE_BOUND('',#8462,.T.);
#8462 = EDGE_LOOP('',(#8463));
#8463 = ORIENTED_EDGE('',*,*,#8464,.T.);
#8464 = EDGE_CURVE('',#8465,#8465,#8467,.T.);
#8465 = VERTEX_POINT('',#8466);
#8466 = CARTESIAN_POINT('',(12.6,-3.086109933851E-15,67.4));
#8467 = SURFACE_CURVE('',#8468,(#8473,#8485),.PCURVE_S1.);
#8468 = CIRCLE('',#8469,12.6);
#8469 = AXIS2_PLACEMENT_3D('',#8470,#8471,#8472);
#8470 = CARTESIAN_POINT('',(0.,0.,67.4));
#8471 = DIRECTION('',(0.,0.,1.));
#8472 = DIRECTION('',(1.,0.,-0.));
#8473 = PCURVE('',#8474,#8479);
#8474 = PLANE('',#8475);
#8475 = AXIS2_PLACEMENT_3D('',#8476,#8477,#8478);
#8476 = CARTESIAN_POINT('',(0.,0.,67.4));
#8477 = DIRECTION('',(0.,0.,1.));
#8478 = DIRECTION('',(1.,0.,-0.));
#8479 = DEFINITIONAL_REPRESENTATION('',(#8480),#8484);
#8480 = CIRCLE('',#8481,12.6);
#8481 = AXIS2_PLACEMENT_2D('',#8482,#8483);
#8482 = CARTESIAN_POINT('',(0.,0.));
#8483 = DIRECTION('',(1.,0.));
#8484 = ( GEOMETRIC_REPRESENTATION_CONTEXT(2) 
PARAMETRIC_REPRESENTATION_CONTEXT() REPRESENTATION_CONTEXT('2D SPACE',''
  ) );
#8485 = PCURVE('',#8486,#8491);
#8486 = CYLINDRICAL_SURFACE('',#8487,12.6);
#8487 = AXIS2_PLACEMENT_3D('',#8488,#8489,#8490);
#8488 = CARTESIAN_POINT('',(0.,0.,3.));
#8489 = DIRECTION('',(0.,0.,1.));
#8490 = DIRECTION('',(1.,0.,-0.));
#8491 = DEFINITIONAL_REPRESENTATION('',(#8492),#8496);
#8492 = LINE('',#8493,#8494);
#8493 = CARTESIAN_POINT('',(0.,64.4));
#8494 = VECTOR('',#8495,1.);
#8495 = DIRECTION('',(1.,0.));
#8496 = ( GEOMETRIC_REPRESENTATION_CONTEXT(2) 
PARAMETRIC_REPRESENTATION_CONTEXT() REPRESENTATION_CONTEXT('2D SPACE',''
  ) );
#8497 = FACE_BOUND('',#8498,.T.);
#8498 = EDGE_LOOP('',(#8499));
#8499 = ORIENTED_EDGE('',*,*,#8500,.F.);
#8500 = EDGE_CURVE('',#8501,#8501,#8503,.T.);
#8501 = VERTEX_POINT('',#8502);
#8502 = CARTESIAN_POINT('',(10.1,-2.473786534278E-15,67.4));
#8503 = SURFACE_CURVE('',#8504,(#8509,#8516),.PCURVE_S1.);
#8504 = CIRCLE('',#8505,10.1);
#8505 = AXIS2_PLACEMENT_3D('',#8506,#8507,#8508);
#8506 = CARTESIAN_POINT('',(0.,0.,67.4));
#8507 = DIRECTION('',(0.,0.,1.));
#8508 = DIRECTION('',(1.,0.,-0.));
#8509 = PCURVE('',#8474,#8510);
#8510 = DEFINITIONAL_REPRESENTATION('',(#8511),#8515);
#8511 = CIRCLE('',#8512,10.1);
#8512 = AXIS2_PLACEMENT_2D('',#8513,#8514);
#8513 = CARTESIAN_POINT('',(0.,0.));
#8514 = DIRECTION('',(1.,0.));
#8515 = ( GEOMETRIC_REPRESENTATION_CONTEXT(2) 
PARAMETRIC_REPRESENTATION_CONTEXT() REPRESENTATION_CONTEXT('2D SPACE',''
  ) );
#8516 = PCURVE('',#8517,#8522);
#8517 = CONICAL_SURFACE('',#8518,12.65,0.795298829985);
#8518 = AXIS2_PLACEMENT_3D('',#8519,#8520,#8521);
#8519 = CARTESIAN_POINT('',(0.,0.,64.9));
#8520 = DIRECTION('',(-0.,-0.,-1.));
#8521 = DIRECTION('',(1.,0.,-0.));
#8522 = DEFINITIONAL_REPRESENTATION('',(#8523),#8526);
#8523 = B_SPLINE_CURVE_WITH_KNOTS('',1,(#8524,#8525),.UNSPECIFIED.,.F.,
  .F.,(2,2),(0.,6.28318530718),.PIECEWISE_BEZIER_KNOTS.);
#8524 = CARTESIAN_POINT('',(0.,-2.5));
#8525 = CARTESIAN_POINT('',(-6.28318530718,-2.5));
#8526 = ( GEOMETRIC_REPRESENTATION_CONTEXT(2) 
PARAMETRIC_REPRESENTATION_CONTEXT() REPRESENTATION_CONTEXT('2D SPACE',''
  ) );
#8527 = ADVANCED_FACE('',(#8528),#8486,.T.);
#8528 = FACE_BOUND('',#8529,.T.);
#8529 = EDGE_LOOP('',(#8530,#8554,#8575,#8576));
#8530 = ORIENTED_EDGE('',*,*,#8531,.T.);
#8531 = EDGE_CURVE('',#8532,#8532,#8534,.T.);
#8532 = VERTEX_POINT('',#8533);
#8533 = CARTESIAN_POINT('',(12.6,-3.086109933851E-15,64.949019607843));
#8534 = SURFACE_CURVE('',#8535,(#8540,#8547),.PCURVE_S1.);
#8535 = CIRCLE('',#8536,12.6);
#8536 = AXIS2_PLACEMENT_3D('',#8537,#8538,#8539);
#8537 = CARTESIAN_POINT('',(0.,0.,64.949019607843));
#8538 = DIRECTION('',(0.,0.,1.));
#8539 = DIRECTION('',(0.,-1.,0.));
#8540 = PCURVE('',#8486,#8541);
#8541 = DEFINITIONAL_REPRESENTATION('',(#8542),#8546);
#8542 = LINE('',#8543,#8544);
#8543 = CARTESIAN_POINT('',(-1.570796326795,61.949019607843));
#8544 = VECTOR('',#8545,1.);
#8545 = DIRECTION('',(1.,0.));
#8546 = ( GEOMETRIC_REPRESENTATION_CONTEXT(2) 
PARAMETRIC_REPRESENTATION_CONTEXT() REPRESENTATION_CONTEXT('2D SPACE',''
  ) );
#8547 = PCURVE('',#8517,#8548);
#8548 = DEFINITIONAL_REPRESENTATION('',(#8549),#8553);
#8549 = LINE('',#8550,#8551);
#8550 = CARTESIAN_POINT('',(1.570796326795,-4.901960784315E-02));
#8551 = VECTOR('',#8552,1.);
#8552 = DIRECTION('',(-1.,-0.));
#8553 = ( GEOMETRIC_REPRESENTATION_CONTEXT(2) 
PARAMETRIC_REPRESENTATION_CONTEXT() REPRESENTATION_CONTEXT('2D SPACE',''
  ) );
#8554 = ORIENTED_EDGE('',*,*,#8555,.T.);
#8555 = EDGE_CURVE('',#8532,#8465,#8556,.T.);
#8556 = SEAM_CURVE('',#8557,(#8561,#8568),.PCURVE_S1.);
#8557 = LINE('',#8558,#8559);
#8558 = CARTESIAN_POINT('',(12.6,-3.086109933851E-15,3.));
#8559 = VECTOR('',#8560,1.);
#8560 = DIRECTION('',(0.,0.,1.));
#8561 = PCURVE('',#8486,#8562);
#8562 = DEFINITIONAL_REPRESENTATION('',(#8563),#8567);
#8563 = LINE('',#8564,#8565);
#8564 = CARTESIAN_POINT('',(0.,-0.));
#8565 = VECTOR('',#8566,1.);
#8566 = DIRECTION('',(0.,1.));
#8567 = ( GEOMETRIC_REPRESENTATION_CONTEXT(2) 
PARAMETRIC_REPRESENTATION_CONTEXT() REPRESENTATION_CONTEXT('2D SPACE',''
  ) );
#8568 = PCURVE('',#8486,#8569);
#8569 = DEFINITIONAL_REPRESENTATION('',(#8570),#8574);
#8570 = LINE('',#8571,#8572);
#8571 = CARTESIAN_POINT('',(6.28318530718,-0.));
#8572 = VECTOR('',#8573,1.);
#8573 = DIRECTION('',(0.,1.));
#8574 = ( GEOMETRIC_REPRESENTATION_CONTEXT(2) 
PARAMETRIC_REPRESENTATION_CONTEXT() REPRESENTATION_CONTEXT('2D SPACE',''
  ) );
#8575 = ORIENTED_EDGE('',*,*,#8464,.F.);
#8576 = ORIENTED_EDGE('',*,*,#8555,.F.);
#8577 = ADVANCED_FACE('',(#8578),#8517,.F.);
#8578 = FACE_BOUND('',#8579,.F.);
#8579 = EDGE_LOOP('',(#8580,#8601,#8602,#8603));
#8580 = ORIENTED_EDGE('',*,*,#8581,.T.);
#8581 = EDGE_CURVE('',#8532,#8501,#8582,.T.);
#8582 = SEAM_CURVE('',#8583,(#8587,#8594),.PCURVE_S1.);
#8583 = LINE('',#8584,#8585);
#8584 = CARTESIAN_POINT('',(12.65,-3.098356401843E-15,64.9));
#8585 = VECTOR('',#8586,1.);
#8586 = DIRECTION('',(-0.714072839145,1.748974033633E-16,0.700071410926)
  );
#8587 = PCURVE('',#8517,#8588);
#8588 = DEFINITIONAL_REPRESENTATION('',(#8589),#8593);
#8589 = LINE('',#8590,#8591);
#8590 = CARTESIAN_POINT('',(-6.28318530718,0.));
#8591 = VECTOR('',#8592,1.);
#8592 = DIRECTION('',(-0.,-1.));
#8593 = ( GEOMETRIC_REPRESENTATION_CONTEXT(2) 
PARAMETRIC_REPRESENTATION_CONTEXT() REPRESENTATION_CONTEXT('2D SPACE',''
  ) );
#8594 = PCURVE('',#8517,#8595);
#8595 = DEFINITIONAL_REPRESENTATION('',(#8596),#8600);
#8596 = LINE('',#8597,#8598);
#8597 = CARTESIAN_POINT('',(0.,-0.));
#8598 = VECTOR('',#8599,1.);
#8599 = DIRECTION('',(-0.,-1.));
#8600 = ( GEOMETRIC_REPRESENTATION_CONTEXT(2) 
PARAMETRIC_REPRESENTATION_CONTEXT() REPRESENTATION_CONTEXT('2D SPACE',''
  ) );
#8601 = ORIENTED_EDGE('',*,*,#8500,.F.);
#8602 = ORIENTED_EDGE('',*,*,#8581,.F.);
#8603 = ORIENTED_EDGE('',*,*,#8531,.T.);
#8604 = ( GEOMETRIC_REPRESENTATION_CONTEXT(3) 
GLOBAL_UNCERTAINTY_ASSIGNED_CONTEXT((#8608)) 
GLOBAL_UNIT_ASSIGNED_CONTEXT((#8605,#8606,#8607)) REPRESENTATION_CONTEXT
('Context #1','3D Context with UNIT and UNCERTAINTY') );
#8605 = ( LENGTH_UNIT() NAMED_UNIT(*) SI_UNIT(.MILLI.,.METRE.) );
#8606 = ( NAMED_UNIT(*) PLANE_ANGLE_UNIT() SI_UNIT($,.RADIAN.) );
#8607 = ( NAMED_UNIT(*) SI_UNIT($,.STERADIAN.) SOLID_ANGLE_UNIT() );
#8608 = UNCERTAINTY_MEASURE_WITH_UNIT(LENGTH_MEASURE(2.E-07),#8605,
  'distance_accuracy_value','confusion accuracy');
#8609 = CONTEXT_DEPENDENT_SHAPE_REPRESENTATION(#8610,#8612);
#8610 = ( REPRESENTATION_RELATIONSHIP('','',#132,#10) 
REPRESENTATION_RELATIONSHIP_WITH_TRANSFORMATION(#8611) 
SHAPE_REPRESENTATION_RELATIONSHIP() );
#8611 = ITEM_DEFINED_TRANSFORMATION('','',#11,#15);
#8612 = PRODUCT_DEFINITION_SHAPE('Placement','Placement of an item',
  #8613);
#8613 = NEXT_ASSEMBLY_USAGE_OCCURRENCE('1','VIS_barrel_Ti64_LPBF','',#5,
  #127,$);
#8614 = PRODUCT_RELATED_PRODUCT_CATEGORY('part',$,(#129));
#8615 = SHAPE_DEFINITION_REPRESENTATION(#8616,#8622);
#8616 = PRODUCT_DEFINITION_SHAPE('','',#8617);
#8617 = PRODUCT_DEFINITION('design','',#8618,#8621);
#8618 = PRODUCT_DEFINITION_FORMATION('','',#8619);
#8619 = PRODUCT('NIR_ring_A_Al6061_black','NIR_ring_A_Al6061_black','',(
    #8620));
#8620 = PRODUCT_CONTEXT('',#2,'mechanical');
#8621 = PRODUCT_DEFINITION_CONTEXT('part definition',#2,'design');
#8622 = ADVANCED_BREP_SHAPE_REPRESENTATION('',(#11,#8623),#9515);
#8623 = MANIFOLD_SOLID_BREP('',#8624);
#8624 = CLOSED_SHELL('',(#8625,#8923,#9103,#9152,#9201,#9228,#9277,#9327
    ,#9362,#9389,#9396,#9403,#9458,#9508));
#8625 = ADVANCED_FACE('',(#8626),#8641,.T.);
#8626 = FACE_BOUND('',#8627,.T.);
#8627 = EDGE_LOOP('',(#8628,#8664,#8690,#8719,#8742,#8769,#8770,#8794,
    #8820,#8844,#8870,#8899));
#8628 = ORIENTED_EDGE('',*,*,#8629,.F.);
#8629 = EDGE_CURVE('',#8630,#8632,#8634,.T.);
#8630 = VERTEX_POINT('',#8631);
#8631 = CARTESIAN_POINT('',(12.685818854138,0.6,75.1));
#8632 = VERTEX_POINT('',#8633);
#8633 = CARTESIAN_POINT('',(-12.68581885413,0.599999999999,75.1));
#8634 = SURFACE_CURVE('',#8635,(#8640,#8652),.PCURVE_S1.);
#8635 = CIRCLE('',#8636,12.7);
#8636 = AXIS2_PLACEMENT_3D('',#8637,#8638,#8639);
#8637 = CARTESIAN_POINT('',(0.,0.,75.1));
#8638 = DIRECTION('',(0.,0.,1.));
#8639 = DIRECTION('',(1.,0.,-0.));
#8640 = PCURVE('',#8641,#8646);
#8641 = CYLINDRICAL_SURFACE('',#8642,12.7);
#8642 = AXIS2_PLACEMENT_3D('',#8643,#8644,#8645);
#8643 = CARTESIAN_POINT('',(0.,0.,71.9));
#8644 = DIRECTION('',(0.,0.,1.));
#8645 = DIRECTION('',(1.,0.,-0.));
#8646 = DEFINITIONAL_REPRESENTATION('',(#8647),#8651);
#8647 = LINE('',#8648,#8649);
#8648 = CARTESIAN_POINT('',(0.,3.2));
#8649 = VECTOR('',#8650,1.);
#8650 = DIRECTION('',(1.,0.));
#8651 = ( GEOMETRIC_REPRESENTATION_CONTEXT(2) 
PARAMETRIC_REPRESENTATION_CONTEXT() REPRESENTATION_CONTEXT('2D SPACE',''
  ) );
#8652 = PCURVE('',#8653,#8658);
#8653 = PLANE('',#8654);
#8654 = AXIS2_PLACEMENT_3D('',#8655,#8656,#8657);
#8655 = CARTESIAN_POINT('',(0.,0.,75.1));
#8656 = DIRECTION('',(0.,0.,1.));
#8657 = DIRECTION('',(1.,0.,-0.));
#8658 = DEFINITIONAL_REPRESENTATION('',(#8659),#8663);
#8659 = CIRCLE('',#8660,12.7);
#8660 = AXIS2_PLACEMENT_2D('',#8661,#8662);
#8661 = CARTESIAN_POINT('',(0.,0.));
#8662 = DIRECTION('',(1.,0.));
#8663 = ( GEOMETRIC_REPRESENTATION_CONTEXT(2) 
PARAMETRIC_REPRESENTATION_CONTEXT() REPRESENTATION_CONTEXT('2D SPACE',''
  ) );
#8664 = ORIENTED_EDGE('',*,*,#8665,.F.);
#8665 = EDGE_CURVE('',#8666,#8630,#8668,.T.);
#8666 = VERTEX_POINT('',#8667);
#8667 = CARTESIAN_POINT('',(12.685818854138,0.6,74.3));
#8668 = SURFACE_CURVE('',#8669,(#8673,#8679),.PCURVE_S1.);
#8669 = LINE('',#8670,#8671);
#8670 = CARTESIAN_POINT('',(12.685818854138,0.6,71.9));
#8671 = VECTOR('',#8672,1.);
#8672 = DIRECTION('',(0.,0.,1.));
#8673 = PCURVE('',#8641,#8674);
#8674 = DEFINITIONAL_REPRESENTATION('',(#8675),#8678);
#8675 = B_SPLINE_CURVE_WITH_KNOTS('',1,(#8676,#8677),.UNSPECIFIED.,.F.,
  .F.,(2,2),(2.32,3.2000006),.PIECEWISE_BEZIER_KNOTS.);
#8676 = CARTESIAN_POINT('',(4.726168700218E-02,2.32));
#8677 = CARTESIAN_POINT('',(4.726168700218E-02,3.2000006));
#8678 = ( GEOMETRIC_REPRESENTATION_CONTEXT(2) 
PARAMETRIC_REPRESENTATION_CONTEXT() REPRESENTATION_CONTEXT('2D SPACE',''
  ) );
#8679 = PCURVE('',#8680,#8685);
#8680 = PLANE('',#8681);
#8681 = AXIS2_PLACEMENT_3D('',#8682,#8683,#8684);
#8682 = CARTESIAN_POINT('',(10.55,0.6,74.3));
#8683 = DIRECTION('',(-0.,1.,0.));
#8684 = DIRECTION('',(0.,0.,1.));
#8685 = DEFINITIONAL_REPRESENTATION('',(#8686),#8689);
#8686 = B_SPLINE_CURVE_WITH_KNOTS('',1,(#8687,#8688),.UNSPECIFIED.,.F.,
  .F.,(2,2),(2.32,3.2000006),.PIECEWISE_BEZIER_KNOTS.);
#8687 = CARTESIAN_POINT('',(-8.E-02,2.135818854138));
#8688 = CARTESIAN_POINT('',(0.8000006,2.135818854138));
#8689 = ( GEOMETRIC_REPRESENTATION_CONTEXT(2) 
PARAMETRIC_REPRESENTATION_CONTEXT() REPRESENTATION_CONTEXT('2D SPACE',''
  ) );
#8690 = ORIENTED_EDGE('',*,*,#8691,.F.);
#8691 = EDGE_CURVE('',#8692,#8666,#8694,.T.);
#8692 = VERTEX_POINT('',#8693);
#8693 = CARTESIAN_POINT('',(12.7,-3.110602869834E-15,74.3));
#8694 = SURFACE_CURVE('',#8695,(#8700,#8707),.PCURVE_S1.);
#8695 = CIRCLE('',#8696,12.7);
#8696 = AXIS2_PLACEMENT_3D('',#8697,#8698,#8699);
#8697 = CARTESIAN_POINT('',(0.,0.,74.3));
#8698 = DIRECTION('',(0.,0.,1.));
#8699 = DIRECTION('',(1.,0.,-0.));
#8700 = PCURVE('',#8641,#8701);
#8701 = DEFINITIONAL_REPRESENTATION('',(#8702),#8706);
#8702 = LINE('',#8703,#8704);
#8703 = CARTESIAN_POINT('',(0.,2.4));
#8704 = VECTOR('',#8705,1.);
#8705 = DIRECTION('',(1.,0.));
#8706 = ( GEOMETRIC_REPRESENTATION_CONTEXT(2) 
PARAMETRIC_REPRESENTATION_CONTEXT() REPRESENTATION_CONTEXT('2D SPACE',''
  ) );
#8707 = PCURVE('',#8708,#8713);
#8708 = PLANE('',#8709);
#8709 = AXIS2_PLACEMENT_3D('',#8710,#8711,#8712);
#8710 = CARTESIAN_POINT('',(10.55,-0.6,74.3));
#8711 = DIRECTION('',(0.,0.,1.));
#8712 = DIRECTION('',(1.,0.,-0.));
#8713 = DEFINITIONAL_REPRESENTATION('',(#8714),#8718);
#8714 = CIRCLE('',#8715,12.7);
#8715 = AXIS2_PLACEMENT_2D('',#8716,#8717);
#8716 = CARTESIAN_POINT('',(-10.55,0.6));
#8717 = DIRECTION('',(1.,0.));
#8718 = ( GEOMETRIC_REPRESENTATION_CONTEXT(2) 
PARAMETRIC_REPRESENTATION_CONTEXT() REPRESENTATION_CONTEXT('2D SPACE',''
  ) );
#8719 = ORIENTED_EDGE('',*,*,#8720,.F.);
#8720 = EDGE_CURVE('',#8721,#8692,#8723,.T.);
#8721 = VERTEX_POINT('',#8722);
#8722 = CARTESIAN_POINT('',(12.7,-3.110602869834E-15,71.9));
#8723 = SEAM_CURVE('',#8724,(#8728,#8735),.PCURVE_S1.);
#8724 = LINE('',#8725,#8726);
#8725 = CARTESIAN_POINT('',(12.7,-3.110602869834E-15,71.9));
#8726 = VECTOR('',#8727,1.);
#8727 = DIRECTION('',(0.,0.,1.));
#8728 = PCURVE('',#8641,#8729);
#8729 = DEFINITIONAL_REPRESENTATION('',(#8730),#8734);
#8730 = LINE('',#8731,#8732);
#8731 = CARTESIAN_POINT('',(6.28318530718,-0.));
#8732 = VECTOR('',#8733,1.);
#8733 = DIRECTION('',(0.,1.));
#8734 = ( GEOMETRIC_REPRESENTATION_CONTEXT(2) 
PARAMETRIC_REPRESENTATION_CONTEXT() REPRESENTATION_CONTEXT('2D SPACE',''
  ) );
#8735 = PCURVE('',#8641,#8736);
#8736 = DEFINITIONAL_REPRESENTATION('',(#8737),#8741);
#8737 = LINE('',#8738,#8739);
#8738 = CARTESIAN_POINT('',(0.,-0.));
#8739 = VECTOR('',#8740,1.);
#8740 = DIRECTION('',(0.,1.));
#8741 = ( GEOMETRIC_REPRESENTATION_CONTEXT(2) 
PARAMETRIC_REPRESENTATION_CONTEXT() REPRESENTATION_CONTEXT('2D SPACE',''
  ) );
#8742 = ORIENTED_EDGE('',*,*,#8743,.T.);
#8743 = EDGE_CURVE('',#8721,#8721,#8744,.T.);
#8744 = SURFACE_CURVE('',#8745,(#8750,#8757),.PCURVE_S1.);
#8745 = CIRCLE('',#8746,12.7);
#8746 = AXIS2_PLACEMENT_3D('',#8747,#8748,#8749);
#8747 = CARTESIAN_POINT('',(0.,0.,71.9));
#8748 = DIRECTION('',(0.,0.,1.));
#8749 = DIRECTION('',(1.,0.,-0.));
#8750 = PCURVE('',#8641,#8751);
#8751 = DEFINITIONAL_REPRESENTATION('',(#8752),#8756);
#8752 = LINE('',#8753,#8754);
#8753 = CARTESIAN_POINT('',(0.,0.));
#8754 = VECTOR('',#8755,1.);
#8755 = DIRECTION('',(1.,0.));
#8756 = ( GEOMETRIC_REPRESENTATION_CONTEXT(2) 
PARAMETRIC_REPRESENTATION_CONTEXT() REPRESENTATION_CONTEXT('2D SPACE',''
  ) );
#8757 = PCURVE('',#8758,#8763);
#8758 = PLANE('',#8759);
#8759 = AXIS2_PLACEMENT_3D('',#8760,#8761,#8762);
#8760 = CARTESIAN_POINT('',(0.,0.,71.9));
#8761 = DIRECTION('',(0.,0.,1.));
#8762 = DIRECTION('',(1.,0.,-0.));
#8763 = DEFINITIONAL_REPRESENTATION('',(#8764),#8768);
#8764 = CIRCLE('',#8765,12.7);
#8765 = AXIS2_PLACEMENT_2D('',#8766,#8767);
#8766 = CARTESIAN_POINT('',(0.,0.));
#8767 = DIRECTION('',(1.,0.));
#8768 = ( GEOMETRIC_REPRESENTATION_CONTEXT(2) 
PARAMETRIC_REPRESENTATION_CONTEXT() REPRESENTATION_CONTEXT('2D SPACE',''
  ) );
#8769 = ORIENTED_EDGE('',*,*,#8720,.T.);
#8770 = ORIENTED_EDGE('',*,*,#8771,.F.);
#8771 = EDGE_CURVE('',#8772,#8692,#8774,.T.);
#8772 = VERTEX_POINT('',#8773);
#8773 = CARTESIAN_POINT('',(12.685818854138,-0.6,74.3));
#8774 = SURFACE_CURVE('',#8775,(#8780,#8787),.PCURVE_S1.);
#8775 = CIRCLE('',#8776,12.7);
#8776 = AXIS2_PLACEMENT_3D('',#8777,#8778,#8779);
#8777 = CARTESIAN_POINT('',(0.,0.,74.3));
#8778 = DIRECTION('',(0.,0.,1.));
#8779 = DIRECTION('',(1.,0.,-0.));
#8780 = PCURVE('',#8641,#8781);
#8781 = DEFINITIONAL_REPRESENTATION('',(#8782),#8786);
#8782 = LINE('',#8783,#8784);
#8783 = CARTESIAN_POINT('',(0.,2.4));
#8784 = VECTOR('',#8785,1.);
#8785 = DIRECTION('',(1.,0.));
#8786 = ( GEOMETRIC_REPRESENTATION_CONTEXT(2) 
PARAMETRIC_REPRESENTATION_CONTEXT() REPRESENTATION_CONTEXT('2D SPACE',''
  ) );
#8787 = PCURVE('',#8708,#8788);
#8788 = DEFINITIONAL_REPRESENTATION('',(#8789),#8793);
#8789 = CIRCLE('',#8790,12.7);
#8790 = AXIS2_PLACEMENT_2D('',#8791,#8792);
#8791 = CARTESIAN_POINT('',(-10.55,0.6));
#8792 = DIRECTION('',(1.,0.));
#8793 = ( GEOMETRIC_REPRESENTATION_CONTEXT(2) 
PARAMETRIC_REPRESENTATION_CONTEXT() REPRESENTATION_CONTEXT('2D SPACE',''
  ) );
#8794 = ORIENTED_EDGE('',*,*,#8795,.T.);
#8795 = EDGE_CURVE('',#8772,#8796,#8798,.T.);
#8796 = VERTEX_POINT('',#8797);
#8797 = CARTESIAN_POINT('',(12.685818854138,-0.6,75.1));
#8798 = SURFACE_CURVE('',#8799,(#8803,#8809),.PCURVE_S1.);
#8799 = LINE('',#8800,#8801);
#8800 = CARTESIAN_POINT('',(12.685818854138,-0.6,71.9));
#8801 = VECTOR('',#8802,1.);
#8802 = DIRECTION('',(0.,0.,1.));
#8803 = PCURVE('',#8641,#8804);
#8804 = DEFINITIONAL_REPRESENTATION('',(#8805),#8808);
#8805 = B_SPLINE_CURVE_WITH_KNOTS('',1,(#8806,#8807),.UNSPECIFIED.,.F.,
  .F.,(2,2),(2.32,3.2000006),.PIECEWISE_BEZIER_KNOTS.);
#8806 = CARTESIAN_POINT('',(6.235923620177,2.32));
#8807 = CARTESIAN_POINT('',(6.235923620177,3.2000006));
#8808 = ( GEOMETRIC_REPRESENTATION_CONTEXT(2) 
PARAMETRIC_REPRESENTATION_CONTEXT() REPRESENTATION_CONTEXT('2D SPACE',''
  ) );
#8809 = PCURVE('',#8810,#8815);
#8810 = PLANE('',#8811);
#8811 = AXIS2_PLACEMENT_3D('',#8812,#8813,#8814);
#8812 = CARTESIAN_POINT('',(10.55,-0.6,74.3));
#8813 = DIRECTION('',(-0.,1.,0.));
#8814 = DIRECTION('',(0.,0.,1.));
#8815 = DEFINITIONAL_REPRESENTATION('',(#8816),#8819);
#8816 = B_SPLINE_CURVE_WITH_KNOTS('',1,(#8817,#8818),.UNSPECIFIED.,.F.,
  .F.,(2,2),(2.32,3.2000006),.PIECEWISE_BEZIER_KNOTS.);
#8817 = CARTESIAN_POINT('',(-8.E-02,2.135818854138));
#8818 = CARTESIAN_POINT('',(0.8000006,2.135818854138));
#8819 = ( GEOMETRIC_REPRESENTATION_CONTEXT(2) 
PARAMETRIC_REPRESENTATION_CONTEXT() REPRESENTATION_CONTEXT('2D SPACE',''
  ) );
#8820 = ORIENTED_EDGE('',*,*,#8821,.F.);
#8821 = EDGE_CURVE('',#8822,#8796,#8824,.T.);
#8822 = VERTEX_POINT('',#8823);
#8823 = CARTESIAN_POINT('',(-12.68581885413,-0.599999999999,75.1));
#8824 = SURFACE_CURVE('',#8825,(#8830,#8837),.PCURVE_S1.);
#8825 = CIRCLE('',#8826,12.7);
#8826 = AXIS2_PLACEMENT_3D('',#8827,#8828,#8829);
#8827 = CARTESIAN_POINT('',(0.,0.,75.1));
#8828 = DIRECTION('',(0.,0.,1.));
#8829 = DIRECTION('',(1.,0.,-0.));
#8830 = PCURVE('',#8641,#8831);
#8831 = DEFINITIONAL_REPRESENTATION('',(#8832),#8836);
#8832 = LINE('',#8833,#8834);
#8833 = CARTESIAN_POINT('',(0.,3.2));
#8834 = VECTOR('',#8835,1.);
#8835 = DIRECTION('',(1.,0.));
#8836 = ( GEOMETRIC_REPRESENTATION_CONTEXT(2) 
PARAMETRIC_REPRESENTATION_CONTEXT() REPRESENTATION_CONTEXT('2D SPACE',''
  ) );
#8837 = PCURVE('',#8653,#8838);
#8838 = DEFINITIONAL_REPRESENTATION('',(#8839),#8843);
#8839 = CIRCLE('',#8840,12.7);
#8840 = AXIS2_PLACEMENT_2D('',#8841,#8842);
#8841 = CARTESIAN_POINT('',(0.,0.));
#8842 = DIRECTION('',(1.,0.));
#8843 = ( GEOMETRIC_REPRESENTATION_CONTEXT(2) 
PARAMETRIC_REPRESENTATION_CONTEXT() REPRESENTATION_CONTEXT('2D SPACE',''
  ) );
#8844 = ORIENTED_EDGE('',*,*,#8845,.F.);
#8845 = EDGE_CURVE('',#8846,#8822,#8848,.T.);
#8846 = VERTEX_POINT('',#8847);
#8847 = CARTESIAN_POINT('',(-12.68581885413,-0.6,74.3));
#8848 = SURFACE_CURVE('',#8849,(#8853,#8859),.PCURVE_S1.);
#8849 = LINE('',#8850,#8851);
#8850 = CARTESIAN_POINT('',(-12.68581885413,-0.6,71.9));
#8851 = VECTOR('',#8852,1.);
#8852 = DIRECTION('',(0.,0.,1.));
#8853 = PCURVE('',#8641,#8854);
#8854 = DEFINITIONAL_REPRESENTATION('',(#8855),#8858);
#8855 = B_SPLINE_CURVE_WITH_KNOTS('',1,(#8856,#8857),.UNSPECIFIED.,.F.,
  .F.,(2,2),(2.32,3.2000006),.PIECEWISE_BEZIER_KNOTS.);
#8856 = CARTESIAN_POINT('',(3.188854340592,2.32));
#8857 = CARTESIAN_POINT('',(3.188854340592,3.2000006));
#8858 = ( GEOMETRIC_REPRESENTATION_CONTEXT(2) 
PARAMETRIC_REPRESENTATION_CONTEXT() REPRESENTATION_CONTEXT('2D SPACE',''
  ) );
#8859 = PCURVE('',#8860,#8865);
#8860 = PLANE('',#8861);
#8861 = AXIS2_PLACEMENT_3D('',#8862,#8863,#8864);
#8862 = CARTESIAN_POINT('',(-12.95,-0.6,74.3));
#8863 = DIRECTION('',(-0.,1.,0.));
#8864 = DIRECTION('',(0.,0.,1.));
#8865 = DEFINITIONAL_REPRESENTATION('',(#8866),#8869);
#8866 = B_SPLINE_CURVE_WITH_KNOTS('',1,(#8867,#8868),.UNSPECIFIED.,.F.,
  .F.,(2,2),(2.32,3.2000006),.PIECEWISE_BEZIER_KNOTS.);
#8867 = CARTESIAN_POINT('',(-8.E-02,0.264181145862));
#8868 = CARTESIAN_POINT('',(0.8000006,0.264181145862));
#8869 = ( GEOMETRIC_REPRESENTATION_CONTEXT(2) 
PARAMETRIC_REPRESENTATION_CONTEXT() REPRESENTATION_CONTEXT('2D SPACE',''
  ) );
#8870 = ORIENTED_EDGE('',*,*,#8871,.F.);
#8871 = EDGE_CURVE('',#8872,#8846,#8874,.T.);
#8872 = VERTEX_POINT('',#8873);
#8873 = CARTESIAN_POINT('',(-12.68581885413,0.6,74.3));
#8874 = SURFACE_CURVE('',#8875,(#8880,#8887),.PCURVE_S1.);
#8875 = CIRCLE('',#8876,12.7);
#8876 = AXIS2_PLACEMENT_3D('',#8877,#8878,#8879);
#8877 = CARTESIAN_POINT('',(0.,0.,74.3));
#8878 = DIRECTION('',(0.,0.,1.));
#8879 = DIRECTION('',(1.,0.,-0.));
#8880 = PCURVE('',#8641,#8881);
#8881 = DEFINITIONAL_REPRESENTATION('',(#8882),#8886);
#8882 = LINE('',#8883,#8884);
#8883 = CARTESIAN_POINT('',(0.,2.4));
#8884 = VECTOR('',#8885,1.);
#8885 = DIRECTION('',(1.,0.));
#8886 = ( GEOMETRIC_REPRESENTATION_CONTEXT(2) 
PARAMETRIC_REPRESENTATION_CONTEXT() REPRESENTATION_CONTEXT('2D SPACE',''
  ) );
#8887 = PCURVE('',#8888,#8893);
#8888 = PLANE('',#8889);
#8889 = AXIS2_PLACEMENT_3D('',#8890,#8891,#8892);
#8890 = CARTESIAN_POINT('',(-12.95,-0.6,74.3));
#8891 = DIRECTION('',(0.,0.,1.));
#8892 = DIRECTION('',(1.,0.,-0.));
#8893 = DEFINITIONAL_REPRESENTATION('',(#8894),#8898);
#8894 = CIRCLE('',#8895,12.7);
#8895 = AXIS2_PLACEMENT_2D('',#8896,#8897);
#8896 = CARTESIAN_POINT('',(12.95,0.6));
#8897 = DIRECTION('',(1.,0.));
#8898 = ( GEOMETRIC_REPRESENTATION_CONTEXT(2) 
PARAMETRIC_REPRESENTATION_CONTEXT() REPRESENTATION_CONTEXT('2D SPACE',''
  ) );
#8899 = ORIENTED_EDGE('',*,*,#8900,.T.);
#8900 = EDGE_CURVE('',#8872,#8632,#8901,.T.);
#8901 = SURFACE_CURVE('',#8902,(#8906,#8912),.PCURVE_S1.);
#8902 = LINE('',#8903,#8904);
#8903 = CARTESIAN_POINT('',(-12.68581885413,0.6,71.9));
#8904 = VECTOR('',#8905,1.);
#8905 = DIRECTION('',(0.,0.,1.));
#8906 = PCURVE('',#8641,#8907);
#8907 = DEFINITIONAL_REPRESENTATION('',(#8908),#8911);
#8908 = B_SPLINE_CURVE_WITH_KNOTS('',1,(#8909,#8910),.UNSPECIFIED.,.F.,
  .F.,(2,2),(2.32,3.2000006),.PIECEWISE_BEZIER_KNOTS.);
#8909 = CARTESIAN_POINT('',(3.094330966588,2.32));
#8910 = CARTESIAN_POINT('',(3.094330966588,3.2000006));
#8911 = ( GEOMETRIC_REPRESENTATION_CONTEXT(2) 
PARAMETRIC_REPRESENTATION_CONTEXT() REPRESENTATION_CONTEXT('2D SPACE',''
  ) );
#8912 = PCURVE('',#8913,#8918);
#8913 = PLANE('',#8914);
#8914 = AXIS2_PLACEMENT_3D('',#8915,#8916,#8917);
#8915 = CARTESIAN_POINT('',(-12.95,0.6,74.3));
#8916 = DIRECTION('',(-0.,1.,0.));
#8917 = DIRECTION('',(0.,0.,1.));
#8918 = DEFINITIONAL_REPRESENTATION('',(#8919),#8922);
#8919 = B_SPLINE_CURVE_WITH_KNOTS('',1,(#8920,#8921),.UNSPECIFIED.,.F.,
  .F.,(2,2),(2.32,3.2000006),.PIECEWISE_BEZIER_KNOTS.);
#8920 = CARTESIAN_POINT('',(-8.E-02,0.264181145862));
#8921 = CARTESIAN_POINT('',(0.8000006,0.264181145862));
#8922 = ( GEOMETRIC_REPRESENTATION_CONTEXT(2) 
PARAMETRIC_REPRESENTATION_CONTEXT() REPRESENTATION_CONTEXT('2D SPACE',''
  ) );
#8923 = ADVANCED_FACE('',(#8924,#9072),#8653,.T.);
#8924 = FACE_BOUND('',#8925,.T.);
#8925 = EDGE_LOOP('',(#8926,#8956,#8977,#8978,#9001,#9029,#9050,#9051));
#8926 = ORIENTED_EDGE('',*,*,#8927,.T.);
#8927 = EDGE_CURVE('',#8928,#8930,#8932,.T.);
#8928 = VERTEX_POINT('',#8929);
#8929 = CARTESIAN_POINT('',(10.55,-0.6,75.1));
#8930 = VERTEX_POINT('',#8931);
#8931 = CARTESIAN_POINT('',(10.55,0.6,75.1));
#8932 = SURFACE_CURVE('',#8933,(#8937,#8944),.PCURVE_S1.);
#8933 = LINE('',#8934,#8935);
#8934 = CARTESIAN_POINT('',(10.55,-0.6,75.1));
#8935 = VECTOR('',#8936,1.);
#8936 = DIRECTION('',(-0.,1.,0.));
#8937 = PCURVE('',#8653,#8938);
#8938 = DEFINITIONAL_REPRESENTATION('',(#8939),#8943);
#8939 = LINE('',#8940,#8941);
#8940 = CARTESIAN_POINT('',(10.55,-0.6));
#8941 = VECTOR('',#8942,1.);
#8942 = DIRECTION('',(0.,1.));
#8943 = ( GEOMETRIC_REPRESENTATION_CONTEXT(2) 
PARAMETRIC_REPRESENTATION_CONTEXT() REPRESENTATION_CONTEXT('2D SPACE',''
  ) );
#8944 = PCURVE('',#8945,#8950);
#8945 = PLANE('',#8946);
#8946 = AXIS2_PLACEMENT_3D('',#8947,#8948,#8949);
#8947 = CARTESIAN_POINT('',(10.55,-0.6,74.3));
#8948 = DIRECTION('',(1.,0.,-0.));
#8949 = DIRECTION('',(0.,0.,1.));
#8950 = DEFINITIONAL_REPRESENTATION('',(#8951),#8955);
#8951 = LINE('',#8952,#8953);
#8952 = CARTESIAN_POINT('',(0.8,0.));
#8953 = VECTOR('',#8954,1.);
#8954 = DIRECTION('',(0.,-1.));
#8955 = ( GEOMETRIC_REPRESENTATION_CONTEXT(2) 
PARAMETRIC_REPRESENTATION_CONTEXT() REPRESENTATION_CONTEXT('2D SPACE',''
  ) );
#8956 = ORIENTED_EDGE('',*,*,#8957,.T.);
#8957 = EDGE_CURVE('',#8930,#8630,#8958,.T.);
#8958 = SURFACE_CURVE('',#8959,(#8963,#8970),.PCURVE_S1.);
#8959 = LINE('',#8960,#8961);
#8960 = CARTESIAN_POINT('',(10.55,0.6,75.1));
#8961 = VECTOR('',#8962,1.);
#8962 = DIRECTION('',(1.,0.,-0.));
#8963 = PCURVE('',#8653,#8964);
#8964 = DEFINITIONAL_REPRESENTATION('',(#8965),#8969);
#8965 = LINE('',#8966,#8967);
#8966 = CARTESIAN_POINT('',(10.55,0.6));
#8967 = VECTOR('',#8968,1.);
#8968 = DIRECTION('',(1.,0.));
#8969 = ( GEOMETRIC_REPRESENTATION_CONTEXT(2) 
PARAMETRIC_REPRESENTATION_CONTEXT() REPRESENTATION_CONTEXT('2D SPACE',''
  ) );
#8970 = PCURVE('',#8680,#8971);
#8971 = DEFINITIONAL_REPRESENTATION('',(#8972),#8976);
#8972 = LINE('',#8973,#8974);
#8973 = CARTESIAN_POINT('',(0.8,0.));
#8974 = VECTOR('',#8975,1.);
#8975 = DIRECTION('',(0.,1.));
#8976 = ( GEOMETRIC_REPRESENTATION_CONTEXT(2) 
PARAMETRIC_REPRESENTATION_CONTEXT() REPRESENTATION_CONTEXT('2D SPACE',''
  ) );
#8977 = ORIENTED_EDGE('',*,*,#8629,.T.);
#8978 = ORIENTED_EDGE('',*,*,#8979,.T.);
#8979 = EDGE_CURVE('',#8632,#8980,#8982,.T.);
#8980 = VERTEX_POINT('',#8981);
#8981 = CARTESIAN_POINT('',(-10.55,0.6,75.1));
#8982 = SURFACE_CURVE('',#8983,(#8987,#8994),.PCURVE_S1.);
#8983 = LINE('',#8984,#8985);
#8984 = CARTESIAN_POINT('',(-12.95,0.6,75.1));
#8985 = VECTOR('',#8986,1.);
#8986 = DIRECTION('',(1.,0.,-0.));
#8987 = PCURVE('',#8653,#8988);
#8988 = DEFINITIONAL_REPRESENTATION('',(#8989),#8993);
#8989 = LINE('',#8990,#8991);
#8990 = CARTESIAN_POINT('',(-12.95,0.6));
#8991 = VECTOR('',#8992,1.);
#8992 = DIRECTION('',(1.,0.));
#8993 = ( GEOMETRIC_REPRESENTATION_CONTEXT(2) 
PARAMETRIC_REPRESENTATION_CONTEXT() REPRESENTATION_CONTEXT('2D SPACE',''
  ) );
#8994 = PCURVE('',#8913,#8995);
#8995 = DEFINITIONAL_REPRESENTATION('',(#8996),#9000);
#8996 = LINE('',#8997,#8998);
#8997 = CARTESIAN_POINT('',(0.8,0.));
#8998 = VECTOR('',#8999,1.);
#8999 = DIRECTION('',(0.,1.));
#9000 = ( GEOMETRIC_REPRESENTATION_CONTEXT(2) 
PARAMETRIC_REPRESENTATION_CONTEXT() REPRESENTATION_CONTEXT('2D SPACE',''
  ) );
#9001 = ORIENTED_EDGE('',*,*,#9002,.F.);
#9002 = EDGE_CURVE('',#9003,#8980,#9005,.T.);
#9003 = VERTEX_POINT('',#9004);
#9004 = CARTESIAN_POINT('',(-10.55,-0.6,75.1));
#9005 = SURFACE_CURVE('',#9006,(#9010,#9017),.PCURVE_S1.);
#9006 = LINE('',#9007,#9008);
#9007 = CARTESIAN_POINT('',(-10.55,-0.6,75.1));
#9008 = VECTOR('',#9009,1.);
#9009 = DIRECTION('',(-0.,1.,0.));
#9010 = PCURVE('',#8653,#9011);
#9011 = DEFINITIONAL_REPRESENTATION('',(#9012),#9016);
#9012 = LINE('',#9013,#9014);
#9013 = CARTESIAN_POINT('',(-10.55,-0.6));
#9014 = VECTOR('',#9015,1.);
#9015 = DIRECTION('',(0.,1.));
#9016 = ( GEOMETRIC_REPRESENTATION_CONTEXT(2) 
PARAMETRIC_REPRESENTATION_CONTEXT() REPRESENTATION_CONTEXT('2D SPACE',''
  ) );
#9017 = PCURVE('',#9018,#9023);
#9018 = PLANE('',#9019);
#9019 = AXIS2_PLACEMENT_3D('',#9020,#9021,#9022);
#9020 = CARTESIAN_POINT('',(-10.55,-0.6,74.3));
#9021 = DIRECTION('',(1.,0.,-0.));
#9022 = DIRECTION('',(0.,0.,1.));
#9023 = DEFINITIONAL_REPRESENTATION('',(#9024),#9028);
#9024 = LINE('',#9025,#9026);
#9025 = CARTESIAN_POINT('',(0.8,0.));
#9026 = VECTOR('',#9027,1.);
#9027 = DIRECTION('',(0.,-1.));
#9028 = ( GEOMETRIC_REPRESENTATION_CONTEXT(2) 
PARAMETRIC_REPRESENTATION_CONTEXT() REPRESENTATION_CONTEXT('2D SPACE',''
  ) );
#9029 = ORIENTED_EDGE('',*,*,#9030,.F.);
#9030 = EDGE_CURVE('',#8822,#9003,#9031,.T.);
#9031 = SURFACE_CURVE('',#9032,(#9036,#9043),.PCURVE_S1.);
#9032 = LINE('',#9033,#9034);
#9033 = CARTESIAN_POINT('',(-12.95,-0.6,75.1));
#9034 = VECTOR('',#9035,1.);
#9035 = DIRECTION('',(1.,0.,-0.));
#9036 = PCURVE('',#8653,#9037);
#9037 = DEFINITIONAL_REPRESENTATION('',(#9038),#9042);
#9038 = LINE('',#9039,#9040);
#9039 = CARTESIAN_POINT('',(-12.95,-0.6));
#9040 = VECTOR('',#9041,1.);
#9041 = DIRECTION('',(1.,0.));
#9042 = ( GEOMETRIC_REPRESENTATION_CONTEXT(2) 
PARAMETRIC_REPRESENTATION_CONTEXT() REPRESENTATION_CONTEXT('2D SPACE',''
  ) );
#9043 = PCURVE('',#8860,#9044);
#9044 = DEFINITIONAL_REPRESENTATION('',(#9045),#9049);
#9045 = LINE('',#9046,#9047);
#9046 = CARTESIAN_POINT('',(0.8,0.));
#9047 = VECTOR('',#9048,1.);
#9048 = DIRECTION('',(0.,1.));
#9049 = ( GEOMETRIC_REPRESENTATION_CONTEXT(2) 
PARAMETRIC_REPRESENTATION_CONTEXT() REPRESENTATION_CONTEXT('2D SPACE',''
  ) );
#9050 = ORIENTED_EDGE('',*,*,#8821,.T.);
#9051 = ORIENTED_EDGE('',*,*,#9052,.F.);
#9052 = EDGE_CURVE('',#8928,#8796,#9053,.T.);
#9053 = SURFACE_CURVE('',#9054,(#9058,#9065),.PCURVE_S1.);
#9054 = LINE('',#9055,#9056);
#9055 = CARTESIAN_POINT('',(10.55,-0.6,75.1));
#9056 = VECTOR('',#9057,1.);
#9057 = DIRECTION('',(1.,0.,-0.));
#9058 = PCURVE('',#8653,#9059);
#9059 = DEFINITIONAL_REPRESENTATION('',(#9060),#9064);
#9060 = LINE('',#9061,#9062);
#9061 = CARTESIAN_POINT('',(10.55,-0.6));
#9062 = VECTOR('',#9063,1.);
#9063 = DIRECTION('',(1.,0.));
#9064 = ( GEOMETRIC_REPRESENTATION_CONTEXT(2) 
PARAMETRIC_REPRESENTATION_CONTEXT() REPRESENTATION_CONTEXT('2D SPACE',''
  ) );
#9065 = PCURVE('',#8810,#9066);
#9066 = DEFINITIONAL_REPRESENTATION('',(#9067),#9071);
#9067 = LINE('',#9068,#9069);
#9068 = CARTESIAN_POINT('',(0.8,0.));
#9069 = VECTOR('',#9070,1.);
#9070 = DIRECTION('',(0.,1.));
#9071 = ( GEOMETRIC_REPRESENTATION_CONTEXT(2) 
PARAMETRIC_REPRESENTATION_CONTEXT() REPRESENTATION_CONTEXT('2D SPACE',''
  ) );
#9072 = FACE_BOUND('',#9073,.T.);
#9073 = EDGE_LOOP('',(#9074));
#9074 = ORIENTED_EDGE('',*,*,#9075,.F.);
#9075 = EDGE_CURVE('',#9076,#9076,#9078,.T.);
#9076 = VERTEX_POINT('',#9077);
#9077 = CARTESIAN_POINT('',(10.399865229111,-2.547232332879E-15,75.1));
#9078 = SURFACE_CURVE('',#9079,(#9084,#9091),.PCURVE_S1.);
#9079 = CIRCLE('',#9080,10.399865229111);
#9080 = AXIS2_PLACEMENT_3D('',#9081,#9082,#9083);
#9081 = CARTESIAN_POINT('',(0.,0.,75.1));
#9082 = DIRECTION('',(0.,0.,1.));
#9083 = DIRECTION('',(1.,0.,-0.));
#9084 = PCURVE('',#8653,#9085);
#9085 = DEFINITIONAL_REPRESENTATION('',(#9086),#9090);
#9086 = CIRCLE('',#9087,10.399865229111);
#9087 = AXIS2_PLACEMENT_2D('',#9088,#9089);
#9088 = CARTESIAN_POINT('',(0.,0.));
#9089 = DIRECTION('',(1.,0.));
#9090 = ( GEOMETRIC_REPRESENTATION_CONTEXT(2) 
PARAMETRIC_REPRESENTATION_CONTEXT() REPRESENTATION_CONTEXT('2D SPACE',''
  ) );
#9091 = PCURVE('',#9092,#9097);
#9092 = CONICAL_SURFACE('',#9093,10.3,2.694765308926E-02);
#9093 = AXIS2_PLACEMENT_3D('',#9094,#9095,#9096);
#9094 = CARTESIAN_POINT('',(0.,0.,71.395));
#9095 = DIRECTION('',(0.,0.,1.));
#9096 = DIRECTION('',(1.,0.,-0.));
#9097 = DEFINITIONAL_REPRESENTATION('',(#9098),#9102);
#9098 = LINE('',#9099,#9100);
#9099 = CARTESIAN_POINT('',(0.,3.705));
#9100 = VECTOR('',#9101,1.);
#9101 = DIRECTION('',(1.,0.));
#9102 = ( GEOMETRIC_REPRESENTATION_CONTEXT(2) 
PARAMETRIC_REPRESENTATION_CONTEXT() REPRESENTATION_CONTEXT('2D SPACE',''
  ) );
#9103 = ADVANCED_FACE('',(#9104),#8913,.F.);
#9104 = FACE_BOUND('',#9105,.F.);
#9105 = EDGE_LOOP('',(#9106,#9129,#9130,#9131));
#9106 = ORIENTED_EDGE('',*,*,#9107,.F.);
#9107 = EDGE_CURVE('',#8872,#9108,#9110,.T.);
#9108 = VERTEX_POINT('',#9109);
#9109 = CARTESIAN_POINT('',(-10.55,0.6,74.3));
#9110 = SURFACE_CURVE('',#9111,(#9115,#9122),.PCURVE_S1.);
#9111 = LINE('',#9112,#9113);
#9112 = CARTESIAN_POINT('',(-12.95,0.6,74.3));
#9113 = VECTOR('',#9114,1.);
#9114 = DIRECTION('',(1.,0.,-0.));
#9115 = PCURVE('',#8913,#9116);
#9116 = DEFINITIONAL_REPRESENTATION('',(#9117),#9121);
#9117 = LINE('',#9118,#9119);
#9118 = CARTESIAN_POINT('',(0.,0.));
#9119 = VECTOR('',#9120,1.);
#9120 = DIRECTION('',(0.,1.));
#9121 = ( GEOMETRIC_REPRESENTATION_CONTEXT(2) 
PARAMETRIC_REPRESENTATION_CONTEXT() REPRESENTATION_CONTEXT('2D SPACE',''
  ) );
#9122 = PCURVE('',#8888,#9123);
#9123 = DEFINITIONAL_REPRESENTATION('',(#9124),#9128);
#9124 = LINE('',#9125,#9126);
#9125 = CARTESIAN_POINT('',(0.,1.2));
#9126 = VECTOR('',#9127,1.);
#9127 = DIRECTION('',(1.,0.));
#9128 = ( GEOMETRIC_REPRESENTATION_CONTEXT(2) 
PARAMETRIC_REPRESENTATION_CONTEXT() REPRESENTATION_CONTEXT('2D SPACE',''
  ) );
#9129 = ORIENTED_EDGE('',*,*,#8900,.T.);
#9130 = ORIENTED_EDGE('',*,*,#8979,.T.);
#9131 = ORIENTED_EDGE('',*,*,#9132,.F.);
#9132 = EDGE_CURVE('',#9108,#8980,#9133,.T.);
#9133 = SURFACE_CURVE('',#9134,(#9138,#9145),.PCURVE_S1.);
#9134 = LINE('',#9135,#9136);
#9135 = CARTESIAN_POINT('',(-10.55,0.6,74.3));
#9136 = VECTOR('',#9137,1.);
#9137 = DIRECTION('',(0.,0.,1.));
#9138 = PCURVE('',#8913,#9139);
#9139 = DEFINITIONAL_REPRESENTATION('',(#9140),#9144);
#9140 = LINE('',#9141,#9142);
#9141 = CARTESIAN_POINT('',(0.,2.4));
#9142 = VECTOR('',#9143,1.);
#9143 = DIRECTION('',(1.,0.));
#9144 = ( GEOMETRIC_REPRESENTATION_CONTEXT(2) 
PARAMETRIC_REPRESENTATION_CONTEXT() REPRESENTATION_CONTEXT('2D SPACE',''
  ) );
#9145 = PCURVE('',#9018,#9146);
#9146 = DEFINITIONAL_REPRESENTATION('',(#9147),#9151);
#9147 = LINE('',#9148,#9149);
#9148 = CARTESIAN_POINT('',(0.,-1.2));
#9149 = VECTOR('',#9150,1.);
#9150 = DIRECTION('',(1.,0.));
#9151 = ( GEOMETRIC_REPRESENTATION_CONTEXT(2) 
PARAMETRIC_REPRESENTATION_CONTEXT() REPRESENTATION_CONTEXT('2D SPACE',''
  ) );
#9152 = ADVANCED_FACE('',(#9153),#8888,.T.);
#9153 = FACE_BOUND('',#9154,.T.);
#9154 = EDGE_LOOP('',(#9155,#9156,#9157,#9180));
#9155 = ORIENTED_EDGE('',*,*,#9107,.F.);
#9156 = ORIENTED_EDGE('',*,*,#8871,.T.);
#9157 = ORIENTED_EDGE('',*,*,#9158,.T.);
#9158 = EDGE_CURVE('',#8846,#9159,#9161,.T.);
#9159 = VERTEX_POINT('',#9160);
#9160 = CARTESIAN_POINT('',(-10.55,-0.6,74.3));
#9161 = SURFACE_CURVE('',#9162,(#9166,#9173),.PCURVE_S1.);
#9162 = LINE('',#9163,#9164);
#9163 = CARTESIAN_POINT('',(-12.95,-0.6,74.3));
#9164 = VECTOR('',#9165,1.);
#9165 = DIRECTION('',(1.,0.,-0.));
#9166 = PCURVE('',#8888,#9167);
#9167 = DEFINITIONAL_REPRESENTATION('',(#9168),#9172);
#9168 = LINE('',#9169,#9170);
#9169 = CARTESIAN_POINT('',(0.,0.));
#9170 = VECTOR('',#9171,1.);
#9171 = DIRECTION('',(1.,0.));
#9172 = ( GEOMETRIC_REPRESENTATION_CONTEXT(2) 
PARAMETRIC_REPRESENTATION_CONTEXT() REPRESENTATION_CONTEXT('2D SPACE',''
  ) );
#9173 = PCURVE('',#8860,#9174);
#9174 = DEFINITIONAL_REPRESENTATION('',(#9175),#9179);
#9175 = LINE('',#9176,#9177);
#9176 = CARTESIAN_POINT('',(0.,0.));
#9177 = VECTOR('',#9178,1.);
#9178 = DIRECTION('',(0.,1.));
#9179 = ( GEOMETRIC_REPRESENTATION_CONTEXT(2) 
PARAMETRIC_REPRESENTATION_CONTEXT() REPRESENTATION_CONTEXT('2D SPACE',''
  ) );
#9180 = ORIENTED_EDGE('',*,*,#9181,.T.);
#9181 = EDGE_CURVE('',#9159,#9108,#9182,.T.);
#9182 = SURFACE_CURVE('',#9183,(#9187,#9194),.PCURVE_S1.);
#9183 = LINE('',#9184,#9185);
#9184 = CARTESIAN_POINT('',(-10.55,-0.6,74.3));
#9185 = VECTOR('',#9186,1.);
#9186 = DIRECTION('',(-0.,1.,0.));
#9187 = PCURVE('',#8888,#9188);
#9188 = DEFINITIONAL_REPRESENTATION('',(#9189),#9193);
#9189 = LINE('',#9190,#9191);
#9190 = CARTESIAN_POINT('',(2.4,0.));
#9191 = VECTOR('',#9192,1.);
#9192 = DIRECTION('',(0.,1.));
#9193 = ( GEOMETRIC_REPRESENTATION_CONTEXT(2) 
PARAMETRIC_REPRESENTATION_CONTEXT() REPRESENTATION_CONTEXT('2D SPACE',''
  ) );
#9194 = PCURVE('',#9018,#9195);
#9195 = DEFINITIONAL_REPRESENTATION('',(#9196),#9200);
#9196 = LINE('',#9197,#9198);
#9197 = CARTESIAN_POINT('',(0.,0.));
#9198 = VECTOR('',#9199,1.);
#9199 = DIRECTION('',(0.,-1.));
#9200 = ( GEOMETRIC_REPRESENTATION_CONTEXT(2) 
PARAMETRIC_REPRESENTATION_CONTEXT() REPRESENTATION_CONTEXT('2D SPACE',''
  ) );
#9201 = ADVANCED_FACE('',(#9202),#8860,.T.);
#9202 = FACE_BOUND('',#9203,.T.);
#9203 = EDGE_LOOP('',(#9204,#9205,#9206,#9207));
#9204 = ORIENTED_EDGE('',*,*,#9158,.F.);
#9205 = ORIENTED_EDGE('',*,*,#8845,.T.);
#9206 = ORIENTED_EDGE('',*,*,#9030,.T.);
#9207 = ORIENTED_EDGE('',*,*,#9208,.F.);
#9208 = EDGE_CURVE('',#9159,#9003,#9209,.T.);
#9209 = SURFACE_CURVE('',#9210,(#9214,#9221),.PCURVE_S1.);
#9210 = LINE('',#9211,#9212);
#9211 = CARTESIAN_POINT('',(-10.55,-0.6,74.3));
#9212 = VECTOR('',#9213,1.);
#9213 = DIRECTION('',(0.,0.,1.));
#9214 = PCURVE('',#8860,#9215);
#9215 = DEFINITIONAL_REPRESENTATION('',(#9216),#9220);
#9216 = LINE('',#9217,#9218);
#9217 = CARTESIAN_POINT('',(0.,2.4));
#9218 = VECTOR('',#9219,1.);
#9219 = DIRECTION('',(1.,0.));
#9220 = ( GEOMETRIC_REPRESENTATION_CONTEXT(2) 
PARAMETRIC_REPRESENTATION_CONTEXT() REPRESENTATION_CONTEXT('2D SPACE',''
  ) );
#9221 = PCURVE('',#9018,#9222);
#9222 = DEFINITIONAL_REPRESENTATION('',(#9223),#9227);
#9223 = LINE('',#9224,#9225);
#9224 = CARTESIAN_POINT('',(0.,0.));
#9225 = VECTOR('',#9226,1.);
#9226 = DIRECTION('',(1.,0.));
#9227 = ( GEOMETRIC_REPRESENTATION_CONTEXT(2) 
PARAMETRIC_REPRESENTATION_CONTEXT() REPRESENTATION_CONTEXT('2D SPACE',''
  ) );
#9228 = ADVANCED_FACE('',(#9229),#8810,.T.);
#9229 = FACE_BOUND('',#9230,.T.);
#9230 = EDGE_LOOP('',(#9231,#9254,#9275,#9276));
#9231 = ORIENTED_EDGE('',*,*,#9232,.F.);
#9232 = EDGE_CURVE('',#9233,#8772,#9235,.T.);
#9233 = VERTEX_POINT('',#9234);
#9234 = CARTESIAN_POINT('',(10.55,-0.6,74.3));
#9235 = SURFACE_CURVE('',#9236,(#9240,#9247),.PCURVE_S1.);
#9236 = LINE('',#9237,#9238);
#9237 = CARTESIAN_POINT('',(10.55,-0.6,74.3));
#9238 = VECTOR('',#9239,1.);
#9239 = DIRECTION('',(1.,0.,-0.));
#9240 = PCURVE('',#8810,#9241);
#9241 = DEFINITIONAL_REPRESENTATION('',(#9242),#9246);
#9242 = LINE('',#9243,#9244);
#9243 = CARTESIAN_POINT('',(0.,0.));
#9244 = VECTOR('',#9245,1.);
#9245 = DIRECTION('',(0.,1.));
#9246 = ( GEOMETRIC_REPRESENTATION_CONTEXT(2) 
PARAMETRIC_REPRESENTATION_CONTEXT() REPRESENTATION_CONTEXT('2D SPACE',''
  ) );
#9247 = PCURVE('',#8708,#9248);
#9248 = DEFINITIONAL_REPRESENTATION('',(#9249),#9253);
#9249 = LINE('',#9250,#9251);
#9250 = CARTESIAN_POINT('',(0.,0.));
#9251 = VECTOR('',#9252,1.);
#9252 = DIRECTION('',(1.,0.));
#9253 = ( GEOMETRIC_REPRESENTATION_CONTEXT(2) 
PARAMETRIC_REPRESENTATION_CONTEXT() REPRESENTATION_CONTEXT('2D SPACE',''
  ) );
#9254 = ORIENTED_EDGE('',*,*,#9255,.T.);
#9255 = EDGE_CURVE('',#9233,#8928,#9256,.T.);
#9256 = SURFACE_CURVE('',#9257,(#9261,#9268),.PCURVE_S1.);
#9257 = LINE('',#9258,#9259);
#9258 = CARTESIAN_POINT('',(10.55,-0.6,74.3));
#9259 = VECTOR('',#9260,1.);
#9260 = DIRECTION('',(0.,0.,1.));
#9261 = PCURVE('',#8810,#9262);
#9262 = DEFINITIONAL_REPRESENTATION('',(#9263),#9267);
#9263 = LINE('',#9264,#9265);
#9264 = CARTESIAN_POINT('',(0.,0.));
#9265 = VECTOR('',#9266,1.);
#9266 = DIRECTION('',(1.,0.));
#9267 = ( GEOMETRIC_REPRESENTATION_CONTEXT(2) 
PARAMETRIC_REPRESENTATION_CONTEXT() REPRESENTATION_CONTEXT('2D SPACE',''
  ) );
#9268 = PCURVE('',#8945,#9269);
#9269 = DEFINITIONAL_REPRESENTATION('',(#9270),#9274);
#9270 = LINE('',#9271,#9272);
#9271 = CARTESIAN_POINT('',(0.,0.));
#9272 = VECTOR('',#9273,1.);
#9273 = DIRECTION('',(1.,0.));
#9274 = ( GEOMETRIC_REPRESENTATION_CONTEXT(2) 
PARAMETRIC_REPRESENTATION_CONTEXT() REPRESENTATION_CONTEXT('2D SPACE',''
  ) );
#9275 = ORIENTED_EDGE('',*,*,#9052,.T.);
#9276 = ORIENTED_EDGE('',*,*,#8795,.F.);
#9277 = ADVANCED_FACE('',(#9278),#8708,.T.);
#9278 = FACE_BOUND('',#9279,.T.);
#9279 = EDGE_LOOP('',(#9280,#9303,#9324,#9325,#9326));
#9280 = ORIENTED_EDGE('',*,*,#9281,.F.);
#9281 = EDGE_CURVE('',#9282,#8666,#9284,.T.);
#9282 = VERTEX_POINT('',#9283);
#9283 = CARTESIAN_POINT('',(10.55,0.6,74.3));
#9284 = SURFACE_CURVE('',#9285,(#9289,#9296),.PCURVE_S1.);
#9285 = LINE('',#9286,#9287);
#9286 = CARTESIAN_POINT('',(10.55,0.6,74.3));
#9287 = VECTOR('',#9288,1.);
#9288 = DIRECTION('',(1.,0.,-0.));
#9289 = PCURVE('',#8708,#9290);
#9290 = DEFINITIONAL_REPRESENTATION('',(#9291),#9295);
#9291 = LINE('',#9292,#9293);
#9292 = CARTESIAN_POINT('',(0.,1.2));
#9293 = VECTOR('',#9294,1.);
#9294 = DIRECTION('',(1.,0.));
#9295 = ( GEOMETRIC_REPRESENTATION_CONTEXT(2) 
PARAMETRIC_REPRESENTATION_CONTEXT() REPRESENTATION_CONTEXT('2D SPACE',''
  ) );
#9296 = PCURVE('',#8680,#9297);
#9297 = DEFINITIONAL_REPRESENTATION('',(#9298),#9302);
#9298 = LINE('',#9299,#9300);
#9299 = CARTESIAN_POINT('',(0.,0.));
#9300 = VECTOR('',#9301,1.);
#9301 = DIRECTION('',(0.,1.));
#9302 = ( GEOMETRIC_REPRESENTATION_CONTEXT(2) 
PARAMETRIC_REPRESENTATION_CONTEXT() REPRESENTATION_CONTEXT('2D SPACE',''
  ) );
#9303 = ORIENTED_EDGE('',*,*,#9304,.F.);
#9304 = EDGE_CURVE('',#9233,#9282,#9305,.T.);
#9305 = SURFACE_CURVE('',#9306,(#9310,#9317),.PCURVE_S1.);
#9306 = LINE('',#9307,#9308);
#9307 = CARTESIAN_POINT('',(10.55,-0.6,74.3));
#9308 = VECTOR('',#9309,1.);
#9309 = DIRECTION('',(-0.,1.,0.));
#9310 = PCURVE('',#8708,#9311);
#9311 = DEFINITIONAL_REPRESENTATION('',(#9312),#9316);
#9312 = LINE('',#9313,#9314);
#9313 = CARTESIAN_POINT('',(0.,0.));
#9314 = VECTOR('',#9315,1.);
#9315 = DIRECTION('',(0.,1.));
#9316 = ( GEOMETRIC_REPRESENTATION_CONTEXT(2) 
PARAMETRIC_REPRESENTATION_CONTEXT() REPRESENTATION_CONTEXT('2D SPACE',''
  ) );
#9317 = PCURVE('',#8945,#9318);
#9318 = DEFINITIONAL_REPRESENTATION('',(#9319),#9323);
#9319 = LINE('',#9320,#9321);
#9320 = CARTESIAN_POINT('',(0.,0.));
#9321 = VECTOR('',#9322,1.);
#9322 = DIRECTION('',(0.,-1.));
#9323 = ( GEOMETRIC_REPRESENTATION_CONTEXT(2) 
PARAMETRIC_REPRESENTATION_CONTEXT() REPRESENTATION_CONTEXT('2D SPACE',''
  ) );
#9324 = ORIENTED_EDGE('',*,*,#9232,.T.);
#9325 = ORIENTED_EDGE('',*,*,#8771,.T.);
#9326 = ORIENTED_EDGE('',*,*,#8691,.T.);
#9327 = ADVANCED_FACE('',(#9328,#9331),#8758,.F.);
#9328 = FACE_BOUND('',#9329,.F.);
#9329 = EDGE_LOOP('',(#9330));
#9330 = ORIENTED_EDGE('',*,*,#8743,.T.);
#9331 = FACE_BOUND('',#9332,.F.);
#9332 = EDGE_LOOP('',(#9333));
#9333 = ORIENTED_EDGE('',*,*,#9334,.F.);
#9334 = EDGE_CURVE('',#9335,#9335,#9337,.T.);
#9335 = VERTEX_POINT('',#9336);
#9336 = CARTESIAN_POINT('',(12.45,-3.049370529877E-15,71.9));
#9337 = SURFACE_CURVE('',#9338,(#9343,#9350),.PCURVE_S1.);
#9338 = CIRCLE('',#9339,12.45);
#9339 = AXIS2_PLACEMENT_3D('',#9340,#9341,#9342);
#9340 = CARTESIAN_POINT('',(0.,0.,71.9));
#9341 = DIRECTION('',(0.,0.,1.));
#9342 = DIRECTION('',(1.,0.,-0.));
#9343 = PCURVE('',#8758,#9344);
#9344 = DEFINITIONAL_REPRESENTATION('',(#9345),#9349);
#9345 = CIRCLE('',#9346,12.45);
#9346 = AXIS2_PLACEMENT_2D('',#9347,#9348);
#9347 = CARTESIAN_POINT('',(0.,0.));
#9348 = DIRECTION('',(1.,0.));
#9349 = ( GEOMETRIC_REPRESENTATION_CONTEXT(2) 
PARAMETRIC_REPRESENTATION_CONTEXT() REPRESENTATION_CONTEXT('2D SPACE',''
  ) );
#9350 = PCURVE('',#9351,#9356);
#9351 = CYLINDRICAL_SURFACE('',#9352,12.45);
#9352 = AXIS2_PLACEMENT_3D('',#9353,#9354,#9355);
#9353 = CARTESIAN_POINT('',(0.,0.,71.4));
#9354 = DIRECTION('',(0.,0.,1.));
#9355 = DIRECTION('',(1.,0.,-0.));
#9356 = DEFINITIONAL_REPRESENTATION('',(#9357),#9361);
#9357 = LINE('',#9358,#9359);
#9358 = CARTESIAN_POINT('',(0.,0.5));
#9359 = VECTOR('',#9360,1.);
#9360 = DIRECTION('',(1.,0.));
#9361 = ( GEOMETRIC_REPRESENTATION_CONTEXT(2) 
PARAMETRIC_REPRESENTATION_CONTEXT() REPRESENTATION_CONTEXT('2D SPACE',''
  ) );
#9362 = ADVANCED_FACE('',(#9363),#8680,.F.);
#9363 = FACE_BOUND('',#9364,.F.);
#9364 = EDGE_LOOP('',(#9365,#9366,#9387,#9388));
#9365 = ORIENTED_EDGE('',*,*,#9281,.F.);
#9366 = ORIENTED_EDGE('',*,*,#9367,.T.);
#9367 = EDGE_CURVE('',#9282,#8930,#9368,.T.);
#9368 = SURFACE_CURVE('',#9369,(#9373,#9380),.PCURVE_S1.);
#9369 = LINE('',#9370,#9371);
#9370 = CARTESIAN_POINT('',(10.55,0.6,74.3));
#9371 = VECTOR('',#9372,1.);
#9372 = DIRECTION('',(0.,0.,1.));
#9373 = PCURVE('',#8680,#9374);
#9374 = DEFINITIONAL_REPRESENTATION('',(#9375),#9379);
#9375 = LINE('',#9376,#9377);
#9376 = CARTESIAN_POINT('',(0.,0.));
#9377 = VECTOR('',#9378,1.);
#9378 = DIRECTION('',(1.,0.));
#9379 = ( GEOMETRIC_REPRESENTATION_CONTEXT(2) 
PARAMETRIC_REPRESENTATION_CONTEXT() REPRESENTATION_CONTEXT('2D SPACE',''
  ) );
#9380 = PCURVE('',#8945,#9381);
#9381 = DEFINITIONAL_REPRESENTATION('',(#9382),#9386);
#9382 = LINE('',#9383,#9384);
#9383 = CARTESIAN_POINT('',(0.,-1.2));
#9384 = VECTOR('',#9385,1.);
#9385 = DIRECTION('',(1.,0.));
#9386 = ( GEOMETRIC_REPRESENTATION_CONTEXT(2) 
PARAMETRIC_REPRESENTATION_CONTEXT() REPRESENTATION_CONTEXT('2D SPACE',''
  ) );
#9387 = ORIENTED_EDGE('',*,*,#8957,.T.);
#9388 = ORIENTED_EDGE('',*,*,#8665,.F.);
#9389 = ADVANCED_FACE('',(#9390),#8945,.T.);
#9390 = FACE_BOUND('',#9391,.T.);
#9391 = EDGE_LOOP('',(#9392,#9393,#9394,#9395));
#9392 = ORIENTED_EDGE('',*,*,#9255,.F.);
#9393 = ORIENTED_EDGE('',*,*,#9304,.T.);
#9394 = ORIENTED_EDGE('',*,*,#9367,.T.);
#9395 = ORIENTED_EDGE('',*,*,#8927,.F.);
#9396 = ADVANCED_FACE('',(#9397),#9018,.F.);
#9397 = FACE_BOUND('',#9398,.F.);
#9398 = EDGE_LOOP('',(#9399,#9400,#9401,#9402));
#9399 = ORIENTED_EDGE('',*,*,#9208,.F.);
#9400 = ORIENTED_EDGE('',*,*,#9181,.T.);
#9401 = ORIENTED_EDGE('',*,*,#9132,.T.);
#9402 = ORIENTED_EDGE('',*,*,#9002,.F.);
#9403 = ADVANCED_FACE('',(#9404),#9092,.F.);
#9404 = FACE_BOUND('',#9405,.F.);
#9405 = EDGE_LOOP('',(#9406,#9407,#9430,#9457));
#9406 = ORIENTED_EDGE('',*,*,#9075,.F.);
#9407 = ORIENTED_EDGE('',*,*,#9408,.F.);
#9408 = EDGE_CURVE('',#9409,#9076,#9411,.T.);
#9409 = VERTEX_POINT('',#9410);
#9410 = CARTESIAN_POINT('',(10.300134770889,-2.522805415591E-15,71.4));
#9411 = SEAM_CURVE('',#9412,(#9416,#9423),.PCURVE_S1.);
#9412 = LINE('',#9413,#9414);
#9413 = CARTESIAN_POINT('',(10.3,-2.522772406244E-15,71.395));
#9414 = VECTOR('',#9415,1.);
#9415 = DIRECTION('',(2.694439175116E-02,-6.599472622607E-18,
    0.999636933968));
#9416 = PCURVE('',#9092,#9417);
#9417 = DEFINITIONAL_REPRESENTATION('',(#9418),#9422);
#9418 = LINE('',#9419,#9420);
#9419 = CARTESIAN_POINT('',(6.28318530718,-0.));
#9420 = VECTOR('',#9421,1.);
#9421 = DIRECTION('',(0.,1.));
#9422 = ( GEOMETRIC_REPRESENTATION_CONTEXT(2) 
PARAMETRIC_REPRESENTATION_CONTEXT() REPRESENTATION_CONTEXT('2D SPACE',''
  ) );
#9423 = PCURVE('',#9092,#9424);
#9424 = DEFINITIONAL_REPRESENTATION('',(#9425),#9429);
#9425 = LINE('',#9426,#9427);
#9426 = CARTESIAN_POINT('',(0.,-0.));
#9427 = VECTOR('',#9428,1.);
#9428 = DIRECTION('',(0.,1.));
#9429 = ( GEOMETRIC_REPRESENTATION_CONTEXT(2) 
PARAMETRIC_REPRESENTATION_CONTEXT() REPRESENTATION_CONTEXT('2D SPACE',''
  ) );
#9430 = ORIENTED_EDGE('',*,*,#9431,.T.);
#9431 = EDGE_CURVE('',#9409,#9409,#9432,.T.);
#9432 = SURFACE_CURVE('',#9433,(#9438,#9445),.PCURVE_S1.);
#9433 = CIRCLE('',#9434,10.300134770889);
#9434 = AXIS2_PLACEMENT_3D('',#9435,#9436,#9437);
#9435 = CARTESIAN_POINT('',(0.,0.,71.4));
#9436 = DIRECTION('',(0.,0.,1.));
#9437 = DIRECTION('',(1.,0.,-0.));
#9438 = PCURVE('',#9092,#9439);
#9439 = DEFINITIONAL_REPRESENTATION('',(#9440),#9444);
#9440 = LINE('',#9441,#9442);
#9441 = CARTESIAN_POINT('',(0.,5.00000000001E-03));
#9442 = VECTOR('',#9443,1.);
#9443 = DIRECTION('',(1.,0.));
#9444 = ( GEOMETRIC_REPRESENTATION_CONTEXT(2) 
PARAMETRIC_REPRESENTATION_CONTEXT() REPRESENTATION_CONTEXT('2D SPACE',''
  ) );
#9445 = PCURVE('',#9446,#9451);
#9446 = PLANE('',#9447);
#9447 = AXIS2_PLACEMENT_3D('',#9448,#9449,#9450);
#9448 = CARTESIAN_POINT('',(0.,0.,71.4));
#9449 = DIRECTION('',(0.,0.,1.));
#9450 = DIRECTION('',(1.,0.,-0.));
#9451 = DEFINITIONAL_REPRESENTATION('',(#9452),#9456);
#9452 = CIRCLE('',#9453,10.300134770889);
#9453 = AXIS2_PLACEMENT_2D('',#9454,#9455);
#9454 = CARTESIAN_POINT('',(0.,0.));
#9455 = DIRECTION('',(1.,0.));
#9456 = ( GEOMETRIC_REPRESENTATION_CONTEXT(2) 
PARAMETRIC_REPRESENTATION_CONTEXT() REPRESENTATION_CONTEXT('2D SPACE',''
  ) );
#9457 = ORIENTED_EDGE('',*,*,#9408,.T.);
#9458 = ADVANCED_FACE('',(#9459),#9351,.T.);
#9459 = FACE_BOUND('',#9460,.T.);
#9460 = EDGE_LOOP('',(#9461,#9462,#9485,#9507));
#9461 = ORIENTED_EDGE('',*,*,#9334,.F.);
#9462 = ORIENTED_EDGE('',*,*,#9463,.F.);
#9463 = EDGE_CURVE('',#9464,#9335,#9466,.T.);
#9464 = VERTEX_POINT('',#9465);
#9465 = CARTESIAN_POINT('',(12.45,-3.049370529877E-15,71.4));
#9466 = SEAM_CURVE('',#9467,(#9471,#9478),.PCURVE_S1.);
#9467 = LINE('',#9468,#9469);
#9468 = CARTESIAN_POINT('',(12.45,-3.049370529877E-15,71.4));
#9469 = VECTOR('',#9470,1.);
#9470 = DIRECTION('',(0.,0.,1.));
#9471 = PCURVE('',#9351,#9472);
#9472 = DEFINITIONAL_REPRESENTATION('',(#9473),#9477);
#9473 = LINE('',#9474,#9475);
#9474 = CARTESIAN_POINT('',(6.28318530718,-0.));
#9475 = VECTOR('',#9476,1.);
#9476 = DIRECTION('',(0.,1.));
#9477 = ( GEOMETRIC_REPRESENTATION_CONTEXT(2) 
PARAMETRIC_REPRESENTATION_CONTEXT() REPRESENTATION_CONTEXT('2D SPACE',''
  ) );
#9478 = PCURVE('',#9351,#9479);
#9479 = DEFINITIONAL_REPRESENTATION('',(#9480),#9484);
#9480 = LINE('',#9481,#9482);
#9481 = CARTESIAN_POINT('',(0.,-0.));
#9482 = VECTOR('',#9483,1.);
#9483 = DIRECTION('',(0.,1.));
#9484 = ( GEOMETRIC_REPRESENTATION_CONTEXT(2) 
PARAMETRIC_REPRESENTATION_CONTEXT() REPRESENTATION_CONTEXT('2D SPACE',''
  ) );
#9485 = ORIENTED_EDGE('',*,*,#9486,.T.);
#9486 = EDGE_CURVE('',#9464,#9464,#9487,.T.);
#9487 = SURFACE_CURVE('',#9488,(#9493,#9500),.PCURVE_S1.);
#9488 = CIRCLE('',#9489,12.45);
#9489 = AXIS2_PLACEMENT_3D('',#9490,#9491,#9492);
#9490 = CARTESIAN_POINT('',(0.,0.,71.4));
#9491 = DIRECTION('',(0.,0.,1.));
#9492 = DIRECTION('',(1.,0.,-0.));
#9493 = PCURVE('',#9351,#9494);
#9494 = DEFINITIONAL_REPRESENTATION('',(#9495),#9499);
#9495 = LINE('',#9496,#9497);
#9496 = CARTESIAN_POINT('',(0.,0.));
#9497 = VECTOR('',#9498,1.);
#9498 = DIRECTION('',(1.,0.));
#9499 = ( GEOMETRIC_REPRESENTATION_CONTEXT(2) 
PARAMETRIC_REPRESENTATION_CONTEXT() REPRESENTATION_CONTEXT('2D SPACE',''
  ) );
#9500 = PCURVE('',#9446,#9501);
#9501 = DEFINITIONAL_REPRESENTATION('',(#9502),#9506);
#9502 = CIRCLE('',#9503,12.45);
#9503 = AXIS2_PLACEMENT_2D('',#9504,#9505);
#9504 = CARTESIAN_POINT('',(0.,0.));
#9505 = DIRECTION('',(1.,0.));
#9506 = ( GEOMETRIC_REPRESENTATION_CONTEXT(2) 
PARAMETRIC_REPRESENTATION_CONTEXT() REPRESENTATION_CONTEXT('2D SPACE',''
  ) );
#9507 = ORIENTED_EDGE('',*,*,#9463,.T.);
#9508 = ADVANCED_FACE('',(#9509,#9512),#9446,.F.);
#9509 = FACE_BOUND('',#9510,.F.);
#9510 = EDGE_LOOP('',(#9511));
#9511 = ORIENTED_EDGE('',*,*,#9486,.T.);
#9512 = FACE_BOUND('',#9513,.F.);
#9513 = EDGE_LOOP('',(#9514));
#9514 = ORIENTED_EDGE('',*,*,#9431,.F.);
#9515 = ( GEOMETRIC_REPRESENTATION_CONTEXT(3) 
GLOBAL_UNCERTAINTY_ASSIGNED_CONTEXT((#9519)) 
GLOBAL_UNIT_ASSIGNED_CONTEXT((#9516,#9517,#9518)) REPRESENTATION_CONTEXT
('Context #1','3D Context with UNIT and UNCERTAINTY') );
#9516 = ( LENGTH_UNIT() NAMED_UNIT(*) SI_UNIT(.MILLI.,.METRE.) );
#9517 = ( NAMED_UNIT(*) PLANE_ANGLE_UNIT() SI_UNIT($,.RADIAN.) );
#9518 = ( NAMED_UNIT(*) SI_UNIT($,.STERADIAN.) SOLID_ANGLE_UNIT() );
#9519 = UNCERTAINTY_MEASURE_WITH_UNIT(LENGTH_MEASURE(1.E-07),#9516,
  'distance_accuracy_value','confusion accuracy');
#9520 = CONTEXT_DEPENDENT_SHAPE_REPRESENTATION(#9521,#9523);
#9521 = ( REPRESENTATION_RELATIONSHIP('','',#8622,#10) 
REPRESENTATION_RELATIONSHIP_WITH_TRANSFORMATION(#9522) 
SHAPE_REPRESENTATION_RELATIONSHIP() );
#9522 = ITEM_DEFINED_TRANSFORMATION('','',#11,#19);
#9523 = PRODUCT_DEFINITION_SHAPE('Placement','Placement of an item',
  #9524);
#9524 = NEXT_ASSEMBLY_USAGE_OCCURRENCE('2','VIS_ring_A_Al6061_black','',
  #5,#8617,$);
#9525 = PRODUCT_RELATED_PRODUCT_CATEGORY('part',$,(#8619));
#9526 = SHAPE_DEFINITION_REPRESENTATION(#9527,#9533);
#9527 = PRODUCT_DEFINITION_SHAPE('','',#9528);
#9528 = PRODUCT_DEFINITION('design','',#9529,#9532);
#9529 = PRODUCT_DEFINITION_FORMATION('','',#9530);
#9530 = PRODUCT('NIR_ring_B_Al6061_black','NIR_ring_B_Al6061_black','',(
    #9531));
#9531 = PRODUCT_CONTEXT('',#2,'mechanical');
#9532 = PRODUCT_DEFINITION_CONTEXT('part definition',#2,'design');
#9533 = ADVANCED_BREP_SHAPE_REPRESENTATION('',(#11,#9534),#10602);
#9534 = MANIFOLD_SOLID_BREP('',#9535);
#9535 = CLOSED_SHELL('',(#9536,#10024,#10103,#10130,#10157,#10184,#10189
    ,#10216,#10243,#10270,#10275,#10310,#10365,#10420,#10455,#10490,
    #10545,#10595));
#9536 = ADVANCED_FACE('',(#9537),#9552,.T.);
#9537 = FACE_BOUND('',#9538,.T.);
#9538 = EDGE_LOOP('',(#9539,#9575,#9598,#9625,#9626,#9650,#9676,#9705,
    #9731,#9760,#9781,#9805,#9826,#9850,#9876,#9905,#9931,#9960,#9981,
    #10005));
#9539 = ORIENTED_EDGE('',*,*,#9540,.F.);
#9540 = EDGE_CURVE('',#9541,#9543,#9545,.T.);
#9541 = VERTEX_POINT('',#9542);
#9542 = CARTESIAN_POINT('',(12.7,-3.110602869834E-15,81.6));
#9543 = VERTEX_POINT('',#9544);
#9544 = CARTESIAN_POINT('',(5.597320787663,11.4,81.6));
#9545 = SURFACE_CURVE('',#9546,(#9551,#9563),.PCURVE_S1.);
#9546 = CIRCLE('',#9547,12.7);
#9547 = AXIS2_PLACEMENT_3D('',#9548,#9549,#9550);
#9548 = CARTESIAN_POINT('',(0.,0.,81.6));
#9549 = DIRECTION('',(0.,0.,1.));
#9550 = DIRECTION('',(1.,0.,-0.));
#9551 = PCURVE('',#9552,#9557);
#9552 = CYLINDRICAL_SURFACE('',#9553,12.7);
#9553 = AXIS2_PLACEMENT_3D('',#9554,#9555,#9556);
#9554 = CARTESIAN_POINT('',(0.,0.,79.1));
#9555 = DIRECTION('',(0.,0.,1.));
#9556 = DIRECTION('',(1.,0.,-0.));
#9557 = DEFINITIONAL_REPRESENTATION('',(#9558),#9562);
#9558 = LINE('',#9559,#9560);
#9559 = CARTESIAN_POINT('',(0.,2.5));
#9560 = VECTOR('',#9561,1.);
#9561 = DIRECTION('',(1.,0.));
#9562 = ( GEOMETRIC_REPRESENTATION_CONTEXT(2) 
PARAMETRIC_REPRESENTATION_CONTEXT() REPRESENTATION_CONTEXT('2D SPACE',''
  ) );
#9563 = PCURVE('',#9564,#9569);
#9564 = PLANE('',#9565);
#9565 = AXIS2_PLACEMENT_3D('',#9566,#9567,#9568);
#9566 = CARTESIAN_POINT('',(0.,0.,81.6));
#9567 = DIRECTION('',(0.,0.,1.));
#9568 = DIRECTION('',(1.,0.,-0.));
#9569 = DEFINITIONAL_REPRESENTATION('',(#9570),#9574);
#9570 = CIRCLE('',#9571,12.7);
#9571 = AXIS2_PLACEMENT_2D('',#9572,#9573);
#9572 = CARTESIAN_POINT('',(0.,0.));
#9573 = DIRECTION('',(1.,0.));
#9574 = ( GEOMETRIC_REPRESENTATION_CONTEXT(2) 
PARAMETRIC_REPRESENTATION_CONTEXT() REPRESENTATION_CONTEXT('2D SPACE',''
  ) );
#9575 = ORIENTED_EDGE('',*,*,#9576,.F.);
#9576 = EDGE_CURVE('',#9577,#9541,#9579,.T.);
#9577 = VERTEX_POINT('',#9578);
#9578 = CARTESIAN_POINT('',(12.7,-3.110602869834E-15,79.1));
#9579 = SEAM_CURVE('',#9580,(#9584,#9591),.PCURVE_S1.);
#9580 = LINE('',#9581,#9582);
#9581 = CARTESIAN_POINT('',(12.7,-3.110602869834E-15,79.1));
#9582 = VECTOR('',#9583,1.);
#9583 = DIRECTION('',(0.,0.,1.));
#9584 = PCURVE('',#9552,#9585);
#9585 = DEFINITIONAL_REPRESENTATION('',(#9586),#9590);
#9586 = LINE('',#9587,#9588);
#9587 = CARTESIAN_POINT('',(6.28318530718,-0.));
#9588 = VECTOR('',#9589,1.);
#9589 = DIRECTION('',(0.,1.));
#9590 = ( GEOMETRIC_REPRESENTATION_CONTEXT(2) 
PARAMETRIC_REPRESENTATION_CONTEXT() REPRESENTATION_CONTEXT('2D SPACE',''
  ) );
#9591 = PCURVE('',#9552,#9592);
#9592 = DEFINITIONAL_REPRESENTATION('',(#9593),#9597);
#9593 = LINE('',#9594,#9595);
#9594 = CARTESIAN_POINT('',(0.,-0.));
#9595 = VECTOR('',#9596,1.);
#9596 = DIRECTION('',(0.,1.));
#9597 = ( GEOMETRIC_REPRESENTATION_CONTEXT(2) 
PARAMETRIC_REPRESENTATION_CONTEXT() REPRESENTATION_CONTEXT('2D SPACE',''
  ) );
#9598 = ORIENTED_EDGE('',*,*,#9599,.T.);
#9599 = EDGE_CURVE('',#9577,#9577,#9600,.T.);
#9600 = SURFACE_CURVE('',#9601,(#9606,#9613),.PCURVE_S1.);
#9601 = CIRCLE('',#9602,12.7);
#9602 = AXIS2_PLACEMENT_3D('',#9603,#9604,#9605);
#9603 = CARTESIAN_POINT('',(0.,0.,79.1));
#9604 = DIRECTION('',(0.,0.,1.));
#9605 = DIRECTION('',(1.,0.,-0.));
#9606 = PCURVE('',#9552,#9607);
#9607 = DEFINITIONAL_REPRESENTATION('',(#9608),#9612);
#9608 = LINE('',#9609,#9610);
#9609 = CARTESIAN_POINT('',(0.,0.));
#9610 = VECTOR('',#9611,1.);
#9611 = DIRECTION('',(1.,0.));
#9612 = ( GEOMETRIC_REPRESENTATION_CONTEXT(2) 
PARAMETRIC_REPRESENTATION_CONTEXT() REPRESENTATION_CONTEXT('2D SPACE',''
  ) );
#9613 = PCURVE('',#9614,#9619);
#9614 = PLANE('',#9615);
#9615 = AXIS2_PLACEMENT_3D('',#9616,#9617,#9618);
#9616 = CARTESIAN_POINT('',(0.,0.,79.1));
#9617 = DIRECTION('',(0.,0.,1.));
#9618 = DIRECTION('',(1.,0.,-0.));
#9619 = DEFINITIONAL_REPRESENTATION('',(#9620),#9624);
#9620 = CIRCLE('',#9621,12.7);
#9621 = AXIS2_PLACEMENT_2D('',#9622,#9623);
#9622 = CARTESIAN_POINT('',(0.,0.));
#9623 = DIRECTION('',(1.,0.));
#9624 = ( GEOMETRIC_REPRESENTATION_CONTEXT(2) 
PARAMETRIC_REPRESENTATION_CONTEXT() REPRESENTATION_CONTEXT('2D SPACE',''
  ) );
#9625 = ORIENTED_EDGE('',*,*,#9576,.T.);
#9626 = ORIENTED_EDGE('',*,*,#9627,.F.);
#9627 = EDGE_CURVE('',#9628,#9541,#9630,.T.);
#9628 = VERTEX_POINT('',#9629);
#9629 = CARTESIAN_POINT('',(5.597320787663,-11.4,81.6));
#9630 = SURFACE_CURVE('',#9631,(#9636,#9643),.PCURVE_S1.);
#9631 = CIRCLE('',#9632,12.7);
#9632 = AXIS2_PLACEMENT_3D('',#9633,#9634,#9635);
#9633 = CARTESIAN_POINT('',(0.,0.,81.6));
#9634 = DIRECTION('',(0.,0.,1.));
#9635 = DIRECTION('',(1.,0.,-0.));
#9636 = PCURVE('',#9552,#9637);
#9637 = DEFINITIONAL_REPRESENTATION('',(#9638),#9642);
#9638 = LINE('',#9639,#9640);
#9639 = CARTESIAN_POINT('',(0.,2.5));
#9640 = VECTOR('',#9641,1.);
#9641 = DIRECTION('',(1.,0.));
#9642 = ( GEOMETRIC_REPRESENTATION_CONTEXT(2) 
PARAMETRIC_REPRESENTATION_CONTEXT() REPRESENTATION_CONTEXT('2D SPACE',''
  ) );
#9643 = PCURVE('',#9564,#9644);
#9644 = DEFINITIONAL_REPRESENTATION('',(#9645),#9649);
#9645 = CIRCLE('',#9646,12.7);
#9646 = AXIS2_PLACEMENT_2D('',#9647,#9648);
#9647 = CARTESIAN_POINT('',(0.,0.));
#9648 = DIRECTION('',(1.,0.));
#9649 = ( GEOMETRIC_REPRESENTATION_CONTEXT(2) 
PARAMETRIC_REPRESENTATION_CONTEXT() REPRESENTATION_CONTEXT('2D SPACE',''
  ) );
#9650 = ORIENTED_EDGE('',*,*,#9651,.F.);
#9651 = EDGE_CURVE('',#9652,#9628,#9654,.T.);
#9652 = VERTEX_POINT('',#9653);
#9653 = CARTESIAN_POINT('',(5.597320787663,-11.4,80.8));
#9654 = SURFACE_CURVE('',#9655,(#9659,#9665),.PCURVE_S1.);
#9655 = LINE('',#9656,#9657);
#9656 = CARTESIAN_POINT('',(5.597320787663,-11.4,79.1));
#9657 = VECTOR('',#9658,1.);
#9658 = DIRECTION('',(0.,0.,1.));
#9659 = PCURVE('',#9552,#9660);
#9660 = DEFINITIONAL_REPRESENTATION('',(#9661),#9664);
#9661 = B_SPLINE_CURVE_WITH_KNOTS('',1,(#9662,#9663),.UNSPECIFIED.,.F.,
  .F.,(2,2),(1.62,2.5000006),.PIECEWISE_BEZIER_KNOTS.);
#9662 = CARTESIAN_POINT('',(5.168805102778,1.62));
#9663 = CARTESIAN_POINT('',(5.168805102778,2.5000006));
#9664 = ( GEOMETRIC_REPRESENTATION_CONTEXT(2) 
PARAMETRIC_REPRESENTATION_CONTEXT() REPRESENTATION_CONTEXT('2D SPACE',''
  ) );
#9665 = PCURVE('',#9666,#9671);
#9666 = PLANE('',#9667);
#9667 = AXIS2_PLACEMENT_3D('',#9668,#9669,#9670);
#9668 = CARTESIAN_POINT('',(-12.2,-11.4,80.8));
#9669 = DIRECTION('',(-0.,1.,0.));
#9670 = DIRECTION('',(0.,0.,1.));
#9671 = DEFINITIONAL_REPRESENTATION('',(#9672),#9675);
#9672 = B_SPLINE_CURVE_WITH_KNOTS('',1,(#9673,#9674),.UNSPECIFIED.,.F.,
  .F.,(2,2),(1.62,2.5000006),.PIECEWISE_BEZIER_KNOTS.);
#9673 = CARTESIAN_POINT('',(-8.E-02,17.797320787663));
#9674 = CARTESIAN_POINT('',(0.8000006,17.797320787663));
#9675 = ( GEOMETRIC_REPRESENTATION_CONTEXT(2) 
PARAMETRIC_REPRESENTATION_CONTEXT() REPRESENTATION_CONTEXT('2D SPACE',''
  ) );
#9676 = ORIENTED_EDGE('',*,*,#9677,.F.);
#9677 = EDGE_CURVE('',#9678,#9652,#9680,.T.);
#9678 = VERTEX_POINT('',#9679);
#9679 = CARTESIAN_POINT('',(1.590597372059,-12.6,80.8));
#9680 = SURFACE_CURVE('',#9681,(#9686,#9693),.PCURVE_S1.);
#9681 = CIRCLE('',#9682,12.7);
#9682 = AXIS2_PLACEMENT_3D('',#9683,#9684,#9685);
#9683 = CARTESIAN_POINT('',(0.,0.,80.8));
#9684 = DIRECTION('',(0.,0.,1.));
#9685 = DIRECTION('',(1.,0.,-0.));
#9686 = PCURVE('',#9552,#9687);
#9687 = DEFINITIONAL_REPRESENTATION('',(#9688),#9692);
#9688 = LINE('',#9689,#9690);
#9689 = CARTESIAN_POINT('',(0.,1.7));
#9690 = VECTOR('',#9691,1.);
#9691 = DIRECTION('',(1.,0.));
#9692 = ( GEOMETRIC_REPRESENTATION_CONTEXT(2) 
PARAMETRIC_REPRESENTATION_CONTEXT() REPRESENTATION_CONTEXT('2D SPACE',''
  ) );
#9693 = PCURVE('',#9694,#9699);
#9694 = PLANE('',#9695);
#9695 = AXIS2_PLACEMENT_3D('',#9696,#9697,#9698);
#9696 = CARTESIAN_POINT('',(-12.2,-12.6,80.8));
#9697 = DIRECTION('',(0.,0.,1.));
#9698 = DIRECTION('',(1.,0.,-0.));
#9699 = DEFINITIONAL_REPRESENTATION('',(#9700),#9704);
#9700 = CIRCLE('',#9701,12.7);
#9701 = AXIS2_PLACEMENT_2D('',#9702,#9703);
#9702 = CARTESIAN_POINT('',(12.2,12.6));
#9703 = DIRECTION('',(1.,0.));
#9704 = ( GEOMETRIC_REPRESENTATION_CONTEXT(2) 
PARAMETRIC_REPRESENTATION_CONTEXT() REPRESENTATION_CONTEXT('2D SPACE',''
  ) );
#9705 = ORIENTED_EDGE('',*,*,#9706,.T.);
#9706 = EDGE_CURVE('',#9678,#9707,#9709,.T.);
#9707 = VERTEX_POINT('',#9708);
#9708 = CARTESIAN_POINT('',(1.590597372058,-12.6,81.6));
#9709 = SURFACE_CURVE('',#9710,(#9714,#9720),.PCURVE_S1.);
#9710 = LINE('',#9711,#9712);
#9711 = CARTESIAN_POINT('',(1.590597372059,-12.6,79.1));
#9712 = VECTOR('',#9713,1.);
#9713 = DIRECTION('',(0.,0.,1.));
#9714 = PCURVE('',#9552,#9715);
#9715 = DEFINITIONAL_REPRESENTATION('',(#9716),#9719);
#9716 = B_SPLINE_CURVE_WITH_KNOTS('',1,(#9717,#9718),.UNSPECIFIED.,.F.,
  .F.,(2,2),(1.62,2.5000006),.PIECEWISE_BEZIER_KNOTS.);
#9717 = CARTESIAN_POINT('',(4.83796263092,1.62));
#9718 = CARTESIAN_POINT('',(4.83796263092,2.5000006));
#9719 = ( GEOMETRIC_REPRESENTATION_CONTEXT(2) 
PARAMETRIC_REPRESENTATION_CONTEXT() REPRESENTATION_CONTEXT('2D SPACE',''
  ) );
#9720 = PCURVE('',#9721,#9726);
#9721 = PLANE('',#9722);
#9722 = AXIS2_PLACEMENT_3D('',#9723,#9724,#9725);
#9723 = CARTESIAN_POINT('',(-12.2,-12.6,80.8));
#9724 = DIRECTION('',(-0.,1.,0.));
#9725 = DIRECTION('',(0.,0.,1.));
#9726 = DEFINITIONAL_REPRESENTATION('',(#9727),#9730);
#9727 = B_SPLINE_CURVE_WITH_KNOTS('',1,(#9728,#9729),.UNSPECIFIED.,.F.,
  .F.,(2,2),(1.62,2.5000006),.PIECEWISE_BEZIER_KNOTS.);
#9728 = CARTESIAN_POINT('',(-8.E-02,13.790597372059));
#9729 = CARTESIAN_POINT('',(0.8000006,13.790597372059));
#9730 = ( GEOMETRIC_REPRESENTATION_CONTEXT(2) 
PARAMETRIC_REPRESENTATION_CONTEXT() REPRESENTATION_CONTEXT('2D SPACE',''
  ) );
#9731 = ORIENTED_EDGE('',*,*,#9732,.F.);
#9732 = EDGE_CURVE('',#9733,#9707,#9735,.T.);
#9733 = VERTEX_POINT('',#9734);
#9734 = CARTESIAN_POINT('',(-1.590597372057,-12.6,81.6));
#9735 = SURFACE_CURVE('',#9736,(#9741,#9748),.PCURVE_S1.);
#9736 = CIRCLE('',#9737,12.7);
#9737 = AXIS2_PLACEMENT_3D('',#9738,#9739,#9740);
#9738 = CARTESIAN_POINT('',(0.,0.,81.6));
#9739 = DIRECTION('',(0.,0.,1.));
#9740 = DIRECTION('',(1.,0.,-0.));
#9741 = PCURVE('',#9552,#9742);
#9742 = DEFINITIONAL_REPRESENTATION('',(#9743),#9747);
#9743 = LINE('',#9744,#9745);
#9744 = CARTESIAN_POINT('',(0.,2.5));
#9745 = VECTOR('',#9746,1.);
#9746 = DIRECTION('',(1.,0.));
#9747 = ( GEOMETRIC_REPRESENTATION_CONTEXT(2) 
PARAMETRIC_REPRESENTATION_CONTEXT() REPRESENTATION_CONTEXT('2D SPACE',''
  ) );
#9748 = PCURVE('',#9749,#9754);
#9749 = PLANE('',#9750);
#9750 = AXIS2_PLACEMENT_3D('',#9751,#9752,#9753);
#9751 = CARTESIAN_POINT('',(0.,0.,81.6));
#9752 = DIRECTION('',(0.,0.,1.));
#9753 = DIRECTION('',(1.,0.,-0.));
#9754 = DEFINITIONAL_REPRESENTATION('',(#9755),#9759);
#9755 = CIRCLE('',#9756,12.7);
#9756 = AXIS2_PLACEMENT_2D('',#9757,#9758);
#9757 = CARTESIAN_POINT('',(0.,0.));
#9758 = DIRECTION('',(1.,0.));
#9759 = ( GEOMETRIC_REPRESENTATION_CONTEXT(2) 
PARAMETRIC_REPRESENTATION_CONTEXT() REPRESENTATION_CONTEXT('2D SPACE',''
  ) );
#9760 = ORIENTED_EDGE('',*,*,#9761,.F.);
#9761 = EDGE_CURVE('',#9762,#9733,#9764,.T.);
#9762 = VERTEX_POINT('',#9763);
#9763 = CARTESIAN_POINT('',(-1.590597372059,-12.6,80.8));
#9764 = SURFACE_CURVE('',#9765,(#9769,#9775),.PCURVE_S1.);
#9765 = LINE('',#9766,#9767);
#9766 = CARTESIAN_POINT('',(-1.590597372059,-12.6,79.1));
#9767 = VECTOR('',#9768,1.);
#9768 = DIRECTION('',(0.,0.,1.));
#9769 = PCURVE('',#9552,#9770);
#9770 = DEFINITIONAL_REPRESENTATION('',(#9771),#9774);
#9771 = B_SPLINE_CURVE_WITH_KNOTS('',1,(#9772,#9773),.UNSPECIFIED.,.F.,
  .F.,(2,2),(1.62,2.5000006),.PIECEWISE_BEZIER_KNOTS.);
#9772 = CARTESIAN_POINT('',(4.586815329849,1.62));
#9773 = CARTESIAN_POINT('',(4.586815329849,2.5000006));
#9774 = ( GEOMETRIC_REPRESENTATION_CONTEXT(2) 
PARAMETRIC_REPRESENTATION_CONTEXT() REPRESENTATION_CONTEXT('2D SPACE',''
  ) );
#9775 = PCURVE('',#9721,#9776);
#9776 = DEFINITIONAL_REPRESENTATION('',(#9777),#9780);
#9777 = B_SPLINE_CURVE_WITH_KNOTS('',1,(#9778,#9779),.UNSPECIFIED.,.F.,
  .F.,(2,2),(1.62,2.5000006),.PIECEWISE_BEZIER_KNOTS.);
#9778 = CARTESIAN_POINT('',(-8.E-02,10.609402627941));
#9779 = CARTESIAN_POINT('',(0.8000006,10.609402627941));
#9780 = ( GEOMETRIC_REPRESENTATION_CONTEXT(2) 
PARAMETRIC_REPRESENTATION_CONTEXT() REPRESENTATION_CONTEXT('2D SPACE',''
  ) );
#9781 = ORIENTED_EDGE('',*,*,#9782,.F.);
#9782 = EDGE_CURVE('',#9783,#9762,#9785,.T.);
#9783 = VERTEX_POINT('',#9784);
#9784 = CARTESIAN_POINT('',(-5.597320787663,-11.4,80.8));
#9785 = SURFACE_CURVE('',#9786,(#9791,#9798),.PCURVE_S1.);
#9786 = CIRCLE('',#9787,12.7);
#9787 = AXIS2_PLACEMENT_3D('',#9788,#9789,#9790);
#9788 = CARTESIAN_POINT('',(0.,0.,80.8));
#9789 = DIRECTION('',(0.,0.,1.));
#9790 = DIRECTION('',(1.,0.,-0.));
#9791 = PCURVE('',#9552,#9792);
#9792 = DEFINITIONAL_REPRESENTATION('',(#9793),#9797);
#9793 = LINE('',#9794,#9795);
#9794 = CARTESIAN_POINT('',(0.,1.7));
#9795 = VECTOR('',#9796,1.);
#9796 = DIRECTION('',(1.,0.));
#9797 = ( GEOMETRIC_REPRESENTATION_CONTEXT(2) 
PARAMETRIC_REPRESENTATION_CONTEXT() REPRESENTATION_CONTEXT('2D SPACE',''
  ) );
#9798 = PCURVE('',#9694,#9799);
#9799 = DEFINITIONAL_REPRESENTATION('',(#9800),#9804);
#9800 = CIRCLE('',#9801,12.7);
#9801 = AXIS2_PLACEMENT_2D('',#9802,#9803);
#9802 = CARTESIAN_POINT('',(12.2,12.6));
#9803 = DIRECTION('',(1.,0.));
#9804 = ( GEOMETRIC_REPRESENTATION_CONTEXT(2) 
PARAMETRIC_REPRESENTATION_CONTEXT() REPRESENTATION_CONTEXT('2D SPACE',''
  ) );
#9805 = ORIENTED_EDGE('',*,*,#9806,.T.);
#9806 = EDGE_CURVE('',#9783,#9807,#9809,.T.);
#9807 = VERTEX_POINT('',#9808);
#9808 = CARTESIAN_POINT('',(-5.597320787662,-11.4,81.6));
#9809 = SURFACE_CURVE('',#9810,(#9814,#9820),.PCURVE_S1.);
#9810 = LINE('',#9811,#9812);
#9811 = CARTESIAN_POINT('',(-5.597320787663,-11.4,79.1));
#9812 = VECTOR('',#9813,1.);
#9813 = DIRECTION('',(0.,0.,1.));
#9814 = PCURVE('',#9552,#9815);
#9815 = DEFINITIONAL_REPRESENTATION('',(#9816),#9819);
#9816 = B_SPLINE_CURVE_WITH_KNOTS('',1,(#9817,#9818),.UNSPECIFIED.,.F.,
  .F.,(2,2),(1.62,2.5000006),.PIECEWISE_BEZIER_KNOTS.);
#9817 = CARTESIAN_POINT('',(4.255972857991,1.62));
#9818 = CARTESIAN_POINT('',(4.255972857991,2.5000006));
#9819 = ( GEOMETRIC_REPRESENTATION_CONTEXT(2) 
PARAMETRIC_REPRESENTATION_CONTEXT() REPRESENTATION_CONTEXT('2D SPACE',''
  ) );
#9820 = PCURVE('',#9666,#9821);
#9821 = DEFINITIONAL_REPRESENTATION('',(#9822),#9825);
#9822 = B_SPLINE_CURVE_WITH_KNOTS('',1,(#9823,#9824),.UNSPECIFIED.,.F.,
  .F.,(2,2),(1.62,2.5000006),.PIECEWISE_BEZIER_KNOTS.);
#9823 = CARTESIAN_POINT('',(-8.E-02,6.602679212337));
#9824 = CARTESIAN_POINT('',(0.8000006,6.602679212337));
#9825 = ( GEOMETRIC_REPRESENTATION_CONTEXT(2) 
PARAMETRIC_REPRESENTATION_CONTEXT() REPRESENTATION_CONTEXT('2D SPACE',''
  ) );
#9826 = ORIENTED_EDGE('',*,*,#9827,.F.);
#9827 = EDGE_CURVE('',#9828,#9807,#9830,.T.);
#9828 = VERTEX_POINT('',#9829);
#9829 = CARTESIAN_POINT('',(-5.597320787662,11.4,81.6));
#9830 = SURFACE_CURVE('',#9831,(#9836,#9843),.PCURVE_S1.);
#9831 = CIRCLE('',#9832,12.7);
#9832 = AXIS2_PLACEMENT_3D('',#9833,#9834,#9835);
#9833 = CARTESIAN_POINT('',(0.,0.,81.6));
#9834 = DIRECTION('',(0.,0.,1.));
#9835 = DIRECTION('',(1.,0.,-0.));
#9836 = PCURVE('',#9552,#9837);
#9837 = DEFINITIONAL_REPRESENTATION('',(#9838),#9842);
#9838 = LINE('',#9839,#9840);
#9839 = CARTESIAN_POINT('',(0.,2.5));
#9840 = VECTOR('',#9841,1.);
#9841 = DIRECTION('',(1.,0.));
#9842 = ( GEOMETRIC_REPRESENTATION_CONTEXT(2) 
PARAMETRIC_REPRESENTATION_CONTEXT() REPRESENTATION_CONTEXT('2D SPACE',''
  ) );
#9843 = PCURVE('',#9564,#9844);
#9844 = DEFINITIONAL_REPRESENTATION('',(#9845),#9849);
#9845 = CIRCLE('',#9846,12.7);
#9846 = AXIS2_PLACEMENT_2D('',#9847,#9848);
#9847 = CARTESIAN_POINT('',(0.,0.));
#9848 = DIRECTION('',(1.,0.));
#9849 = ( GEOMETRIC_REPRESENTATION_CONTEXT(2) 
PARAMETRIC_REPRESENTATION_CONTEXT() REPRESENTATION_CONTEXT('2D SPACE',''
  ) );
#9850 = ORIENTED_EDGE('',*,*,#9851,.F.);
#9851 = EDGE_CURVE('',#9852,#9828,#9854,.T.);
#9852 = VERTEX_POINT('',#9853);
#9853 = CARTESIAN_POINT('',(-5.597320787663,11.4,80.8));
#9854 = SURFACE_CURVE('',#9855,(#9859,#9865),.PCURVE_S1.);
#9855 = LINE('',#9856,#9857);
#9856 = CARTESIAN_POINT('',(-5.597320787663,11.4,79.1));
#9857 = VECTOR('',#9858,1.);
#9858 = DIRECTION('',(0.,0.,1.));
#9859 = PCURVE('',#9552,#9860);
#9860 = DEFINITIONAL_REPRESENTATION('',(#9861),#9864);
#9861 = B_SPLINE_CURVE_WITH_KNOTS('',1,(#9862,#9863),.UNSPECIFIED.,.F.,
  .F.,(2,2),(1.62,2.5000006),.PIECEWISE_BEZIER_KNOTS.);
#9862 = CARTESIAN_POINT('',(2.027212449188,1.62));
#9863 = CARTESIAN_POINT('',(2.027212449188,2.5000006));
#9864 = ( GEOMETRIC_REPRESENTATION_CONTEXT(2) 
PARAMETRIC_REPRESENTATION_CONTEXT() REPRESENTATION_CONTEXT('2D SPACE',''
  ) );
#9865 = PCURVE('',#9866,#9871);
#9866 = PLANE('',#9867);
#9867 = AXIS2_PLACEMENT_3D('',#9868,#9869,#9870);
#9868 = CARTESIAN_POINT('',(-12.2,11.4,80.8));
#9869 = DIRECTION('',(-0.,1.,0.));
#9870 = DIRECTION('',(0.,0.,1.));
#9871 = DEFINITIONAL_REPRESENTATION('',(#9872),#9875);
#9872 = B_SPLINE_CURVE_WITH_KNOTS('',1,(#9873,#9874),.UNSPECIFIED.,.F.,
  .F.,(2,2),(1.62,2.5000006),.PIECEWISE_BEZIER_KNOTS.);
#9873 = CARTESIAN_POINT('',(-8.E-02,6.602679212337));
#9874 = CARTESIAN_POINT('',(0.8000006,6.602679212337));
#9875 = ( GEOMETRIC_REPRESENTATION_CONTEXT(2) 
PARAMETRIC_REPRESENTATION_CONTEXT() REPRESENTATION_CONTEXT('2D SPACE',''
  ) );
#9876 = ORIENTED_EDGE('',*,*,#9877,.F.);
#9877 = EDGE_CURVE('',#9878,#9852,#9880,.T.);
#9878 = VERTEX_POINT('',#9879);
#9879 = CARTESIAN_POINT('',(-1.590597372059,12.6,80.8));
#9880 = SURFACE_CURVE('',#9881,(#9886,#9893),.PCURVE_S1.);
#9881 = CIRCLE('',#9882,12.7);
#9882 = AXIS2_PLACEMENT_3D('',#9883,#9884,#9885);
#9883 = CARTESIAN_POINT('',(0.,0.,80.8));
#9884 = DIRECTION('',(0.,0.,1.));
#9885 = DIRECTION('',(1.,0.,-0.));
#9886 = PCURVE('',#9552,#9887);
#9887 = DEFINITIONAL_REPRESENTATION('',(#9888),#9892);
#9888 = LINE('',#9889,#9890);
#9889 = CARTESIAN_POINT('',(0.,1.7));
#9890 = VECTOR('',#9891,1.);
#9891 = DIRECTION('',(1.,0.));
#9892 = ( GEOMETRIC_REPRESENTATION_CONTEXT(2) 
PARAMETRIC_REPRESENTATION_CONTEXT() REPRESENTATION_CONTEXT('2D SPACE',''
  ) );
#9893 = PCURVE('',#9894,#9899);
#9894 = PLANE('',#9895);
#9895 = AXIS2_PLACEMENT_3D('',#9896,#9897,#9898);
#9896 = CARTESIAN_POINT('',(-12.2,11.4,80.8));
#9897 = DIRECTION('',(0.,0.,1.));
#9898 = DIRECTION('',(1.,0.,-0.));
#9899 = DEFINITIONAL_REPRESENTATION('',(#9900),#9904);
#9900 = CIRCLE('',#9901,12.7);
#9901 = AXIS2_PLACEMENT_2D('',#9902,#9903);
#9902 = CARTESIAN_POINT('',(12.2,-11.4));
#9903 = DIRECTION('',(1.,0.));
#9904 = ( GEOMETRIC_REPRESENTATION_CONTEXT(2) 
PARAMETRIC_REPRESENTATION_CONTEXT() REPRESENTATION_CONTEXT('2D SPACE',''
  ) );
#9905 = ORIENTED_EDGE('',*,*,#9906,.T.);
#9906 = EDGE_CURVE('',#9878,#9907,#9909,.T.);
#9907 = VERTEX_POINT('',#9908);
#9908 = CARTESIAN_POINT('',(-1.590597372059,12.6,81.6));
#9909 = SURFACE_CURVE('',#9910,(#9914,#9920),.PCURVE_S1.);
#9910 = LINE('',#9911,#9912);
#9911 = CARTESIAN_POINT('',(-1.590597372059,12.6,79.1));
#9912 = VECTOR('',#9913,1.);
#9913 = DIRECTION('',(0.,0.,1.));
#9914 = PCURVE('',#9552,#9915);
#9915 = DEFINITIONAL_REPRESENTATION('',(#9916),#9919);
#9916 = B_SPLINE_CURVE_WITH_KNOTS('',1,(#9917,#9918),.UNSPECIFIED.,.F.,
  .F.,(2,2),(1.62,2.5000006),.PIECEWISE_BEZIER_KNOTS.);
#9917 = CARTESIAN_POINT('',(1.696369977331,1.62));
#9918 = CARTESIAN_POINT('',(1.696369977331,2.5000006));
#9919 = ( GEOMETRIC_REPRESENTATION_CONTEXT(2) 
PARAMETRIC_REPRESENTATION_CONTEXT() REPRESENTATION_CONTEXT('2D SPACE',''
  ) );
#9920 = PCURVE('',#9921,#9926);
#9921 = PLANE('',#9922);
#9922 = AXIS2_PLACEMENT_3D('',#9923,#9924,#9925);
#9923 = CARTESIAN_POINT('',(-12.2,12.6,80.8));
#9924 = DIRECTION('',(-0.,1.,0.));
#9925 = DIRECTION('',(0.,0.,1.));
#9926 = DEFINITIONAL_REPRESENTATION('',(#9927),#9930);
#9927 = B_SPLINE_CURVE_WITH_KNOTS('',1,(#9928,#9929),.UNSPECIFIED.,.F.,
  .F.,(2,2),(1.62,2.5000006),.PIECEWISE_BEZIER_KNOTS.);
#9928 = CARTESIAN_POINT('',(-8.E-02,10.609402627941));
#9929 = CARTESIAN_POINT('',(0.8000006,10.609402627941));
#9930 = ( GEOMETRIC_REPRESENTATION_CONTEXT(2) 
PARAMETRIC_REPRESENTATION_CONTEXT() REPRESENTATION_CONTEXT('2D SPACE',''
  ) );
#9931 = ORIENTED_EDGE('',*,*,#9932,.F.);
#9932 = EDGE_CURVE('',#9933,#9907,#9935,.T.);
#9933 = VERTEX_POINT('',#9934);
#9934 = CARTESIAN_POINT('',(1.590597372058,12.6,81.6));
#9935 = SURFACE_CURVE('',#9936,(#9941,#9948),.PCURVE_S1.);
#9936 = CIRCLE('',#9937,12.7);
#9937 = AXIS2_PLACEMENT_3D('',#9938,#9939,#9940);
#9938 = CARTESIAN_POINT('',(0.,0.,81.6));
#9939 = DIRECTION('',(0.,0.,1.));
#9940 = DIRECTION('',(1.,0.,-0.));
#9941 = PCURVE('',#9552,#9942);
#9942 = DEFINITIONAL_REPRESENTATION('',(#9943),#9947);
#9943 = LINE('',#9944,#9945);
#9944 = CARTESIAN_POINT('',(0.,2.5));
#9945 = VECTOR('',#9946,1.);
#9946 = DIRECTION('',(1.,0.));
#9947 = ( GEOMETRIC_REPRESENTATION_CONTEXT(2) 
PARAMETRIC_REPRESENTATION_CONTEXT() REPRESENTATION_CONTEXT('2D SPACE',''
  ) );
#9948 = PCURVE('',#9949,#9954);
#9949 = PLANE('',#9950);
#9950 = AXIS2_PLACEMENT_3D('',#9951,#9952,#9953);
#9951 = CARTESIAN_POINT('',(0.,0.,81.6));
#9952 = DIRECTION('',(0.,0.,1.));
#9953 = DIRECTION('',(1.,0.,-0.));
#9954 = DEFINITIONAL_REPRESENTATION('',(#9955),#9959);
#9955 = CIRCLE('',#9956,12.7);
#9956 = AXIS2_PLACEMENT_2D('',#9957,#9958);
#9957 = CARTESIAN_POINT('',(0.,0.));
#9958 = DIRECTION('',(1.,0.));
#9959 = ( GEOMETRIC_REPRESENTATION_CONTEXT(2) 
PARAMETRIC_REPRESENTATION_CONTEXT() REPRESENTATION_CONTEXT('2D SPACE',''
  ) );
#9960 = ORIENTED_EDGE('',*,*,#9961,.F.);
#9961 = EDGE_CURVE('',#9962,#9933,#9964,.T.);
#9962 = VERTEX_POINT('',#9963);
#9963 = CARTESIAN_POINT('',(1.590597372059,12.6,80.8));
#9964 = SURFACE_CURVE('',#9965,(#9969,#9975),.PCURVE_S1.);
#9965 = LINE('',#9966,#9967);
#9966 = CARTESIAN_POINT('',(1.590597372059,12.6,79.1));
#9967 = VECTOR('',#9968,1.);
#9968 = DIRECTION('',(0.,0.,1.));
#9969 = PCURVE('',#9552,#9970);
#9970 = DEFINITIONAL_REPRESENTATION('',(#9971),#9974);
#9971 = B_SPLINE_CURVE_WITH_KNOTS('',1,(#9972,#9973),.UNSPECIFIED.,.F.,
  .F.,(2,2),(1.62,2.5000006),.PIECEWISE_BEZIER_KNOTS.);
#9972 = CARTESIAN_POINT('',(1.445222676259,1.62));
#9973 = CARTESIAN_POINT('',(1.445222676259,2.5000006));
#9974 = ( GEOMETRIC_REPRESENTATION_CONTEXT(2) 
PARAMETRIC_REPRESENTATION_CONTEXT() REPRESENTATION_CONTEXT('2D SPACE',''
  ) );
#9975 = PCURVE('',#9921,#9976);
#9976 = DEFINITIONAL_REPRESENTATION('',(#9977),#9980);
#9977 = B_SPLINE_CURVE_WITH_KNOTS('',1,(#9978,#9979),.UNSPECIFIED.,.F.,
  .F.,(2,2),(1.62,2.5000006),.PIECEWISE_BEZIER_KNOTS.);
#9978 = CARTESIAN_POINT('',(-8.E-02,13.790597372059));
#9979 = CARTESIAN_POINT('',(0.8000006,13.790597372059));
#9980 = ( GEOMETRIC_REPRESENTATION_CONTEXT(2) 
PARAMETRIC_REPRESENTATION_CONTEXT() REPRESENTATION_CONTEXT('2D SPACE',''
  ) );
#9981 = ORIENTED_EDGE('',*,*,#9982,.F.);
#9982 = EDGE_CURVE('',#9983,#9962,#9985,.T.);
#9983 = VERTEX_POINT('',#9984);
#9984 = CARTESIAN_POINT('',(5.597320787663,11.4,80.8));
#9985 = SURFACE_CURVE('',#9986,(#9991,#9998),.PCURVE_S1.);
#9986 = CIRCLE('',#9987,12.7);
#9987 = AXIS2_PLACEMENT_3D('',#9988,#9989,#9990);
#9988 = CARTESIAN_POINT('',(0.,0.,80.8));
#9989 = DIRECTION('',(0.,0.,1.));
#9990 = DIRECTION('',(1.,0.,-0.));
#9991 = PCURVE('',#9552,#9992);
#9992 = DEFINITIONAL_REPRESENTATION('',(#9993),#9997);
#9993 = LINE('',#9994,#9995);
#9994 = CARTESIAN_POINT('',(0.,1.7));
#9995 = VECTOR('',#9996,1.);
#9996 = DIRECTION('',(1.,0.));
#9997 = ( GEOMETRIC_REPRESENTATION_CONTEXT(2) 
PARAMETRIC_REPRESENTATION_CONTEXT() REPRESENTATION_CONTEXT('2D SPACE',''
  ) );
#9998 = PCURVE('',#9894,#9999);
#9999 = DEFINITIONAL_REPRESENTATION('',(#10000),#10004);
#10000 = CIRCLE('',#10001,12.7);
#10001 = AXIS2_PLACEMENT_2D('',#10002,#10003);
#10002 = CARTESIAN_POINT('',(12.2,-11.4));
#10003 = DIRECTION('',(1.,0.));
#10004 = ( GEOMETRIC_REPRESENTATION_CONTEXT(2) 
PARAMETRIC_REPRESENTATION_CONTEXT() REPRESENTATION_CONTEXT('2D SPACE',''
  ) );
#10005 = ORIENTED_EDGE('',*,*,#10006,.T.);
#10006 = EDGE_CURVE('',#9983,#9543,#10007,.T.);
#10007 = SURFACE_CURVE('',#10008,(#10012,#10018),.PCURVE_S1.);
#10008 = LINE('',#10009,#10010);
#10009 = CARTESIAN_POINT('',(5.597320787663,11.4,79.1));
#10010 = VECTOR('',#10011,1.);
#10011 = DIRECTION('',(0.,0.,1.));
#10012 = PCURVE('',#9552,#10013);
#10013 = DEFINITIONAL_REPRESENTATION('',(#10014),#10017);
#10014 = B_SPLINE_CURVE_WITH_KNOTS('',1,(#10015,#10016),.UNSPECIFIED.,
  .F.,.F.,(2,2),(1.62,2.5000006),.PIECEWISE_BEZIER_KNOTS.);
#10015 = CARTESIAN_POINT('',(1.114380204402,1.62));
#10016 = CARTESIAN_POINT('',(1.114380204402,2.5000006));
#10017 = ( GEOMETRIC_REPRESENTATION_CONTEXT(2) 
PARAMETRIC_REPRESENTATION_CONTEXT() REPRESENTATION_CONTEXT('2D SPACE',''
  ) );
#10018 = PCURVE('',#9866,#10019);
#10019 = DEFINITIONAL_REPRESENTATION('',(#10020),#10023);
#10020 = B_SPLINE_CURVE_WITH_KNOTS('',1,(#10021,#10022),.UNSPECIFIED.,
  .F.,.F.,(2,2),(1.62,2.5000006),.PIECEWISE_BEZIER_KNOTS.);
#10021 = CARTESIAN_POINT('',(-8.E-02,17.797320787663));
#10022 = CARTESIAN_POINT('',(0.8000006,17.797320787663));
#10023 = ( GEOMETRIC_REPRESENTATION_CONTEXT(2) 
PARAMETRIC_REPRESENTATION_CONTEXT() REPRESENTATION_CONTEXT('2D SPACE',''
  ) );
#10024 = ADVANCED_FACE('',(#10025,#10072),#9564,.T.);
#10025 = FACE_BOUND('',#10026,.T.);
#10026 = EDGE_LOOP('',(#10027,#10048,#10049,#10070,#10071));
#10027 = ORIENTED_EDGE('',*,*,#10028,.F.);
#10028 = EDGE_CURVE('',#9828,#9543,#10029,.T.);
#10029 = SURFACE_CURVE('',#10030,(#10034,#10041),.PCURVE_S1.);
#10030 = LINE('',#10031,#10032);
#10031 = CARTESIAN_POINT('',(-12.2,11.4,81.6));
#10032 = VECTOR('',#10033,1.);
#10033 = DIRECTION('',(1.,0.,-0.));
#10034 = PCURVE('',#9564,#10035);
#10035 = DEFINITIONAL_REPRESENTATION('',(#10036),#10040);
#10036 = LINE('',#10037,#10038);
#10037 = CARTESIAN_POINT('',(-12.2,11.4));
#10038 = VECTOR('',#10039,1.);
#10039 = DIRECTION('',(1.,0.));
#10040 = ( GEOMETRIC_REPRESENTATION_CONTEXT(2) 
PARAMETRIC_REPRESENTATION_CONTEXT() REPRESENTATION_CONTEXT('2D SPACE',''
  ) );
#10041 = PCURVE('',#9866,#10042);
#10042 = DEFINITIONAL_REPRESENTATION('',(#10043),#10047);
#10043 = LINE('',#10044,#10045);
#10044 = CARTESIAN_POINT('',(0.8,0.));
#10045 = VECTOR('',#10046,1.);
#10046 = DIRECTION('',(0.,1.));
#10047 = ( GEOMETRIC_REPRESENTATION_CONTEXT(2) 
PARAMETRIC_REPRESENTATION_CONTEXT() REPRESENTATION_CONTEXT('2D SPACE',''
  ) );
#10048 = ORIENTED_EDGE('',*,*,#9827,.T.);
#10049 = ORIENTED_EDGE('',*,*,#10050,.T.);
#10050 = EDGE_CURVE('',#9807,#9628,#10051,.T.);
#10051 = SURFACE_CURVE('',#10052,(#10056,#10063),.PCURVE_S1.);
#10052 = LINE('',#10053,#10054);
#10053 = CARTESIAN_POINT('',(-12.2,-11.4,81.6));
#10054 = VECTOR('',#10055,1.);
#10055 = DIRECTION('',(1.,0.,-0.));
#10056 = PCURVE('',#9564,#10057);
#10057 = DEFINITIONAL_REPRESENTATION('',(#10058),#10062);
#10058 = LINE('',#10059,#10060);
#10059 = CARTESIAN_POINT('',(-12.2,-11.4));
#10060 = VECTOR('',#10061,1.);
#10061 = DIRECTION('',(1.,0.));
#10062 = ( GEOMETRIC_REPRESENTATION_CONTEXT(2) 
PARAMETRIC_REPRESENTATION_CONTEXT() REPRESENTATION_CONTEXT('2D SPACE',''
  ) );
#10063 = PCURVE('',#9666,#10064);
#10064 = DEFINITIONAL_REPRESENTATION('',(#10065),#10069);
#10065 = LINE('',#10066,#10067);
#10066 = CARTESIAN_POINT('',(0.8,0.));
#10067 = VECTOR('',#10068,1.);
#10068 = DIRECTION('',(0.,1.));
#10069 = ( GEOMETRIC_REPRESENTATION_CONTEXT(2) 
PARAMETRIC_REPRESENTATION_CONTEXT() REPRESENTATION_CONTEXT('2D SPACE',''
  ) );
#10070 = ORIENTED_EDGE('',*,*,#9627,.T.);
#10071 = ORIENTED_EDGE('',*,*,#9540,.T.);
#10072 = FACE_BOUND('',#10073,.T.);
#10073 = EDGE_LOOP('',(#10074));
#10074 = ORIENTED_EDGE('',*,*,#10075,.F.);
#10075 = EDGE_CURVE('',#10076,#10076,#10078,.T.);
#10076 = VERTEX_POINT('',#10077);
#10077 = CARTESIAN_POINT('',(10.45,-2.559511810218E-15,81.6));
#10078 = SURFACE_CURVE('',#10079,(#10084,#10091),.PCURVE_S1.);
#10079 = CIRCLE('',#10080,10.45);
#10080 = AXIS2_PLACEMENT_3D('',#10081,#10082,#10083);
#10081 = CARTESIAN_POINT('',(0.,0.,81.6));
#10082 = DIRECTION('',(0.,0.,1.));
#10083 = DIRECTION('',(1.,0.,-0.));
#10084 = PCURVE('',#9564,#10085);
#10085 = DEFINITIONAL_REPRESENTATION('',(#10086),#10090);
#10086 = CIRCLE('',#10087,10.45);
#10087 = AXIS2_PLACEMENT_2D('',#10088,#10089);
#10088 = CARTESIAN_POINT('',(0.,0.));
#10089 = DIRECTION('',(1.,0.));
#10090 = ( GEOMETRIC_REPRESENTATION_CONTEXT(2) 
PARAMETRIC_REPRESENTATION_CONTEXT() REPRESENTATION_CONTEXT('2D SPACE',''
  ) );
#10091 = PCURVE('',#10092,#10097);
#10092 = CYLINDRICAL_SURFACE('',#10093,10.45);
#10093 = AXIS2_PLACEMENT_3D('',#10094,#10095,#10096);
#10094 = CARTESIAN_POINT('',(0.,0.,78.595));
#10095 = DIRECTION('',(0.,0.,1.));
#10096 = DIRECTION('',(1.,0.,-0.));
#10097 = DEFINITIONAL_REPRESENTATION('',(#10098),#10102);
#10098 = LINE('',#10099,#10100);
#10099 = CARTESIAN_POINT('',(0.,3.005));
#10100 = VECTOR('',#10101,1.);
#10101 = DIRECTION('',(1.,0.));
#10102 = ( GEOMETRIC_REPRESENTATION_CONTEXT(2) 
PARAMETRIC_REPRESENTATION_CONTEXT() REPRESENTATION_CONTEXT('2D SPACE',''
  ) );
#10103 = ADVANCED_FACE('',(#10104),#9866,.T.);
#10104 = FACE_BOUND('',#10105,.T.);
#10105 = EDGE_LOOP('',(#10106,#10127,#10128,#10129));
#10106 = ORIENTED_EDGE('',*,*,#10107,.F.);
#10107 = EDGE_CURVE('',#9852,#9983,#10108,.T.);
#10108 = SURFACE_CURVE('',#10109,(#10113,#10120),.PCURVE_S1.);
#10109 = LINE('',#10110,#10111);
#10110 = CARTESIAN_POINT('',(-12.2,11.4,80.8));
#10111 = VECTOR('',#10112,1.);
#10112 = DIRECTION('',(1.,0.,-0.));
#10113 = PCURVE('',#9866,#10114);
#10114 = DEFINITIONAL_REPRESENTATION('',(#10115),#10119);
#10115 = LINE('',#10116,#10117);
#10116 = CARTESIAN_POINT('',(0.,0.));
#10117 = VECTOR('',#10118,1.);
#10118 = DIRECTION('',(0.,1.));
#10119 = ( GEOMETRIC_REPRESENTATION_CONTEXT(2) 
PARAMETRIC_REPRESENTATION_CONTEXT() REPRESENTATION_CONTEXT('2D SPACE',''
  ) );
#10120 = PCURVE('',#9894,#10121);
#10121 = DEFINITIONAL_REPRESENTATION('',(#10122),#10126);
#10122 = LINE('',#10123,#10124);
#10123 = CARTESIAN_POINT('',(0.,0.));
#10124 = VECTOR('',#10125,1.);
#10125 = DIRECTION('',(1.,0.));
#10126 = ( GEOMETRIC_REPRESENTATION_CONTEXT(2) 
PARAMETRIC_REPRESENTATION_CONTEXT() REPRESENTATION_CONTEXT('2D SPACE',''
  ) );
#10127 = ORIENTED_EDGE('',*,*,#9851,.T.);
#10128 = ORIENTED_EDGE('',*,*,#10028,.T.);
#10129 = ORIENTED_EDGE('',*,*,#10006,.F.);
#10130 = ADVANCED_FACE('',(#10131),#9894,.T.);
#10131 = FACE_BOUND('',#10132,.T.);
#10132 = EDGE_LOOP('',(#10133,#10154,#10155,#10156));
#10133 = ORIENTED_EDGE('',*,*,#10134,.F.);
#10134 = EDGE_CURVE('',#9878,#9962,#10135,.T.);
#10135 = SURFACE_CURVE('',#10136,(#10140,#10147),.PCURVE_S1.);
#10136 = LINE('',#10137,#10138);
#10137 = CARTESIAN_POINT('',(-12.2,12.6,80.8));
#10138 = VECTOR('',#10139,1.);
#10139 = DIRECTION('',(1.,0.,-0.));
#10140 = PCURVE('',#9894,#10141);
#10141 = DEFINITIONAL_REPRESENTATION('',(#10142),#10146);
#10142 = LINE('',#10143,#10144);
#10143 = CARTESIAN_POINT('',(0.,1.2));
#10144 = VECTOR('',#10145,1.);
#10145 = DIRECTION('',(1.,0.));
#10146 = ( GEOMETRIC_REPRESENTATION_CONTEXT(2) 
PARAMETRIC_REPRESENTATION_CONTEXT() REPRESENTATION_CONTEXT('2D SPACE',''
  ) );
#10147 = PCURVE('',#9921,#10148);
#10148 = DEFINITIONAL_REPRESENTATION('',(#10149),#10153);
#10149 = LINE('',#10150,#10151);
#10150 = CARTESIAN_POINT('',(0.,0.));
#10151 = VECTOR('',#10152,1.);
#10152 = DIRECTION('',(0.,1.));
#10153 = ( GEOMETRIC_REPRESENTATION_CONTEXT(2) 
PARAMETRIC_REPRESENTATION_CONTEXT() REPRESENTATION_CONTEXT('2D SPACE',''
  ) );
#10154 = ORIENTED_EDGE('',*,*,#9877,.T.);
#10155 = ORIENTED_EDGE('',*,*,#10107,.T.);
#10156 = ORIENTED_EDGE('',*,*,#9982,.T.);
#10157 = ADVANCED_FACE('',(#10158),#9921,.F.);
#10158 = FACE_BOUND('',#10159,.F.);
#10159 = EDGE_LOOP('',(#10160,#10161,#10162,#10183));
#10160 = ORIENTED_EDGE('',*,*,#10134,.F.);
#10161 = ORIENTED_EDGE('',*,*,#9906,.T.);
#10162 = ORIENTED_EDGE('',*,*,#10163,.T.);
#10163 = EDGE_CURVE('',#9907,#9933,#10164,.T.);
#10164 = SURFACE_CURVE('',#10165,(#10169,#10176),.PCURVE_S1.);
#10165 = LINE('',#10166,#10167);
#10166 = CARTESIAN_POINT('',(-12.2,12.6,81.6));
#10167 = VECTOR('',#10168,1.);
#10168 = DIRECTION('',(1.,0.,-0.));
#10169 = PCURVE('',#9921,#10170);
#10170 = DEFINITIONAL_REPRESENTATION('',(#10171),#10175);
#10171 = LINE('',#10172,#10173);
#10172 = CARTESIAN_POINT('',(0.8,0.));
#10173 = VECTOR('',#10174,1.);
#10174 = DIRECTION('',(0.,1.));
#10175 = ( GEOMETRIC_REPRESENTATION_CONTEXT(2) 
PARAMETRIC_REPRESENTATION_CONTEXT() REPRESENTATION_CONTEXT('2D SPACE',''
  ) );
#10176 = PCURVE('',#9949,#10177);
#10177 = DEFINITIONAL_REPRESENTATION('',(#10178),#10182);
#10178 = LINE('',#10179,#10180);
#10179 = CARTESIAN_POINT('',(-12.2,12.6));
#10180 = VECTOR('',#10181,1.);
#10181 = DIRECTION('',(1.,0.));
#10182 = ( GEOMETRIC_REPRESENTATION_CONTEXT(2) 
PARAMETRIC_REPRESENTATION_CONTEXT() REPRESENTATION_CONTEXT('2D SPACE',''
  ) );
#10183 = ORIENTED_EDGE('',*,*,#9961,.F.);
#10184 = ADVANCED_FACE('',(#10185),#9949,.T.);
#10185 = FACE_BOUND('',#10186,.T.);
#10186 = EDGE_LOOP('',(#10187,#10188));
#10187 = ORIENTED_EDGE('',*,*,#10163,.T.);
#10188 = ORIENTED_EDGE('',*,*,#9932,.T.);
#10189 = ADVANCED_FACE('',(#10190),#9666,.F.);
#10190 = FACE_BOUND('',#10191,.F.);
#10191 = EDGE_LOOP('',(#10192,#10213,#10214,#10215));
#10192 = ORIENTED_EDGE('',*,*,#10193,.F.);
#10193 = EDGE_CURVE('',#9783,#9652,#10194,.T.);
#10194 = SURFACE_CURVE('',#10195,(#10199,#10206),.PCURVE_S1.);
#10195 = LINE('',#10196,#10197);
#10196 = CARTESIAN_POINT('',(-12.2,-11.4,80.8));
#10197 = VECTOR('',#10198,1.);
#10198 = DIRECTION('',(1.,0.,-0.));
#10199 = PCURVE('',#9666,#10200);
#10200 = DEFINITIONAL_REPRESENTATION('',(#10201),#10205);
#10201 = LINE('',#10202,#10203);
#10202 = CARTESIAN_POINT('',(0.,0.));
#10203 = VECTOR('',#10204,1.);
#10204 = DIRECTION('',(0.,1.));
#10205 = ( GEOMETRIC_REPRESENTATION_CONTEXT(2) 
PARAMETRIC_REPRESENTATION_CONTEXT() REPRESENTATION_CONTEXT('2D SPACE',''
  ) );
#10206 = PCURVE('',#9694,#10207);
#10207 = DEFINITIONAL_REPRESENTATION('',(#10208),#10212);
#10208 = LINE('',#10209,#10210);
#10209 = CARTESIAN_POINT('',(0.,1.2));
#10210 = VECTOR('',#10211,1.);
#10211 = DIRECTION('',(1.,0.));
#10212 = ( GEOMETRIC_REPRESENTATION_CONTEXT(2) 
PARAMETRIC_REPRESENTATION_CONTEXT() REPRESENTATION_CONTEXT('2D SPACE',''
  ) );
#10213 = ORIENTED_EDGE('',*,*,#9806,.T.);
#10214 = ORIENTED_EDGE('',*,*,#10050,.T.);
#10215 = ORIENTED_EDGE('',*,*,#9651,.F.);
#10216 = ADVANCED_FACE('',(#10217),#9694,.T.);
#10217 = FACE_BOUND('',#10218,.T.);
#10218 = EDGE_LOOP('',(#10219,#10220,#10221,#10242));
#10219 = ORIENTED_EDGE('',*,*,#10193,.F.);
#10220 = ORIENTED_EDGE('',*,*,#9782,.T.);
#10221 = ORIENTED_EDGE('',*,*,#10222,.T.);
#10222 = EDGE_CURVE('',#9762,#9678,#10223,.T.);
#10223 = SURFACE_CURVE('',#10224,(#10228,#10235),.PCURVE_S1.);
#10224 = LINE('',#10225,#10226);
#10225 = CARTESIAN_POINT('',(-12.2,-12.6,80.8));
#10226 = VECTOR('',#10227,1.);
#10227 = DIRECTION('',(1.,0.,-0.));
#10228 = PCURVE('',#9694,#10229);
#10229 = DEFINITIONAL_REPRESENTATION('',(#10230),#10234);
#10230 = LINE('',#10231,#10232);
#10231 = CARTESIAN_POINT('',(0.,0.));
#10232 = VECTOR('',#10233,1.);
#10233 = DIRECTION('',(1.,0.));
#10234 = ( GEOMETRIC_REPRESENTATION_CONTEXT(2) 
PARAMETRIC_REPRESENTATION_CONTEXT() REPRESENTATION_CONTEXT('2D SPACE',''
  ) );
#10235 = PCURVE('',#9721,#10236);
#10236 = DEFINITIONAL_REPRESENTATION('',(#10237),#10241);
#10237 = LINE('',#10238,#10239);
#10238 = CARTESIAN_POINT('',(0.,0.));
#10239 = VECTOR('',#10240,1.);
#10240 = DIRECTION('',(0.,1.));
#10241 = ( GEOMETRIC_REPRESENTATION_CONTEXT(2) 
PARAMETRIC_REPRESENTATION_CONTEXT() REPRESENTATION_CONTEXT('2D SPACE',''
  ) );
#10242 = ORIENTED_EDGE('',*,*,#9677,.T.);
#10243 = ADVANCED_FACE('',(#10244),#9721,.T.);
#10244 = FACE_BOUND('',#10245,.T.);
#10245 = EDGE_LOOP('',(#10246,#10247,#10248,#10269));
#10246 = ORIENTED_EDGE('',*,*,#10222,.F.);
#10247 = ORIENTED_EDGE('',*,*,#9761,.T.);
#10248 = ORIENTED_EDGE('',*,*,#10249,.T.);
#10249 = EDGE_CURVE('',#9733,#9707,#10250,.T.);
#10250 = SURFACE_CURVE('',#10251,(#10255,#10262),.PCURVE_S1.);
#10251 = LINE('',#10252,#10253);
#10252 = CARTESIAN_POINT('',(-12.2,-12.6,81.6));
#10253 = VECTOR('',#10254,1.);
#10254 = DIRECTION('',(1.,0.,-0.));
#10255 = PCURVE('',#9721,#10256);
#10256 = DEFINITIONAL_REPRESENTATION('',(#10257),#10261);
#10257 = LINE('',#10258,#10259);
#10258 = CARTESIAN_POINT('',(0.8,0.));
#10259 = VECTOR('',#10260,1.);
#10260 = DIRECTION('',(0.,1.));
#10261 = ( GEOMETRIC_REPRESENTATION_CONTEXT(2) 
PARAMETRIC_REPRESENTATION_CONTEXT() REPRESENTATION_CONTEXT('2D SPACE',''
  ) );
#10262 = PCURVE('',#9749,#10263);
#10263 = DEFINITIONAL_REPRESENTATION('',(#10264),#10268);
#10264 = LINE('',#10265,#10266);
#10265 = CARTESIAN_POINT('',(-12.2,-12.6));
#10266 = VECTOR('',#10267,1.);
#10267 = DIRECTION('',(1.,0.));
#10268 = ( GEOMETRIC_REPRESENTATION_CONTEXT(2) 
PARAMETRIC_REPRESENTATION_CONTEXT() REPRESENTATION_CONTEXT('2D SPACE',''
  ) );
#10269 = ORIENTED_EDGE('',*,*,#9706,.F.);
#10270 = ADVANCED_FACE('',(#10271),#9749,.T.);
#10271 = FACE_BOUND('',#10272,.T.);
#10272 = EDGE_LOOP('',(#10273,#10274));
#10273 = ORIENTED_EDGE('',*,*,#10249,.F.);
#10274 = ORIENTED_EDGE('',*,*,#9732,.T.);
#10275 = ADVANCED_FACE('',(#10276,#10279),#9614,.F.);
#10276 = FACE_BOUND('',#10277,.F.);
#10277 = EDGE_LOOP('',(#10278));
#10278 = ORIENTED_EDGE('',*,*,#9599,.T.);
#10279 = FACE_BOUND('',#10280,.F.);
#10280 = EDGE_LOOP('',(#10281));
#10281 = ORIENTED_EDGE('',*,*,#10282,.F.);
#10282 = EDGE_CURVE('',#10283,#10283,#10285,.T.);
#10283 = VERTEX_POINT('',#10284);
#10284 = CARTESIAN_POINT('',(12.65,-3.098356401843E-15,79.1));
#10285 = SURFACE_CURVE('',#10286,(#10291,#10298),.PCURVE_S1.);
#10286 = CIRCLE('',#10287,12.65);
#10287 = AXIS2_PLACEMENT_3D('',#10288,#10289,#10290);
#10288 = CARTESIAN_POINT('',(0.,0.,79.1));
#10289 = DIRECTION('',(0.,0.,1.));
#10290 = DIRECTION('',(1.,0.,-0.));
#10291 = PCURVE('',#9614,#10292);
#10292 = DEFINITIONAL_REPRESENTATION('',(#10293),#10297);
#10293 = CIRCLE('',#10294,12.65);
#10294 = AXIS2_PLACEMENT_2D('',#10295,#10296);
#10295 = CARTESIAN_POINT('',(0.,0.));
#10296 = DIRECTION('',(1.,0.));
#10297 = ( GEOMETRIC_REPRESENTATION_CONTEXT(2) 
PARAMETRIC_REPRESENTATION_CONTEXT() REPRESENTATION_CONTEXT('2D SPACE',''
  ) );
#10298 = PCURVE('',#10299,#10304);
#10299 = CYLINDRICAL_SURFACE('',#10300,12.65);
#10300 = AXIS2_PLACEMENT_3D('',#10301,#10302,#10303);
#10301 = CARTESIAN_POINT('',(0.,0.,78.6));
#10302 = DIRECTION('',(0.,0.,1.));
#10303 = DIRECTION('',(1.,0.,-0.));
#10304 = DEFINITIONAL_REPRESENTATION('',(#10305),#10309);
#10305 = LINE('',#10306,#10307);
#10306 = CARTESIAN_POINT('',(0.,0.5));
#10307 = VECTOR('',#10308,1.);
#10308 = DIRECTION('',(1.,0.));
#10309 = ( GEOMETRIC_REPRESENTATION_CONTEXT(2) 
PARAMETRIC_REPRESENTATION_CONTEXT() REPRESENTATION_CONTEXT('2D SPACE',''
  ) );
#10310 = ADVANCED_FACE('',(#10311),#10092,.F.);
#10311 = FACE_BOUND('',#10312,.F.);
#10312 = EDGE_LOOP('',(#10313,#10314,#10337,#10364));
#10313 = ORIENTED_EDGE('',*,*,#10075,.F.);
#10314 = ORIENTED_EDGE('',*,*,#10315,.F.);
#10315 = EDGE_CURVE('',#10316,#10076,#10318,.T.);
#10316 = VERTEX_POINT('',#10317);
#10317 = CARTESIAN_POINT('',(10.45,-2.559511810218E-15,78.6));
#10318 = SEAM_CURVE('',#10319,(#10323,#10330),.PCURVE_S1.);
#10319 = LINE('',#10320,#10321);
#10320 = CARTESIAN_POINT('',(10.45,-2.559511810218E-15,78.595));
#10321 = VECTOR('',#10322,1.);
#10322 = DIRECTION('',(0.,0.,1.));
#10323 = PCURVE('',#10092,#10324);
#10324 = DEFINITIONAL_REPRESENTATION('',(#10325),#10329);
#10325 = LINE('',#10326,#10327);
#10326 = CARTESIAN_POINT('',(6.28318530718,-0.));
#10327 = VECTOR('',#10328,1.);
#10328 = DIRECTION('',(0.,1.));
#10329 = ( GEOMETRIC_REPRESENTATION_CONTEXT(2) 
PARAMETRIC_REPRESENTATION_CONTEXT() REPRESENTATION_CONTEXT('2D SPACE',''
  ) );
#10330 = PCURVE('',#10092,#10331);
#10331 = DEFINITIONAL_REPRESENTATION('',(#10332),#10336);
#10332 = LINE('',#10333,#10334);
#10333 = CARTESIAN_POINT('',(0.,-0.));
#10334 = VECTOR('',#10335,1.);
#10335 = DIRECTION('',(0.,1.));
#10336 = ( GEOMETRIC_REPRESENTATION_CONTEXT(2) 
PARAMETRIC_REPRESENTATION_CONTEXT() REPRESENTATION_CONTEXT('2D SPACE',''
  ) );
#10337 = ORIENTED_EDGE('',*,*,#10338,.T.);
#10338 = EDGE_CURVE('',#10316,#10316,#10339,.T.);
#10339 = SURFACE_CURVE('',#10340,(#10345,#10352),.PCURVE_S1.);
#10340 = CIRCLE('',#10341,10.45);
#10341 = AXIS2_PLACEMENT_3D('',#10342,#10343,#10344);
#10342 = CARTESIAN_POINT('',(0.,0.,78.6));
#10343 = DIRECTION('',(0.,0.,1.));
#10344 = DIRECTION('',(1.,0.,-0.));
#10345 = PCURVE('',#10092,#10346);
#10346 = DEFINITIONAL_REPRESENTATION('',(#10347),#10351);
#10347 = LINE('',#10348,#10349);
#10348 = CARTESIAN_POINT('',(0.,4.999999999995E-03));
#10349 = VECTOR('',#10350,1.);
#10350 = DIRECTION('',(1.,0.));
#10351 = ( GEOMETRIC_REPRESENTATION_CONTEXT(2) 
PARAMETRIC_REPRESENTATION_CONTEXT() REPRESENTATION_CONTEXT('2D SPACE',''
  ) );
#10352 = PCURVE('',#10353,#10358);
#10353 = PLANE('',#10354);
#10354 = AXIS2_PLACEMENT_3D('',#10355,#10356,#10357);
#10355 = CARTESIAN_POINT('',(0.,0.,78.6));
#10356 = DIRECTION('',(0.,0.,1.));
#10357 = DIRECTION('',(1.,0.,-0.));
#10358 = DEFINITIONAL_REPRESENTATION('',(#10359),#10363);
#10359 = CIRCLE('',#10360,10.45);
#10360 = AXIS2_PLACEMENT_2D('',#10361,#10362);
#10361 = CARTESIAN_POINT('',(0.,0.));
#10362 = DIRECTION('',(1.,0.));
#10363 = ( GEOMETRIC_REPRESENTATION_CONTEXT(2) 
PARAMETRIC_REPRESENTATION_CONTEXT() REPRESENTATION_CONTEXT('2D SPACE',''
  ) );
#10364 = ORIENTED_EDGE('',*,*,#10315,.T.);
#10365 = ADVANCED_FACE('',(#10366),#10299,.T.);
#10366 = FACE_BOUND('',#10367,.T.);
#10367 = EDGE_LOOP('',(#10368,#10369,#10392,#10419));
#10368 = ORIENTED_EDGE('',*,*,#10282,.F.);
#10369 = ORIENTED_EDGE('',*,*,#10370,.F.);
#10370 = EDGE_CURVE('',#10371,#10283,#10373,.T.);
#10371 = VERTEX_POINT('',#10372);
#10372 = CARTESIAN_POINT('',(12.65,-3.098356401843E-15,78.6));
#10373 = SEAM_CURVE('',#10374,(#10378,#10385),.PCURVE_S1.);
#10374 = LINE('',#10375,#10376);
#10375 = CARTESIAN_POINT('',(12.65,-3.098356401843E-15,78.6));
#10376 = VECTOR('',#10377,1.);
#10377 = DIRECTION('',(0.,0.,1.));
#10378 = PCURVE('',#10299,#10379);
#10379 = DEFINITIONAL_REPRESENTATION('',(#10380),#10384);
#10380 = LINE('',#10381,#10382);
#10381 = CARTESIAN_POINT('',(6.28318530718,-0.));
#10382 = VECTOR('',#10383,1.);
#10383 = DIRECTION('',(0.,1.));
#10384 = ( GEOMETRIC_REPRESENTATION_CONTEXT(2) 
PARAMETRIC_REPRESENTATION_CONTEXT() REPRESENTATION_CONTEXT('2D SPACE',''
  ) );
#10385 = PCURVE('',#10299,#10386);
#10386 = DEFINITIONAL_REPRESENTATION('',(#10387),#10391);
#10387 = LINE('',#10388,#10389);
#10388 = CARTESIAN_POINT('',(0.,-0.));
#10389 = VECTOR('',#10390,1.);
#10390 = DIRECTION('',(0.,1.));
#10391 = ( GEOMETRIC_REPRESENTATION_CONTEXT(2) 
PARAMETRIC_REPRESENTATION_CONTEXT() REPRESENTATION_CONTEXT('2D SPACE',''
  ) );
#10392 = ORIENTED_EDGE('',*,*,#10393,.T.);
#10393 = EDGE_CURVE('',#10371,#10371,#10394,.T.);
#10394 = SURFACE_CURVE('',#10395,(#10400,#10407),.PCURVE_S1.);
#10395 = CIRCLE('',#10396,12.65);
#10396 = AXIS2_PLACEMENT_3D('',#10397,#10398,#10399);
#10397 = CARTESIAN_POINT('',(0.,0.,78.6));
#10398 = DIRECTION('',(0.,0.,1.));
#10399 = DIRECTION('',(1.,0.,-0.));
#10400 = PCURVE('',#10299,#10401);
#10401 = DEFINITIONAL_REPRESENTATION('',(#10402),#10406);
#10402 = LINE('',#10403,#10404);
#10403 = CARTESIAN_POINT('',(0.,0.));
#10404 = VECTOR('',#10405,1.);
#10405 = DIRECTION('',(1.,0.));
#10406 = ( GEOMETRIC_REPRESENTATION_CONTEXT(2) 
PARAMETRIC_REPRESENTATION_CONTEXT() REPRESENTATION_CONTEXT('2D SPACE',''
  ) );
#10407 = PCURVE('',#10408,#10413);
#10408 = PLANE('',#10409);
#10409 = AXIS2_PLACEMENT_3D('',#10410,#10411,#10412);
#10410 = CARTESIAN_POINT('',(0.,0.,78.6));
#10411 = DIRECTION('',(0.,0.,1.));
#10412 = DIRECTION('',(1.,0.,-0.));
#10413 = DEFINITIONAL_REPRESENTATION('',(#10414),#10418);
#10414 = CIRCLE('',#10415,12.65);
#10415 = AXIS2_PLACEMENT_2D('',#10416,#10417);
#10416 = CARTESIAN_POINT('',(0.,0.));
#10417 = DIRECTION('',(1.,0.));
#10418 = ( GEOMETRIC_REPRESENTATION_CONTEXT(2) 
PARAMETRIC_REPRESENTATION_CONTEXT() REPRESENTATION_CONTEXT('2D SPACE',''
  ) );
#10419 = ORIENTED_EDGE('',*,*,#10370,.T.);
#10420 = ADVANCED_FACE('',(#10421,#10452),#10353,.F.);
#10421 = FACE_BOUND('',#10422,.F.);
#10422 = EDGE_LOOP('',(#10423));
#10423 = ORIENTED_EDGE('',*,*,#10424,.T.);
#10424 = EDGE_CURVE('',#10425,#10425,#10427,.T.);
#10425 = VERTEX_POINT('',#10426);
#10426 = CARTESIAN_POINT('',(10.75,-2.632990618167E-15,78.6));
#10427 = SURFACE_CURVE('',#10428,(#10433,#10440),.PCURVE_S1.);
#10428 = CIRCLE('',#10429,10.75);
#10429 = AXIS2_PLACEMENT_3D('',#10430,#10431,#10432);
#10430 = CARTESIAN_POINT('',(0.,0.,78.6));
#10431 = DIRECTION('',(0.,0.,1.));
#10432 = DIRECTION('',(1.,0.,-0.));
#10433 = PCURVE('',#10353,#10434);
#10434 = DEFINITIONAL_REPRESENTATION('',(#10435),#10439);
#10435 = CIRCLE('',#10436,10.75);
#10436 = AXIS2_PLACEMENT_2D('',#10437,#10438);
#10437 = CARTESIAN_POINT('',(0.,0.));
#10438 = DIRECTION('',(1.,0.));
#10439 = ( GEOMETRIC_REPRESENTATION_CONTEXT(2) 
PARAMETRIC_REPRESENTATION_CONTEXT() REPRESENTATION_CONTEXT('2D SPACE',''
  ) );
#10440 = PCURVE('',#10441,#10446);
#10441 = CYLINDRICAL_SURFACE('',#10442,10.75);
#10442 = AXIS2_PLACEMENT_3D('',#10443,#10444,#10445);
#10443 = CARTESIAN_POINT('',(0.,0.,78.1));
#10444 = DIRECTION('',(0.,0.,1.));
#10445 = DIRECTION('',(1.,0.,-0.));
#10446 = DEFINITIONAL_REPRESENTATION('',(#10447),#10451);
#10447 = LINE('',#10448,#10449);
#10448 = CARTESIAN_POINT('',(0.,0.5));
#10449 = VECTOR('',#10450,1.);
#10450 = DIRECTION('',(1.,0.));
#10451 = ( GEOMETRIC_REPRESENTATION_CONTEXT(2) 
PARAMETRIC_REPRESENTATION_CONTEXT() REPRESENTATION_CONTEXT('2D SPACE',''
  ) );
#10452 = FACE_BOUND('',#10453,.F.);
#10453 = EDGE_LOOP('',(#10454));
#10454 = ORIENTED_EDGE('',*,*,#10338,.F.);
#10455 = ADVANCED_FACE('',(#10456,#10459),#10408,.F.);
#10456 = FACE_BOUND('',#10457,.F.);
#10457 = EDGE_LOOP('',(#10458));
#10458 = ORIENTED_EDGE('',*,*,#10393,.T.);
#10459 = FACE_BOUND('',#10460,.F.);
#10460 = EDGE_LOOP('',(#10461));
#10461 = ORIENTED_EDGE('',*,*,#10462,.F.);
#10462 = EDGE_CURVE('',#10463,#10463,#10465,.T.);
#10463 = VERTEX_POINT('',#10464);
#10464 = CARTESIAN_POINT('',(12.45,-3.049370529877E-15,78.6));
#10465 = SURFACE_CURVE('',#10466,(#10471,#10478),.PCURVE_S1.);
#10466 = CIRCLE('',#10467,12.45);
#10467 = AXIS2_PLACEMENT_3D('',#10468,#10469,#10470);
#10468 = CARTESIAN_POINT('',(0.,0.,78.6));
#10469 = DIRECTION('',(0.,0.,1.));
#10470 = DIRECTION('',(1.,0.,-0.));
#10471 = PCURVE('',#10408,#10472);
#10472 = DEFINITIONAL_REPRESENTATION('',(#10473),#10477);
#10473 = CIRCLE('',#10474,12.45);
#10474 = AXIS2_PLACEMENT_2D('',#10475,#10476);
#10475 = CARTESIAN_POINT('',(0.,0.));
#10476 = DIRECTION('',(1.,0.));
#10477 = ( GEOMETRIC_REPRESENTATION_CONTEXT(2) 
PARAMETRIC_REPRESENTATION_CONTEXT() REPRESENTATION_CONTEXT('2D SPACE',''
  ) );
#10478 = PCURVE('',#10479,#10484);
#10479 = CYLINDRICAL_SURFACE('',#10480,12.45);
#10480 = AXIS2_PLACEMENT_3D('',#10481,#10482,#10483);
#10481 = CARTESIAN_POINT('',(0.,0.,78.6));
#10482 = DIRECTION('',(0.,0.,1.));
#10483 = DIRECTION('',(1.,0.,-0.));
#10484 = DEFINITIONAL_REPRESENTATION('',(#10485),#10489);
#10485 = LINE('',#10486,#10487);
#10486 = CARTESIAN_POINT('',(0.,0.));
#10487 = VECTOR('',#10488,1.);
#10488 = DIRECTION('',(1.,0.));
#10489 = ( GEOMETRIC_REPRESENTATION_CONTEXT(2) 
PARAMETRIC_REPRESENTATION_CONTEXT() REPRESENTATION_CONTEXT('2D SPACE',''
  ) );
#10490 = ADVANCED_FACE('',(#10491),#10441,.T.);
#10491 = FACE_BOUND('',#10492,.T.);
#10492 = EDGE_LOOP('',(#10493,#10522,#10543,#10544));
#10493 = ORIENTED_EDGE('',*,*,#10494,.F.);
#10494 = EDGE_CURVE('',#10495,#10495,#10497,.T.);
#10495 = VERTEX_POINT('',#10496);
#10496 = CARTESIAN_POINT('',(10.75,-2.632990618167E-15,79.83));
#10497 = SURFACE_CURVE('',#10498,(#10503,#10510),.PCURVE_S1.);
#10498 = CIRCLE('',#10499,10.75);
#10499 = AXIS2_PLACEMENT_3D('',#10500,#10501,#10502);
#10500 = CARTESIAN_POINT('',(0.,0.,79.83));
#10501 = DIRECTION('',(0.,0.,1.));
#10502 = DIRECTION('',(1.,0.,-0.));
#10503 = PCURVE('',#10441,#10504);
#10504 = DEFINITIONAL_REPRESENTATION('',(#10505),#10509);
#10505 = LINE('',#10506,#10507);
#10506 = CARTESIAN_POINT('',(0.,1.73));
#10507 = VECTOR('',#10508,1.);
#10508 = DIRECTION('',(1.,0.));
#10509 = ( GEOMETRIC_REPRESENTATION_CONTEXT(2) 
PARAMETRIC_REPRESENTATION_CONTEXT() REPRESENTATION_CONTEXT('2D SPACE',''
  ) );
#10510 = PCURVE('',#10511,#10516);
#10511 = PLANE('',#10512);
#10512 = AXIS2_PLACEMENT_3D('',#10513,#10514,#10515);
#10513 = CARTESIAN_POINT('',(0.,0.,79.83));
#10514 = DIRECTION('',(0.,0.,1.));
#10515 = DIRECTION('',(1.,0.,-0.));
#10516 = DEFINITIONAL_REPRESENTATION('',(#10517),#10521);
#10517 = CIRCLE('',#10518,10.75);
#10518 = AXIS2_PLACEMENT_2D('',#10519,#10520);
#10519 = CARTESIAN_POINT('',(0.,0.));
#10520 = DIRECTION('',(1.,0.));
#10521 = ( GEOMETRIC_REPRESENTATION_CONTEXT(2) 
PARAMETRIC_REPRESENTATION_CONTEXT() REPRESENTATION_CONTEXT('2D SPACE',''
  ) );
#10522 = ORIENTED_EDGE('',*,*,#10523,.F.);
#10523 = EDGE_CURVE('',#10425,#10495,#10524,.T.);
#10524 = SEAM_CURVE('',#10525,(#10529,#10536),.PCURVE_S1.);
#10525 = LINE('',#10526,#10527);
#10526 = CARTESIAN_POINT('',(10.75,-2.632990618167E-15,78.1));
#10527 = VECTOR('',#10528,1.);
#10528 = DIRECTION('',(0.,0.,1.));
#10529 = PCURVE('',#10441,#10530);
#10530 = DEFINITIONAL_REPRESENTATION('',(#10531),#10535);
#10531 = LINE('',#10532,#10533);
#10532 = CARTESIAN_POINT('',(6.28318530718,-0.));
#10533 = VECTOR('',#10534,1.);
#10534 = DIRECTION('',(0.,1.));
#10535 = ( GEOMETRIC_REPRESENTATION_CONTEXT(2) 
PARAMETRIC_REPRESENTATION_CONTEXT() REPRESENTATION_CONTEXT('2D SPACE',''
  ) );
#10536 = PCURVE('',#10441,#10537);
#10537 = DEFINITIONAL_REPRESENTATION('',(#10538),#10542);
#10538 = LINE('',#10539,#10540);
#10539 = CARTESIAN_POINT('',(0.,-0.));
#10540 = VECTOR('',#10541,1.);
#10541 = DIRECTION('',(0.,1.));
#10542 = ( GEOMETRIC_REPRESENTATION_CONTEXT(2) 
PARAMETRIC_REPRESENTATION_CONTEXT() REPRESENTATION_CONTEXT('2D SPACE',''
  ) );
#10543 = ORIENTED_EDGE('',*,*,#10424,.T.);
#10544 = ORIENTED_EDGE('',*,*,#10523,.T.);
#10545 = ADVANCED_FACE('',(#10546),#10479,.F.);
#10546 = FACE_BOUND('',#10547,.F.);
#10547 = EDGE_LOOP('',(#10548,#10572,#10593,#10594));
#10548 = ORIENTED_EDGE('',*,*,#10549,.F.);
#10549 = EDGE_CURVE('',#10550,#10550,#10552,.T.);
#10550 = VERTEX_POINT('',#10551);
#10551 = CARTESIAN_POINT('',(12.45,-3.049370529877E-15,79.83));
#10552 = SURFACE_CURVE('',#10553,(#10558,#10565),.PCURVE_S1.);
#10553 = CIRCLE('',#10554,12.45);
#10554 = AXIS2_PLACEMENT_3D('',#10555,#10556,#10557);
#10555 = CARTESIAN_POINT('',(0.,0.,79.83));
#10556 = DIRECTION('',(0.,0.,1.));
#10557 = DIRECTION('',(1.,0.,-0.));
#10558 = PCURVE('',#10479,#10559);
#10559 = DEFINITIONAL_REPRESENTATION('',(#10560),#10564);
#10560 = LINE('',#10561,#10562);
#10561 = CARTESIAN_POINT('',(0.,1.23));
#10562 = VECTOR('',#10563,1.);
#10563 = DIRECTION('',(1.,0.));
#10564 = ( GEOMETRIC_REPRESENTATION_CONTEXT(2) 
PARAMETRIC_REPRESENTATION_CONTEXT() REPRESENTATION_CONTEXT('2D SPACE',''
  ) );
#10565 = PCURVE('',#10511,#10566);
#10566 = DEFINITIONAL_REPRESENTATION('',(#10567),#10571);
#10567 = CIRCLE('',#10568,12.45);
#10568 = AXIS2_PLACEMENT_2D('',#10569,#10570);
#10569 = CARTESIAN_POINT('',(0.,0.));
#10570 = DIRECTION('',(1.,0.));
#10571 = ( GEOMETRIC_REPRESENTATION_CONTEXT(2) 
PARAMETRIC_REPRESENTATION_CONTEXT() REPRESENTATION_CONTEXT('2D SPACE',''
  ) );
#10572 = ORIENTED_EDGE('',*,*,#10573,.F.);
#10573 = EDGE_CURVE('',#10463,#10550,#10574,.T.);
#10574 = SEAM_CURVE('',#10575,(#10579,#10586),.PCURVE_S1.);
#10575 = LINE('',#10576,#10577);
#10576 = CARTESIAN_POINT('',(12.45,-3.049370529877E-15,78.6));
#10577 = VECTOR('',#10578,1.);
#10578 = DIRECTION('',(0.,0.,1.));
#10579 = PCURVE('',#10479,#10580);
#10580 = DEFINITIONAL_REPRESENTATION('',(#10581),#10585);
#10581 = LINE('',#10582,#10583);
#10582 = CARTESIAN_POINT('',(6.28318530718,-0.));
#10583 = VECTOR('',#10584,1.);
#10584 = DIRECTION('',(0.,1.));
#10585 = ( GEOMETRIC_REPRESENTATION_CONTEXT(2) 
PARAMETRIC_REPRESENTATION_CONTEXT() REPRESENTATION_CONTEXT('2D SPACE',''
  ) );
#10586 = PCURVE('',#10479,#10587);
#10587 = DEFINITIONAL_REPRESENTATION('',(#10588),#10592);
#10588 = LINE('',#10589,#10590);
#10589 = CARTESIAN_POINT('',(0.,-0.));
#10590 = VECTOR('',#10591,1.);
#10591 = DIRECTION('',(0.,1.));
#10592 = ( GEOMETRIC_REPRESENTATION_CONTEXT(2) 
PARAMETRIC_REPRESENTATION_CONTEXT() REPRESENTATION_CONTEXT('2D SPACE',''
  ) );
#10593 = ORIENTED_EDGE('',*,*,#10462,.T.);
#10594 = ORIENTED_EDGE('',*,*,#10573,.T.);
#10595 = ADVANCED_FACE('',(#10596,#10599),#10511,.F.);
#10596 = FACE_BOUND('',#10597,.F.);
#10597 = EDGE_LOOP('',(#10598));
#10598 = ORIENTED_EDGE('',*,*,#10549,.T.);
#10599 = FACE_BOUND('',#10600,.F.);
#10600 = EDGE_LOOP('',(#10601));
#10601 = ORIENTED_EDGE('',*,*,#10494,.F.);
#10602 = ( GEOMETRIC_REPRESENTATION_CONTEXT(3) 
GLOBAL_UNCERTAINTY_ASSIGNED_CONTEXT((#10606)) 
GLOBAL_UNIT_ASSIGNED_CONTEXT((#10603,#10604,#10605)) 
REPRESENTATION_CONTEXT('Context #1',
  '3D Context with UNIT and UNCERTAINTY') );
#10603 = ( LENGTH_UNIT() NAMED_UNIT(*) SI_UNIT(.MILLI.,.METRE.) );
#10604 = ( NAMED_UNIT(*) PLANE_ANGLE_UNIT() SI_UNIT($,.RADIAN.) );
#10605 = ( NAMED_UNIT(*) SI_UNIT($,.STERADIAN.) SOLID_ANGLE_UNIT() );
#10606 = UNCERTAINTY_MEASURE_WITH_UNIT(LENGTH_MEASURE(1.E-07),#10603,
  'distance_accuracy_value','confusion accuracy');
#10607 = CONTEXT_DEPENDENT_SHAPE_REPRESENTATION(#10608,#10610);
#10608 = ( REPRESENTATION_RELATIONSHIP('','',#9533,#10) 
REPRESENTATION_RELATIONSHIP_WITH_TRANSFORMATION(#10609) 
SHAPE_REPRESENTATION_RELATIONSHIP() );
#10609 = ITEM_DEFINED_TRANSFORMATION('','',#11,#23);
#10610 = PRODUCT_DEFINITION_SHAPE('Placement','Placement of an item',
  #10611);
#10611 = NEXT_ASSEMBLY_USAGE_OCCURRENCE('3','VIS_ring_B_Al6061_black',''
  ,#5,#9528,$);
#10612 = PRODUCT_RELATED_PRODUCT_CATEGORY('part',$,(#9530));
#10613 = SHAPE_DEFINITION_REPRESENTATION(#10614,#10620);
#10614 = PRODUCT_DEFINITION_SHAPE('','',#10615);
#10615 = PRODUCT_DEFINITION('design','',#10616,#10619);
#10616 = PRODUCT_DEFINITION_FORMATION('','',#10617);
#10617 = PRODUCT('NIR_metalens_UVFS_25x1t','NIR_metalens_UVFS_25x1t','',
  (#10618));
#10618 = PRODUCT_CONTEXT('',#2,'mechanical');
#10619 = PRODUCT_DEFINITION_CONTEXT('part definition',#2,'design');
#10620 = ADVANCED_BREP_SHAPE_REPRESENTATION('',(#11,#10621),#10719);
#10621 = MANIFOLD_SOLID_BREP('',#10622);
#10622 = CLOSED_SHELL('',(#10623,#10711,#10715));
#10623 = ADVANCED_FACE('',(#10624),#10637,.T.);
#10624 = FACE_BOUND('',#10625,.T.);
#10625 = EDGE_LOOP('',(#10626,#10660,#10683,#10710));
#10626 = ORIENTED_EDGE('',*,*,#10627,.F.);
#10627 = EDGE_CURVE('',#10628,#10628,#10630,.T.);
#10628 = VERTEX_POINT('',#10629);
#10629 = CARTESIAN_POINT('',(12.5,-3.061616997868E-15,0.5));
#10630 = SURFACE_CURVE('',#10631,(#10636,#10648),.PCURVE_S1.);
#10631 = CIRCLE('',#10632,12.5);
#10632 = AXIS2_PLACEMENT_3D('',#10633,#10634,#10635);
#10633 = CARTESIAN_POINT('',(0.,0.,0.5));
#10634 = DIRECTION('',(0.,0.,1.));
#10635 = DIRECTION('',(1.,0.,-0.));
#10636 = PCURVE('',#10637,#10642);
#10637 = CYLINDRICAL_SURFACE('',#10638,12.5);
#10638 = AXIS2_PLACEMENT_3D('',#10639,#10640,#10641);
#10639 = CARTESIAN_POINT('',(0.,0.,-0.5));
#10640 = DIRECTION('',(0.,0.,1.));
#10641 = DIRECTION('',(1.,0.,-0.));
#10642 = DEFINITIONAL_REPRESENTATION('',(#10643),#10647);
#10643 = LINE('',#10644,#10645);
#10644 = CARTESIAN_POINT('',(0.,1.));
#10645 = VECTOR('',#10646,1.);
#10646 = DIRECTION('',(1.,0.));
#10647 = ( GEOMETRIC_REPRESENTATION_CONTEXT(2) 
PARAMETRIC_REPRESENTATION_CONTEXT() REPRESENTATION_CONTEXT('2D SPACE',''
  ) );
#10648 = PCURVE('',#10649,#10654);
#10649 = PLANE('',#10650);
#10650 = AXIS2_PLACEMENT_3D('',#10651,#10652,#10653);
#10651 = CARTESIAN_POINT('',(0.,0.,0.5));
#10652 = DIRECTION('',(0.,0.,1.));
#10653 = DIRECTION('',(1.,0.,-0.));
#10654 = DEFINITIONAL_REPRESENTATION('',(#10655),#10659);
#10655 = CIRCLE('',#10656,12.5);
#10656 = AXIS2_PLACEMENT_2D('',#10657,#10658);
#10657 = CARTESIAN_POINT('',(0.,0.));
#10658 = DIRECTION('',(1.,0.));
#10659 = ( GEOMETRIC_REPRESENTATION_CONTEXT(2) 
PARAMETRIC_REPRESENTATION_CONTEXT() REPRESENTATION_CONTEXT('2D SPACE',''
  ) );
#10660 = ORIENTED_EDGE('',*,*,#10661,.F.);
#10661 = EDGE_CURVE('',#10662,#10628,#10664,.T.);
#10662 = VERTEX_POINT('',#10663);
#10663 = CARTESIAN_POINT('',(12.5,-3.061616997868E-15,-0.5));
#10664 = SEAM_CURVE('',#10665,(#10669,#10676),.PCURVE_S1.);
#10665 = LINE('',#10666,#10667);
#10666 = CARTESIAN_POINT('',(12.5,-3.061616997868E-15,-0.5));
#10667 = VECTOR('',#10668,1.);
#10668 = DIRECTION('',(0.,0.,1.));
#10669 = PCURVE('',#10637,#10670);
#10670 = DEFINITIONAL_REPRESENTATION('',(#10671),#10675);
#10671 = LINE('',#10672,#10673);
#10672 = CARTESIAN_POINT('',(6.28318530718,-0.));
#10673 = VECTOR('',#10674,1.);
#10674 = DIRECTION('',(0.,1.));
#10675 = ( GEOMETRIC_REPRESENTATION_CONTEXT(2) 
PARAMETRIC_REPRESENTATION_CONTEXT() REPRESENTATION_CONTEXT('2D SPACE',''
  ) );
#10676 = PCURVE('',#10637,#10677);
#10677 = DEFINITIONAL_REPRESENTATION('',(#10678),#10682);
#10678 = LINE('',#10679,#10680);
#10679 = CARTESIAN_POINT('',(0.,-0.));
#10680 = VECTOR('',#10681,1.);
#10681 = DIRECTION('',(0.,1.));
#10682 = ( GEOMETRIC_REPRESENTATION_CONTEXT(2) 
PARAMETRIC_REPRESENTATION_CONTEXT() REPRESENTATION_CONTEXT('2D SPACE',''
  ) );
#10683 = ORIENTED_EDGE('',*,*,#10684,.T.);
#10684 = EDGE_CURVE('',#10662,#10662,#10685,.T.);
#10685 = SURFACE_CURVE('',#10686,(#10691,#10698),.PCURVE_S1.);
#10686 = CIRCLE('',#10687,12.5);
#10687 = AXIS2_PLACEMENT_3D('',#10688,#10689,#10690);
#10688 = CARTESIAN_POINT('',(0.,0.,-0.5));
#10689 = DIRECTION('',(0.,0.,1.));
#10690 = DIRECTION('',(1.,0.,-0.));
#10691 = PCURVE('',#10637,#10692);
#10692 = DEFINITIONAL_REPRESENTATION('',(#10693),#10697);
#10693 = LINE('',#10694,#10695);
#10694 = CARTESIAN_POINT('',(0.,0.));
#10695 = VECTOR('',#10696,1.);
#10696 = DIRECTION('',(1.,0.));
#10697 = ( GEOMETRIC_REPRESENTATION_CONTEXT(2) 
PARAMETRIC_REPRESENTATION_CONTEXT() REPRESENTATION_CONTEXT('2D SPACE',''
  ) );
#10698 = PCURVE('',#10699,#10704);
#10699 = PLANE('',#10700);
#10700 = AXIS2_PLACEMENT_3D('',#10701,#10702,#10703);
#10701 = CARTESIAN_POINT('',(0.,0.,-0.5));
#10702 = DIRECTION('',(0.,0.,1.));
#10703 = DIRECTION('',(1.,0.,-0.));
#10704 = DEFINITIONAL_REPRESENTATION('',(#10705),#10709);
#10705 = CIRCLE('',#10706,12.5);
#10706 = AXIS2_PLACEMENT_2D('',#10707,#10708);
#10707 = CARTESIAN_POINT('',(0.,0.));
#10708 = DIRECTION('',(1.,0.));
#10709 = ( GEOMETRIC_REPRESENTATION_CONTEXT(2) 
PARAMETRIC_REPRESENTATION_CONTEXT() REPRESENTATION_CONTEXT('2D SPACE',''
  ) );
#10710 = ORIENTED_EDGE('',*,*,#10661,.T.);
#10711 = ADVANCED_FACE('',(#10712),#10649,.T.);
#10712 = FACE_BOUND('',#10713,.T.);
#10713 = EDGE_LOOP('',(#10714));
#10714 = ORIENTED_EDGE('',*,*,#10627,.T.);
#10715 = ADVANCED_FACE('',(#10716),#10699,.F.);
#10716 = FACE_BOUND('',#10717,.T.);
#10717 = EDGE_LOOP('',(#10718));
#10718 = ORIENTED_EDGE('',*,*,#10684,.F.);
#10719 = ( GEOMETRIC_REPRESENTATION_CONTEXT(3) 
GLOBAL_UNCERTAINTY_ASSIGNED_CONTEXT((#10723)) 
GLOBAL_UNIT_ASSIGNED_CONTEXT((#10720,#10721,#10722)) 
REPRESENTATION_CONTEXT('Context #1',
  '3D Context with UNIT and UNCERTAINTY') );
#10720 = ( LENGTH_UNIT() NAMED_UNIT(*) SI_UNIT(.MILLI.,.METRE.) );
#10721 = ( NAMED_UNIT(*) PLANE_ANGLE_UNIT() SI_UNIT($,.RADIAN.) );
#10722 = ( NAMED_UNIT(*) SI_UNIT($,.STERADIAN.) SOLID_ANGLE_UNIT() );
#10723 = UNCERTAINTY_MEASURE_WITH_UNIT(LENGTH_MEASURE(1.E-07),#10720,
  'distance_accuracy_value','confusion accuracy');
#10724 = CONTEXT_DEPENDENT_SHAPE_REPRESENTATION(#10725,#10727);
#10725 = ( REPRESENTATION_RELATIONSHIP('','',#10620,#10) 
REPRESENTATION_RELATIONSHIP_WITH_TRANSFORMATION(#10726) 
SHAPE_REPRESENTATION_RELATIONSHIP() );
#10726 = ITEM_DEFINED_TRANSFORMATION('','',#11,#27);
#10727 = PRODUCT_DEFINITION_SHAPE('Placement','Placement of an item',
  #10728);
#10728 = NEXT_ASSEMBLY_USAGE_OCCURRENCE('4','VIS_metalens_UVFS_25x1t',''
  ,#5,#10615,$);
#10729 = PRODUCT_RELATED_PRODUCT_CATEGORY('part',$,(#10617));
#10730 = SHAPE_DEFINITION_REPRESENTATION(#10731,#10737);
#10731 = PRODUCT_DEFINITION_SHAPE('','',#10732);
#10732 = PRODUCT_DEFINITION('design','',#10733,#10736);
#10733 = PRODUCT_DEFINITION_FORMATION('','',#10734);
#10734 = PRODUCT('NIR_filter_25x3.5_FLH633-1',
  'NIR_filter_25x3.5_FLH633-1','',(#10735));
#10735 = PRODUCT_CONTEXT('',#2,'mechanical');
#10736 = PRODUCT_DEFINITION_CONTEXT('part definition',#2,'design');
#10737 = ADVANCED_BREP_SHAPE_REPRESENTATION('',(#11,#10738),#10836);
#10738 = MANIFOLD_SOLID_BREP('',#10739);
#10739 = CLOSED_SHELL('',(#10740,#10828,#10832));
#10740 = ADVANCED_FACE('',(#10741),#10754,.T.);
#10741 = FACE_BOUND('',#10742,.T.);
#10742 = EDGE_LOOP('',(#10743,#10777,#10800,#10827));
#10743 = ORIENTED_EDGE('',*,*,#10744,.F.);
#10744 = EDGE_CURVE('',#10745,#10745,#10747,.T.);
#10745 = VERTEX_POINT('',#10746);
#10746 = CARTESIAN_POINT('',(12.5,-3.061616997868E-15,1.75));
#10747 = SURFACE_CURVE('',#10748,(#10753,#10765),.PCURVE_S1.);
#10748 = CIRCLE('',#10749,12.5);
#10749 = AXIS2_PLACEMENT_3D('',#10750,#10751,#10752);
#10750 = CARTESIAN_POINT('',(0.,0.,1.75));
#10751 = DIRECTION('',(0.,0.,1.));
#10752 = DIRECTION('',(1.,0.,-0.));
#10753 = PCURVE('',#10754,#10759);
#10754 = CYLINDRICAL_SURFACE('',#10755,12.5);
#10755 = AXIS2_PLACEMENT_3D('',#10756,#10757,#10758);
#10756 = CARTESIAN_POINT('',(0.,0.,-1.75));
#10757 = DIRECTION('',(0.,0.,1.));
#10758 = DIRECTION('',(1.,0.,-0.));
#10759 = DEFINITIONAL_REPRESENTATION('',(#10760),#10764);
#10760 = LINE('',#10761,#10762);
#10761 = CARTESIAN_POINT('',(0.,3.5));
#10762 = VECTOR('',#10763,1.);
#10763 = DIRECTION('',(1.,0.));
#10764 = ( GEOMETRIC_REPRESENTATION_CONTEXT(2) 
PARAMETRIC_REPRESENTATION_CONTEXT() REPRESENTATION_CONTEXT('2D SPACE',''
  ) );
#10765 = PCURVE('',#10766,#10771);
#10766 = PLANE('',#10767);
#10767 = AXIS2_PLACEMENT_3D('',#10768,#10769,#10770);
#10768 = CARTESIAN_POINT('',(0.,0.,1.75));
#10769 = DIRECTION('',(0.,0.,1.));
#10770 = DIRECTION('',(1.,0.,-0.));
#10771 = DEFINITIONAL_REPRESENTATION('',(#10772),#10776);
#10772 = CIRCLE('',#10773,12.5);
#10773 = AXIS2_PLACEMENT_2D('',#10774,#10775);
#10774 = CARTESIAN_POINT('',(0.,0.));
#10775 = DIRECTION('',(1.,0.));
#10776 = ( GEOMETRIC_REPRESENTATION_CONTEXT(2) 
PARAMETRIC_REPRESENTATION_CONTEXT() REPRESENTATION_CONTEXT('2D SPACE',''
  ) );
#10777 = ORIENTED_EDGE('',*,*,#10778,.F.);
#10778 = EDGE_CURVE('',#10779,#10745,#10781,.T.);
#10779 = VERTEX_POINT('',#10780);
#10780 = CARTESIAN_POINT('',(12.5,-3.061616997868E-15,-1.75));
#10781 = SEAM_CURVE('',#10782,(#10786,#10793),.PCURVE_S1.);
#10782 = LINE('',#10783,#10784);
#10783 = CARTESIAN_POINT('',(12.5,-3.061616997868E-15,-1.75));
#10784 = VECTOR('',#10785,1.);
#10785 = DIRECTION('',(0.,0.,1.));
#10786 = PCURVE('',#10754,#10787);
#10787 = DEFINITIONAL_REPRESENTATION('',(#10788),#10792);
#10788 = LINE('',#10789,#10790);
#10789 = CARTESIAN_POINT('',(6.28318530718,-0.));
#10790 = VECTOR('',#10791,1.);
#10791 = DIRECTION('',(0.,1.));
#10792 = ( GEOMETRIC_REPRESENTATION_CONTEXT(2) 
PARAMETRIC_REPRESENTATION_CONTEXT() REPRESENTATION_CONTEXT('2D SPACE',''
  ) );
#10793 = PCURVE('',#10754,#10794);
#10794 = DEFINITIONAL_REPRESENTATION('',(#10795),#10799);
#10795 = LINE('',#10796,#10797);
#10796 = CARTESIAN_POINT('',(0.,-0.));
#10797 = VECTOR('',#10798,1.);
#10798 = DIRECTION('',(0.,1.));
#10799 = ( GEOMETRIC_REPRESENTATION_CONTEXT(2) 
PARAMETRIC_REPRESENTATION_CONTEXT() REPRESENTATION_CONTEXT('2D SPACE',''
  ) );
#10800 = ORIENTED_EDGE('',*,*,#10801,.T.);
#10801 = EDGE_CURVE('',#10779,#10779,#10802,.T.);
#10802 = SURFACE_CURVE('',#10803,(#10808,#10815),.PCURVE_S1.);
#10803 = CIRCLE('',#10804,12.5);
#10804 = AXIS2_PLACEMENT_3D('',#10805,#10806,#10807);
#10805 = CARTESIAN_POINT('',(0.,0.,-1.75));
#10806 = DIRECTION('',(0.,0.,1.));
#10807 = DIRECTION('',(1.,0.,-0.));
#10808 = PCURVE('',#10754,#10809);
#10809 = DEFINITIONAL_REPRESENTATION('',(#10810),#10814);
#10810 = LINE('',#10811,#10812);
#10811 = CARTESIAN_POINT('',(0.,0.));
#10812 = VECTOR('',#10813,1.);
#10813 = DIRECTION('',(1.,0.));
#10814 = ( GEOMETRIC_REPRESENTATION_CONTEXT(2) 
PARAMETRIC_REPRESENTATION_CONTEXT() REPRESENTATION_CONTEXT('2D SPACE',''
  ) );
#10815 = PCURVE('',#10816,#10821);
#10816 = PLANE('',#10817);
#10817 = AXIS2_PLACEMENT_3D('',#10818,#10819,#10820);
#10818 = CARTESIAN_POINT('',(0.,0.,-1.75));
#10819 = DIRECTION('',(0.,0.,1.));
#10820 = DIRECTION('',(1.,0.,-0.));
#10821 = DEFINITIONAL_REPRESENTATION('',(#10822),#10826);
#10822 = CIRCLE('',#10823,12.5);
#10823 = AXIS2_PLACEMENT_2D('',#10824,#10825);
#10824 = CARTESIAN_POINT('',(0.,0.));
#10825 = DIRECTION('',(1.,0.));
#10826 = ( GEOMETRIC_REPRESENTATION_CONTEXT(2) 
PARAMETRIC_REPRESENTATION_CONTEXT() REPRESENTATION_CONTEXT('2D SPACE',''
  ) );
#10827 = ORIENTED_EDGE('',*,*,#10778,.T.);
#10828 = ADVANCED_FACE('',(#10829),#10766,.T.);
#10829 = FACE_BOUND('',#10830,.T.);
#10830 = EDGE_LOOP('',(#10831));
#10831 = ORIENTED_EDGE('',*,*,#10744,.T.);
#10832 = ADVANCED_FACE('',(#10833),#10816,.F.);
#10833 = FACE_BOUND('',#10834,.T.);
#10834 = EDGE_LOOP('',(#10835));
#10835 = ORIENTED_EDGE('',*,*,#10801,.F.);
#10836 = ( GEOMETRIC_REPRESENTATION_CONTEXT(3) 
GLOBAL_UNCERTAINTY_ASSIGNED_CONTEXT((#10840)) 
GLOBAL_UNIT_ASSIGNED_CONTEXT((#10837,#10838,#10839)) 
REPRESENTATION_CONTEXT('Context #1',
  '3D Context with UNIT and UNCERTAINTY') );
#10837 = ( LENGTH_UNIT() NAMED_UNIT(*) SI_UNIT(.MILLI.,.METRE.) );
#10838 = ( NAMED_UNIT(*) PLANE_ANGLE_UNIT() SI_UNIT($,.RADIAN.) );
#10839 = ( NAMED_UNIT(*) SI_UNIT($,.STERADIAN.) SOLID_ANGLE_UNIT() );
#10840 = UNCERTAINTY_MEASURE_WITH_UNIT(LENGTH_MEASURE(1.E-07),#10837,
  'distance_accuracy_value','confusion accuracy');
#10841 = CONTEXT_DEPENDENT_SHAPE_REPRESENTATION(#10842,#10844);
#10842 = ( REPRESENTATION_RELATIONSHIP('','',#10737,#10) 
REPRESENTATION_RELATIONSHIP_WITH_TRANSFORMATION(#10843) 
SHAPE_REPRESENTATION_RELATIONSHIP() );
#10843 = ITEM_DEFINED_TRANSFORMATION('','',#11,#31);
#10844 = PRODUCT_DEFINITION_SHAPE('Placement','Placement of an item',
  #10845);
#10845 = NEXT_ASSEMBLY_USAGE_OCCURRENCE('5','VIS_filter_25x3.5_FLH633-1'
  ,'',#5,#10732,$);
#10846 = PRODUCT_RELATED_PRODUCT_CATEGORY('part',$,(#10734));
#10847 = SHAPE_DEFINITION_REPRESENTATION(#10848,#10854);
#10848 = PRODUCT_DEFINITION_SHAPE('','',#10849);
#10849 = PRODUCT_DEFINITION('design','',#10850,#10853);
#10850 = PRODUCT_DEFINITION_FORMATION('','',#10851);
#10851 = PRODUCT('NIR_oring_21.2x1.5_seat','NIR_oring_21.2x1.5_seat','',
  (#10852));
#10852 = PRODUCT_CONTEXT('',#2,'mechanical');
#10853 = PRODUCT_DEFINITION_CONTEXT('part definition',#2,'design');
#10854 = ADVANCED_BREP_SHAPE_REPRESENTATION('',(#11,#10855),#10913);
#10855 = MANIFOLD_SOLID_BREP('',#10856);
#10856 = CLOSED_SHELL('',(#10857));
#10857 = ADVANCED_FACE('',(#10858),#10871,.T.);
#10858 = FACE_BOUND('',#10859,.T.);
#10859 = EDGE_LOOP('',(#10860,#10889,#10911,#10912));
#10860 = ORIENTED_EDGE('',*,*,#10861,.F.);
#10861 = EDGE_CURVE('',#10862,#10862,#10864,.T.);
#10862 = VERTEX_POINT('',#10863);
#10863 = CARTESIAN_POINT('',(12.1,-2.963645253937E-15,
    -1.836970198721E-16));
#10864 = SEAM_CURVE('',#10865,(#10870,#10882),.PCURVE_S1.);
#10865 = CIRCLE('',#10866,12.1);
#10866 = AXIS2_PLACEMENT_3D('',#10867,#10868,#10869);
#10867 = CARTESIAN_POINT('',(0.,0.,-1.836970198721E-16));
#10868 = DIRECTION('',(0.,0.,1.));
#10869 = DIRECTION('',(1.,0.,-0.));
#10870 = PCURVE('',#10871,#10876);
#10871 = TOROIDAL_SURFACE('',#10872,11.35,0.75);
#10872 = AXIS2_PLACEMENT_3D('',#10873,#10874,#10875);
#10873 = CARTESIAN_POINT('',(0.,0.,0.));
#10874 = DIRECTION('',(0.,0.,1.));
#10875 = DIRECTION('',(1.,0.,-0.));
#10876 = DEFINITIONAL_REPRESENTATION('',(#10877),#10881);
#10877 = LINE('',#10878,#10879);
#10878 = CARTESIAN_POINT('',(0.,6.28318530718));
#10879 = VECTOR('',#10880,1.);
#10880 = DIRECTION('',(1.,0.));
#10881 = ( GEOMETRIC_REPRESENTATION_CONTEXT(2) 
PARAMETRIC_REPRESENTATION_CONTEXT() REPRESENTATION_CONTEXT('2D SPACE',''
  ) );
#10882 = PCURVE('',#10871,#10883);
#10883 = DEFINITIONAL_REPRESENTATION('',(#10884),#10888);
#10884 = LINE('',#10885,#10886);
#10885 = CARTESIAN_POINT('',(0.,0.));
#10886 = VECTOR('',#10887,1.);
#10887 = DIRECTION('',(1.,0.));
#10888 = ( GEOMETRIC_REPRESENTATION_CONTEXT(2) 
PARAMETRIC_REPRESENTATION_CONTEXT() REPRESENTATION_CONTEXT('2D SPACE',''
  ) );
#10889 = ORIENTED_EDGE('',*,*,#10890,.F.);
#10890 = EDGE_CURVE('',#10862,#10862,#10891,.T.);
#10891 = SEAM_CURVE('',#10892,(#10897,#10904),.PCURVE_S1.);
#10892 = CIRCLE('',#10893,0.75);
#10893 = AXIS2_PLACEMENT_3D('',#10894,#10895,#10896);
#10894 = CARTESIAN_POINT('',(11.35,-2.779948234064E-15,0.));
#10895 = DIRECTION('',(-2.449293598295E-16,-1.,0.));
#10896 = DIRECTION('',(1.,-2.449293598295E-16,0.));
#10897 = PCURVE('',#10871,#10898);
#10898 = DEFINITIONAL_REPRESENTATION('',(#10899),#10903);
#10899 = LINE('',#10900,#10901);
#10900 = CARTESIAN_POINT('',(6.28318530718,-0.));
#10901 = VECTOR('',#10902,1.);
#10902 = DIRECTION('',(0.,1.));
#10903 = ( GEOMETRIC_REPRESENTATION_CONTEXT(2) 
PARAMETRIC_REPRESENTATION_CONTEXT() REPRESENTATION_CONTEXT('2D SPACE',''
  ) );
#10904 = PCURVE('',#10871,#10905);
#10905 = DEFINITIONAL_REPRESENTATION('',(#10906),#10910);
#10906 = LINE('',#10907,#10908);
#10907 = CARTESIAN_POINT('',(0.,-0.));
#10908 = VECTOR('',#10909,1.);
#10909 = DIRECTION('',(0.,1.));
#10910 = ( GEOMETRIC_REPRESENTATION_CONTEXT(2) 
PARAMETRIC_REPRESENTATION_CONTEXT() REPRESENTATION_CONTEXT('2D SPACE',''
  ) );
#10911 = ORIENTED_EDGE('',*,*,#10861,.T.);
#10912 = ORIENTED_EDGE('',*,*,#10890,.T.);
#10913 = ( GEOMETRIC_REPRESENTATION_CONTEXT(3) 
GLOBAL_UNCERTAINTY_ASSIGNED_CONTEXT((#10917)) 
GLOBAL_UNIT_ASSIGNED_CONTEXT((#10914,#10915,#10916)) 
REPRESENTATION_CONTEXT('Context #1',
  '3D Context with UNIT and UNCERTAINTY') );
#10914 = ( LENGTH_UNIT() NAMED_UNIT(*) SI_UNIT(.MILLI.,.METRE.) );
#10915 = ( NAMED_UNIT(*) PLANE_ANGLE_UNIT() SI_UNIT($,.RADIAN.) );
#10916 = ( NAMED_UNIT(*) SI_UNIT($,.STERADIAN.) SOLID_ANGLE_UNIT() );
#10917 = UNCERTAINTY_MEASURE_WITH_UNIT(LENGTH_MEASURE(1.E-07),#10914,
  'distance_accuracy_value','confusion accuracy');
#10918 = CONTEXT_DEPENDENT_SHAPE_REPRESENTATION(#10919,#10921);
#10919 = ( REPRESENTATION_RELATIONSHIP('','',#10854,#10) 
REPRESENTATION_RELATIONSHIP_WITH_TRANSFORMATION(#10920) 
SHAPE_REPRESENTATION_RELATIONSHIP() );
#10920 = ITEM_DEFINED_TRANSFORMATION('','',#11,#35);
#10921 = PRODUCT_DEFINITION_SHAPE('Placement','Placement of an item',
  #10922);
#10922 = NEXT_ASSEMBLY_USAGE_OCCURRENCE('6','VIS_oring_21.2x1.5_seat',''
  ,#5,#10849,$);
#10923 = PRODUCT_RELATED_PRODUCT_CATEGORY('part',$,(#10851));
#10924 = SHAPE_DEFINITION_REPRESENTATION(#10925,#10931);
#10925 = PRODUCT_DEFINITION_SHAPE('','',#10926);
#10926 = PRODUCT_DEFINITION('design','',#10927,#10930);
#10927 = PRODUCT_DEFINITION_FORMATION('','',#10928);
#10928 = PRODUCT('NIR_oring_21.2x1.5_ringB','NIR_oring_21.2x1.5_ringB',
  '',(#10929));
#10929 = PRODUCT_CONTEXT('',#2,'mechanical');
#10930 = PRODUCT_DEFINITION_CONTEXT('part definition',#2,'design');
#10931 = ADVANCED_BREP_SHAPE_REPRESENTATION('',(#11,#10932),#10990);
#10932 = MANIFOLD_SOLID_BREP('',#10933);
#10933 = CLOSED_SHELL('',(#10934));
#10934 = ADVANCED_FACE('',(#10935),#10948,.T.);
#10935 = FACE_BOUND('',#10936,.T.);
#10936 = EDGE_LOOP('',(#10937,#10966,#10988,#10989));
#10937 = ORIENTED_EDGE('',*,*,#10938,.F.);
#10938 = EDGE_CURVE('',#10939,#10939,#10941,.T.);
#10939 = VERTEX_POINT('',#10940);
#10940 = CARTESIAN_POINT('',(12.35,-3.024877593894E-15,
    -1.836970198721E-16));
#10941 = SEAM_CURVE('',#10942,(#10947,#10959),.PCURVE_S1.);
#10942 = CIRCLE('',#10943,12.35);
#10943 = AXIS2_PLACEMENT_3D('',#10944,#10945,#10946);
#10944 = CARTESIAN_POINT('',(0.,0.,-1.836970198721E-16));
#10945 = DIRECTION('',(0.,0.,1.));
#10946 = DIRECTION('',(1.,0.,-0.));
#10947 = PCURVE('',#10948,#10953);
#10948 = TOROIDAL_SURFACE('',#10949,11.6,0.75);
#10949 = AXIS2_PLACEMENT_3D('',#10950,#10951,#10952);
#10950 = CARTESIAN_POINT('',(0.,0.,0.));
#10951 = DIRECTION('',(0.,0.,1.));
#10952 = DIRECTION('',(1.,0.,-0.));
#10953 = DEFINITIONAL_REPRESENTATION('',(#10954),#10958);
#10954 = LINE('',#10955,#10956);
#10955 = CARTESIAN_POINT('',(0.,6.28318530718));
#10956 = VECTOR('',#10957,1.);
#10957 = DIRECTION('',(1.,0.));
#10958 = ( GEOMETRIC_REPRESENTATION_CONTEXT(2) 
PARAMETRIC_REPRESENTATION_CONTEXT() REPRESENTATION_CONTEXT('2D SPACE',''
  ) );
#10959 = PCURVE('',#10948,#10960);
#10960 = DEFINITIONAL_REPRESENTATION('',(#10961),#10965);
#10961 = LINE('',#10962,#10963);
#10962 = CARTESIAN_POINT('',(0.,0.));
#10963 = VECTOR('',#10964,1.);
#10964 = DIRECTION('',(1.,0.));
#10965 = ( GEOMETRIC_REPRESENTATION_CONTEXT(2) 
PARAMETRIC_REPRESENTATION_CONTEXT() REPRESENTATION_CONTEXT('2D SPACE',''
  ) );
#10966 = ORIENTED_EDGE('',*,*,#10967,.F.);
#10967 = EDGE_CURVE('',#10939,#10939,#10968,.T.);
#10968 = SEAM_CURVE('',#10969,(#10974,#10981),.PCURVE_S1.);
#10969 = CIRCLE('',#10970,0.75);
#10970 = AXIS2_PLACEMENT_3D('',#10971,#10972,#10973);
#10971 = CARTESIAN_POINT('',(11.6,-2.841180574022E-15,0.));
#10972 = DIRECTION('',(-2.449293598295E-16,-1.,0.));
#10973 = DIRECTION('',(1.,-2.449293598295E-16,0.));
#10974 = PCURVE('',#10948,#10975);
#10975 = DEFINITIONAL_REPRESENTATION('',(#10976),#10980);
#10976 = LINE('',#10977,#10978);
#10977 = CARTESIAN_POINT('',(6.28318530718,-0.));
#10978 = VECTOR('',#10979,1.);
#10979 = DIRECTION('',(0.,1.));
#10980 = ( GEOMETRIC_REPRESENTATION_CONTEXT(2) 
PARAMETRIC_REPRESENTATION_CONTEXT() REPRESENTATION_CONTEXT('2D SPACE',''
  ) );
#10981 = PCURVE('',#10948,#10982);
#10982 = DEFINITIONAL_REPRESENTATION('',(#10983),#10987);
#10983 = LINE('',#10984,#10985);
#10984 = CARTESIAN_POINT('',(0.,-0.));
#10985 = VECTOR('',#10986,1.);
#10986 = DIRECTION('',(0.,1.));
#10987 = ( GEOMETRIC_REPRESENTATION_CONTEXT(2) 
PARAMETRIC_REPRESENTATION_CONTEXT() REPRESENTATION_CONTEXT('2D SPACE',''
  ) );
#10988 = ORIENTED_EDGE('',*,*,#10938,.T.);
#10989 = ORIENTED_EDGE('',*,*,#10967,.T.);
#10990 = ( GEOMETRIC_REPRESENTATION_CONTEXT(3) 
GLOBAL_UNCERTAINTY_ASSIGNED_CONTEXT((#10994)) 
GLOBAL_UNIT_ASSIGNED_CONTEXT((#10991,#10992,#10993)) 
REPRESENTATION_CONTEXT('Context #1',
  '3D Context with UNIT and UNCERTAINTY') );
#10991 = ( LENGTH_UNIT() NAMED_UNIT(*) SI_UNIT(.MILLI.,.METRE.) );
#10992 = ( NAMED_UNIT(*) PLANE_ANGLE_UNIT() SI_UNIT($,.RADIAN.) );
#10993 = ( NAMED_UNIT(*) SI_UNIT($,.STERADIAN.) SOLID_ANGLE_UNIT() );
#10994 = UNCERTAINTY_MEASURE_WITH_UNIT(LENGTH_MEASURE(1.E-07),#10991,
  'distance_accuracy_value','confusion accuracy');
#10995 = CONTEXT_DEPENDENT_SHAPE_REPRESENTATION(#10996,#10998);
#10996 = ( REPRESENTATION_RELATIONSHIP('','',#10931,#10) 
REPRESENTATION_RELATIONSHIP_WITH_TRANSFORMATION(#10997) 
SHAPE_REPRESENTATION_RELATIONSHIP() );
#10997 = ITEM_DEFINED_TRANSFORMATION('','',#11,#39);
#10998 = PRODUCT_DEFINITION_SHAPE('Placement','Placement of an item',
  #10999);
#10999 = NEXT_ASSEMBLY_USAGE_OCCURRENCE('7','VIS_oring_21.2x1.5_ringB',
  '',#5,#10926,$);
#11000 = PRODUCT_RELATED_PRODUCT_CATEGORY('part',$,(#10928));
#11001 = SHAPE_DEFINITION_REPRESENTATION(#11002,#11008);
#11002 = PRODUCT_DEFINITION_SHAPE('','',#11003);
#11003 = PRODUCT_DEFINITION('design','',#11004,#11007);
#11004 = PRODUCT_DEFINITION_FORMATION('','',#11005);
#11005 = PRODUCT('NIR_readout_board_24x24','NIR_readout_board_24x24','',
  (#11006));
#11006 = PRODUCT_CONTEXT('',#2,'mechanical');
#11007 = PRODUCT_DEFINITION_CONTEXT('part definition',#2,'design');
#11008 = ADVANCED_BREP_SHAPE_REPRESENTATION('',(#11,#11009),#11339);
#11009 = MANIFOLD_SOLID_BREP('',#11010);
#11010 = CLOSED_SHELL('',(#11011,#11131,#11231,#11278,#11325,#11332));
#11011 = ADVANCED_FACE('',(#11012),#11026,.F.);
#11012 = FACE_BOUND('',#11013,.F.);
#11013 = EDGE_LOOP('',(#11014,#11049,#11077,#11105));
#11014 = ORIENTED_EDGE('',*,*,#11015,.F.);
#11015 = EDGE_CURVE('',#11016,#11018,#11020,.T.);
#11016 = VERTEX_POINT('',#11017);
#11017 = CARTESIAN_POINT('',(-12.,-12.,-0.8));
#11018 = VERTEX_POINT('',#11019);
#11019 = CARTESIAN_POINT('',(-12.,-12.,0.8));
#11020 = SURFACE_CURVE('',#11021,(#11025,#11037),.PCURVE_S1.);
#11021 = LINE('',#11022,#11023);
#11022 = CARTESIAN_POINT('',(-12.,-12.,-0.8));
#11023 = VECTOR('',#11024,1.);
#11024 = DIRECTION('',(0.,0.,1.));
#11025 = PCURVE('',#11026,#11031);
#11026 = PLANE('',#11027);
#11027 = AXIS2_PLACEMENT_3D('',#11028,#11029,#11030);
#11028 = CARTESIAN_POINT('',(-12.,-12.,-0.8));
#11029 = DIRECTION('',(1.,0.,-0.));
#11030 = DIRECTION('',(0.,0.,1.));
#11031 = DEFINITIONAL_REPRESENTATION('',(#11032),#11036);
#11032 = LINE('',#11033,#11034);
#11033 = CARTESIAN_POINT('',(0.,0.));
#11034 = VECTOR('',#11035,1.);
#11035 = DIRECTION('',(1.,0.));
#11036 = ( GEOMETRIC_REPRESENTATION_CONTEXT(2) 
PARAMETRIC_REPRESENTATION_CONTEXT() REPRESENTATION_CONTEXT('2D SPACE',''
  ) );
#11037 = PCURVE('',#11038,#11043);
#11038 = PLANE('',#11039);
#11039 = AXIS2_PLACEMENT_3D('',#11040,#11041,#11042);
#11040 = CARTESIAN_POINT('',(-12.,-12.,-0.8));
#11041 = DIRECTION('',(-0.,1.,0.));
#11042 = DIRECTION('',(0.,0.,1.));
#11043 = DEFINITIONAL_REPRESENTATION('',(#11044),#11048);
#11044 = LINE('',#11045,#11046);
#11045 = CARTESIAN_POINT('',(0.,0.));
#11046 = VECTOR('',#11047,1.);
#11047 = DIRECTION('',(1.,0.));
#11048 = ( GEOMETRIC_REPRESENTATION_CONTEXT(2) 
PARAMETRIC_REPRESENTATION_CONTEXT() REPRESENTATION_CONTEXT('2D SPACE',''
  ) );
#11049 = ORIENTED_EDGE('',*,*,#11050,.T.);
#11050 = EDGE_CURVE('',#11016,#11051,#11053,.T.);
#11051 = VERTEX_POINT('',#11052);
#11052 = CARTESIAN_POINT('',(-12.,12.,-0.8));
#11053 = SURFACE_CURVE('',#11054,(#11058,#11065),.PCURVE_S1.);
#11054 = LINE('',#11055,#11056);
#11055 = CARTESIAN_POINT('',(-12.,-12.,-0.8));
#11056 = VECTOR('',#11057,1.);
#11057 = DIRECTION('',(-0.,1.,0.));
#11058 = PCURVE('',#11026,#11059);
#11059 = DEFINITIONAL_REPRESENTATION('',(#11060),#11064);
#11060 = LINE('',#11061,#11062);
#11061 = CARTESIAN_POINT('',(0.,0.));
#11062 = VECTOR('',#11063,1.);
#11063 = DIRECTION('',(0.,-1.));
#11064 = ( GEOMETRIC_REPRESENTATION_CONTEXT(2) 
PARAMETRIC_REPRESENTATION_CONTEXT() REPRESENTATION_CONTEXT('2D SPACE',''
  ) );
#11065 = PCURVE('',#11066,#11071);
#11066 = PLANE('',#11067);
#11067 = AXIS2_PLACEMENT_3D('',#11068,#11069,#11070);
#11068 = CARTESIAN_POINT('',(-12.,-12.,-0.8));
#11069 = DIRECTION('',(0.,0.,1.));
#11070 = DIRECTION('',(1.,0.,-0.));
#11071 = DEFINITIONAL_REPRESENTATION('',(#11072),#11076);
#11072 = LINE('',#11073,#11074);
#11073 = CARTESIAN_POINT('',(0.,0.));
#11074 = VECTOR('',#11075,1.);
#11075 = DIRECTION('',(0.,1.));
#11076 = ( GEOMETRIC_REPRESENTATION_CONTEXT(2) 
PARAMETRIC_REPRESENTATION_CONTEXT() REPRESENTATION_CONTEXT('2D SPACE',''
  ) );
#11077 = ORIENTED_EDGE('',*,*,#11078,.T.);
#11078 = EDGE_CURVE('',#11051,#11079,#11081,.T.);
#11079 = VERTEX_POINT('',#11080);
#11080 = CARTESIAN_POINT('',(-12.,12.,0.8));
#11081 = SURFACE_CURVE('',#11082,(#11086,#11093),.PCURVE_S1.);
#11082 = LINE('',#11083,#11084);
#11083 = CARTESIAN_POINT('',(-12.,12.,-0.8));
#11084 = VECTOR('',#11085,1.);
#11085 = DIRECTION('',(0.,0.,1.));
#11086 = PCURVE('',#11026,#11087);
#11087 = DEFINITIONAL_REPRESENTATION('',(#11088),#11092);
#11088 = LINE('',#11089,#11090);
#11089 = CARTESIAN_POINT('',(0.,-24.));
#11090 = VECTOR('',#11091,1.);
#11091 = DIRECTION('',(1.,0.));
#11092 = ( GEOMETRIC_REPRESENTATION_CONTEXT(2) 
PARAMETRIC_REPRESENTATION_CONTEXT() REPRESENTATION_CONTEXT('2D SPACE',''
  ) );
#11093 = PCURVE('',#11094,#11099);
#11094 = PLANE('',#11095);
#11095 = AXIS2_PLACEMENT_3D('',#11096,#11097,#11098);
#11096 = CARTESIAN_POINT('',(-12.,12.,-0.8));
#11097 = DIRECTION('',(-0.,1.,0.));
#11098 = DIRECTION('',(0.,0.,1.));
#11099 = DEFINITIONAL_REPRESENTATION('',(#11100),#11104);
#11100 = LINE('',#11101,#11102);
#11101 = CARTESIAN_POINT('',(0.,0.));
#11102 = VECTOR('',#11103,1.);
#11103 = DIRECTION('',(1.,0.));
#11104 = ( GEOMETRIC_REPRESENTATION_CONTEXT(2) 
PARAMETRIC_REPRESENTATION_CONTEXT() REPRESENTATION_CONTEXT('2D SPACE',''
  ) );
#11105 = ORIENTED_EDGE('',*,*,#11106,.F.);
#11106 = EDGE_CURVE('',#11018,#11079,#11107,.T.);
#11107 = SURFACE_CURVE('',#11108,(#11112,#11119),.PCURVE_S1.);
#11108 = LINE('',#11109,#11110);
#11109 = CARTESIAN_POINT('',(-12.,-12.,0.8));
#11110 = VECTOR('',#11111,1.);
#11111 = DIRECTION('',(-0.,1.,0.));
#11112 = PCURVE('',#11026,#11113);
#11113 = DEFINITIONAL_REPRESENTATION('',(#11114),#11118);
#11114 = LINE('',#11115,#11116);
#11115 = CARTESIAN_POINT('',(1.6,0.));
#11116 = VECTOR('',#11117,1.);
#11117 = DIRECTION('',(0.,-1.));
#11118 = ( GEOMETRIC_REPRESENTATION_CONTEXT(2) 
PARAMETRIC_REPRESENTATION_CONTEXT() REPRESENTATION_CONTEXT('2D SPACE',''
  ) );
#11119 = PCURVE('',#11120,#11125);
#11120 = PLANE('',#11121);
#11121 = AXIS2_PLACEMENT_3D('',#11122,#11123,#11124);
#11122 = CARTESIAN_POINT('',(-12.,-12.,0.8));
#11123 = DIRECTION('',(0.,0.,1.));
#11124 = DIRECTION('',(1.,0.,-0.));
#11125 = DEFINITIONAL_REPRESENTATION('',(#11126),#11130);
#11126 = LINE('',#11127,#11128);
#11127 = CARTESIAN_POINT('',(0.,0.));
#11128 = VECTOR('',#11129,1.);
#11129 = DIRECTION('',(0.,1.));
#11130 = ( GEOMETRIC_REPRESENTATION_CONTEXT(2) 
PARAMETRIC_REPRESENTATION_CONTEXT() REPRESENTATION_CONTEXT('2D SPACE',''
  ) );
#11131 = ADVANCED_FACE('',(#11132),#11146,.T.);
#11132 = FACE_BOUND('',#11133,.T.);
#11133 = EDGE_LOOP('',(#11134,#11164,#11187,#11210));
#11134 = ORIENTED_EDGE('',*,*,#11135,.F.);
#11135 = EDGE_CURVE('',#11136,#11138,#11140,.T.);
#11136 = VERTEX_POINT('',#11137);
#11137 = CARTESIAN_POINT('',(12.,-12.,-0.8));
#11138 = VERTEX_POINT('',#11139);
#11139 = CARTESIAN_POINT('',(12.,-12.,0.8));
#11140 = SURFACE_CURVE('',#11141,(#11145,#11157),.PCURVE_S1.);
#11141 = LINE('',#11142,#11143);
#11142 = CARTESIAN_POINT('',(12.,-12.,-0.8));
#11143 = VECTOR('',#11144,1.);
#11144 = DIRECTION('',(0.,0.,1.));
#11145 = PCURVE('',#11146,#11151);
#11146 = PLANE('',#11147);
#11147 = AXIS2_PLACEMENT_3D('',#11148,#11149,#11150);
#11148 = CARTESIAN_POINT('',(12.,-12.,-0.8));
#11149 = DIRECTION('',(1.,0.,-0.));
#11150 = DIRECTION('',(0.,0.,1.));
#11151 = DEFINITIONAL_REPRESENTATION('',(#11152),#11156);
#11152 = LINE('',#11153,#11154);
#11153 = CARTESIAN_POINT('',(0.,0.));
#11154 = VECTOR('',#11155,1.);
#11155 = DIRECTION('',(1.,0.));
#11156 = ( GEOMETRIC_REPRESENTATION_CONTEXT(2) 
PARAMETRIC_REPRESENTATION_CONTEXT() REPRESENTATION_CONTEXT('2D SPACE',''
  ) );
#11157 = PCURVE('',#11038,#11158);
#11158 = DEFINITIONAL_REPRESENTATION('',(#11159),#11163);
#11159 = LINE('',#11160,#11161);
#11160 = CARTESIAN_POINT('',(0.,24.));
#11161 = VECTOR('',#11162,1.);
#11162 = DIRECTION('',(1.,0.));
#11163 = ( GEOMETRIC_REPRESENTATION_CONTEXT(2) 
PARAMETRIC_REPRESENTATION_CONTEXT() REPRESENTATION_CONTEXT('2D SPACE',''
  ) );
#11164 = ORIENTED_EDGE('',*,*,#11165,.T.);
#11165 = EDGE_CURVE('',#11136,#11166,#11168,.T.);
#11166 = VERTEX_POINT('',#11167);
#11167 = CARTESIAN_POINT('',(12.,12.,-0.8));
#11168 = SURFACE_CURVE('',#11169,(#11173,#11180),.PCURVE_S1.);
#11169 = LINE('',#11170,#11171);
#11170 = CARTESIAN_POINT('',(12.,-12.,-0.8));
#11171 = VECTOR('',#11172,1.);
#11172 = DIRECTION('',(-0.,1.,0.));
#11173 = PCURVE('',#11146,#11174);
#11174 = DEFINITIONAL_REPRESENTATION('',(#11175),#11179);
#11175 = LINE('',#11176,#11177);
#11176 = CARTESIAN_POINT('',(0.,0.));
#11177 = VECTOR('',#11178,1.);
#11178 = DIRECTION('',(0.,-1.));
#11179 = ( GEOMETRIC_REPRESENTATION_CONTEXT(2) 
PARAMETRIC_REPRESENTATION_CONTEXT() REPRESENTATION_CONTEXT('2D SPACE',''
  ) );
#11180 = PCURVE('',#11066,#11181);
#11181 = DEFINITIONAL_REPRESENTATION('',(#11182),#11186);
#11182 = LINE('',#11183,#11184);
#11183 = CARTESIAN_POINT('',(24.,0.));
#11184 = VECTOR('',#11185,1.);
#11185 = DIRECTION('',(0.,1.));
#11186 = ( GEOMETRIC_REPRESENTATION_CONTEXT(2) 
PARAMETRIC_REPRESENTATION_CONTEXT() REPRESENTATION_CONTEXT('2D SPACE',''
  ) );
#11187 = ORIENTED_EDGE('',*,*,#11188,.T.);
#11188 = EDGE_CURVE('',#11166,#11189,#11191,.T.);
#11189 = VERTEX_POINT('',#11190);
#11190 = CARTESIAN_POINT('',(12.,12.,0.8));
#11191 = SURFACE_CURVE('',#11192,(#11196,#11203),.PCURVE_S1.);
#11192 = LINE('',#11193,#11194);
#11193 = CARTESIAN_POINT('',(12.,12.,-0.8));
#11194 = VECTOR('',#11195,1.);
#11195 = DIRECTION('',(0.,0.,1.));
#11196 = PCURVE('',#11146,#11197);
#11197 = DEFINITIONAL_REPRESENTATION('',(#11198),#11202);
#11198 = LINE('',#11199,#11200);
#11199 = CARTESIAN_POINT('',(0.,-24.));
#11200 = VECTOR('',#11201,1.);
#11201 = DIRECTION('',(1.,0.));
#11202 = ( GEOMETRIC_REPRESENTATION_CONTEXT(2) 
PARAMETRIC_REPRESENTATION_CONTEXT() REPRESENTATION_CONTEXT('2D SPACE',''
  ) );
#11203 = PCURVE('',#11094,#11204);
#11204 = DEFINITIONAL_REPRESENTATION('',(#11205),#11209);
#11205 = LINE('',#11206,#11207);
#11206 = CARTESIAN_POINT('',(0.,24.));
#11207 = VECTOR('',#11208,1.);
#11208 = DIRECTION('',(1.,0.));
#11209 = ( GEOMETRIC_REPRESENTATION_CONTEXT(2) 
PARAMETRIC_REPRESENTATION_CONTEXT() REPRESENTATION_CONTEXT('2D SPACE',''
  ) );
#11210 = ORIENTED_EDGE('',*,*,#11211,.F.);
#11211 = EDGE_CURVE('',#11138,#11189,#11212,.T.);
#11212 = SURFACE_CURVE('',#11213,(#11217,#11224),.PCURVE_S1.);
#11213 = LINE('',#11214,#11215);
#11214 = CARTESIAN_POINT('',(12.,-12.,0.8));
#11215 = VECTOR('',#11216,1.);
#11216 = DIRECTION('',(-0.,1.,0.));
#11217 = PCURVE('',#11146,#11218);
#11218 = DEFINITIONAL_REPRESENTATION('',(#11219),#11223);
#11219 = LINE('',#11220,#11221);
#11220 = CARTESIAN_POINT('',(1.6,0.));
#11221 = VECTOR('',#11222,1.);
#11222 = DIRECTION('',(0.,-1.));
#11223 = ( GEOMETRIC_REPRESENTATION_CONTEXT(2) 
PARAMETRIC_REPRESENTATION_CONTEXT() REPRESENTATION_CONTEXT('2D SPACE',''
  ) );
#11224 = PCURVE('',#11120,#11225);
#11225 = DEFINITIONAL_REPRESENTATION('',(#11226),#11230);
#11226 = LINE('',#11227,#11228);
#11227 = CARTESIAN_POINT('',(24.,0.));
#11228 = VECTOR('',#11229,1.);
#11229 = DIRECTION('',(0.,1.));
#11230 = ( GEOMETRIC_REPRESENTATION_CONTEXT(2) 
PARAMETRIC_REPRESENTATION_CONTEXT() REPRESENTATION_CONTEXT('2D SPACE',''
  ) );
#11231 = ADVANCED_FACE('',(#11232),#11038,.F.);
#11232 = FACE_BOUND('',#11233,.F.);
#11233 = EDGE_LOOP('',(#11234,#11255,#11256,#11277));
#11234 = ORIENTED_EDGE('',*,*,#11235,.F.);
#11235 = EDGE_CURVE('',#11016,#11136,#11236,.T.);
#11236 = SURFACE_CURVE('',#11237,(#11241,#11248),.PCURVE_S1.);
#11237 = LINE('',#11238,#11239);
#11238 = CARTESIAN_POINT('',(-12.,-12.,-0.8));
#11239 = VECTOR('',#11240,1.);
#11240 = DIRECTION('',(1.,0.,-0.));
#11241 = PCURVE('',#11038,#11242);
#11242 = DEFINITIONAL_REPRESENTATION('',(#11243),#11247);
#11243 = LINE('',#11244,#11245);
#11244 = CARTESIAN_POINT('',(0.,0.));
#11245 = VECTOR('',#11246,1.);
#11246 = DIRECTION('',(0.,1.));
#11247 = ( GEOMETRIC_REPRESENTATION_CONTEXT(2) 
PARAMETRIC_REPRESENTATION_CONTEXT() REPRESENTATION_CONTEXT('2D SPACE',''
  ) );
#11248 = PCURVE('',#11066,#11249);
#11249 = DEFINITIONAL_REPRESENTATION('',(#11250),#11254);
#11250 = LINE('',#11251,#11252);
#11251 = CARTESIAN_POINT('',(0.,0.));
#11252 = VECTOR('',#11253,1.);
#11253 = DIRECTION('',(1.,0.));
#11254 = ( GEOMETRIC_REPRESENTATION_CONTEXT(2) 
PARAMETRIC_REPRESENTATION_CONTEXT() REPRESENTATION_CONTEXT('2D SPACE',''
  ) );
#11255 = ORIENTED_EDGE('',*,*,#11015,.T.);
#11256 = ORIENTED_EDGE('',*,*,#11257,.T.);
#11257 = EDGE_CURVE('',#11018,#11138,#11258,.T.);
#11258 = SURFACE_CURVE('',#11259,(#11263,#11270),.PCURVE_S1.);
#11259 = LINE('',#11260,#11261);
#11260 = CARTESIAN_POINT('',(-12.,-12.,0.8));
#11261 = VECTOR('',#11262,1.);
#11262 = DIRECTION('',(1.,0.,-0.));
#11263 = PCURVE('',#11038,#11264);
#11264 = DEFINITIONAL_REPRESENTATION('',(#11265),#11269);
#11265 = LINE('',#11266,#11267);
#11266 = CARTESIAN_POINT('',(1.6,0.));
#11267 = VECTOR('',#11268,1.);
#11268 = DIRECTION('',(0.,1.));
#11269 = ( GEOMETRIC_REPRESENTATION_CONTEXT(2) 
PARAMETRIC_REPRESENTATION_CONTEXT() REPRESENTATION_CONTEXT('2D SPACE',''
  ) );
#11270 = PCURVE('',#11120,#11271);
#11271 = DEFINITIONAL_REPRESENTATION('',(#11272),#11276);
#11272 = LINE('',#11273,#11274);
#11273 = CARTESIAN_POINT('',(0.,0.));
#11274 = VECTOR('',#11275,1.);
#11275 = DIRECTION('',(1.,0.));
#11276 = ( GEOMETRIC_REPRESENTATION_CONTEXT(2) 
PARAMETRIC_REPRESENTATION_CONTEXT() REPRESENTATION_CONTEXT('2D SPACE',''
  ) );
#11277 = ORIENTED_EDGE('',*,*,#11135,.F.);
#11278 = ADVANCED_FACE('',(#11279),#11094,.T.);
#11279 = FACE_BOUND('',#11280,.T.);
#11280 = EDGE_LOOP('',(#11281,#11302,#11303,#11324));
#11281 = ORIENTED_EDGE('',*,*,#11282,.F.);
#11282 = EDGE_CURVE('',#11051,#11166,#11283,.T.);
#11283 = SURFACE_CURVE('',#11284,(#11288,#11295),.PCURVE_S1.);
#11284 = LINE('',#11285,#11286);
#11285 = CARTESIAN_POINT('',(-12.,12.,-0.8));
#11286 = VECTOR('',#11287,1.);
#11287 = DIRECTION('',(1.,0.,-0.));
#11288 = PCURVE('',#11094,#11289);
#11289 = DEFINITIONAL_REPRESENTATION('',(#11290),#11294);
#11290 = LINE('',#11291,#11292);
#11291 = CARTESIAN_POINT('',(0.,0.));
#11292 = VECTOR('',#11293,1.);
#11293 = DIRECTION('',(0.,1.));
#11294 = ( GEOMETRIC_REPRESENTATION_CONTEXT(2) 
PARAMETRIC_REPRESENTATION_CONTEXT() REPRESENTATION_CONTEXT('2D SPACE',''
  ) );
#11295 = PCURVE('',#11066,#11296);
#11296 = DEFINITIONAL_REPRESENTATION('',(#11297),#11301);
#11297 = LINE('',#11298,#11299);
#11298 = CARTESIAN_POINT('',(0.,24.));
#11299 = VECTOR('',#11300,1.);
#11300 = DIRECTION('',(1.,0.));
#11301 = ( GEOMETRIC_REPRESENTATION_CONTEXT(2) 
PARAMETRIC_REPRESENTATION_CONTEXT() REPRESENTATION_CONTEXT('2D SPACE',''
  ) );
#11302 = ORIENTED_EDGE('',*,*,#11078,.T.);
#11303 = ORIENTED_EDGE('',*,*,#11304,.T.);
#11304 = EDGE_CURVE('',#11079,#11189,#11305,.T.);
#11305 = SURFACE_CURVE('',#11306,(#11310,#11317),.PCURVE_S1.);
#11306 = LINE('',#11307,#11308);
#11307 = CARTESIAN_POINT('',(-12.,12.,0.8));
#11308 = VECTOR('',#11309,1.);
#11309 = DIRECTION('',(1.,0.,-0.));
#11310 = PCURVE('',#11094,#11311);
#11311 = DEFINITIONAL_REPRESENTATION('',(#11312),#11316);
#11312 = LINE('',#11313,#11314);
#11313 = CARTESIAN_POINT('',(1.6,0.));
#11314 = VECTOR('',#11315,1.);
#11315 = DIRECTION('',(0.,1.));
#11316 = ( GEOMETRIC_REPRESENTATION_CONTEXT(2) 
PARAMETRIC_REPRESENTATION_CONTEXT() REPRESENTATION_CONTEXT('2D SPACE',''
  ) );
#11317 = PCURVE('',#11120,#11318);
#11318 = DEFINITIONAL_REPRESENTATION('',(#11319),#11323);
#11319 = LINE('',#11320,#11321);
#11320 = CARTESIAN_POINT('',(0.,24.));
#11321 = VECTOR('',#11322,1.);
#11322 = DIRECTION('',(1.,0.));
#11323 = ( GEOMETRIC_REPRESENTATION_CONTEXT(2) 
PARAMETRIC_REPRESENTATION_CONTEXT() REPRESENTATION_CONTEXT('2D SPACE',''
  ) );
#11324 = ORIENTED_EDGE('',*,*,#11188,.F.);
#11325 = ADVANCED_FACE('',(#11326),#11066,.F.);
#11326 = FACE_BOUND('',#11327,.F.);
#11327 = EDGE_LOOP('',(#11328,#11329,#11330,#11331));
#11328 = ORIENTED_EDGE('',*,*,#11050,.F.);
#11329 = ORIENTED_EDGE('',*,*,#11235,.T.);
#11330 = ORIENTED_EDGE('',*,*,#11165,.T.);
#11331 = ORIENTED_EDGE('',*,*,#11282,.F.);
#11332 = ADVANCED_FACE('',(#11333),#11120,.T.);
#11333 = FACE_BOUND('',#11334,.T.);
#11334 = EDGE_LOOP('',(#11335,#11336,#11337,#11338));
#11335 = ORIENTED_EDGE('',*,*,#11106,.F.);
#11336 = ORIENTED_EDGE('',*,*,#11257,.T.);
#11337 = ORIENTED_EDGE('',*,*,#11211,.T.);
#11338 = ORIENTED_EDGE('',*,*,#11304,.F.);
#11339 = ( GEOMETRIC_REPRESENTATION_CONTEXT(3) 
GLOBAL_UNCERTAINTY_ASSIGNED_CONTEXT((#11343)) 
GLOBAL_UNIT_ASSIGNED_CONTEXT((#11340,#11341,#11342)) 
REPRESENTATION_CONTEXT('Context #1',
  '3D Context with UNIT and UNCERTAINTY') );
#11340 = ( LENGTH_UNIT() NAMED_UNIT(*) SI_UNIT(.MILLI.,.METRE.) );
#11341 = ( NAMED_UNIT(*) PLANE_ANGLE_UNIT() SI_UNIT($,.RADIAN.) );
#11342 = ( NAMED_UNIT(*) SI_UNIT($,.STERADIAN.) SOLID_ANGLE_UNIT() );
#11343 = UNCERTAINTY_MEASURE_WITH_UNIT(LENGTH_MEASURE(1.E-07),#11340,
  'distance_accuracy_value','confusion accuracy');
#11344 = CONTEXT_DEPENDENT_SHAPE_REPRESENTATION(#11345,#11347);
#11345 = ( REPRESENTATION_RELATIONSHIP('','',#11008,#10) 
REPRESENTATION_RELATIONSHIP_WITH_TRANSFORMATION(#11346) 
SHAPE_REPRESENTATION_RELATIONSHIP() );
#11346 = ITEM_DEFINED_TRANSFORMATION('','',#11,#43);
#11347 = PRODUCT_DEFINITION_SHAPE('Placement','Placement of an item',
  #11348);
#11348 = NEXT_ASSEMBLY_USAGE_OCCURRENCE('8','VIS_readout_board_24x24',''
  ,#5,#11003,$);
#11349 = PRODUCT_RELATED_PRODUCT_CATEGORY('part',$,(#11005));
#11350 = SHAPE_DEFINITION_REPRESENTATION(#11351,#11357);
#11351 = PRODUCT_DEFINITION_SHAPE('','',#11352);
#11352 = PRODUCT_DEFINITION('design','',#11353,#11356);
#11353 = PRODUCT_DEFINITION_FORMATION('','',#11354);
#11354 = PRODUCT('NIR_sensor_CLGA_18x16x3.5','NIR_sensor_CLGA_18x16x3.5'
  ,'',(#11355));
#11355 = PRODUCT_CONTEXT('',#2,'mechanical');
#11356 = PRODUCT_DEFINITION_CONTEXT('part definition',#2,'design');
#11357 = ADVANCED_BREP_SHAPE_REPRESENTATION('',(#11,#11358),#11688);
#11358 = MANIFOLD_SOLID_BREP('',#11359);
#11359 = CLOSED_SHELL('',(#11360,#11480,#11580,#11627,#11674,#11681));
#11360 = ADVANCED_FACE('',(#11361),#11375,.F.);
#11361 = FACE_BOUND('',#11362,.F.);
#11362 = EDGE_LOOP('',(#11363,#11398,#11426,#11454));
#11363 = ORIENTED_EDGE('',*,*,#11364,.F.);
#11364 = EDGE_CURVE('',#11365,#11367,#11369,.T.);
#11365 = VERTEX_POINT('',#11366);
#11366 = CARTESIAN_POINT('',(-9.,-8.,-1.75));
#11367 = VERTEX_POINT('',#11368);
#11368 = CARTESIAN_POINT('',(-9.,-8.,1.75));
#11369 = SURFACE_CURVE('',#11370,(#11374,#11386),.PCURVE_S1.);
#11370 = LINE('',#11371,#11372);
#11371 = CARTESIAN_POINT('',(-9.,-8.,-1.75));
#11372 = VECTOR('',#11373,1.);
#11373 = DIRECTION('',(0.,0.,1.));
#11374 = PCURVE('',#11375,#11380);
#11375 = PLANE('',#11376);
#11376 = AXIS2_PLACEMENT_3D('',#11377,#11378,#11379);
#11377 = CARTESIAN_POINT('',(-9.,-8.,-1.75));
#11378 = DIRECTION('',(1.,0.,-0.));
#11379 = DIRECTION('',(0.,0.,1.));
#11380 = DEFINITIONAL_REPRESENTATION('',(#11381),#11385);
#11381 = LINE('',#11382,#11383);
#11382 = CARTESIAN_POINT('',(0.,0.));
#11383 = VECTOR('',#11384,1.);
#11384 = DIRECTION('',(1.,0.));
#11385 = ( GEOMETRIC_REPRESENTATION_CONTEXT(2) 
PARAMETRIC_REPRESENTATION_CONTEXT() REPRESENTATION_CONTEXT('2D SPACE',''
  ) );
#11386 = PCURVE('',#11387,#11392);
#11387 = PLANE('',#11388);
#11388 = AXIS2_PLACEMENT_3D('',#11389,#11390,#11391);
#11389 = CARTESIAN_POINT('',(-9.,-8.,-1.75));
#11390 = DIRECTION('',(-0.,1.,0.));
#11391 = DIRECTION('',(0.,0.,1.));
#11392 = DEFINITIONAL_REPRESENTATION('',(#11393),#11397);
#11393 = LINE('',#11394,#11395);
#11394 = CARTESIAN_POINT('',(0.,0.));
#11395 = VECTOR('',#11396,1.);
#11396 = DIRECTION('',(1.,0.));
#11397 = ( GEOMETRIC_REPRESENTATION_CONTEXT(2) 
PARAMETRIC_REPRESENTATION_CONTEXT() REPRESENTATION_CONTEXT('2D SPACE',''
  ) );
#11398 = ORIENTED_EDGE('',*,*,#11399,.T.);
#11399 = EDGE_CURVE('',#11365,#11400,#11402,.T.);
#11400 = VERTEX_POINT('',#11401);
#11401 = CARTESIAN_POINT('',(-9.,8.,-1.75));
#11402 = SURFACE_CURVE('',#11403,(#11407,#11414),.PCURVE_S1.);
#11403 = LINE('',#11404,#11405);
#11404 = CARTESIAN_POINT('',(-9.,-8.,-1.75));
#11405 = VECTOR('',#11406,1.);
#11406 = DIRECTION('',(-0.,1.,0.));
#11407 = PCURVE('',#11375,#11408);
#11408 = DEFINITIONAL_REPRESENTATION('',(#11409),#11413);
#11409 = LINE('',#11410,#11411);
#11410 = CARTESIAN_POINT('',(0.,0.));
#11411 = VECTOR('',#11412,1.);
#11412 = DIRECTION('',(0.,-1.));
#11413 = ( GEOMETRIC_REPRESENTATION_CONTEXT(2) 
PARAMETRIC_REPRESENTATION_CONTEXT() REPRESENTATION_CONTEXT('2D SPACE',''
  ) );
#11414 = PCURVE('',#11415,#11420);
#11415 = PLANE('',#11416);
#11416 = AXIS2_PLACEMENT_3D('',#11417,#11418,#11419);
#11417 = CARTESIAN_POINT('',(-9.,-8.,-1.75));
#11418 = DIRECTION('',(0.,0.,1.));
#11419 = DIRECTION('',(1.,0.,-0.));
#11420 = DEFINITIONAL_REPRESENTATION('',(#11421),#11425);
#11421 = LINE('',#11422,#11423);
#11422 = CARTESIAN_POINT('',(0.,0.));
#11423 = VECTOR('',#11424,1.);
#11424 = DIRECTION('',(0.,1.));
#11425 = ( GEOMETRIC_REPRESENTATION_CONTEXT(2) 
PARAMETRIC_REPRESENTATION_CONTEXT() REPRESENTATION_CONTEXT('2D SPACE',''
  ) );
#11426 = ORIENTED_EDGE('',*,*,#11427,.T.);
#11427 = EDGE_CURVE('',#11400,#11428,#11430,.T.);
#11428 = VERTEX_POINT('',#11429);
#11429 = CARTESIAN_POINT('',(-9.,8.,1.75));
#11430 = SURFACE_CURVE('',#11431,(#11435,#11442),.PCURVE_S1.);
#11431 = LINE('',#11432,#11433);
#11432 = CARTESIAN_POINT('',(-9.,8.,-1.75));
#11433 = VECTOR('',#11434,1.);
#11434 = DIRECTION('',(0.,0.,1.));
#11435 = PCURVE('',#11375,#11436);
#11436 = DEFINITIONAL_REPRESENTATION('',(#11437),#11441);
#11437 = LINE('',#11438,#11439);
#11438 = CARTESIAN_POINT('',(0.,-16.));
#11439 = VECTOR('',#11440,1.);
#11440 = DIRECTION('',(1.,0.));
#11441 = ( GEOMETRIC_REPRESENTATION_CONTEXT(2) 
PARAMETRIC_REPRESENTATION_CONTEXT() REPRESENTATION_CONTEXT('2D SPACE',''
  ) );
#11442 = PCURVE('',#11443,#11448);
#11443 = PLANE('',#11444);
#11444 = AXIS2_PLACEMENT_3D('',#11445,#11446,#11447);
#11445 = CARTESIAN_POINT('',(-9.,8.,-1.75));
#11446 = DIRECTION('',(-0.,1.,0.));
#11447 = DIRECTION('',(0.,0.,1.));
#11448 = DEFINITIONAL_REPRESENTATION('',(#11449),#11453);
#11449 = LINE('',#11450,#11451);
#11450 = CARTESIAN_POINT('',(0.,0.));
#11451 = VECTOR('',#11452,1.);
#11452 = DIRECTION('',(1.,0.));
#11453 = ( GEOMETRIC_REPRESENTATION_CONTEXT(2) 
PARAMETRIC_REPRESENTATION_CONTEXT() REPRESENTATION_CONTEXT('2D SPACE',''
  ) );
#11454 = ORIENTED_EDGE('',*,*,#11455,.F.);
#11455 = EDGE_CURVE('',#11367,#11428,#11456,.T.);
#11456 = SURFACE_CURVE('',#11457,(#11461,#11468),.PCURVE_S1.);
#11457 = LINE('',#11458,#11459);
#11458 = CARTESIAN_POINT('',(-9.,-8.,1.75));
#11459 = VECTOR('',#11460,1.);
#11460 = DIRECTION('',(-0.,1.,0.));
#11461 = PCURVE('',#11375,#11462);
#11462 = DEFINITIONAL_REPRESENTATION('',(#11463),#11467);
#11463 = LINE('',#11464,#11465);
#11464 = CARTESIAN_POINT('',(3.5,0.));
#11465 = VECTOR('',#11466,1.);
#11466 = DIRECTION('',(0.,-1.));
#11467 = ( GEOMETRIC_REPRESENTATION_CONTEXT(2) 
PARAMETRIC_REPRESENTATION_CONTEXT() REPRESENTATION_CONTEXT('2D SPACE',''
  ) );
#11468 = PCURVE('',#11469,#11474);
#11469 = PLANE('',#11470);
#11470 = AXIS2_PLACEMENT_3D('',#11471,#11472,#11473);
#11471 = CARTESIAN_POINT('',(-9.,-8.,1.75));
#11472 = DIRECTION('',(0.,0.,1.));
#11473 = DIRECTION('',(1.,0.,-0.));
#11474 = DEFINITIONAL_REPRESENTATION('',(#11475),#11479);
#11475 = LINE('',#11476,#11477);
#11476 = CARTESIAN_POINT('',(0.,0.));
#11477 = VECTOR('',#11478,1.);
#11478 = DIRECTION('',(0.,1.));
#11479 = ( GEOMETRIC_REPRESENTATION_CONTEXT(2) 
PARAMETRIC_REPRESENTATION_CONTEXT() REPRESENTATION_CONTEXT('2D SPACE',''
  ) );
#11480 = ADVANCED_FACE('',(#11481),#11495,.T.);
#11481 = FACE_BOUND('',#11482,.T.);
#11482 = EDGE_LOOP('',(#11483,#11513,#11536,#11559));
#11483 = ORIENTED_EDGE('',*,*,#11484,.F.);
#11484 = EDGE_CURVE('',#11485,#11487,#11489,.T.);
#11485 = VERTEX_POINT('',#11486);
#11486 = CARTESIAN_POINT('',(9.,-8.,-1.75));
#11487 = VERTEX_POINT('',#11488);
#11488 = CARTESIAN_POINT('',(9.,-8.,1.75));
#11489 = SURFACE_CURVE('',#11490,(#11494,#11506),.PCURVE_S1.);
#11490 = LINE('',#11491,#11492);
#11491 = CARTESIAN_POINT('',(9.,-8.,-1.75));
#11492 = VECTOR('',#11493,1.);
#11493 = DIRECTION('',(0.,0.,1.));
#11494 = PCURVE('',#11495,#11500);
#11495 = PLANE('',#11496);
#11496 = AXIS2_PLACEMENT_3D('',#11497,#11498,#11499);
#11497 = CARTESIAN_POINT('',(9.,-8.,-1.75));
#11498 = DIRECTION('',(1.,0.,-0.));
#11499 = DIRECTION('',(0.,0.,1.));
#11500 = DEFINITIONAL_REPRESENTATION('',(#11501),#11505);
#11501 = LINE('',#11502,#11503);
#11502 = CARTESIAN_POINT('',(0.,0.));
#11503 = VECTOR('',#11504,1.);
#11504 = DIRECTION('',(1.,0.));
#11505 = ( GEOMETRIC_REPRESENTATION_CONTEXT(2) 
PARAMETRIC_REPRESENTATION_CONTEXT() REPRESENTATION_CONTEXT('2D SPACE',''
  ) );
#11506 = PCURVE('',#11387,#11507);
#11507 = DEFINITIONAL_REPRESENTATION('',(#11508),#11512);
#11508 = LINE('',#11509,#11510);
#11509 = CARTESIAN_POINT('',(0.,18.));
#11510 = VECTOR('',#11511,1.);
#11511 = DIRECTION('',(1.,0.));
#11512 = ( GEOMETRIC_REPRESENTATION_CONTEXT(2) 
PARAMETRIC_REPRESENTATION_CONTEXT() REPRESENTATION_CONTEXT('2D SPACE',''
  ) );
#11513 = ORIENTED_EDGE('',*,*,#11514,.T.);
#11514 = EDGE_CURVE('',#11485,#11515,#11517,.T.);
#11515 = VERTEX_POINT('',#11516);
#11516 = CARTESIAN_POINT('',(9.,8.,-1.75));
#11517 = SURFACE_CURVE('',#11518,(#11522,#11529),.PCURVE_S1.);
#11518 = LINE('',#11519,#11520);
#11519 = CARTESIAN_POINT('',(9.,-8.,-1.75));
#11520 = VECTOR('',#11521,1.);
#11521 = DIRECTION('',(-0.,1.,0.));
#11522 = PCURVE('',#11495,#11523);
#11523 = DEFINITIONAL_REPRESENTATION('',(#11524),#11528);
#11524 = LINE('',#11525,#11526);
#11525 = CARTESIAN_POINT('',(0.,0.));
#11526 = VECTOR('',#11527,1.);
#11527 = DIRECTION('',(0.,-1.));
#11528 = ( GEOMETRIC_REPRESENTATION_CONTEXT(2) 
PARAMETRIC_REPRESENTATION_CONTEXT() REPRESENTATION_CONTEXT('2D SPACE',''
  ) );
#11529 = PCURVE('',#11415,#11530);
#11530 = DEFINITIONAL_REPRESENTATION('',(#11531),#11535);
#11531 = LINE('',#11532,#11533);
#11532 = CARTESIAN_POINT('',(18.,0.));
#11533 = VECTOR('',#11534,1.);
#11534 = DIRECTION('',(0.,1.));
#11535 = ( GEOMETRIC_REPRESENTATION_CONTEXT(2) 
PARAMETRIC_REPRESENTATION_CONTEXT() REPRESENTATION_CONTEXT('2D SPACE',''
  ) );
#11536 = ORIENTED_EDGE('',*,*,#11537,.T.);
#11537 = EDGE_CURVE('',#11515,#11538,#11540,.T.);
#11538 = VERTEX_POINT('',#11539);
#11539 = CARTESIAN_POINT('',(9.,8.,1.75));
#11540 = SURFACE_CURVE('',#11541,(#11545,#11552),.PCURVE_S1.);
#11541 = LINE('',#11542,#11543);
#11542 = CARTESIAN_POINT('',(9.,8.,-1.75));
#11543 = VECTOR('',#11544,1.);
#11544 = DIRECTION('',(0.,0.,1.));
#11545 = PCURVE('',#11495,#11546);
#11546 = DEFINITIONAL_REPRESENTATION('',(#11547),#11551);
#11547 = LINE('',#11548,#11549);
#11548 = CARTESIAN_POINT('',(0.,-16.));
#11549 = VECTOR('',#11550,1.);
#11550 = DIRECTION('',(1.,0.));
#11551 = ( GEOMETRIC_REPRESENTATION_CONTEXT(2) 
PARAMETRIC_REPRESENTATION_CONTEXT() REPRESENTATION_CONTEXT('2D SPACE',''
  ) );
#11552 = PCURVE('',#11443,#11553);
#11553 = DEFINITIONAL_REPRESENTATION('',(#11554),#11558);
#11554 = LINE('',#11555,#11556);
#11555 = CARTESIAN_POINT('',(0.,18.));
#11556 = VECTOR('',#11557,1.);
#11557 = DIRECTION('',(1.,0.));
#11558 = ( GEOMETRIC_REPRESENTATION_CONTEXT(2) 
PARAMETRIC_REPRESENTATION_CONTEXT() REPRESENTATION_CONTEXT('2D SPACE',''
  ) );
#11559 = ORIENTED_EDGE('',*,*,#11560,.F.);
#11560 = EDGE_CURVE('',#11487,#11538,#11561,.T.);
#11561 = SURFACE_CURVE('',#11562,(#11566,#11573),.PCURVE_S1.);
#11562 = LINE('',#11563,#11564);
#11563 = CARTESIAN_POINT('',(9.,-8.,1.75));
#11564 = VECTOR('',#11565,1.);
#11565 = DIRECTION('',(-0.,1.,0.));
#11566 = PCURVE('',#11495,#11567);
#11567 = DEFINITIONAL_REPRESENTATION('',(#11568),#11572);
#11568 = LINE('',#11569,#11570);
#11569 = CARTESIAN_POINT('',(3.5,0.));
#11570 = VECTOR('',#11571,1.);
#11571 = DIRECTION('',(0.,-1.));
#11572 = ( GEOMETRIC_REPRESENTATION_CONTEXT(2) 
PARAMETRIC_REPRESENTATION_CONTEXT() REPRESENTATION_CONTEXT('2D SPACE',''
  ) );
#11573 = PCURVE('',#11469,#11574);
#11574 = DEFINITIONAL_REPRESENTATION('',(#11575),#11579);
#11575 = LINE('',#11576,#11577);
#11576 = CARTESIAN_POINT('',(18.,0.));
#11577 = VECTOR('',#11578,1.);
#11578 = DIRECTION('',(0.,1.));
#11579 = ( GEOMETRIC_REPRESENTATION_CONTEXT(2) 
PARAMETRIC_REPRESENTATION_CONTEXT() REPRESENTATION_CONTEXT('2D SPACE',''
  ) );
#11580 = ADVANCED_FACE('',(#11581),#11387,.F.);
#11581 = FACE_BOUND('',#11582,.F.);
#11582 = EDGE_LOOP('',(#11583,#11604,#11605,#11626));
#11583 = ORIENTED_EDGE('',*,*,#11584,.F.);
#11584 = EDGE_CURVE('',#11365,#11485,#11585,.T.);
#11585 = SURFACE_CURVE('',#11586,(#11590,#11597),.PCURVE_S1.);
#11586 = LINE('',#11587,#11588);
#11587 = CARTESIAN_POINT('',(-9.,-8.,-1.75));
#11588 = VECTOR('',#11589,1.);
#11589 = DIRECTION('',(1.,0.,-0.));
#11590 = PCURVE('',#11387,#11591);
#11591 = DEFINITIONAL_REPRESENTATION('',(#11592),#11596);
#11592 = LINE('',#11593,#11594);
#11593 = CARTESIAN_POINT('',(0.,0.));
#11594 = VECTOR('',#11595,1.);
#11595 = DIRECTION('',(0.,1.));
#11596 = ( GEOMETRIC_REPRESENTATION_CONTEXT(2) 
PARAMETRIC_REPRESENTATION_CONTEXT() REPRESENTATION_CONTEXT('2D SPACE',''
  ) );
#11597 = PCURVE('',#11415,#11598);
#11598 = DEFINITIONAL_REPRESENTATION('',(#11599),#11603);
#11599 = LINE('',#11600,#11601);
#11600 = CARTESIAN_POINT('',(0.,0.));
#11601 = VECTOR('',#11602,1.);
#11602 = DIRECTION('',(1.,0.));
#11603 = ( GEOMETRIC_REPRESENTATION_CONTEXT(2) 
PARAMETRIC_REPRESENTATION_CONTEXT() REPRESENTATION_CONTEXT('2D SPACE',''
  ) );
#11604 = ORIENTED_EDGE('',*,*,#11364,.T.);
#11605 = ORIENTED_EDGE('',*,*,#11606,.T.);
#11606 = EDGE_CURVE('',#11367,#11487,#11607,.T.);
#11607 = SURFACE_CURVE('',#11608,(#11612,#11619),.PCURVE_S1.);
#11608 = LINE('',#11609,#11610);
#11609 = CARTESIAN_POINT('',(-9.,-8.,1.75));
#11610 = VECTOR('',#11611,1.);
#11611 = DIRECTION('',(1.,0.,-0.));
#11612 = PCURVE('',#11387,#11613);
#11613 = DEFINITIONAL_REPRESENTATION('',(#11614),#11618);
#11614 = LINE('',#11615,#11616);
#11615 = CARTESIAN_POINT('',(3.5,0.));
#11616 = VECTOR('',#11617,1.);
#11617 = DIRECTION('',(0.,1.));
#11618 = ( GEOMETRIC_REPRESENTATION_CONTEXT(2) 
PARAMETRIC_REPRESENTATION_CONTEXT() REPRESENTATION_CONTEXT('2D SPACE',''
  ) );
#11619 = PCURVE('',#11469,#11620);
#11620 = DEFINITIONAL_REPRESENTATION('',(#11621),#11625);
#11621 = LINE('',#11622,#11623);
#11622 = CARTESIAN_POINT('',(0.,0.));
#11623 = VECTOR('',#11624,1.);
#11624 = DIRECTION('',(1.,0.));
#11625 = ( GEOMETRIC_REPRESENTATION_CONTEXT(2) 
PARAMETRIC_REPRESENTATION_CONTEXT() REPRESENTATION_CONTEXT('2D SPACE',''
  ) );
#11626 = ORIENTED_EDGE('',*,*,#11484,.F.);
#11627 = ADVANCED_FACE('',(#11628),#11443,.T.);
#11628 = FACE_BOUND('',#11629,.T.);
#11629 = EDGE_LOOP('',(#11630,#11651,#11652,#11673));
#11630 = ORIENTED_EDGE('',*,*,#11631,.F.);
#11631 = EDGE_CURVE('',#11400,#11515,#11632,.T.);
#11632 = SURFACE_CURVE('',#11633,(#11637,#11644),.PCURVE_S1.);
#11633 = LINE('',#11634,#11635);
#11634 = CARTESIAN_POINT('',(-9.,8.,-1.75));
#11635 = VECTOR('',#11636,1.);
#11636 = DIRECTION('',(1.,0.,-0.));
#11637 = PCURVE('',#11443,#11638);
#11638 = DEFINITIONAL_REPRESENTATION('',(#11639),#11643);
#11639 = LINE('',#11640,#11641);
#11640 = CARTESIAN_POINT('',(0.,0.));
#11641 = VECTOR('',#11642,1.);
#11642 = DIRECTION('',(0.,1.));
#11643 = ( GEOMETRIC_REPRESENTATION_CONTEXT(2) 
PARAMETRIC_REPRESENTATION_CONTEXT() REPRESENTATION_CONTEXT('2D SPACE',''
  ) );
#11644 = PCURVE('',#11415,#11645);
#11645 = DEFINITIONAL_REPRESENTATION('',(#11646),#11650);
#11646 = LINE('',#11647,#11648);
#11647 = CARTESIAN_POINT('',(0.,16.));
#11648 = VECTOR('',#11649,1.);
#11649 = DIRECTION('',(1.,0.));
#11650 = ( GEOMETRIC_REPRESENTATION_CONTEXT(2) 
PARAMETRIC_REPRESENTATION_CONTEXT() REPRESENTATION_CONTEXT('2D SPACE',''
  ) );
#11651 = ORIENTED_EDGE('',*,*,#11427,.T.);
#11652 = ORIENTED_EDGE('',*,*,#11653,.T.);
#11653 = EDGE_CURVE('',#11428,#11538,#11654,.T.);
#11654 = SURFACE_CURVE('',#11655,(#11659,#11666),.PCURVE_S1.);
#11655 = LINE('',#11656,#11657);
#11656 = CARTESIAN_POINT('',(-9.,8.,1.75));
#11657 = VECTOR('',#11658,1.);
#11658 = DIRECTION('',(1.,0.,-0.));
#11659 = PCURVE('',#11443,#11660);
#11660 = DEFINITIONAL_REPRESENTATION('',(#11661),#11665);
#11661 = LINE('',#11662,#11663);
#11662 = CARTESIAN_POINT('',(3.5,0.));
#11663 = VECTOR('',#11664,1.);
#11664 = DIRECTION('',(0.,1.));
#11665 = ( GEOMETRIC_REPRESENTATION_CONTEXT(2) 
PARAMETRIC_REPRESENTATION_CONTEXT() REPRESENTATION_CONTEXT('2D SPACE',''
  ) );
#11666 = PCURVE('',#11469,#11667);
#11667 = DEFINITIONAL_REPRESENTATION('',(#11668),#11672);
#11668 = LINE('',#11669,#11670);
#11669 = CARTESIAN_POINT('',(0.,16.));
#11670 = VECTOR('',#11671,1.);
#11671 = DIRECTION('',(1.,0.));
#11672 = ( GEOMETRIC_REPRESENTATION_CONTEXT(2) 
PARAMETRIC_REPRESENTATION_CONTEXT() REPRESENTATION_CONTEXT('2D SPACE',''
  ) );
#11673 = ORIENTED_EDGE('',*,*,#11537,.F.);
#11674 = ADVANCED_FACE('',(#11675),#11415,.F.);
#11675 = FACE_BOUND('',#11676,.F.);
#11676 = EDGE_LOOP('',(#11677,#11678,#11679,#11680));
#11677 = ORIENTED_EDGE('',*,*,#11399,.F.);
#11678 = ORIENTED_EDGE('',*,*,#11584,.T.);
#11679 = ORIENTED_EDGE('',*,*,#11514,.T.);
#11680 = ORIENTED_EDGE('',*,*,#11631,.F.);
#11681 = ADVANCED_FACE('',(#11682),#11469,.T.);
#11682 = FACE_BOUND('',#11683,.T.);
#11683 = EDGE_LOOP('',(#11684,#11685,#11686,#11687));
#11684 = ORIENTED_EDGE('',*,*,#11455,.F.);
#11685 = ORIENTED_EDGE('',*,*,#11606,.T.);
#11686 = ORIENTED_EDGE('',*,*,#11560,.T.);
#11687 = ORIENTED_EDGE('',*,*,#11653,.F.);
#11688 = ( GEOMETRIC_REPRESENTATION_CONTEXT(3) 
GLOBAL_UNCERTAINTY_ASSIGNED_CONTEXT((#11692)) 
GLOBAL_UNIT_ASSIGNED_CONTEXT((#11689,#11690,#11691)) 
REPRESENTATION_CONTEXT('Context #1',
  '3D Context with UNIT and UNCERTAINTY') );
#11689 = ( LENGTH_UNIT() NAMED_UNIT(*) SI_UNIT(.MILLI.,.METRE.) );
#11690 = ( NAMED_UNIT(*) PLANE_ANGLE_UNIT() SI_UNIT($,.RADIAN.) );
#11691 = ( NAMED_UNIT(*) SI_UNIT($,.STERADIAN.) SOLID_ANGLE_UNIT() );
#11692 = UNCERTAINTY_MEASURE_WITH_UNIT(LENGTH_MEASURE(1.E-07),#11689,
  'distance_accuracy_value','confusion accuracy');
#11693 = CONTEXT_DEPENDENT_SHAPE_REPRESENTATION(#11694,#11696);
#11694 = ( REPRESENTATION_RELATIONSHIP('','',#11357,#10) 
REPRESENTATION_RELATIONSHIP_WITH_TRANSFORMATION(#11695) 
SHAPE_REPRESENTATION_RELATIONSHIP() );
#11695 = ITEM_DEFINED_TRANSFORMATION('','',#11,#47);
#11696 = PRODUCT_DEFINITION_SHAPE('Placement','Placement of an item',
  #11697);
#11697 = NEXT_ASSEMBLY_USAGE_OCCURRENCE('9','VIS_sensor_CLGA_18x16x3.5',
  '',#5,#11352,$);
#11698 = PRODUCT_RELATED_PRODUCT_CATEGORY('part',$,(#11354));
#11699 = SHAPE_DEFINITION_REPRESENTATION(#11700,#11706);
#11700 = PRODUCT_DEFINITION_SHAPE('','',#11701);
#11701 = PRODUCT_DEFINITION('design','',#11702,#11705);
#11702 = PRODUCT_DEFINITION_FORMATION('','',#11703);
#11703 = PRODUCT('NIR_spacer_shim_M2x4','NIR_spacer_shim_M2x4','',(
    #11704));
#11704 = PRODUCT_CONTEXT('',#2,'mechanical');
#11705 = PRODUCT_DEFINITION_CONTEXT('part definition',#2,'design');
#11706 = SHAPE_REPRESENTATION('',(#11,#11707,#11711,#11715,#11719,#11723
    ,#11727,#11731,#11735,#11739,#11743,#11747,#11751,#11755,#11759,
    #11763,#11767),#11771);
#11707 = AXIS2_PLACEMENT_3D('',#11708,#11709,#11710);
#11708 = CARTESIAN_POINT('',(10.5,10.5,-1.3));
#11709 = DIRECTION('',(0.,0.,1.));
#11710 = DIRECTION('',(1.,0.,-0.));
#11711 = AXIS2_PLACEMENT_3D('',#11712,#11713,#11714);
#11712 = CARTESIAN_POINT('',(10.5,10.5,-0.25));
#11713 = DIRECTION('',(0.,0.,1.));
#11714 = DIRECTION('',(1.,0.,-0.));
#11715 = AXIS2_PLACEMENT_3D('',#11716,#11717,#11718);
#11716 = CARTESIAN_POINT('',(10.5,-10.5,-1.3));
#11717 = DIRECTION('',(0.,0.,1.));
#11718 = DIRECTION('',(1.,0.,-0.));
#11719 = AXIS2_PLACEMENT_3D('',#11720,#11721,#11722);
#11720 = CARTESIAN_POINT('',(10.5,-10.5,-0.25));
#11721 = DIRECTION('',(0.,0.,1.));
#11722 = DIRECTION('',(1.,0.,-0.));
#11723 = AXIS2_PLACEMENT_3D('',#11724,#11725,#11726);
#11724 = CARTESIAN_POINT('',(-10.5,10.5,-1.3));
#11725 = DIRECTION('',(0.,0.,1.));
#11726 = DIRECTION('',(1.,0.,-0.));
#11727 = AXIS2_PLACEMENT_3D('',#11728,#11729,#11730);
#11728 = CARTESIAN_POINT('',(-10.5,10.5,-0.25));
#11729 = DIRECTION('',(0.,0.,1.));
#11730 = DIRECTION('',(1.,0.,-0.));
#11731 = AXIS2_PLACEMENT_3D('',#11732,#11733,#11734);
#11732 = CARTESIAN_POINT('',(-10.5,-10.5,-1.3));
#11733 = DIRECTION('',(0.,0.,1.));
#11734 = DIRECTION('',(1.,0.,-0.));
#11735 = AXIS2_PLACEMENT_3D('',#11736,#11737,#11738);
#11736 = CARTESIAN_POINT('',(-10.5,-10.5,-0.25));
#11737 = DIRECTION('',(0.,0.,1.));
#11738 = DIRECTION('',(1.,0.,-0.));
#11739 = AXIS2_PLACEMENT_3D('',#11740,#11741,#11742);
#11740 = CARTESIAN_POINT('',(10.5,10.5,-1.3));
#11741 = DIRECTION('',(0.,0.,1.));
#11742 = DIRECTION('',(1.,0.,-0.));
#11743 = AXIS2_PLACEMENT_3D('',#11744,#11745,#11746);
#11744 = CARTESIAN_POINT('',(10.5,10.5,-0.25));
#11745 = DIRECTION('',(0.,0.,1.));
#11746 = DIRECTION('',(1.,0.,-0.));
#11747 = AXIS2_PLACEMENT_3D('',#11748,#11749,#11750);
#11748 = CARTESIAN_POINT('',(10.5,-10.5,-1.3));
#11749 = DIRECTION('',(0.,0.,1.));
#11750 = DIRECTION('',(1.,0.,-0.));
#11751 = AXIS2_PLACEMENT_3D('',#11752,#11753,#11754);
#11752 = CARTESIAN_POINT('',(10.5,-10.5,-0.25));
#11753 = DIRECTION('',(0.,0.,1.));
#11754 = DIRECTION('',(1.,0.,-0.));
#11755 = AXIS2_PLACEMENT_3D('',#11756,#11757,#11758);
#11756 = CARTESIAN_POINT('',(-10.5,10.5,-1.3));
#11757 = DIRECTION('',(0.,0.,1.));
#11758 = DIRECTION('',(1.,0.,-0.));
#11759 = AXIS2_PLACEMENT_3D('',#11760,#11761,#11762);
#11760 = CARTESIAN_POINT('',(-10.5,10.5,-0.25));
#11761 = DIRECTION('',(0.,0.,1.));
#11762 = DIRECTION('',(1.,0.,-0.));
#11763 = AXIS2_PLACEMENT_3D('',#11764,#11765,#11766);
#11764 = CARTESIAN_POINT('',(-10.5,-10.5,-1.3));
#11765 = DIRECTION('',(0.,0.,1.));
#11766 = DIRECTION('',(1.,0.,-0.));
#11767 = AXIS2_PLACEMENT_3D('',#11768,#11769,#11770);
#11768 = CARTESIAN_POINT('',(-10.5,-10.5,-0.25));
#11769 = DIRECTION('',(0.,0.,1.));
#11770 = DIRECTION('',(1.,0.,-0.));
#11771 = ( GEOMETRIC_REPRESENTATION_CONTEXT(3) 
GLOBAL_UNCERTAINTY_ASSIGNED_CONTEXT((#11775)) 
GLOBAL_UNIT_ASSIGNED_CONTEXT((#11772,#11773,#11774)) 
REPRESENTATION_CONTEXT('Context #1',
  '3D Context with UNIT and UNCERTAINTY') );
#11772 = ( LENGTH_UNIT() NAMED_UNIT(*) SI_UNIT(.MILLI.,.METRE.) );
#11773 = ( NAMED_UNIT(*) PLANE_ANGLE_UNIT() SI_UNIT($,.RADIAN.) );
#11774 = ( NAMED_UNIT(*) SI_UNIT($,.STERADIAN.) SOLID_ANGLE_UNIT() );
#11775 = UNCERTAINTY_MEASURE_WITH_UNIT(LENGTH_MEASURE(1.E-07),#11772,
  'distance_accuracy_value','confusion accuracy');
#11776 = CONTEXT_DEPENDENT_SHAPE_REPRESENTATION(#11777,#11779);
#11777 = ( REPRESENTATION_RELATIONSHIP('','',#11706,#10) 
REPRESENTATION_RELATIONSHIP_WITH_TRANSFORMATION(#11778) 
SHAPE_REPRESENTATION_RELATIONSHIP() );
#11778 = ITEM_DEFINED_TRANSFORMATION('','',#11,#51);
#11779 = PRODUCT_DEFINITION_SHAPE('Placement','Placement of an item',
  #11780);
#11780 = NEXT_ASSEMBLY_USAGE_OCCURRENCE('26','VIS_spacer_shim_M2x4','',
  #5,#11701,$);
#11781 = PRODUCT_RELATED_PRODUCT_CATEGORY('part',$,(#11703));
#11782 = SHAPE_DEFINITION_REPRESENTATION(#11783,#11789);
#11783 = PRODUCT_DEFINITION_SHAPE('','',#11784);
#11784 = PRODUCT_DEFINITION('design','',#11785,#11788);
#11785 = PRODUCT_DEFINITION_FORMATION('','',#11786);
#11786 = PRODUCT('COMPOUND','COMPOUND','',(#11787));
#11787 = PRODUCT_CONTEXT('',#2,'mechanical');
#11788 = PRODUCT_DEFINITION_CONTEXT('part definition',#2,'design');
#11789 = ADVANCED_BREP_SHAPE_REPRESENTATION('',(#11,#11790),#11972);
#11790 = MANIFOLD_SOLID_BREP('',#11791);
#11791 = CLOSED_SHELL('',(#11792,#11880,#11915,#11945));
#11792 = ADVANCED_FACE('',(#11793),#11806,.T.);
#11793 = FACE_BOUND('',#11794,.T.);
#11794 = EDGE_LOOP('',(#11795,#11829,#11852,#11879));
#11795 = ORIENTED_EDGE('',*,*,#11796,.F.);
#11796 = EDGE_CURVE('',#11797,#11797,#11799,.T.);
#11797 = VERTEX_POINT('',#11798);
#11798 = CARTESIAN_POINT('',(2.,0.,0.8));
#11799 = SURFACE_CURVE('',#11800,(#11805,#11817),.PCURVE_S1.);
#11800 = CIRCLE('',#11801,2.);
#11801 = AXIS2_PLACEMENT_3D('',#11802,#11803,#11804);
#11802 = CARTESIAN_POINT('',(0.,0.,0.8));
#11803 = DIRECTION('',(0.,0.,1.));
#11804 = DIRECTION('',(1.,0.,-0.));
#11805 = PCURVE('',#11806,#11811);
#11806 = CYLINDRICAL_SURFACE('',#11807,2.);
#11807 = AXIS2_PLACEMENT_3D('',#11808,#11809,#11810);
#11808 = CARTESIAN_POINT('',(0.,0.,-0.8));
#11809 = DIRECTION('',(0.,0.,1.));
#11810 = DIRECTION('',(1.,0.,-0.));
#11811 = DEFINITIONAL_REPRESENTATION('',(#11812),#11816);
#11812 = LINE('',#11813,#11814);
#11813 = CARTESIAN_POINT('',(0.,1.6));
#11814 = VECTOR('',#11815,1.);
#11815 = DIRECTION('',(1.,0.));
#11816 = ( GEOMETRIC_REPRESENTATION_CONTEXT(2) 
PARAMETRIC_REPRESENTATION_CONTEXT() REPRESENTATION_CONTEXT('2D SPACE',''
  ) );
#11817 = PCURVE('',#11818,#11823);
#11818 = PLANE('',#11819);
#11819 = AXIS2_PLACEMENT_3D('',#11820,#11821,#11822);
#11820 = CARTESIAN_POINT('',(0.,0.,0.8));
#11821 = DIRECTION('',(0.,0.,1.));
#11822 = DIRECTION('',(1.,0.,-0.));
#11823 = DEFINITIONAL_REPRESENTATION('',(#11824),#11828);
#11824 = CIRCLE('',#11825,2.);
#11825 = AXIS2_PLACEMENT_2D('',#11826,#11827);
#11826 = CARTESIAN_POINT('',(0.,0.));
#11827 = DIRECTION('',(1.,0.));
#11828 = ( GEOMETRIC_REPRESENTATION_CONTEXT(2) 
PARAMETRIC_REPRESENTATION_CONTEXT() REPRESENTATION_CONTEXT('2D SPACE',''
  ) );
#11829 = ORIENTED_EDGE('',*,*,#11830,.F.);
#11830 = EDGE_CURVE('',#11831,#11797,#11833,.T.);
#11831 = VERTEX_POINT('',#11832);
#11832 = CARTESIAN_POINT('',(2.,0.,-0.8));
#11833 = SEAM_CURVE('',#11834,(#11838,#11845),.PCURVE_S1.);
#11834 = LINE('',#11835,#11836);
#11835 = CARTESIAN_POINT('',(2.,-4.898587196589E-16,-0.8));
#11836 = VECTOR('',#11837,1.);
#11837 = DIRECTION('',(0.,0.,1.));
#11838 = PCURVE('',#11806,#11839);
#11839 = DEFINITIONAL_REPRESENTATION('',(#11840),#11844);
#11840 = LINE('',#11841,#11842);
#11841 = CARTESIAN_POINT('',(6.28318530718,-0.));
#11842 = VECTOR('',#11843,1.);
#11843 = DIRECTION('',(0.,1.));
#11844 = ( GEOMETRIC_REPRESENTATION_CONTEXT(2) 
PARAMETRIC_REPRESENTATION_CONTEXT() REPRESENTATION_CONTEXT('2D SPACE',''
  ) );
#11845 = PCURVE('',#11806,#11846);
#11846 = DEFINITIONAL_REPRESENTATION('',(#11847),#11851);
#11847 = LINE('',#11848,#11849);
#11848 = CARTESIAN_POINT('',(0.,-0.));
#11849 = VECTOR('',#11850,1.);
#11850 = DIRECTION('',(0.,1.));
#11851 = ( GEOMETRIC_REPRESENTATION_CONTEXT(2) 
PARAMETRIC_REPRESENTATION_CONTEXT() REPRESENTATION_CONTEXT('2D SPACE',''
  ) );
#11852 = ORIENTED_EDGE('',*,*,#11853,.T.);
#11853 = EDGE_CURVE('',#11831,#11831,#11854,.T.);
#11854 = SURFACE_CURVE('',#11855,(#11860,#11867),.PCURVE_S1.);
#11855 = CIRCLE('',#11856,2.);
#11856 = AXIS2_PLACEMENT_3D('',#11857,#11858,#11859);
#11857 = CARTESIAN_POINT('',(0.,0.,-0.8));
#11858 = DIRECTION('',(0.,0.,1.));
#11859 = DIRECTION('',(1.,0.,-0.));
#11860 = PCURVE('',#11806,#11861);
#11861 = DEFINITIONAL_REPRESENTATION('',(#11862),#11866);
#11862 = LINE('',#11863,#11864);
#11863 = CARTESIAN_POINT('',(0.,0.));
#11864 = VECTOR('',#11865,1.);
#11865 = DIRECTION('',(1.,0.));
#11866 = ( GEOMETRIC_REPRESENTATION_CONTEXT(2) 
PARAMETRIC_REPRESENTATION_CONTEXT() REPRESENTATION_CONTEXT('2D SPACE',''
  ) );
#11867 = PCURVE('',#11868,#11873);
#11868 = PLANE('',#11869);
#11869 = AXIS2_PLACEMENT_3D('',#11870,#11871,#11872);
#11870 = CARTESIAN_POINT('',(0.,0.,-0.8));
#11871 = DIRECTION('',(0.,0.,1.));
#11872 = DIRECTION('',(1.,0.,-0.));
#11873 = DEFINITIONAL_REPRESENTATION('',(#11874),#11878);
#11874 = CIRCLE('',#11875,2.);
#11875 = AXIS2_PLACEMENT_2D('',#11876,#11877);
#11876 = CARTESIAN_POINT('',(0.,0.));
#11877 = DIRECTION('',(1.,0.));
#11878 = ( GEOMETRIC_REPRESENTATION_CONTEXT(2) 
PARAMETRIC_REPRESENTATION_CONTEXT() REPRESENTATION_CONTEXT('2D SPACE',''
  ) );
#11879 = ORIENTED_EDGE('',*,*,#11830,.T.);
#11880 = ADVANCED_FACE('',(#11881,#11884),#11818,.T.);
#11881 = FACE_BOUND('',#11882,.T.);
#11882 = EDGE_LOOP('',(#11883));
#11883 = ORIENTED_EDGE('',*,*,#11796,.T.);
#11884 = FACE_BOUND('',#11885,.T.);
#11885 = EDGE_LOOP('',(#11886));
#11886 = ORIENTED_EDGE('',*,*,#11887,.F.);
#11887 = EDGE_CURVE('',#11888,#11888,#11890,.T.);
#11888 = VERTEX_POINT('',#11889);
#11889 = CARTESIAN_POINT('',(1.1,0.,0.8));
#11890 = SURFACE_CURVE('',#11891,(#11896,#11903),.PCURVE_S1.);
#11891 = CIRCLE('',#11892,1.1);
#11892 = AXIS2_PLACEMENT_3D('',#11893,#11894,#11895);
#11893 = CARTESIAN_POINT('',(0.,0.,0.8));
#11894 = DIRECTION('',(0.,0.,1.));
#11895 = DIRECTION('',(1.,0.,-0.));
#11896 = PCURVE('',#11818,#11897);
#11897 = DEFINITIONAL_REPRESENTATION('',(#11898),#11902);
#11898 = CIRCLE('',#11899,1.1);
#11899 = AXIS2_PLACEMENT_2D('',#11900,#11901);
#11900 = CARTESIAN_POINT('',(0.,0.));
#11901 = DIRECTION('',(1.,0.));
#11902 = ( GEOMETRIC_REPRESENTATION_CONTEXT(2) 
PARAMETRIC_REPRESENTATION_CONTEXT() REPRESENTATION_CONTEXT('2D SPACE',''
  ) );
#11903 = PCURVE('',#11904,#11909);
#11904 = CYLINDRICAL_SURFACE('',#11905,1.1);
#11905 = AXIS2_PLACEMENT_3D('',#11906,#11907,#11908);
#11906 = CARTESIAN_POINT('',(0.,0.,-1.3));
#11907 = DIRECTION('',(0.,0.,1.));
#11908 = DIRECTION('',(1.,0.,-0.));
#11909 = DEFINITIONAL_REPRESENTATION('',(#11910),#11914);
#11910 = LINE('',#11911,#11912);
#11911 = CARTESIAN_POINT('',(0.,2.1));
#11912 = VECTOR('',#11913,1.);
#11913 = DIRECTION('',(1.,0.));
#11914 = ( GEOMETRIC_REPRESENTATION_CONTEXT(2) 
PARAMETRIC_REPRESENTATION_CONTEXT() REPRESENTATION_CONTEXT('2D SPACE',''
  ) );
#11915 = ADVANCED_FACE('',(#11916,#11919),#11868,.F.);
#11916 = FACE_BOUND('',#11917,.F.);
#11917 = EDGE_LOOP('',(#11918));
#11918 = ORIENTED_EDGE('',*,*,#11853,.T.);
#11919 = FACE_BOUND('',#11920,.F.);
#11920 = EDGE_LOOP('',(#11921));
#11921 = ORIENTED_EDGE('',*,*,#11922,.F.);
#11922 = EDGE_CURVE('',#11923,#11923,#11925,.T.);
#11923 = VERTEX_POINT('',#11924);
#11924 = CARTESIAN_POINT('',(1.1,0.,-0.8));
#11925 = SURFACE_CURVE('',#11926,(#11931,#11938),.PCURVE_S1.);
#11926 = CIRCLE('',#11927,1.1);
#11927 = AXIS2_PLACEMENT_3D('',#11928,#11929,#11930);
#11928 = CARTESIAN_POINT('',(0.,0.,-0.8));
#11929 = DIRECTION('',(0.,0.,1.));
#11930 = DIRECTION('',(1.,0.,-0.));
#11931 = PCURVE('',#11868,#11932);
#11932 = DEFINITIONAL_REPRESENTATION('',(#11933),#11937);
#11933 = CIRCLE('',#11934,1.1);
#11934 = AXIS2_PLACEMENT_2D('',#11935,#11936);
#11935 = CARTESIAN_POINT('',(0.,0.));
#11936 = DIRECTION('',(1.,0.));
#11937 = ( GEOMETRIC_REPRESENTATION_CONTEXT(2) 
PARAMETRIC_REPRESENTATION_CONTEXT() REPRESENTATION_CONTEXT('2D SPACE',''
  ) );
#11938 = PCURVE('',#11904,#11939);
#11939 = DEFINITIONAL_REPRESENTATION('',(#11940),#11944);
#11940 = LINE('',#11941,#11942);
#11941 = CARTESIAN_POINT('',(0.,0.5));
#11942 = VECTOR('',#11943,1.);
#11943 = DIRECTION('',(1.,0.));
#11944 = ( GEOMETRIC_REPRESENTATION_CONTEXT(2) 
PARAMETRIC_REPRESENTATION_CONTEXT() REPRESENTATION_CONTEXT('2D SPACE',''
  ) );
#11945 = ADVANCED_FACE('',(#11946),#11904,.F.);
#11946 = FACE_BOUND('',#11947,.F.);
#11947 = EDGE_LOOP('',(#11948,#11949,#11970,#11971));
#11948 = ORIENTED_EDGE('',*,*,#11887,.F.);
#11949 = ORIENTED_EDGE('',*,*,#11950,.F.);
#11950 = EDGE_CURVE('',#11923,#11888,#11951,.T.);
#11951 = SEAM_CURVE('',#11952,(#11956,#11963),.PCURVE_S1.);
#11952 = LINE('',#11953,#11954);
#11953 = CARTESIAN_POINT('',(1.1,-2.694222958124E-16,-1.3));
#11954 = VECTOR('',#11955,1.);
#11955 = DIRECTION('',(0.,0.,1.));
#11956 = PCURVE('',#11904,#11957);
#11957 = DEFINITIONAL_REPRESENTATION('',(#11958),#11962);
#11958 = LINE('',#11959,#11960);
#11959 = CARTESIAN_POINT('',(6.28318530718,-0.));
#11960 = VECTOR('',#11961,1.);
#11961 = DIRECTION('',(0.,1.));
#11962 = ( GEOMETRIC_REPRESENTATION_CONTEXT(2) 
PARAMETRIC_REPRESENTATION_CONTEXT() REPRESENTATION_CONTEXT('2D SPACE',''
  ) );
#11963 = PCURVE('',#11904,#11964);
#11964 = DEFINITIONAL_REPRESENTATION('',(#11965),#11969);
#11965 = LINE('',#11966,#11967);
#11966 = CARTESIAN_POINT('',(0.,-0.));
#11967 = VECTOR('',#11968,1.);
#11968 = DIRECTION('',(0.,1.));
#11969 = ( GEOMETRIC_REPRESENTATION_CONTEXT(2) 
PARAMETRIC_REPRESENTATION_CONTEXT() REPRESENTATION_CONTEXT('2D SPACE',''
  ) );
#11970 = ORIENTED_EDGE('',*,*,#11922,.T.);
#11971 = ORIENTED_EDGE('',*,*,#11950,.T.);
#11972 = ( GEOMETRIC_REPRESENTATION_CONTEXT(3) 
GLOBAL_UNCERTAINTY_ASSIGNED_CONTEXT((#11976)) 
GLOBAL_UNIT_ASSIGNED_CONTEXT((#11973,#11974,#11975)) 
REPRESENTATION_CONTEXT('Context #1',
  '3D Context with UNIT and UNCERTAINTY') );
#11973 = ( LENGTH_UNIT() NAMED_UNIT(*) SI_UNIT(.MILLI.,.METRE.) );
#11974 = ( NAMED_UNIT(*) PLANE_ANGLE_UNIT() SI_UNIT($,.RADIAN.) );
#11975 = ( NAMED_UNIT(*) SI_UNIT($,.STERADIAN.) SOLID_ANGLE_UNIT() );
#11976 = UNCERTAINTY_MEASURE_WITH_UNIT(LENGTH_MEASURE(1.E-07),#11973,
  'distance_accuracy_value','confusion accuracy');
#11977 = CONTEXT_DEPENDENT_SHAPE_REPRESENTATION(#11978,#11980);
#11978 = ( REPRESENTATION_RELATIONSHIP('','',#11789,#11706) 
REPRESENTATION_RELATIONSHIP_WITH_TRANSFORMATION(#11979) 
SHAPE_REPRESENTATION_RELATIONSHIP() );
#11979 = ITEM_DEFINED_TRANSFORMATION('','',#11,#11707);
#11980 = PRODUCT_DEFINITION_SHAPE('Placement','Placement of an item',
  #11981);
#11981 = NEXT_ASSEMBLY_USAGE_OCCURRENCE('10','=>[0:1:1:12]','',#11701,
  #11784,$);
#11982 = PRODUCT_RELATED_PRODUCT_CATEGORY('part',$,(#11786));
#11983 = SHAPE_DEFINITION_REPRESENTATION(#11984,#11990);
#11984 = PRODUCT_DEFINITION_SHAPE('','',#11985);
#11985 = PRODUCT_DEFINITION('design','',#11986,#11989);
#11986 = PRODUCT_DEFINITION_FORMATION('','',#11987);
#11987 = PRODUCT('COMPOUND','COMPOUND','',(#11988));
#11988 = PRODUCT_CONTEXT('',#2,'mechanical');
#11989 = PRODUCT_DEFINITION_CONTEXT('part definition',#2,'design');
#11990 = ADVANCED_BREP_SHAPE_REPRESENTATION('',(#11,#11991),#12173);
#11991 = MANIFOLD_SOLID_BREP('',#11992);
#11992 = CLOSED_SHELL('',(#11993,#12081,#12116,#12146));
#11993 = ADVANCED_FACE('',(#11994),#12007,.T.);
#11994 = FACE_BOUND('',#11995,.T.);
#11995 = EDGE_LOOP('',(#11996,#12030,#12053,#12080));
#11996 = ORIENTED_EDGE('',*,*,#11997,.F.);
#11997 = EDGE_CURVE('',#11998,#11998,#12000,.T.);
#11998 = VERTEX_POINT('',#11999);
#11999 = CARTESIAN_POINT('',(2.,0.,0.25));
#12000 = SURFACE_CURVE('',#12001,(#12006,#12018),.PCURVE_S1.);
#12001 = CIRCLE('',#12002,2.);
#12002 = AXIS2_PLACEMENT_3D('',#12003,#12004,#12005);
#12003 = CARTESIAN_POINT('',(0.,0.,0.25));
#12004 = DIRECTION('',(0.,0.,1.));
#12005 = DIRECTION('',(1.,0.,-0.));
#12006 = PCURVE('',#12007,#12012);
#12007 = CYLINDRICAL_SURFACE('',#12008,2.);
#12008 = AXIS2_PLACEMENT_3D('',#12009,#12010,#12011);
#12009 = CARTESIAN_POINT('',(0.,0.,-0.25));
#12010 = DIRECTION('',(0.,0.,1.));
#12011 = DIRECTION('',(1.,0.,-0.));
#12012 = DEFINITIONAL_REPRESENTATION('',(#12013),#12017);
#12013 = LINE('',#12014,#12015);
#12014 = CARTESIAN_POINT('',(0.,0.5));
#12015 = VECTOR('',#12016,1.);
#12016 = DIRECTION('',(1.,0.));
#12017 = ( GEOMETRIC_REPRESENTATION_CONTEXT(2) 
PARAMETRIC_REPRESENTATION_CONTEXT() REPRESENTATION_CONTEXT('2D SPACE',''
  ) );
#12018 = PCURVE('',#12019,#12024);
#12019 = PLANE('',#12020);
#12020 = AXIS2_PLACEMENT_3D('',#12021,#12022,#12023);
#12021 = CARTESIAN_POINT('',(0.,0.,0.25));
#12022 = DIRECTION('',(0.,0.,1.));
#12023 = DIRECTION('',(1.,0.,-0.));
#12024 = DEFINITIONAL_REPRESENTATION('',(#12025),#12029);
#12025 = CIRCLE('',#12026,2.);
#12026 = AXIS2_PLACEMENT_2D('',#12027,#12028);
#12027 = CARTESIAN_POINT('',(0.,0.));
#12028 = DIRECTION('',(1.,0.));
#12029 = ( GEOMETRIC_REPRESENTATION_CONTEXT(2) 
PARAMETRIC_REPRESENTATION_CONTEXT() REPRESENTATION_CONTEXT('2D SPACE',''
  ) );
#12030 = ORIENTED_EDGE('',*,*,#12031,.F.);
#12031 = EDGE_CURVE('',#12032,#11998,#12034,.T.);
#12032 = VERTEX_POINT('',#12033);
#12033 = CARTESIAN_POINT('',(2.,0.,-0.25));
#12034 = SEAM_CURVE('',#12035,(#12039,#12046),.PCURVE_S1.);
#12035 = LINE('',#12036,#12037);
#12036 = CARTESIAN_POINT('',(2.,-4.898587196589E-16,-0.25));
#12037 = VECTOR('',#12038,1.);
#12038 = DIRECTION('',(0.,0.,1.));
#12039 = PCURVE('',#12007,#12040);
#12040 = DEFINITIONAL_REPRESENTATION('',(#12041),#12045);
#12041 = LINE('',#12042,#12043);
#12042 = CARTESIAN_POINT('',(6.28318530718,-0.));
#12043 = VECTOR('',#12044,1.);
#12044 = DIRECTION('',(0.,1.));
#12045 = ( GEOMETRIC_REPRESENTATION_CONTEXT(2) 
PARAMETRIC_REPRESENTATION_CONTEXT() REPRESENTATION_CONTEXT('2D SPACE',''
  ) );
#12046 = PCURVE('',#12007,#12047);
#12047 = DEFINITIONAL_REPRESENTATION('',(#12048),#12052);
#12048 = LINE('',#12049,#12050);
#12049 = CARTESIAN_POINT('',(0.,-0.));
#12050 = VECTOR('',#12051,1.);
#12051 = DIRECTION('',(0.,1.));
#12052 = ( GEOMETRIC_REPRESENTATION_CONTEXT(2) 
PARAMETRIC_REPRESENTATION_CONTEXT() REPRESENTATION_CONTEXT('2D SPACE',''
  ) );
#12053 = ORIENTED_EDGE('',*,*,#12054,.T.);
#12054 = EDGE_CURVE('',#12032,#12032,#12055,.T.);
#12055 = SURFACE_CURVE('',#12056,(#12061,#12068),.PCURVE_S1.);
#12056 = CIRCLE('',#12057,2.);
#12057 = AXIS2_PLACEMENT_3D('',#12058,#12059,#12060);
#12058 = CARTESIAN_POINT('',(0.,0.,-0.25));
#12059 = DIRECTION('',(0.,0.,1.));
#12060 = DIRECTION('',(1.,0.,-0.));
#12061 = PCURVE('',#12007,#12062);
#12062 = DEFINITIONAL_REPRESENTATION('',(#12063),#12067);
#12063 = LINE('',#12064,#12065);
#12064 = CARTESIAN_POINT('',(0.,0.));
#12065 = VECTOR('',#12066,1.);
#12066 = DIRECTION('',(1.,0.));
#12067 = ( GEOMETRIC_REPRESENTATION_CONTEXT(2) 
PARAMETRIC_REPRESENTATION_CONTEXT() REPRESENTATION_CONTEXT('2D SPACE',''
  ) );
#12068 = PCURVE('',#12069,#12074);
#12069 = PLANE('',#12070);
#12070 = AXIS2_PLACEMENT_3D('',#12071,#12072,#12073);
#12071 = CARTESIAN_POINT('',(0.,0.,-0.25));
#12072 = DIRECTION('',(0.,0.,1.));
#12073 = DIRECTION('',(1.,0.,-0.));
#12074 = DEFINITIONAL_REPRESENTATION('',(#12075),#12079);
#12075 = CIRCLE('',#12076,2.);
#12076 = AXIS2_PLACEMENT_2D('',#12077,#12078);
#12077 = CARTESIAN_POINT('',(0.,0.));
#12078 = DIRECTION('',(1.,0.));
#12079 = ( GEOMETRIC_REPRESENTATION_CONTEXT(2) 
PARAMETRIC_REPRESENTATION_CONTEXT() REPRESENTATION_CONTEXT('2D SPACE',''
  ) );
#12080 = ORIENTED_EDGE('',*,*,#12031,.T.);
#12081 = ADVANCED_FACE('',(#12082,#12085),#12019,.T.);
#12082 = FACE_BOUND('',#12083,.T.);
#12083 = EDGE_LOOP('',(#12084));
#12084 = ORIENTED_EDGE('',*,*,#11997,.T.);
#12085 = FACE_BOUND('',#12086,.T.);
#12086 = EDGE_LOOP('',(#12087));
#12087 = ORIENTED_EDGE('',*,*,#12088,.F.);
#12088 = EDGE_CURVE('',#12089,#12089,#12091,.T.);
#12089 = VERTEX_POINT('',#12090);
#12090 = CARTESIAN_POINT('',(1.1,0.,0.25));
#12091 = SURFACE_CURVE('',#12092,(#12097,#12104),.PCURVE_S1.);
#12092 = CIRCLE('',#12093,1.1);
#12093 = AXIS2_PLACEMENT_3D('',#12094,#12095,#12096);
#12094 = CARTESIAN_POINT('',(0.,0.,0.25));
#12095 = DIRECTION('',(0.,0.,1.));
#12096 = DIRECTION('',(1.,0.,-0.));
#12097 = PCURVE('',#12019,#12098);
#12098 = DEFINITIONAL_REPRESENTATION('',(#12099),#12103);
#12099 = CIRCLE('',#12100,1.1);
#12100 = AXIS2_PLACEMENT_2D('',#12101,#12102);
#12101 = CARTESIAN_POINT('',(0.,0.));
#12102 = DIRECTION('',(1.,0.));
#12103 = ( GEOMETRIC_REPRESENTATION_CONTEXT(2) 
PARAMETRIC_REPRESENTATION_CONTEXT() REPRESENTATION_CONTEXT('2D SPACE',''
  ) );
#12104 = PCURVE('',#12105,#12110);
#12105 = CYLINDRICAL_SURFACE('',#12106,1.1);
#12106 = AXIS2_PLACEMENT_3D('',#12107,#12108,#12109);
#12107 = CARTESIAN_POINT('',(0.,0.,-0.75));
#12108 = DIRECTION('',(0.,0.,1.));
#12109 = DIRECTION('',(1.,0.,-0.));
#12110 = DEFINITIONAL_REPRESENTATION('',(#12111),#12115);
#12111 = LINE('',#12112,#12113);
#12112 = CARTESIAN_POINT('',(0.,1.));
#12113 = VECTOR('',#12114,1.);
#12114 = DIRECTION('',(1.,0.));
#12115 = ( GEOMETRIC_REPRESENTATION_CONTEXT(2) 
PARAMETRIC_REPRESENTATION_CONTEXT() REPRESENTATION_CONTEXT('2D SPACE',''
  ) );
#12116 = ADVANCED_FACE('',(#12117,#12120),#12069,.F.);
#12117 = FACE_BOUND('',#12118,.F.);
#12118 = EDGE_LOOP('',(#12119));
#12119 = ORIENTED_EDGE('',*,*,#12054,.T.);
#12120 = FACE_BOUND('',#12121,.F.);
#12121 = EDGE_LOOP('',(#12122));
#12122 = ORIENTED_EDGE('',*,*,#12123,.F.);
#12123 = EDGE_CURVE('',#12124,#12124,#12126,.T.);
#12124 = VERTEX_POINT('',#12125);
#12125 = CARTESIAN_POINT('',(1.1,0.,-0.25));
#12126 = SURFACE_CURVE('',#12127,(#12132,#12139),.PCURVE_S1.);
#12127 = CIRCLE('',#12128,1.1);
#12128 = AXIS2_PLACEMENT_3D('',#12129,#12130,#12131);
#12129 = CARTESIAN_POINT('',(0.,0.,-0.25));
#12130 = DIRECTION('',(0.,0.,1.));
#12131 = DIRECTION('',(1.,0.,-0.));
#12132 = PCURVE('',#12069,#12133);
#12133 = DEFINITIONAL_REPRESENTATION('',(#12134),#12138);
#12134 = CIRCLE('',#12135,1.1);
#12135 = AXIS2_PLACEMENT_2D('',#12136,#12137);
#12136 = CARTESIAN_POINT('',(0.,0.));
#12137 = DIRECTION('',(1.,0.));
#12138 = ( GEOMETRIC_REPRESENTATION_CONTEXT(2) 
PARAMETRIC_REPRESENTATION_CONTEXT() REPRESENTATION_CONTEXT('2D SPACE',''
  ) );
#12139 = PCURVE('',#12105,#12140);
#12140 = DEFINITIONAL_REPRESENTATION('',(#12141),#12145);
#12141 = LINE('',#12142,#12143);
#12142 = CARTESIAN_POINT('',(0.,0.5));
#12143 = VECTOR('',#12144,1.);
#12144 = DIRECTION('',(1.,0.));
#12145 = ( GEOMETRIC_REPRESENTATION_CONTEXT(2) 
PARAMETRIC_REPRESENTATION_CONTEXT() REPRESENTATION_CONTEXT('2D SPACE',''
  ) );
#12146 = ADVANCED_FACE('',(#12147),#12105,.F.);
#12147 = FACE_BOUND('',#12148,.F.);
#12148 = EDGE_LOOP('',(#12149,#12150,#12171,#12172));
#12149 = ORIENTED_EDGE('',*,*,#12088,.F.);
#12150 = ORIENTED_EDGE('',*,*,#12151,.F.);
#12151 = EDGE_CURVE('',#12124,#12089,#12152,.T.);
#12152 = SEAM_CURVE('',#12153,(#12157,#12164),.PCURVE_S1.);
#12153 = LINE('',#12154,#12155);
#12154 = CARTESIAN_POINT('',(1.1,-2.694222958124E-16,-0.75));
#12155 = VECTOR('',#12156,1.);
#12156 = DIRECTION('',(0.,0.,1.));
#12157 = PCURVE('',#12105,#12158);
#12158 = DEFINITIONAL_REPRESENTATION('',(#12159),#12163);
#12159 = LINE('',#12160,#12161);
#12160 = CARTESIAN_POINT('',(6.28318530718,-0.));
#12161 = VECTOR('',#12162,1.);
#12162 = DIRECTION('',(0.,1.));
#12163 = ( GEOMETRIC_REPRESENTATION_CONTEXT(2) 
PARAMETRIC_REPRESENTATION_CONTEXT() REPRESENTATION_CONTEXT('2D SPACE',''
  ) );
#12164 = PCURVE('',#12105,#12165);
#12165 = DEFINITIONAL_REPRESENTATION('',(#12166),#12170);
#12166 = LINE('',#12167,#12168);
#12167 = CARTESIAN_POINT('',(0.,-0.));
#12168 = VECTOR('',#12169,1.);
#12169 = DIRECTION('',(0.,1.));
#12170 = ( GEOMETRIC_REPRESENTATION_CONTEXT(2) 
PARAMETRIC_REPRESENTATION_CONTEXT() REPRESENTATION_CONTEXT('2D SPACE',''
  ) );
#12171 = ORIENTED_EDGE('',*,*,#12123,.T.);
#12172 = ORIENTED_EDGE('',*,*,#12151,.T.);
#12173 = ( GEOMETRIC_REPRESENTATION_CONTEXT(3) 
GLOBAL_UNCERTAINTY_ASSIGNED_CONTEXT((#12177)) 
GLOBAL_UNIT_ASSIGNED_CONTEXT((#12174,#12175,#12176)) 
REPRESENTATION_CONTEXT('Context #1',
  '3D Context with UNIT and UNCERTAINTY') );
#12174 = ( LENGTH_UNIT() NAMED_UNIT(*) SI_UNIT(.MILLI.,.METRE.) );
#12175 = ( NAMED_UNIT(*) PLANE_ANGLE_UNIT() SI_UNIT($,.RADIAN.) );
#12176 = ( NAMED_UNIT(*) SI_UNIT($,.STERADIAN.) SOLID_ANGLE_UNIT() );
#12177 = UNCERTAINTY_MEASURE_WITH_UNIT(LENGTH_MEASURE(1.E-07),#12174,
  'distance_accuracy_value','confusion accuracy');
#12178 = CONTEXT_DEPENDENT_SHAPE_REPRESENTATION(#12179,#12181);
#12179 = ( REPRESENTATION_RELATIONSHIP('','',#11990,#11706) 
REPRESENTATION_RELATIONSHIP_WITH_TRANSFORMATION(#12180) 
SHAPE_REPRESENTATION_RELATIONSHIP() );
#12180 = ITEM_DEFINED_TRANSFORMATION('','',#11,#11711);
#12181 = PRODUCT_DEFINITION_SHAPE('Placement','Placement of an item',
  #12182);
#12182 = NEXT_ASSEMBLY_USAGE_OCCURRENCE('11','=>[0:1:1:13]','',#11701,
  #11985,$);
#12183 = PRODUCT_RELATED_PRODUCT_CATEGORY('part',$,(#11987));
#12184 = SHAPE_DEFINITION_REPRESENTATION(#12185,#12191);
#12185 = PRODUCT_DEFINITION_SHAPE('','',#12186);
#12186 = PRODUCT_DEFINITION('design','',#12187,#12190);
#12187 = PRODUCT_DEFINITION_FORMATION('','',#12188);
#12188 = PRODUCT('COMPOUND','COMPOUND','',(#12189));
#12189 = PRODUCT_CONTEXT('',#2,'mechanical');
#12190 = PRODUCT_DEFINITION_CONTEXT('part definition',#2,'design');
#12191 = ADVANCED_BREP_SHAPE_REPRESENTATION('',(#11,#12192),#12374);
#12192 = MANIFOLD_SOLID_BREP('',#12193);
#12193 = CLOSED_SHELL('',(#12194,#12282,#12317,#12347));
#12194 = ADVANCED_FACE('',(#12195),#12208,.T.);
#12195 = FACE_BOUND('',#12196,.T.);
#12196 = EDGE_LOOP('',(#12197,#12231,#12254,#12281));
#12197 = ORIENTED_EDGE('',*,*,#12198,.F.);
#12198 = EDGE_CURVE('',#12199,#12199,#12201,.T.);
#12199 = VERTEX_POINT('',#12200);
#12200 = CARTESIAN_POINT('',(2.,0.,0.8));
#12201 = SURFACE_CURVE('',#12202,(#12207,#12219),.PCURVE_S1.);
#12202 = CIRCLE('',#12203,2.);
#12203 = AXIS2_PLACEMENT_3D('',#12204,#12205,#12206);
#12204 = CARTESIAN_POINT('',(0.,0.,0.8));
#12205 = DIRECTION('',(0.,0.,1.));
#12206 = DIRECTION('',(1.,0.,-0.));
#12207 = PCURVE('',#12208,#12213);
#12208 = CYLINDRICAL_SURFACE('',#12209,2.);
#12209 = AXIS2_PLACEMENT_3D('',#12210,#12211,#12212);
#12210 = CARTESIAN_POINT('',(0.,0.,-0.8));
#12211 = DIRECTION('',(0.,0.,1.));
#12212 = DIRECTION('',(1.,0.,-0.));
#12213 = DEFINITIONAL_REPRESENTATION('',(#12214),#12218);
#12214 = LINE('',#12215,#12216);
#12215 = CARTESIAN_POINT('',(0.,1.6));
#12216 = VECTOR('',#12217,1.);
#12217 = DIRECTION('',(1.,0.));
#12218 = ( GEOMETRIC_REPRESENTATION_CONTEXT(2) 
PARAMETRIC_REPRESENTATION_CONTEXT() REPRESENTATION_CONTEXT('2D SPACE',''
  ) );
#12219 = PCURVE('',#12220,#12225);
#12220 = PLANE('',#12221);
#12221 = AXIS2_PLACEMENT_3D('',#12222,#12223,#12224);
#12222 = CARTESIAN_POINT('',(0.,0.,0.8));
#12223 = DIRECTION('',(0.,0.,1.));
#12224 = DIRECTION('',(1.,0.,-0.));
#12225 = DEFINITIONAL_REPRESENTATION('',(#12226),#12230);
#12226 = CIRCLE('',#12227,2.);
#12227 = AXIS2_PLACEMENT_2D('',#12228,#12229);
#12228 = CARTESIAN_POINT('',(0.,0.));
#12229 = DIRECTION('',(1.,0.));
#12230 = ( GEOMETRIC_REPRESENTATION_CONTEXT(2) 
PARAMETRIC_REPRESENTATION_CONTEXT() REPRESENTATION_CONTEXT('2D SPACE',''
  ) );
#12231 = ORIENTED_EDGE('',*,*,#12232,.F.);
#12232 = EDGE_CURVE('',#12233,#12199,#12235,.T.);
#12233 = VERTEX_POINT('',#12234);
#12234 = CARTESIAN_POINT('',(2.,0.,-0.8));
#12235 = SEAM_CURVE('',#12236,(#12240,#12247),.PCURVE_S1.);
#12236 = LINE('',#12237,#12238);
#12237 = CARTESIAN_POINT('',(2.,-4.898587196589E-16,-0.8));
#12238 = VECTOR('',#12239,1.);
#12239 = DIRECTION('',(0.,0.,1.));
#12240 = PCURVE('',#12208,#12241);
#12241 = DEFINITIONAL_REPRESENTATION('',(#12242),#12246);
#12242 = LINE('',#12243,#12244);
#12243 = CARTESIAN_POINT('',(6.28318530718,-0.));
#12244 = VECTOR('',#12245,1.);
#12245 = DIRECTION('',(0.,1.));
#12246 = ( GEOMETRIC_REPRESENTATION_CONTEXT(2) 
PARAMETRIC_REPRESENTATION_CONTEXT() REPRESENTATION_CONTEXT('2D SPACE',''
  ) );
#12247 = PCURVE('',#12208,#12248);
#12248 = DEFINITIONAL_REPRESENTATION('',(#12249),#12253);
#12249 = LINE('',#12250,#12251);
#12250 = CARTESIAN_POINT('',(0.,-0.));
#12251 = VECTOR('',#12252,1.);
#12252 = DIRECTION('',(0.,1.));
#12253 = ( GEOMETRIC_REPRESENTATION_CONTEXT(2) 
PARAMETRIC_REPRESENTATION_CONTEXT() REPRESENTATION_CONTEXT('2D SPACE',''
  ) );
#12254 = ORIENTED_EDGE('',*,*,#12255,.T.);
#12255 = EDGE_CURVE('',#12233,#12233,#12256,.T.);
#12256 = SURFACE_CURVE('',#12257,(#12262,#12269),.PCURVE_S1.);
#12257 = CIRCLE('',#12258,2.);
#12258 = AXIS2_PLACEMENT_3D('',#12259,#12260,#12261);
#12259 = CARTESIAN_POINT('',(0.,0.,-0.8));
#12260 = DIRECTION('',(0.,0.,1.));
#12261 = DIRECTION('',(1.,0.,-0.));
#12262 = PCURVE('',#12208,#12263);
#12263 = DEFINITIONAL_REPRESENTATION('',(#12264),#12268);
#12264 = LINE('',#12265,#12266);
#12265 = CARTESIAN_POINT('',(0.,0.));
#12266 = VECTOR('',#12267,1.);
#12267 = DIRECTION('',(1.,0.));
#12268 = ( GEOMETRIC_REPRESENTATION_CONTEXT(2) 
PARAMETRIC_REPRESENTATION_CONTEXT() REPRESENTATION_CONTEXT('2D SPACE',''
  ) );
#12269 = PCURVE('',#12270,#12275);
#12270 = PLANE('',#12271);
#12271 = AXIS2_PLACEMENT_3D('',#12272,#12273,#12274);
#12272 = CARTESIAN_POINT('',(0.,0.,-0.8));
#12273 = DIRECTION('',(0.,0.,1.));
#12274 = DIRECTION('',(1.,0.,-0.));
#12275 = DEFINITIONAL_REPRESENTATION('',(#12276),#12280);
#12276 = CIRCLE('',#12277,2.);
#12277 = AXIS2_PLACEMENT_2D('',#12278,#12279);
#12278 = CARTESIAN_POINT('',(0.,0.));
#12279 = DIRECTION('',(1.,0.));
#12280 = ( GEOMETRIC_REPRESENTATION_CONTEXT(2) 
PARAMETRIC_REPRESENTATION_CONTEXT() REPRESENTATION_CONTEXT('2D SPACE',''
  ) );
#12281 = ORIENTED_EDGE('',*,*,#12232,.T.);
#12282 = ADVANCED_FACE('',(#12283,#12286),#12220,.T.);
#12283 = FACE_BOUND('',#12284,.T.);
#12284 = EDGE_LOOP('',(#12285));
#12285 = ORIENTED_EDGE('',*,*,#12198,.T.);
#12286 = FACE_BOUND('',#12287,.T.);
#12287 = EDGE_LOOP('',(#12288));
#12288 = ORIENTED_EDGE('',*,*,#12289,.F.);
#12289 = EDGE_CURVE('',#12290,#12290,#12292,.T.);
#12290 = VERTEX_POINT('',#12291);
#12291 = CARTESIAN_POINT('',(1.1,0.,0.8));
#12292 = SURFACE_CURVE('',#12293,(#12298,#12305),.PCURVE_S1.);
#12293 = CIRCLE('',#12294,1.1);
#12294 = AXIS2_PLACEMENT_3D('',#12295,#12296,#12297);
#12295 = CARTESIAN_POINT('',(0.,0.,0.8));
#12296 = DIRECTION('',(0.,0.,1.));
#12297 = DIRECTION('',(1.,0.,-0.));
#12298 = PCURVE('',#12220,#12299);
#12299 = DEFINITIONAL_REPRESENTATION('',(#12300),#12304);
#12300 = CIRCLE('',#12301,1.1);
#12301 = AXIS2_PLACEMENT_2D('',#12302,#12303);
#12302 = CARTESIAN_POINT('',(0.,0.));
#12303 = DIRECTION('',(1.,0.));
#12304 = ( GEOMETRIC_REPRESENTATION_CONTEXT(2) 
PARAMETRIC_REPRESENTATION_CONTEXT() REPRESENTATION_CONTEXT('2D SPACE',''
  ) );
#12305 = PCURVE('',#12306,#12311);
#12306 = CYLINDRICAL_SURFACE('',#12307,1.1);
#12307 = AXIS2_PLACEMENT_3D('',#12308,#12309,#12310);
#12308 = CARTESIAN_POINT('',(0.,0.,-1.3));
#12309 = DIRECTION('',(0.,0.,1.));
#12310 = DIRECTION('',(1.,0.,-0.));
#12311 = DEFINITIONAL_REPRESENTATION('',(#12312),#12316);
#12312 = LINE('',#12313,#12314);
#12313 = CARTESIAN_POINT('',(0.,2.1));
#12314 = VECTOR('',#12315,1.);
#12315 = DIRECTION('',(1.,0.));
#12316 = ( GEOMETRIC_REPRESENTATION_CONTEXT(2) 
PARAMETRIC_REPRESENTATION_CONTEXT() REPRESENTATION_CONTEXT('2D SPACE',''
  ) );
#12317 = ADVANCED_FACE('',(#12318,#12321),#12270,.F.);
#12318 = FACE_BOUND('',#12319,.F.);
#12319 = EDGE_LOOP('',(#12320));
#12320 = ORIENTED_EDGE('',*,*,#12255,.T.);
#12321 = FACE_BOUND('',#12322,.F.);
#12322 = EDGE_LOOP('',(#12323));
#12323 = ORIENTED_EDGE('',*,*,#12324,.F.);
#12324 = EDGE_CURVE('',#12325,#12325,#12327,.T.);
#12325 = VERTEX_POINT('',#12326);
#12326 = CARTESIAN_POINT('',(1.1,0.,-0.8));
#12327 = SURFACE_CURVE('',#12328,(#12333,#12340),.PCURVE_S1.);
#12328 = CIRCLE('',#12329,1.1);
#12329 = AXIS2_PLACEMENT_3D('',#12330,#12331,#12332);
#12330 = CARTESIAN_POINT('',(0.,0.,-0.8));
#12331 = DIRECTION('',(0.,0.,1.));
#12332 = DIRECTION('',(1.,0.,-0.));
#12333 = PCURVE('',#12270,#12334);
#12334 = DEFINITIONAL_REPRESENTATION('',(#12335),#12339);
#12335 = CIRCLE('',#12336,1.1);
#12336 = AXIS2_PLACEMENT_2D('',#12337,#12338);
#12337 = CARTESIAN_POINT('',(0.,0.));
#12338 = DIRECTION('',(1.,0.));
#12339 = ( GEOMETRIC_REPRESENTATION_CONTEXT(2) 
PARAMETRIC_REPRESENTATION_CONTEXT() REPRESENTATION_CONTEXT('2D SPACE',''
  ) );
#12340 = PCURVE('',#12306,#12341);
#12341 = DEFINITIONAL_REPRESENTATION('',(#12342),#12346);
#12342 = LINE('',#12343,#12344);
#12343 = CARTESIAN_POINT('',(0.,0.5));
#12344 = VECTOR('',#12345,1.);
#12345 = DIRECTION('',(1.,0.));
#12346 = ( GEOMETRIC_REPRESENTATION_CONTEXT(2) 
PARAMETRIC_REPRESENTATION_CONTEXT() REPRESENTATION_CONTEXT('2D SPACE',''
  ) );
#12347 = ADVANCED_FACE('',(#12348),#12306,.F.);
#12348 = FACE_BOUND('',#12349,.F.);
#12349 = EDGE_LOOP('',(#12350,#12351,#12372,#12373));
#12350 = ORIENTED_EDGE('',*,*,#12289,.F.);
#12351 = ORIENTED_EDGE('',*,*,#12352,.F.);
#12352 = EDGE_CURVE('',#12325,#12290,#12353,.T.);
#12353 = SEAM_CURVE('',#12354,(#12358,#12365),.PCURVE_S1.);
#12354 = LINE('',#12355,#12356);
#12355 = CARTESIAN_POINT('',(1.1,-2.694222958124E-16,-1.3));
#12356 = VECTOR('',#12357,1.);
#12357 = DIRECTION('',(0.,0.,1.));
#12358 = PCURVE('',#12306,#12359);
#12359 = DEFINITIONAL_REPRESENTATION('',(#12360),#12364);
#12360 = LINE('',#12361,#12362);
#12361 = CARTESIAN_POINT('',(6.28318530718,-0.));
#12362 = VECTOR('',#12363,1.);
#12363 = DIRECTION('',(0.,1.));
#12364 = ( GEOMETRIC_REPRESENTATION_CONTEXT(2) 
PARAMETRIC_REPRESENTATION_CONTEXT() REPRESENTATION_CONTEXT('2D SPACE',''
  ) );
#12365 = PCURVE('',#12306,#12366);
#12366 = DEFINITIONAL_REPRESENTATION('',(#12367),#12371);
#12367 = LINE('',#12368,#12369);
#12368 = CARTESIAN_POINT('',(0.,-0.));
#12369 = VECTOR('',#12370,1.);
#12370 = DIRECTION('',(0.,1.));
#12371 = ( GEOMETRIC_REPRESENTATION_CONTEXT(2) 
PARAMETRIC_REPRESENTATION_CONTEXT() REPRESENTATION_CONTEXT('2D SPACE',''
  ) );
#12372 = ORIENTED_EDGE('',*,*,#12324,.T.);
#12373 = ORIENTED_EDGE('',*,*,#12352,.T.);
#12374 = ( GEOMETRIC_REPRESENTATION_CONTEXT(3) 
GLOBAL_UNCERTAINTY_ASSIGNED_CONTEXT((#12378)) 
GLOBAL_UNIT_ASSIGNED_CONTEXT((#12375,#12376,#12377)) 
REPRESENTATION_CONTEXT('Context #1',
  '3D Context with UNIT and UNCERTAINTY') );
#12375 = ( LENGTH_UNIT() NAMED_UNIT(*) SI_UNIT(.MILLI.,.METRE.) );
#12376 = ( NAMED_UNIT(*) PLANE_ANGLE_UNIT() SI_UNIT($,.RADIAN.) );
#12377 = ( NAMED_UNIT(*) SI_UNIT($,.STERADIAN.) SOLID_ANGLE_UNIT() );
#12378 = UNCERTAINTY_MEASURE_WITH_UNIT(LENGTH_MEASURE(1.E-07),#12375,
  'distance_accuracy_value','confusion accuracy');
#12379 = CONTEXT_DEPENDENT_SHAPE_REPRESENTATION(#12380,#12382);
#12380 = ( REPRESENTATION_RELATIONSHIP('','',#12191,#11706) 
REPRESENTATION_RELATIONSHIP_WITH_TRANSFORMATION(#12381) 
SHAPE_REPRESENTATION_RELATIONSHIP() );
#12381 = ITEM_DEFINED_TRANSFORMATION('','',#11,#11715);
#12382 = PRODUCT_DEFINITION_SHAPE('Placement','Placement of an item',
  #12383);
#12383 = NEXT_ASSEMBLY_USAGE_OCCURRENCE('12','=>[0:1:1:14]','',#11701,
  #12186,$);
#12384 = PRODUCT_RELATED_PRODUCT_CATEGORY('part',$,(#12188));
#12385 = SHAPE_DEFINITION_REPRESENTATION(#12386,#12392);
#12386 = PRODUCT_DEFINITION_SHAPE('','',#12387);
#12387 = PRODUCT_DEFINITION('design','',#12388,#12391);
#12388 = PRODUCT_DEFINITION_FORMATION('','',#12389);
#12389 = PRODUCT('COMPOUND','COMPOUND','',(#12390));
#12390 = PRODUCT_CONTEXT('',#2,'mechanical');
#12391 = PRODUCT_DEFINITION_CONTEXT('part definition',#2,'design');
#12392 = ADVANCED_BREP_SHAPE_REPRESENTATION('',(#11,#12393),#12575);
#12393 = MANIFOLD_SOLID_BREP('',#12394);
#12394 = CLOSED_SHELL('',(#12395,#12483,#12518,#12548));
#12395 = ADVANCED_FACE('',(#12396),#12409,.T.);
#12396 = FACE_BOUND('',#12397,.T.);
#12397 = EDGE_LOOP('',(#12398,#12432,#12455,#12482));
#12398 = ORIENTED_EDGE('',*,*,#12399,.F.);
#12399 = EDGE_CURVE('',#12400,#12400,#12402,.T.);
#12400 = VERTEX_POINT('',#12401);
#12401 = CARTESIAN_POINT('',(2.,0.,0.25));
#12402 = SURFACE_CURVE('',#12403,(#12408,#12420),.PCURVE_S1.);
#12403 = CIRCLE('',#12404,2.);
#12404 = AXIS2_PLACEMENT_3D('',#12405,#12406,#12407);
#12405 = CARTESIAN_POINT('',(0.,0.,0.25));
#12406 = DIRECTION('',(0.,0.,1.));
#12407 = DIRECTION('',(1.,0.,-0.));
#12408 = PCURVE('',#12409,#12414);
#12409 = CYLINDRICAL_SURFACE('',#12410,2.);
#12410 = AXIS2_PLACEMENT_3D('',#12411,#12412,#12413);
#12411 = CARTESIAN_POINT('',(0.,0.,-0.25));
#12412 = DIRECTION('',(0.,0.,1.));
#12413 = DIRECTION('',(1.,0.,-0.));
#12414 = DEFINITIONAL_REPRESENTATION('',(#12415),#12419);
#12415 = LINE('',#12416,#12417);
#12416 = CARTESIAN_POINT('',(0.,0.5));
#12417 = VECTOR('',#12418,1.);
#12418 = DIRECTION('',(1.,0.));
#12419 = ( GEOMETRIC_REPRESENTATION_CONTEXT(2) 
PARAMETRIC_REPRESENTATION_CONTEXT() REPRESENTATION_CONTEXT('2D SPACE',''
  ) );
#12420 = PCURVE('',#12421,#12426);
#12421 = PLANE('',#12422);
#12422 = AXIS2_PLACEMENT_3D('',#12423,#12424,#12425);
#12423 = CARTESIAN_POINT('',(0.,0.,0.25));
#12424 = DIRECTION('',(0.,0.,1.));
#12425 = DIRECTION('',(1.,0.,-0.));
#12426 = DEFINITIONAL_REPRESENTATION('',(#12427),#12431);
#12427 = CIRCLE('',#12428,2.);
#12428 = AXIS2_PLACEMENT_2D('',#12429,#12430);
#12429 = CARTESIAN_POINT('',(0.,0.));
#12430 = DIRECTION('',(1.,0.));
#12431 = ( GEOMETRIC_REPRESENTATION_CONTEXT(2) 
PARAMETRIC_REPRESENTATION_CONTEXT() REPRESENTATION_CONTEXT('2D SPACE',''
  ) );
#12432 = ORIENTED_EDGE('',*,*,#12433,.F.);
#12433 = EDGE_CURVE('',#12434,#12400,#12436,.T.);
#12434 = VERTEX_POINT('',#12435);
#12435 = CARTESIAN_POINT('',(2.,0.,-0.25));
#12436 = SEAM_CURVE('',#12437,(#12441,#12448),.PCURVE_S1.);
#12437 = LINE('',#12438,#12439);
#12438 = CARTESIAN_POINT('',(2.,-4.898587196589E-16,-0.25));
#12439 = VECTOR('',#12440,1.);
#12440 = DIRECTION('',(0.,0.,1.));
#12441 = PCURVE('',#12409,#12442);
#12442 = DEFINITIONAL_REPRESENTATION('',(#12443),#12447);
#12443 = LINE('',#12444,#12445);
#12444 = CARTESIAN_POINT('',(6.28318530718,-0.));
#12445 = VECTOR('',#12446,1.);
#12446 = DIRECTION('',(0.,1.));
#12447 = ( GEOMETRIC_REPRESENTATION_CONTEXT(2) 
PARAMETRIC_REPRESENTATION_CONTEXT() REPRESENTATION_CONTEXT('2D SPACE',''
  ) );
#12448 = PCURVE('',#12409,#12449);
#12449 = DEFINITIONAL_REPRESENTATION('',(#12450),#12454);
#12450 = LINE('',#12451,#12452);
#12451 = CARTESIAN_POINT('',(0.,-0.));
#12452 = VECTOR('',#12453,1.);
#12453 = DIRECTION('',(0.,1.));
#12454 = ( GEOMETRIC_REPRESENTATION_CONTEXT(2) 
PARAMETRIC_REPRESENTATION_CONTEXT() REPRESENTATION_CONTEXT('2D SPACE',''
  ) );
#12455 = ORIENTED_EDGE('',*,*,#12456,.T.);
#12456 = EDGE_CURVE('',#12434,#12434,#12457,.T.);
#12457 = SURFACE_CURVE('',#12458,(#12463,#12470),.PCURVE_S1.);
#12458 = CIRCLE('',#12459,2.);
#12459 = AXIS2_PLACEMENT_3D('',#12460,#12461,#12462);
#12460 = CARTESIAN_POINT('',(0.,0.,-0.25));
#12461 = DIRECTION('',(0.,0.,1.));
#12462 = DIRECTION('',(1.,0.,-0.));
#12463 = PCURVE('',#12409,#12464);
#12464 = DEFINITIONAL_REPRESENTATION('',(#12465),#12469);
#12465 = LINE('',#12466,#12467);
#12466 = CARTESIAN_POINT('',(0.,0.));
#12467 = VECTOR('',#12468,1.);
#12468 = DIRECTION('',(1.,0.));
#12469 = ( GEOMETRIC_REPRESENTATION_CONTEXT(2) 
PARAMETRIC_REPRESENTATION_CONTEXT() REPRESENTATION_CONTEXT('2D SPACE',''
  ) );
#12470 = PCURVE('',#12471,#12476);
#12471 = PLANE('',#12472);
#12472 = AXIS2_PLACEMENT_3D('',#12473,#12474,#12475);
#12473 = CARTESIAN_POINT('',(0.,0.,-0.25));
#12474 = DIRECTION('',(0.,0.,1.));
#12475 = DIRECTION('',(1.,0.,-0.));
#12476 = DEFINITIONAL_REPRESENTATION('',(#12477),#12481);
#12477 = CIRCLE('',#12478,2.);
#12478 = AXIS2_PLACEMENT_2D('',#12479,#12480);
#12479 = CARTESIAN_POINT('',(0.,0.));
#12480 = DIRECTION('',(1.,0.));
#12481 = ( GEOMETRIC_REPRESENTATION_CONTEXT(2) 
PARAMETRIC_REPRESENTATION_CONTEXT() REPRESENTATION_CONTEXT('2D SPACE',''
  ) );
#12482 = ORIENTED_EDGE('',*,*,#12433,.T.);
#12483 = ADVANCED_FACE('',(#12484,#12487),#12421,.T.);
#12484 = FACE_BOUND('',#12485,.T.);
#12485 = EDGE_LOOP('',(#12486));
#12486 = ORIENTED_EDGE('',*,*,#12399,.T.);
#12487 = FACE_BOUND('',#12488,.T.);
#12488 = EDGE_LOOP('',(#12489));
#12489 = ORIENTED_EDGE('',*,*,#12490,.F.);
#12490 = EDGE_CURVE('',#12491,#12491,#12493,.T.);
#12491 = VERTEX_POINT('',#12492);
#12492 = CARTESIAN_POINT('',(1.1,0.,0.25));
#12493 = SURFACE_CURVE('',#12494,(#12499,#12506),.PCURVE_S1.);
#12494 = CIRCLE('',#12495,1.1);
#12495 = AXIS2_PLACEMENT_3D('',#12496,#12497,#12498);
#12496 = CARTESIAN_POINT('',(0.,0.,0.25));
#12497 = DIRECTION('',(0.,0.,1.));
#12498 = DIRECTION('',(1.,0.,-0.));
#12499 = PCURVE('',#12421,#12500);
#12500 = DEFINITIONAL_REPRESENTATION('',(#12501),#12505);
#12501 = CIRCLE('',#12502,1.1);
#12502 = AXIS2_PLACEMENT_2D('',#12503,#12504);
#12503 = CARTESIAN_POINT('',(0.,0.));
#12504 = DIRECTION('',(1.,0.));
#12505 = ( GEOMETRIC_REPRESENTATION_CONTEXT(2) 
PARAMETRIC_REPRESENTATION_CONTEXT() REPRESENTATION_CONTEXT('2D SPACE',''
  ) );
#12506 = PCURVE('',#12507,#12512);
#12507 = CYLINDRICAL_SURFACE('',#12508,1.1);
#12508 = AXIS2_PLACEMENT_3D('',#12509,#12510,#12511);
#12509 = CARTESIAN_POINT('',(0.,0.,-0.75));
#12510 = DIRECTION('',(0.,0.,1.));
#12511 = DIRECTION('',(1.,0.,-0.));
#12512 = DEFINITIONAL_REPRESENTATION('',(#12513),#12517);
#12513 = LINE('',#12514,#12515);
#12514 = CARTESIAN_POINT('',(0.,1.));
#12515 = VECTOR('',#12516,1.);
#12516 = DIRECTION('',(1.,0.));
#12517 = ( GEOMETRIC_REPRESENTATION_CONTEXT(2) 
PARAMETRIC_REPRESENTATION_CONTEXT() REPRESENTATION_CONTEXT('2D SPACE',''
  ) );
#12518 = ADVANCED_FACE('',(#12519,#12522),#12471,.F.);
#12519 = FACE_BOUND('',#12520,.F.);
#12520 = EDGE_LOOP('',(#12521));
#12521 = ORIENTED_EDGE('',*,*,#12456,.T.);
#12522 = FACE_BOUND('',#12523,.F.);
#12523 = EDGE_LOOP('',(#12524));
#12524 = ORIENTED_EDGE('',*,*,#12525,.F.);
#12525 = EDGE_CURVE('',#12526,#12526,#12528,.T.);
#12526 = VERTEX_POINT('',#12527);
#12527 = CARTESIAN_POINT('',(1.1,0.,-0.25));
#12528 = SURFACE_CURVE('',#12529,(#12534,#12541),.PCURVE_S1.);
#12529 = CIRCLE('',#12530,1.1);
#12530 = AXIS2_PLACEMENT_3D('',#12531,#12532,#12533);
#12531 = CARTESIAN_POINT('',(0.,0.,-0.25));
#12532 = DIRECTION('',(0.,0.,1.));
#12533 = DIRECTION('',(1.,0.,-0.));
#12534 = PCURVE('',#12471,#12535);
#12535 = DEFINITIONAL_REPRESENTATION('',(#12536),#12540);
#12536 = CIRCLE('',#12537,1.1);
#12537 = AXIS2_PLACEMENT_2D('',#12538,#12539);
#12538 = CARTESIAN_POINT('',(0.,0.));
#12539 = DIRECTION('',(1.,0.));
#12540 = ( GEOMETRIC_REPRESENTATION_CONTEXT(2) 
PARAMETRIC_REPRESENTATION_CONTEXT() REPRESENTATION_CONTEXT('2D SPACE',''
  ) );
#12541 = PCURVE('',#12507,#12542);
#12542 = DEFINITIONAL_REPRESENTATION('',(#12543),#12547);
#12543 = LINE('',#12544,#12545);
#12544 = CARTESIAN_POINT('',(0.,0.5));
#12545 = VECTOR('',#12546,1.);
#12546 = DIRECTION('',(1.,0.));
#12547 = ( GEOMETRIC_REPRESENTATION_CONTEXT(2) 
PARAMETRIC_REPRESENTATION_CONTEXT() REPRESENTATION_CONTEXT('2D SPACE',''
  ) );
#12548 = ADVANCED_FACE('',(#12549),#12507,.F.);
#12549 = FACE_BOUND('',#12550,.F.);
#12550 = EDGE_LOOP('',(#12551,#12552,#12573,#12574));
#12551 = ORIENTED_EDGE('',*,*,#12490,.F.);
#12552 = ORIENTED_EDGE('',*,*,#12553,.F.);
#12553 = EDGE_CURVE('',#12526,#12491,#12554,.T.);
#12554 = SEAM_CURVE('',#12555,(#12559,#12566),.PCURVE_S1.);
#12555 = LINE('',#12556,#12557);
#12556 = CARTESIAN_POINT('',(1.1,-2.694222958124E-16,-0.75));
#12557 = VECTOR('',#12558,1.);
#12558 = DIRECTION('',(0.,0.,1.));
#12559 = PCURVE('',#12507,#12560);
#12560 = DEFINITIONAL_REPRESENTATION('',(#12561),#12565);
#12561 = LINE('',#12562,#12563);
#12562 = CARTESIAN_POINT('',(6.28318530718,-0.));
#12563 = VECTOR('',#12564,1.);
#12564 = DIRECTION('',(0.,1.));
#12565 = ( GEOMETRIC_REPRESENTATION_CONTEXT(2) 
PARAMETRIC_REPRESENTATION_CONTEXT() REPRESENTATION_CONTEXT('2D SPACE',''
  ) );
#12566 = PCURVE('',#12507,#12567);
#12567 = DEFINITIONAL_REPRESENTATION('',(#12568),#12572);
#12568 = LINE('',#12569,#12570);
#12569 = CARTESIAN_POINT('',(0.,-0.));
#12570 = VECTOR('',#12571,1.);
#12571 = DIRECTION('',(0.,1.));
#12572 = ( GEOMETRIC_REPRESENTATION_CONTEXT(2) 
PARAMETRIC_REPRESENTATION_CONTEXT() REPRESENTATION_CONTEXT('2D SPACE',''
  ) );
#12573 = ORIENTED_EDGE('',*,*,#12525,.T.);
#12574 = ORIENTED_EDGE('',*,*,#12553,.T.);
#12575 = ( GEOMETRIC_REPRESENTATION_CONTEXT(3) 
GLOBAL_UNCERTAINTY_ASSIGNED_CONTEXT((#12579)) 
GLOBAL_UNIT_ASSIGNED_CONTEXT((#12576,#12577,#12578)) 
REPRESENTATION_CONTEXT('Context #1',
  '3D Context with UNIT and UNCERTAINTY') );
#12576 = ( LENGTH_UNIT() NAMED_UNIT(*) SI_UNIT(.MILLI.,.METRE.) );
#12577 = ( NAMED_UNIT(*) PLANE_ANGLE_UNIT() SI_UNIT($,.RADIAN.) );
#12578 = ( NAMED_UNIT(*) SI_UNIT($,.STERADIAN.) SOLID_ANGLE_UNIT() );
#12579 = UNCERTAINTY_MEASURE_WITH_UNIT(LENGTH_MEASURE(1.E-07),#12576,
  'distance_accuracy_value','confusion accuracy');
#12580 = CONTEXT_DEPENDENT_SHAPE_REPRESENTATION(#12581,#12583);
#12581 = ( REPRESENTATION_RELATIONSHIP('','',#12392,#11706) 
REPRESENTATION_RELATIONSHIP_WITH_TRANSFORMATION(#12582) 
SHAPE_REPRESENTATION_RELATIONSHIP() );
#12582 = ITEM_DEFINED_TRANSFORMATION('','',#11,#11719);
#12583 = PRODUCT_DEFINITION_SHAPE('Placement','Placement of an item',
  #12584);
#12584 = NEXT_ASSEMBLY_USAGE_OCCURRENCE('13','=>[0:1:1:15]','',#11701,
  #12387,$);
#12585 = PRODUCT_RELATED_PRODUCT_CATEGORY('part',$,(#12389));
#12586 = SHAPE_DEFINITION_REPRESENTATION(#12587,#12593);
#12587 = PRODUCT_DEFINITION_SHAPE('','',#12588);
#12588 = PRODUCT_DEFINITION('design','',#12589,#12592);
#12589 = PRODUCT_DEFINITION_FORMATION('','',#12590);
#12590 = PRODUCT('COMPOUND','COMPOUND','',(#12591));
#12591 = PRODUCT_CONTEXT('',#2,'mechanical');
#12592 = PRODUCT_DEFINITION_CONTEXT('part definition',#2,'design');
#12593 = ADVANCED_BREP_SHAPE_REPRESENTATION('',(#11,#12594),#12776);
#12594 = MANIFOLD_SOLID_BREP('',#12595);
#12595 = CLOSED_SHELL('',(#12596,#12684,#12719,#12749));
#12596 = ADVANCED_FACE('',(#12597),#12610,.T.);
#12597 = FACE_BOUND('',#12598,.T.);
#12598 = EDGE_LOOP('',(#12599,#12633,#12656,#12683));
#12599 = ORIENTED_EDGE('',*,*,#12600,.F.);
#12600 = EDGE_CURVE('',#12601,#12601,#12603,.T.);
#12601 = VERTEX_POINT('',#12602);
#12602 = CARTESIAN_POINT('',(2.,0.,0.8));
#12603 = SURFACE_CURVE('',#12604,(#12609,#12621),.PCURVE_S1.);
#12604 = CIRCLE('',#12605,2.);
#12605 = AXIS2_PLACEMENT_3D('',#12606,#12607,#12608);
#12606 = CARTESIAN_POINT('',(0.,0.,0.8));
#12607 = DIRECTION('',(0.,0.,1.));
#12608 = DIRECTION('',(1.,0.,-0.));
#12609 = PCURVE('',#12610,#12615);
#12610 = CYLINDRICAL_SURFACE('',#12611,2.);
#12611 = AXIS2_PLACEMENT_3D('',#12612,#12613,#12614);
#12612 = CARTESIAN_POINT('',(0.,0.,-0.8));
#12613 = DIRECTION('',(0.,0.,1.));
#12614 = DIRECTION('',(1.,0.,-0.));
#12615 = DEFINITIONAL_REPRESENTATION('',(#12616),#12620);
#12616 = LINE('',#12617,#12618);
#12617 = CARTESIAN_POINT('',(0.,1.6));
#12618 = VECTOR('',#12619,1.);
#12619 = DIRECTION('',(1.,0.));
#12620 = ( GEOMETRIC_REPRESENTATION_CONTEXT(2) 
PARAMETRIC_REPRESENTATION_CONTEXT() REPRESENTATION_CONTEXT('2D SPACE',''
  ) );
#12621 = PCURVE('',#12622,#12627);
#12622 = PLANE('',#12623);
#12623 = AXIS2_PLACEMENT_3D('',#12624,#12625,#12626);
#12624 = CARTESIAN_POINT('',(0.,0.,0.8));
#12625 = DIRECTION('',(0.,0.,1.));
#12626 = DIRECTION('',(1.,0.,-0.));
#12627 = DEFINITIONAL_REPRESENTATION('',(#12628),#12632);
#12628 = CIRCLE('',#12629,2.);
#12629 = AXIS2_PLACEMENT_2D('',#12630,#12631);
#12630 = CARTESIAN_POINT('',(0.,0.));
#12631 = DIRECTION('',(1.,0.));
#12632 = ( GEOMETRIC_REPRESENTATION_CONTEXT(2) 
PARAMETRIC_REPRESENTATION_CONTEXT() REPRESENTATION_CONTEXT('2D SPACE',''
  ) );
#12633 = ORIENTED_EDGE('',*,*,#12634,.F.);
#12634 = EDGE_CURVE('',#12635,#12601,#12637,.T.);
#12635 = VERTEX_POINT('',#12636);
#12636 = CARTESIAN_POINT('',(2.,0.,-0.8));
#12637 = SEAM_CURVE('',#12638,(#12642,#12649),.PCURVE_S1.);
#12638 = LINE('',#12639,#12640);
#12639 = CARTESIAN_POINT('',(2.,-4.898587196589E-16,-0.8));
#12640 = VECTOR('',#12641,1.);
#12641 = DIRECTION('',(0.,0.,1.));
#12642 = PCURVE('',#12610,#12643);
#12643 = DEFINITIONAL_REPRESENTATION('',(#12644),#12648);
#12644 = LINE('',#12645,#12646);
#12645 = CARTESIAN_POINT('',(6.28318530718,-0.));
#12646 = VECTOR('',#12647,1.);
#12647 = DIRECTION('',(0.,1.));
#12648 = ( GEOMETRIC_REPRESENTATION_CONTEXT(2) 
PARAMETRIC_REPRESENTATION_CONTEXT() REPRESENTATION_CONTEXT('2D SPACE',''
  ) );
#12649 = PCURVE('',#12610,#12650);
#12650 = DEFINITIONAL_REPRESENTATION('',(#12651),#12655);
#12651 = LINE('',#12652,#12653);
#12652 = CARTESIAN_POINT('',(0.,-0.));
#12653 = VECTOR('',#12654,1.);
#12654 = DIRECTION('',(0.,1.));
#12655 = ( GEOMETRIC_REPRESENTATION_CONTEXT(2) 
PARAMETRIC_REPRESENTATION_CONTEXT() REPRESENTATION_CONTEXT('2D SPACE',''
  ) );
#12656 = ORIENTED_EDGE('',*,*,#12657,.T.);
#12657 = EDGE_CURVE('',#12635,#12635,#12658,.T.);
#12658 = SURFACE_CURVE('',#12659,(#12664,#12671),.PCURVE_S1.);
#12659 = CIRCLE('',#12660,2.);
#12660 = AXIS2_PLACEMENT_3D('',#12661,#12662,#12663);
#12661 = CARTESIAN_POINT('',(0.,0.,-0.8));
#12662 = DIRECTION('',(0.,0.,1.));
#12663 = DIRECTION('',(1.,0.,-0.));
#12664 = PCURVE('',#12610,#12665);
#12665 = DEFINITIONAL_REPRESENTATION('',(#12666),#12670);
#12666 = LINE('',#12667,#12668);
#12667 = CARTESIAN_POINT('',(0.,0.));
#12668 = VECTOR('',#12669,1.);
#12669 = DIRECTION('',(1.,0.));
#12670 = ( GEOMETRIC_REPRESENTATION_CONTEXT(2) 
PARAMETRIC_REPRESENTATION_CONTEXT() REPRESENTATION_CONTEXT('2D SPACE',''
  ) );
#12671 = PCURVE('',#12672,#12677);
#12672 = PLANE('',#12673);
#12673 = AXIS2_PLACEMENT_3D('',#12674,#12675,#12676);
#12674 = CARTESIAN_POINT('',(0.,0.,-0.8));
#12675 = DIRECTION('',(0.,0.,1.));
#12676 = DIRECTION('',(1.,0.,-0.));
#12677 = DEFINITIONAL_REPRESENTATION('',(#12678),#12682);
#12678 = CIRCLE('',#12679,2.);
#12679 = AXIS2_PLACEMENT_2D('',#12680,#12681);
#12680 = CARTESIAN_POINT('',(0.,0.));
#12681 = DIRECTION('',(1.,0.));
#12682 = ( GEOMETRIC_REPRESENTATION_CONTEXT(2) 
PARAMETRIC_REPRESENTATION_CONTEXT() REPRESENTATION_CONTEXT('2D SPACE',''
  ) );
#12683 = ORIENTED_EDGE('',*,*,#12634,.T.);
#12684 = ADVANCED_FACE('',(#12685,#12688),#12622,.T.);
#12685 = FACE_BOUND('',#12686,.T.);
#12686 = EDGE_LOOP('',(#12687));
#12687 = ORIENTED_EDGE('',*,*,#12600,.T.);
#12688 = FACE_BOUND('',#12689,.T.);
#12689 = EDGE_LOOP('',(#12690));
#12690 = ORIENTED_EDGE('',*,*,#12691,.F.);
#12691 = EDGE_CURVE('',#12692,#12692,#12694,.T.);
#12692 = VERTEX_POINT('',#12693);
#12693 = CARTESIAN_POINT('',(1.1,0.,0.8));
#12694 = SURFACE_CURVE('',#12695,(#12700,#12707),.PCURVE_S1.);
#12695 = CIRCLE('',#12696,1.1);
#12696 = AXIS2_PLACEMENT_3D('',#12697,#12698,#12699);
#12697 = CARTESIAN_POINT('',(0.,0.,0.8));
#12698 = DIRECTION('',(0.,0.,1.));
#12699 = DIRECTION('',(1.,0.,-0.));
#12700 = PCURVE('',#12622,#12701);
#12701 = DEFINITIONAL_REPRESENTATION('',(#12702),#12706);
#12702 = CIRCLE('',#12703,1.1);
#12703 = AXIS2_PLACEMENT_2D('',#12704,#12705);
#12704 = CARTESIAN_POINT('',(0.,0.));
#12705 = DIRECTION('',(1.,0.));
#12706 = ( GEOMETRIC_REPRESENTATION_CONTEXT(2) 
PARAMETRIC_REPRESENTATION_CONTEXT() REPRESENTATION_CONTEXT('2D SPACE',''
  ) );
#12707 = PCURVE('',#12708,#12713);
#12708 = CYLINDRICAL_SURFACE('',#12709,1.1);
#12709 = AXIS2_PLACEMENT_3D('',#12710,#12711,#12712);
#12710 = CARTESIAN_POINT('',(0.,0.,-1.3));
#12711 = DIRECTION('',(0.,0.,1.));
#12712 = DIRECTION('',(1.,0.,-0.));
#12713 = DEFINITIONAL_REPRESENTATION('',(#12714),#12718);
#12714 = LINE('',#12715,#12716);
#12715 = CARTESIAN_POINT('',(0.,2.1));
#12716 = VECTOR('',#12717,1.);
#12717 = DIRECTION('',(1.,0.));
#12718 = ( GEOMETRIC_REPRESENTATION_CONTEXT(2) 
PARAMETRIC_REPRESENTATION_CONTEXT() REPRESENTATION_CONTEXT('2D SPACE',''
  ) );
#12719 = ADVANCED_FACE('',(#12720,#12723),#12672,.F.);
#12720 = FACE_BOUND('',#12721,.F.);
#12721 = EDGE_LOOP('',(#12722));
#12722 = ORIENTED_EDGE('',*,*,#12657,.T.);
#12723 = FACE_BOUND('',#12724,.F.);
#12724 = EDGE_LOOP('',(#12725));
#12725 = ORIENTED_EDGE('',*,*,#12726,.F.);
#12726 = EDGE_CURVE('',#12727,#12727,#12729,.T.);
#12727 = VERTEX_POINT('',#12728);
#12728 = CARTESIAN_POINT('',(1.1,0.,-0.8));
#12729 = SURFACE_CURVE('',#12730,(#12735,#12742),.PCURVE_S1.);
#12730 = CIRCLE('',#12731,1.1);
#12731 = AXIS2_PLACEMENT_3D('',#12732,#12733,#12734);
#12732 = CARTESIAN_POINT('',(0.,0.,-0.8));
#12733 = DIRECTION('',(0.,0.,1.));
#12734 = DIRECTION('',(1.,0.,-0.));
#12735 = PCURVE('',#12672,#12736);
#12736 = DEFINITIONAL_REPRESENTATION('',(#12737),#12741);
#12737 = CIRCLE('',#12738,1.1);
#12738 = AXIS2_PLACEMENT_2D('',#12739,#12740);
#12739 = CARTESIAN_POINT('',(0.,0.));
#12740 = DIRECTION('',(1.,0.));
#12741 = ( GEOMETRIC_REPRESENTATION_CONTEXT(2) 
PARAMETRIC_REPRESENTATION_CONTEXT() REPRESENTATION_CONTEXT('2D SPACE',''
  ) );
#12742 = PCURVE('',#12708,#12743);
#12743 = DEFINITIONAL_REPRESENTATION('',(#12744),#12748);
#12744 = LINE('',#12745,#12746);
#12745 = CARTESIAN_POINT('',(0.,0.5));
#12746 = VECTOR('',#12747,1.);
#12747 = DIRECTION('',(1.,0.));
#12748 = ( GEOMETRIC_REPRESENTATION_CONTEXT(2) 
PARAMETRIC_REPRESENTATION_CONTEXT() REPRESENTATION_CONTEXT('2D SPACE',''
  ) );
#12749 = ADVANCED_FACE('',(#12750),#12708,.F.);
#12750 = FACE_BOUND('',#12751,.F.);
#12751 = EDGE_LOOP('',(#12752,#12753,#12774,#12775));
#12752 = ORIENTED_EDGE('',*,*,#12691,.F.);
#12753 = ORIENTED_EDGE('',*,*,#12754,.F.);
#12754 = EDGE_CURVE('',#12727,#12692,#12755,.T.);
#12755 = SEAM_CURVE('',#12756,(#12760,#12767),.PCURVE_S1.);
#12756 = LINE('',#12757,#12758);
#12757 = CARTESIAN_POINT('',(1.1,-2.694222958124E-16,-1.3));
#12758 = VECTOR('',#12759,1.);
#12759 = DIRECTION('',(0.,0.,1.));
#12760 = PCURVE('',#12708,#12761);
#12761 = DEFINITIONAL_REPRESENTATION('',(#12762),#12766);
#12762 = LINE('',#12763,#12764);
#12763 = CARTESIAN_POINT('',(6.28318530718,-0.));
#12764 = VECTOR('',#12765,1.);
#12765 = DIRECTION('',(0.,1.));
#12766 = ( GEOMETRIC_REPRESENTATION_CONTEXT(2) 
PARAMETRIC_REPRESENTATION_CONTEXT() REPRESENTATION_CONTEXT('2D SPACE',''
  ) );
#12767 = PCURVE('',#12708,#12768);
#12768 = DEFINITIONAL_REPRESENTATION('',(#12769),#12773);
#12769 = LINE('',#12770,#12771);
#12770 = CARTESIAN_POINT('',(0.,-0.));
#12771 = VECTOR('',#12772,1.);
#12772 = DIRECTION('',(0.,1.));
#12773 = ( GEOMETRIC_REPRESENTATION_CONTEXT(2) 
PARAMETRIC_REPRESENTATION_CONTEXT() REPRESENTATION_CONTEXT('2D SPACE',''
  ) );
#12774 = ORIENTED_EDGE('',*,*,#12726,.T.);
#12775 = ORIENTED_EDGE('',*,*,#12754,.T.);
#12776 = ( GEOMETRIC_REPRESENTATION_CONTEXT(3) 
GLOBAL_UNCERTAINTY_ASSIGNED_CONTEXT((#12780)) 
GLOBAL_UNIT_ASSIGNED_CONTEXT((#12777,#12778,#12779)) 
REPRESENTATION_CONTEXT('Context #1',
  '3D Context with UNIT and UNCERTAINTY') );
#12777 = ( LENGTH_UNIT() NAMED_UNIT(*) SI_UNIT(.MILLI.,.METRE.) );
#12778 = ( NAMED_UNIT(*) PLANE_ANGLE_UNIT() SI_UNIT($,.RADIAN.) );
#12779 = ( NAMED_UNIT(*) SI_UNIT($,.STERADIAN.) SOLID_ANGLE_UNIT() );
#12780 = UNCERTAINTY_MEASURE_WITH_UNIT(LENGTH_MEASURE(1.E-07),#12777,
  'distance_accuracy_value','confusion accuracy');
#12781 = CONTEXT_DEPENDENT_SHAPE_REPRESENTATION(#12782,#12784);
#12782 = ( REPRESENTATION_RELATIONSHIP('','',#12593,#11706) 
REPRESENTATION_RELATIONSHIP_WITH_TRANSFORMATION(#12783) 
SHAPE_REPRESENTATION_RELATIONSHIP() );
#12783 = ITEM_DEFINED_TRANSFORMATION('','',#11,#11723);
#12784 = PRODUCT_DEFINITION_SHAPE('Placement','Placement of an item',
  #12785);
#12785 = NEXT_ASSEMBLY_USAGE_OCCURRENCE('14','=>[0:1:1:16]','',#11701,
  #12588,$);
#12786 = PRODUCT_RELATED_PRODUCT_CATEGORY('part',$,(#12590));
#12787 = SHAPE_DEFINITION_REPRESENTATION(#12788,#12794);
#12788 = PRODUCT_DEFINITION_SHAPE('','',#12789);
#12789 = PRODUCT_DEFINITION('design','',#12790,#12793);
#12790 = PRODUCT_DEFINITION_FORMATION('','',#12791);
#12791 = PRODUCT('COMPOUND','COMPOUND','',(#12792));
#12792 = PRODUCT_CONTEXT('',#2,'mechanical');
#12793 = PRODUCT_DEFINITION_CONTEXT('part definition',#2,'design');
#12794 = ADVANCED_BREP_SHAPE_REPRESENTATION('',(#11,#12795),#12977);
#12795 = MANIFOLD_SOLID_BREP('',#12796);
#12796 = CLOSED_SHELL('',(#12797,#12885,#12920,#12950));
#12797 = ADVANCED_FACE('',(#12798),#12811,.T.);
#12798 = FACE_BOUND('',#12799,.T.);
#12799 = EDGE_LOOP('',(#12800,#12834,#12857,#12884));
#12800 = ORIENTED_EDGE('',*,*,#12801,.F.);
#12801 = EDGE_CURVE('',#12802,#12802,#12804,.T.);
#12802 = VERTEX_POINT('',#12803);
#12803 = CARTESIAN_POINT('',(2.,0.,0.25));
#12804 = SURFACE_CURVE('',#12805,(#12810,#12822),.PCURVE_S1.);
#12805 = CIRCLE('',#12806,2.);
#12806 = AXIS2_PLACEMENT_3D('',#12807,#12808,#12809);
#12807 = CARTESIAN_POINT('',(0.,0.,0.25));
#12808 = DIRECTION('',(0.,0.,1.));
#12809 = DIRECTION('',(1.,0.,-0.));
#12810 = PCURVE('',#12811,#12816);
#12811 = CYLINDRICAL_SURFACE('',#12812,2.);
#12812 = AXIS2_PLACEMENT_3D('',#12813,#12814,#12815);
#12813 = CARTESIAN_POINT('',(0.,0.,-0.25));
#12814 = DIRECTION('',(0.,0.,1.));
#12815 = DIRECTION('',(1.,0.,-0.));
#12816 = DEFINITIONAL_REPRESENTATION('',(#12817),#12821);
#12817 = LINE('',#12818,#12819);
#12818 = CARTESIAN_POINT('',(0.,0.5));
#12819 = VECTOR('',#12820,1.);
#12820 = DIRECTION('',(1.,0.));
#12821 = ( GEOMETRIC_REPRESENTATION_CONTEXT(2) 
PARAMETRIC_REPRESENTATION_CONTEXT() REPRESENTATION_CONTEXT('2D SPACE',''
  ) );
#12822 = PCURVE('',#12823,#12828);
#12823 = PLANE('',#12824);
#12824 = AXIS2_PLACEMENT_3D('',#12825,#12826,#12827);
#12825 = CARTESIAN_POINT('',(0.,0.,0.25));
#12826 = DIRECTION('',(0.,0.,1.));
#12827 = DIRECTION('',(1.,0.,-0.));
#12828 = DEFINITIONAL_REPRESENTATION('',(#12829),#12833);
#12829 = CIRCLE('',#12830,2.);
#12830 = AXIS2_PLACEMENT_2D('',#12831,#12832);
#12831 = CARTESIAN_POINT('',(0.,0.));
#12832 = DIRECTION('',(1.,0.));
#12833 = ( GEOMETRIC_REPRESENTATION_CONTEXT(2) 
PARAMETRIC_REPRESENTATION_CONTEXT() REPRESENTATION_CONTEXT('2D SPACE',''
  ) );
#12834 = ORIENTED_EDGE('',*,*,#12835,.F.);
#12835 = EDGE_CURVE('',#12836,#12802,#12838,.T.);
#12836 = VERTEX_POINT('',#12837);
#12837 = CARTESIAN_POINT('',(2.,0.,-0.25));
#12838 = SEAM_CURVE('',#12839,(#12843,#12850),.PCURVE_S1.);
#12839 = LINE('',#12840,#12841);
#12840 = CARTESIAN_POINT('',(2.,-4.898587196589E-16,-0.25));
#12841 = VECTOR('',#12842,1.);
#12842 = DIRECTION('',(0.,0.,1.));
#12843 = PCURVE('',#12811,#12844);
#12844 = DEFINITIONAL_REPRESENTATION('',(#12845),#12849);
#12845 = LINE('',#12846,#12847);
#12846 = CARTESIAN_POINT('',(6.28318530718,-0.));
#12847 = VECTOR('',#12848,1.);
#12848 = DIRECTION('',(0.,1.));
#12849 = ( GEOMETRIC_REPRESENTATION_CONTEXT(2) 
PARAMETRIC_REPRESENTATION_CONTEXT() REPRESENTATION_CONTEXT('2D SPACE',''
  ) );
#12850 = PCURVE('',#12811,#12851);
#12851 = DEFINITIONAL_REPRESENTATION('',(#12852),#12856);
#12852 = LINE('',#12853,#12854);
#12853 = CARTESIAN_POINT('',(0.,-0.));
#12854 = VECTOR('',#12855,1.);
#12855 = DIRECTION('',(0.,1.));
#12856 = ( GEOMETRIC_REPRESENTATION_CONTEXT(2) 
PARAMETRIC_REPRESENTATION_CONTEXT() REPRESENTATION_CONTEXT('2D SPACE',''
  ) );
#12857 = ORIENTED_EDGE('',*,*,#12858,.T.);
#12858 = EDGE_CURVE('',#12836,#12836,#12859,.T.);
#12859 = SURFACE_CURVE('',#12860,(#12865,#12872),.PCURVE_S1.);
#12860 = CIRCLE('',#12861,2.);
#12861 = AXIS2_PLACEMENT_3D('',#12862,#12863,#12864);
#12862 = CARTESIAN_POINT('',(0.,0.,-0.25));
#12863 = DIRECTION('',(0.,0.,1.));
#12864 = DIRECTION('',(1.,0.,-0.));
#12865 = PCURVE('',#12811,#12866);
#12866 = DEFINITIONAL_REPRESENTATION('',(#12867),#12871);
#12867 = LINE('',#12868,#12869);
#12868 = CARTESIAN_POINT('',(0.,0.));
#12869 = VECTOR('',#12870,1.);
#12870 = DIRECTION('',(1.,0.));
#12871 = ( GEOMETRIC_REPRESENTATION_CONTEXT(2) 
PARAMETRIC_REPRESENTATION_CONTEXT() REPRESENTATION_CONTEXT('2D SPACE',''
  ) );
#12872 = PCURVE('',#12873,#12878);
#12873 = PLANE('',#12874);
#12874 = AXIS2_PLACEMENT_3D('',#12875,#12876,#12877);
#12875 = CARTESIAN_POINT('',(0.,0.,-0.25));
#12876 = DIRECTION('',(0.,0.,1.));
#12877 = DIRECTION('',(1.,0.,-0.));
#12878 = DEFINITIONAL_REPRESENTATION('',(#12879),#12883);
#12879 = CIRCLE('',#12880,2.);
#12880 = AXIS2_PLACEMENT_2D('',#12881,#12882);
#12881 = CARTESIAN_POINT('',(0.,0.));
#12882 = DIRECTION('',(1.,0.));
#12883 = ( GEOMETRIC_REPRESENTATION_CONTEXT(2) 
PARAMETRIC_REPRESENTATION_CONTEXT() REPRESENTATION_CONTEXT('2D SPACE',''
  ) );
#12884 = ORIENTED_EDGE('',*,*,#12835,.T.);
#12885 = ADVANCED_FACE('',(#12886,#12889),#12823,.T.);
#12886 = FACE_BOUND('',#12887,.T.);
#12887 = EDGE_LOOP('',(#12888));
#12888 = ORIENTED_EDGE('',*,*,#12801,.T.);
#12889 = FACE_BOUND('',#12890,.T.);
#12890 = EDGE_LOOP('',(#12891));
#12891 = ORIENTED_EDGE('',*,*,#12892,.F.);
#12892 = EDGE_CURVE('',#12893,#12893,#12895,.T.);
#12893 = VERTEX_POINT('',#12894);
#12894 = CARTESIAN_POINT('',(1.1,0.,0.25));
#12895 = SURFACE_CURVE('',#12896,(#12901,#12908),.PCURVE_S1.);
#12896 = CIRCLE('',#12897,1.1);
#12897 = AXIS2_PLACEMENT_3D('',#12898,#12899,#12900);
#12898 = CARTESIAN_POINT('',(0.,0.,0.25));
#12899 = DIRECTION('',(0.,0.,1.));
#12900 = DIRECTION('',(1.,0.,-0.));
#12901 = PCURVE('',#12823,#12902);
#12902 = DEFINITIONAL_REPRESENTATION('',(#12903),#12907);
#12903 = CIRCLE('',#12904,1.1);
#12904 = AXIS2_PLACEMENT_2D('',#12905,#12906);
#12905 = CARTESIAN_POINT('',(0.,0.));
#12906 = DIRECTION('',(1.,0.));
#12907 = ( GEOMETRIC_REPRESENTATION_CONTEXT(2) 
PARAMETRIC_REPRESENTATION_CONTEXT() REPRESENTATION_CONTEXT('2D SPACE',''
  ) );
#12908 = PCURVE('',#12909,#12914);
#12909 = CYLINDRICAL_SURFACE('',#12910,1.1);
#12910 = AXIS2_PLACEMENT_3D('',#12911,#12912,#12913);
#12911 = CARTESIAN_POINT('',(0.,0.,-0.75));
#12912 = DIRECTION('',(0.,0.,1.));
#12913 = DIRECTION('',(1.,0.,-0.));
#12914 = DEFINITIONAL_REPRESENTATION('',(#12915),#12919);
#12915 = LINE('',#12916,#12917);
#12916 = CARTESIAN_POINT('',(0.,1.));
#12917 = VECTOR('',#12918,1.);
#12918 = DIRECTION('',(1.,0.));
#12919 = ( GEOMETRIC_REPRESENTATION_CONTEXT(2) 
PARAMETRIC_REPRESENTATION_CONTEXT() REPRESENTATION_CONTEXT('2D SPACE',''
  ) );
#12920 = ADVANCED_FACE('',(#12921,#12924),#12873,.F.);
#12921 = FACE_BOUND('',#12922,.F.);
#12922 = EDGE_LOOP('',(#12923));
#12923 = ORIENTED_EDGE('',*,*,#12858,.T.);
#12924 = FACE_BOUND('',#12925,.F.);
#12925 = EDGE_LOOP('',(#12926));
#12926 = ORIENTED_EDGE('',*,*,#12927,.F.);
#12927 = EDGE_CURVE('',#12928,#12928,#12930,.T.);
#12928 = VERTEX_POINT('',#12929);
#12929 = CARTESIAN_POINT('',(1.1,0.,-0.25));
#12930 = SURFACE_CURVE('',#12931,(#12936,#12943),.PCURVE_S1.);
#12931 = CIRCLE('',#12932,1.1);
#12932 = AXIS2_PLACEMENT_3D('',#12933,#12934,#12935);
#12933 = CARTESIAN_POINT('',(0.,0.,-0.25));
#12934 = DIRECTION('',(0.,0.,1.));
#12935 = DIRECTION('',(1.,0.,-0.));
#12936 = PCURVE('',#12873,#12937);
#12937 = DEFINITIONAL_REPRESENTATION('',(#12938),#12942);
#12938 = CIRCLE('',#12939,1.1);
#12939 = AXIS2_PLACEMENT_2D('',#12940,#12941);
#12940 = CARTESIAN_POINT('',(0.,0.));
#12941 = DIRECTION('',(1.,0.));
#12942 = ( GEOMETRIC_REPRESENTATION_CONTEXT(2) 
PARAMETRIC_REPRESENTATION_CONTEXT() REPRESENTATION_CONTEXT('2D SPACE',''
  ) );
#12943 = PCURVE('',#12909,#12944);
#12944 = DEFINITIONAL_REPRESENTATION('',(#12945),#12949);
#12945 = LINE('',#12946,#12947);
#12946 = CARTESIAN_POINT('',(0.,0.5));
#12947 = VECTOR('',#12948,1.);
#12948 = DIRECTION('',(1.,0.));
#12949 = ( GEOMETRIC_REPRESENTATION_CONTEXT(2) 
PARAMETRIC_REPRESENTATION_CONTEXT() REPRESENTATION_CONTEXT('2D SPACE',''
  ) );
#12950 = ADVANCED_FACE('',(#12951),#12909,.F.);
#12951 = FACE_BOUND('',#12952,.F.);
#12952 = EDGE_LOOP('',(#12953,#12954,#12975,#12976));
#12953 = ORIENTED_EDGE('',*,*,#12892,.F.);
#12954 = ORIENTED_EDGE('',*,*,#12955,.F.);
#12955 = EDGE_CURVE('',#12928,#12893,#12956,.T.);
#12956 = SEAM_CURVE('',#12957,(#12961,#12968),.PCURVE_S1.);
#12957 = LINE('',#12958,#12959);
#12958 = CARTESIAN_POINT('',(1.1,-2.694222958124E-16,-0.75));
#12959 = VECTOR('',#12960,1.);
#12960 = DIRECTION('',(0.,0.,1.));
#12961 = PCURVE('',#12909,#12962);
#12962 = DEFINITIONAL_REPRESENTATION('',(#12963),#12967);
#12963 = LINE('',#12964,#12965);
#12964 = CARTESIAN_POINT('',(6.28318530718,-0.));
#12965 = VECTOR('',#12966,1.);
#12966 = DIRECTION('',(0.,1.));
#12967 = ( GEOMETRIC_REPRESENTATION_CONTEXT(2) 
PARAMETRIC_REPRESENTATION_CONTEXT() REPRESENTATION_CONTEXT('2D SPACE',''
  ) );
#12968 = PCURVE('',#12909,#12969);
#12969 = DEFINITIONAL_REPRESENTATION('',(#12970),#12974);
#12970 = LINE('',#12971,#12972);
#12971 = CARTESIAN_POINT('',(0.,-0.));
#12972 = VECTOR('',#12973,1.);
#12973 = DIRECTION('',(0.,1.));
#12974 = ( GEOMETRIC_REPRESENTATION_CONTEXT(2) 
PARAMETRIC_REPRESENTATION_CONTEXT() REPRESENTATION_CONTEXT('2D SPACE',''
  ) );
#12975 = ORIENTED_EDGE('',*,*,#12927,.T.);
#12976 = ORIENTED_EDGE('',*,*,#12955,.T.);
#12977 = ( GEOMETRIC_REPRESENTATION_CONTEXT(3) 
GLOBAL_UNCERTAINTY_ASSIGNED_CONTEXT((#12981)) 
GLOBAL_UNIT_ASSIGNED_CONTEXT((#12978,#12979,#12980)) 
REPRESENTATION_CONTEXT('Context #1',
  '3D Context with UNIT and UNCERTAINTY') );
#12978 = ( LENGTH_UNIT() NAMED_UNIT(*) SI_UNIT(.MILLI.,.METRE.) );
#12979 = ( NAMED_UNIT(*) PLANE_ANGLE_UNIT() SI_UNIT($,.RADIAN.) );
#12980 = ( NAMED_UNIT(*) SI_UNIT($,.STERADIAN.) SOLID_ANGLE_UNIT() );
#12981 = UNCERTAINTY_MEASURE_WITH_UNIT(LENGTH_MEASURE(1.E-07),#12978,
  'distance_accuracy_value','confusion accuracy');
#12982 = CONTEXT_DEPENDENT_SHAPE_REPRESENTATION(#12983,#12985);
#12983 = ( REPRESENTATION_RELATIONSHIP('','',#12794,#11706) 
REPRESENTATION_RELATIONSHIP_WITH_TRANSFORMATION(#12984) 
SHAPE_REPRESENTATION_RELATIONSHIP() );
#12984 = ITEM_DEFINED_TRANSFORMATION('','',#11,#11727);
#12985 = PRODUCT_DEFINITION_SHAPE('Placement','Placement of an item',
  #12986);
#12986 = NEXT_ASSEMBLY_USAGE_OCCURRENCE('15','=>[0:1:1:17]','',#11701,
  #12789,$);
#12987 = PRODUCT_RELATED_PRODUCT_CATEGORY('part',$,(#12791));
#12988 = SHAPE_DEFINITION_REPRESENTATION(#12989,#12995);
#12989 = PRODUCT_DEFINITION_SHAPE('','',#12990);
#12990 = PRODUCT_DEFINITION('design','',#12991,#12994);
#12991 = PRODUCT_DEFINITION_FORMATION('','',#12992);
#12992 = PRODUCT('COMPOUND','COMPOUND','',(#12993));
#12993 = PRODUCT_CONTEXT('',#2,'mechanical');
#12994 = PRODUCT_DEFINITION_CONTEXT('part definition',#2,'design');
#12995 = ADVANCED_BREP_SHAPE_REPRESENTATION('',(#11,#12996),#13178);
#12996 = MANIFOLD_SOLID_BREP('',#12997);
#12997 = CLOSED_SHELL('',(#12998,#13086,#13121,#13151));
#12998 = ADVANCED_FACE('',(#12999),#13012,.T.);
#12999 = FACE_BOUND('',#13000,.T.);
#13000 = EDGE_LOOP('',(#13001,#13035,#13058,#13085));
#13001 = ORIENTED_EDGE('',*,*,#13002,.F.);
#13002 = EDGE_CURVE('',#13003,#13003,#13005,.T.);
#13003 = VERTEX_POINT('',#13004);
#13004 = CARTESIAN_POINT('',(2.,0.,0.8));
#13005 = SURFACE_CURVE('',#13006,(#13011,#13023),.PCURVE_S1.);
#13006 = CIRCLE('',#13007,2.);
#13007 = AXIS2_PLACEMENT_3D('',#13008,#13009,#13010);
#13008 = CARTESIAN_POINT('',(0.,0.,0.8));
#13009 = DIRECTION('',(0.,0.,1.));
#13010 = DIRECTION('',(1.,0.,-0.));
#13011 = PCURVE('',#13012,#13017);
#13012 = CYLINDRICAL_SURFACE('',#13013,2.);
#13013 = AXIS2_PLACEMENT_3D('',#13014,#13015,#13016);
#13014 = CARTESIAN_POINT('',(0.,0.,-0.8));
#13015 = DIRECTION('',(0.,0.,1.));
#13016 = DIRECTION('',(1.,0.,-0.));
#13017 = DEFINITIONAL_REPRESENTATION('',(#13018),#13022);
#13018 = LINE('',#13019,#13020);
#13019 = CARTESIAN_POINT('',(0.,1.6));
#13020 = VECTOR('',#13021,1.);
#13021 = DIRECTION('',(1.,0.));
#13022 = ( GEOMETRIC_REPRESENTATION_CONTEXT(2) 
PARAMETRIC_REPRESENTATION_CONTEXT() REPRESENTATION_CONTEXT('2D SPACE',''
  ) );
#13023 = PCURVE('',#13024,#13029);
#13024 = PLANE('',#13025);
#13025 = AXIS2_PLACEMENT_3D('',#13026,#13027,#13028);
#13026 = CARTESIAN_POINT('',(0.,0.,0.8));
#13027 = DIRECTION('',(0.,0.,1.));
#13028 = DIRECTION('',(1.,0.,-0.));
#13029 = DEFINITIONAL_REPRESENTATION('',(#13030),#13034);
#13030 = CIRCLE('',#13031,2.);
#13031 = AXIS2_PLACEMENT_2D('',#13032,#13033);
#13032 = CARTESIAN_POINT('',(0.,0.));
#13033 = DIRECTION('',(1.,0.));
#13034 = ( GEOMETRIC_REPRESENTATION_CONTEXT(2) 
PARAMETRIC_REPRESENTATION_CONTEXT() REPRESENTATION_CONTEXT('2D SPACE',''
  ) );
#13035 = ORIENTED_EDGE('',*,*,#13036,.F.);
#13036 = EDGE_CURVE('',#13037,#13003,#13039,.T.);
#13037 = VERTEX_POINT('',#13038);
#13038 = CARTESIAN_POINT('',(2.,0.,-0.8));
#13039 = SEAM_CURVE('',#13040,(#13044,#13051),.PCURVE_S1.);
#13040 = LINE('',#13041,#13042);
#13041 = CARTESIAN_POINT('',(2.,-4.898587196589E-16,-0.8));
#13042 = VECTOR('',#13043,1.);
#13043 = DIRECTION('',(0.,0.,1.));
#13044 = PCURVE('',#13012,#13045);
#13045 = DEFINITIONAL_REPRESENTATION('',(#13046),#13050);
#13046 = LINE('',#13047,#13048);
#13047 = CARTESIAN_POINT('',(6.28318530718,-0.));
#13048 = VECTOR('',#13049,1.);
#13049 = DIRECTION('',(0.,1.));
#13050 = ( GEOMETRIC_REPRESENTATION_CONTEXT(2) 
PARAMETRIC_REPRESENTATION_CONTEXT() REPRESENTATION_CONTEXT('2D SPACE',''
  ) );
#13051 = PCURVE('',#13012,#13052);
#13052 = DEFINITIONAL_REPRESENTATION('',(#13053),#13057);
#13053 = LINE('',#13054,#13055);
#13054 = CARTESIAN_POINT('',(0.,-0.));
#13055 = VECTOR('',#13056,1.);
#13056 = DIRECTION('',(0.,1.));
#13057 = ( GEOMETRIC_REPRESENTATION_CONTEXT(2) 
PARAMETRIC_REPRESENTATION_CONTEXT() REPRESENTATION_CONTEXT('2D SPACE',''
  ) );
#13058 = ORIENTED_EDGE('',*,*,#13059,.T.);
#13059 = EDGE_CURVE('',#13037,#13037,#13060,.T.);
#13060 = SURFACE_CURVE('',#13061,(#13066,#13073),.PCURVE_S1.);
#13061 = CIRCLE('',#13062,2.);
#13062 = AXIS2_PLACEMENT_3D('',#13063,#13064,#13065);
#13063 = CARTESIAN_POINT('',(0.,0.,-0.8));
#13064 = DIRECTION('',(0.,0.,1.));
#13065 = DIRECTION('',(1.,0.,-0.));
#13066 = PCURVE('',#13012,#13067);
#13067 = DEFINITIONAL_REPRESENTATION('',(#13068),#13072);
#13068 = LINE('',#13069,#13070);
#13069 = CARTESIAN_POINT('',(0.,0.));
#13070 = VECTOR('',#13071,1.);
#13071 = DIRECTION('',(1.,0.));
#13072 = ( GEOMETRIC_REPRESENTATION_CONTEXT(2) 
PARAMETRIC_REPRESENTATION_CONTEXT() REPRESENTATION_CONTEXT('2D SPACE',''
  ) );
#13073 = PCURVE('',#13074,#13079);
#13074 = PLANE('',#13075);
#13075 = AXIS2_PLACEMENT_3D('',#13076,#13077,#13078);
#13076 = CARTESIAN_POINT('',(0.,0.,-0.8));
#13077 = DIRECTION('',(0.,0.,1.));
#13078 = DIRECTION('',(1.,0.,-0.));
#13079 = DEFINITIONAL_REPRESENTATION('',(#13080),#13084);
#13080 = CIRCLE('',#13081,2.);
#13081 = AXIS2_PLACEMENT_2D('',#13082,#13083);
#13082 = CARTESIAN_POINT('',(0.,0.));
#13083 = DIRECTION('',(1.,0.));
#13084 = ( GEOMETRIC_REPRESENTATION_CONTEXT(2) 
PARAMETRIC_REPRESENTATION_CONTEXT() REPRESENTATION_CONTEXT('2D SPACE',''
  ) );
#13085 = ORIENTED_EDGE('',*,*,#13036,.T.);
#13086 = ADVANCED_FACE('',(#13087,#13090),#13024,.T.);
#13087 = FACE_BOUND('',#13088,.T.);
#13088 = EDGE_LOOP('',(#13089));
#13089 = ORIENTED_EDGE('',*,*,#13002,.T.);
#13090 = FACE_BOUND('',#13091,.T.);
#13091 = EDGE_LOOP('',(#13092));
#13092 = ORIENTED_EDGE('',*,*,#13093,.F.);
#13093 = EDGE_CURVE('',#13094,#13094,#13096,.T.);
#13094 = VERTEX_POINT('',#13095);
#13095 = CARTESIAN_POINT('',(1.1,0.,0.8));
#13096 = SURFACE_CURVE('',#13097,(#13102,#13109),.PCURVE_S1.);
#13097 = CIRCLE('',#13098,1.1);
#13098 = AXIS2_PLACEMENT_3D('',#13099,#13100,#13101);
#13099 = CARTESIAN_POINT('',(0.,0.,0.8));
#13100 = DIRECTION('',(0.,0.,1.));
#13101 = DIRECTION('',(1.,0.,-0.));
#13102 = PCURVE('',#13024,#13103);
#13103 = DEFINITIONAL_REPRESENTATION('',(#13104),#13108);
#13104 = CIRCLE('',#13105,1.1);
#13105 = AXIS2_PLACEMENT_2D('',#13106,#13107);
#13106 = CARTESIAN_POINT('',(0.,0.));
#13107 = DIRECTION('',(1.,0.));
#13108 = ( GEOMETRIC_REPRESENTATION_CONTEXT(2) 
PARAMETRIC_REPRESENTATION_CONTEXT() REPRESENTATION_CONTEXT('2D SPACE',''
  ) );
#13109 = PCURVE('',#13110,#13115);
#13110 = CYLINDRICAL_SURFACE('',#13111,1.1);
#13111 = AXIS2_PLACEMENT_3D('',#13112,#13113,#13114);
#13112 = CARTESIAN_POINT('',(0.,0.,-1.3));
#13113 = DIRECTION('',(0.,0.,1.));
#13114 = DIRECTION('',(1.,0.,-0.));
#13115 = DEFINITIONAL_REPRESENTATION('',(#13116),#13120);
#13116 = LINE('',#13117,#13118);
#13117 = CARTESIAN_POINT('',(0.,2.1));
#13118 = VECTOR('',#13119,1.);
#13119 = DIRECTION('',(1.,0.));
#13120 = ( GEOMETRIC_REPRESENTATION_CONTEXT(2) 
PARAMETRIC_REPRESENTATION_CONTEXT() REPRESENTATION_CONTEXT('2D SPACE',''
  ) );
#13121 = ADVANCED_FACE('',(#13122,#13125),#13074,.F.);
#13122 = FACE_BOUND('',#13123,.F.);
#13123 = EDGE_LOOP('',(#13124));
#13124 = ORIENTED_EDGE('',*,*,#13059,.T.);
#13125 = FACE_BOUND('',#13126,.F.);
#13126 = EDGE_LOOP('',(#13127));
#13127 = ORIENTED_EDGE('',*,*,#13128,.F.);
#13128 = EDGE_CURVE('',#13129,#13129,#13131,.T.);
#13129 = VERTEX_POINT('',#13130);
#13130 = CARTESIAN_POINT('',(1.1,0.,-0.8));
#13131 = SURFACE_CURVE('',#13132,(#13137,#13144),.PCURVE_S1.);
#13132 = CIRCLE('',#13133,1.1);
#13133 = AXIS2_PLACEMENT_3D('',#13134,#13135,#13136);
#13134 = CARTESIAN_POINT('',(0.,0.,-0.8));
#13135 = DIRECTION('',(0.,0.,1.));
#13136 = DIRECTION('',(1.,0.,-0.));
#13137 = PCURVE('',#13074,#13138);
#13138 = DEFINITIONAL_REPRESENTATION('',(#13139),#13143);
#13139 = CIRCLE('',#13140,1.1);
#13140 = AXIS2_PLACEMENT_2D('',#13141,#13142);
#13141 = CARTESIAN_POINT('',(0.,0.));
#13142 = DIRECTION('',(1.,0.));
#13143 = ( GEOMETRIC_REPRESENTATION_CONTEXT(2) 
PARAMETRIC_REPRESENTATION_CONTEXT() REPRESENTATION_CONTEXT('2D SPACE',''
  ) );
#13144 = PCURVE('',#13110,#13145);
#13145 = DEFINITIONAL_REPRESENTATION('',(#13146),#13150);
#13146 = LINE('',#13147,#13148);
#13147 = CARTESIAN_POINT('',(0.,0.5));
#13148 = VECTOR('',#13149,1.);
#13149 = DIRECTION('',(1.,0.));
#13150 = ( GEOMETRIC_REPRESENTATION_CONTEXT(2) 
PARAMETRIC_REPRESENTATION_CONTEXT() REPRESENTATION_CONTEXT('2D SPACE',''
  ) );
#13151 = ADVANCED_FACE('',(#13152),#13110,.F.);
#13152 = FACE_BOUND('',#13153,.F.);
#13153 = EDGE_LOOP('',(#13154,#13155,#13176,#13177));
#13154 = ORIENTED_EDGE('',*,*,#13093,.F.);
#13155 = ORIENTED_EDGE('',*,*,#13156,.F.);
#13156 = EDGE_CURVE('',#13129,#13094,#13157,.T.);
#13157 = SEAM_CURVE('',#13158,(#13162,#13169),.PCURVE_S1.);
#13158 = LINE('',#13159,#13160);
#13159 = CARTESIAN_POINT('',(1.1,-2.694222958124E-16,-1.3));
#13160 = VECTOR('',#13161,1.);
#13161 = DIRECTION('',(0.,0.,1.));
#13162 = PCURVE('',#13110,#13163);
#13163 = DEFINITIONAL_REPRESENTATION('',(#13164),#13168);
#13164 = LINE('',#13165,#13166);
#13165 = CARTESIAN_POINT('',(6.28318530718,-0.));
#13166 = VECTOR('',#13167,1.);
#13167 = DIRECTION('',(0.,1.));
#13168 = ( GEOMETRIC_REPRESENTATION_CONTEXT(2) 
PARAMETRIC_REPRESENTATION_CONTEXT() REPRESENTATION_CONTEXT('2D SPACE',''
  ) );
#13169 = PCURVE('',#13110,#13170);
#13170 = DEFINITIONAL_REPRESENTATION('',(#13171),#13175);
#13171 = LINE('',#13172,#13173);
#13172 = CARTESIAN_POINT('',(0.,-0.));
#13173 = VECTOR('',#13174,1.);
#13174 = DIRECTION('',(0.,1.));
#13175 = ( GEOMETRIC_REPRESENTATION_CONTEXT(2) 
PARAMETRIC_REPRESENTATION_CONTEXT() REPRESENTATION_CONTEXT('2D SPACE',''
  ) );
#13176 = ORIENTED_EDGE('',*,*,#13128,.T.);
#13177 = ORIENTED_EDGE('',*,*,#13156,.T.);
#13178 = ( GEOMETRIC_REPRESENTATION_CONTEXT(3) 
GLOBAL_UNCERTAINTY_ASSIGNED_CONTEXT((#13182)) 
GLOBAL_UNIT_ASSIGNED_CONTEXT((#13179,#13180,#13181)) 
REPRESENTATION_CONTEXT('Context #1',
  '3D Context with UNIT and UNCERTAINTY') );
#13179 = ( LENGTH_UNIT() NAMED_UNIT(*) SI_UNIT(.MILLI.,.METRE.) );
#13180 = ( NAMED_UNIT(*) PLANE_ANGLE_UNIT() SI_UNIT($,.RADIAN.) );
#13181 = ( NAMED_UNIT(*) SI_UNIT($,.STERADIAN.) SOLID_ANGLE_UNIT() );
#13182 = UNCERTAINTY_MEASURE_WITH_UNIT(LENGTH_MEASURE(1.E-07),#13179,
  'distance_accuracy_value','confusion accuracy');
#13183 = CONTEXT_DEPENDENT_SHAPE_REPRESENTATION(#13184,#13186);
#13184 = ( REPRESENTATION_RELATIONSHIP('','',#12995,#11706) 
REPRESENTATION_RELATIONSHIP_WITH_TRANSFORMATION(#13185) 
SHAPE_REPRESENTATION_RELATIONSHIP() );
#13185 = ITEM_DEFINED_TRANSFORMATION('','',#11,#11731);
#13186 = PRODUCT_DEFINITION_SHAPE('Placement','Placement of an item',
  #13187);
#13187 = NEXT_ASSEMBLY_USAGE_OCCURRENCE('16','=>[0:1:1:18]','',#11701,
  #12990,$);
#13188 = PRODUCT_RELATED_PRODUCT_CATEGORY('part',$,(#12992));
#13189 = SHAPE_DEFINITION_REPRESENTATION(#13190,#13196);
#13190 = PRODUCT_DEFINITION_SHAPE('','',#13191);
#13191 = PRODUCT_DEFINITION('design','',#13192,#13195);
#13192 = PRODUCT_DEFINITION_FORMATION('','',#13193);
#13193 = PRODUCT('COMPOUND','COMPOUND','',(#13194));
#13194 = PRODUCT_CONTEXT('',#2,'mechanical');
#13195 = PRODUCT_DEFINITION_CONTEXT('part definition',#2,'design');
#13196 = ADVANCED_BREP_SHAPE_REPRESENTATION('',(#11,#13197),#13379);
#13197 = MANIFOLD_SOLID_BREP('',#13198);
#13198 = CLOSED_SHELL('',(#13199,#13287,#13322,#13352));
#13199 = ADVANCED_FACE('',(#13200),#13213,.T.);
#13200 = FACE_BOUND('',#13201,.T.);
#13201 = EDGE_LOOP('',(#13202,#13236,#13259,#13286));
#13202 = ORIENTED_EDGE('',*,*,#13203,.F.);
#13203 = EDGE_CURVE('',#13204,#13204,#13206,.T.);
#13204 = VERTEX_POINT('',#13205);
#13205 = CARTESIAN_POINT('',(2.,0.,0.25));
#13206 = SURFACE_CURVE('',#13207,(#13212,#13224),.PCURVE_S1.);
#13207 = CIRCLE('',#13208,2.);
#13208 = AXIS2_PLACEMENT_3D('',#13209,#13210,#13211);
#13209 = CARTESIAN_POINT('',(0.,0.,0.25));
#13210 = DIRECTION('',(0.,0.,1.));
#13211 = DIRECTION('',(1.,0.,-0.));
#13212 = PCURVE('',#13213,#13218);
#13213 = CYLINDRICAL_SURFACE('',#13214,2.);
#13214 = AXIS2_PLACEMENT_3D('',#13215,#13216,#13217);
#13215 = CARTESIAN_POINT('',(0.,0.,-0.25));
#13216 = DIRECTION('',(0.,0.,1.));
#13217 = DIRECTION('',(1.,0.,-0.));
#13218 = DEFINITIONAL_REPRESENTATION('',(#13219),#13223);
#13219 = LINE('',#13220,#13221);
#13220 = CARTESIAN_POINT('',(0.,0.5));
#13221 = VECTOR('',#13222,1.);
#13222 = DIRECTION('',(1.,0.));
#13223 = ( GEOMETRIC_REPRESENTATION_CONTEXT(2) 
PARAMETRIC_REPRESENTATION_CONTEXT() REPRESENTATION_CONTEXT('2D SPACE',''
  ) );
#13224 = PCURVE('',#13225,#13230);
#13225 = PLANE('',#13226);
#13226 = AXIS2_PLACEMENT_3D('',#13227,#13228,#13229);
#13227 = CARTESIAN_POINT('',(0.,0.,0.25));
#13228 = DIRECTION('',(0.,0.,1.));
#13229 = DIRECTION('',(1.,0.,-0.));
#13230 = DEFINITIONAL_REPRESENTATION('',(#13231),#13235);
#13231 = CIRCLE('',#13232,2.);
#13232 = AXIS2_PLACEMENT_2D('',#13233,#13234);
#13233 = CARTESIAN_POINT('',(0.,0.));
#13234 = DIRECTION('',(1.,0.));
#13235 = ( GEOMETRIC_REPRESENTATION_CONTEXT(2) 
PARAMETRIC_REPRESENTATION_CONTEXT() REPRESENTATION_CONTEXT('2D SPACE',''
  ) );
#13236 = ORIENTED_EDGE('',*,*,#13237,.F.);
#13237 = EDGE_CURVE('',#13238,#13204,#13240,.T.);
#13238 = VERTEX_POINT('',#13239);
#13239 = CARTESIAN_POINT('',(2.,0.,-0.25));
#13240 = SEAM_CURVE('',#13241,(#13245,#13252),.PCURVE_S1.);
#13241 = LINE('',#13242,#13243);
#13242 = CARTESIAN_POINT('',(2.,-4.898587196589E-16,-0.25));
#13243 = VECTOR('',#13244,1.);
#13244 = DIRECTION('',(0.,0.,1.));
#13245 = PCURVE('',#13213,#13246);
#13246 = DEFINITIONAL_REPRESENTATION('',(#13247),#13251);
#13247 = LINE('',#13248,#13249);
#13248 = CARTESIAN_POINT('',(6.28318530718,-0.));
#13249 = VECTOR('',#13250,1.);
#13250 = DIRECTION('',(0.,1.));
#13251 = ( GEOMETRIC_REPRESENTATION_CONTEXT(2) 
PARAMETRIC_REPRESENTATION_CONTEXT() REPRESENTATION_CONTEXT('2D SPACE',''
  ) );
#13252 = PCURVE('',#13213,#13253);
#13253 = DEFINITIONAL_REPRESENTATION('',(#13254),#13258);
#13254 = LINE('',#13255,#13256);
#13255 = CARTESIAN_POINT('',(0.,-0.));
#13256 = VECTOR('',#13257,1.);
#13257 = DIRECTION('',(0.,1.));
#13258 = ( GEOMETRIC_REPRESENTATION_CONTEXT(2) 
PARAMETRIC_REPRESENTATION_CONTEXT() REPRESENTATION_CONTEXT('2D SPACE',''
  ) );
#13259 = ORIENTED_EDGE('',*,*,#13260,.T.);
#13260 = EDGE_CURVE('',#13238,#13238,#13261,.T.);
#13261 = SURFACE_CURVE('',#13262,(#13267,#13274),.PCURVE_S1.);
#13262 = CIRCLE('',#13263,2.);
#13263 = AXIS2_PLACEMENT_3D('',#13264,#13265,#13266);
#13264 = CARTESIAN_POINT('',(0.,0.,-0.25));
#13265 = DIRECTION('',(0.,0.,1.));
#13266 = DIRECTION('',(1.,0.,-0.));
#13267 = PCURVE('',#13213,#13268);
#13268 = DEFINITIONAL_REPRESENTATION('',(#13269),#13273);
#13269 = LINE('',#13270,#13271);
#13270 = CARTESIAN_POINT('',(0.,0.));
#13271 = VECTOR('',#13272,1.);
#13272 = DIRECTION('',(1.,0.));
#13273 = ( GEOMETRIC_REPRESENTATION_CONTEXT(2) 
PARAMETRIC_REPRESENTATION_CONTEXT() REPRESENTATION_CONTEXT('2D SPACE',''
  ) );
#13274 = PCURVE('',#13275,#13280);
#13275 = PLANE('',#13276);
#13276 = AXIS2_PLACEMENT_3D('',#13277,#13278,#13279);
#13277 = CARTESIAN_POINT('',(0.,0.,-0.25));
#13278 = DIRECTION('',(0.,0.,1.));
#13279 = DIRECTION('',(1.,0.,-0.));
#13280 = DEFINITIONAL_REPRESENTATION('',(#13281),#13285);
#13281 = CIRCLE('',#13282,2.);
#13282 = AXIS2_PLACEMENT_2D('',#13283,#13284);
#13283 = CARTESIAN_POINT('',(0.,0.));
#13284 = DIRECTION('',(1.,0.));
#13285 = ( GEOMETRIC_REPRESENTATION_CONTEXT(2) 
PARAMETRIC_REPRESENTATION_CONTEXT() REPRESENTATION_CONTEXT('2D SPACE',''
  ) );
#13286 = ORIENTED_EDGE('',*,*,#13237,.T.);
#13287 = ADVANCED_FACE('',(#13288,#13291),#13225,.T.);
#13288 = FACE_BOUND('',#13289,.T.);
#13289 = EDGE_LOOP('',(#13290));
#13290 = ORIENTED_EDGE('',*,*,#13203,.T.);
#13291 = FACE_BOUND('',#13292,.T.);
#13292 = EDGE_LOOP('',(#13293));
#13293 = ORIENTED_EDGE('',*,*,#13294,.F.);
#13294 = EDGE_CURVE('',#13295,#13295,#13297,.T.);
#13295 = VERTEX_POINT('',#13296);
#13296 = CARTESIAN_POINT('',(1.1,0.,0.25));
#13297 = SURFACE_CURVE('',#13298,(#13303,#13310),.PCURVE_S1.);
#13298 = CIRCLE('',#13299,1.1);
#13299 = AXIS2_PLACEMENT_3D('',#13300,#13301,#13302);
#13300 = CARTESIAN_POINT('',(0.,0.,0.25));
#13301 = DIRECTION('',(0.,0.,1.));
#13302 = DIRECTION('',(1.,0.,-0.));
#13303 = PCURVE('',#13225,#13304);
#13304 = DEFINITIONAL_REPRESENTATION('',(#13305),#13309);
#13305 = CIRCLE('',#13306,1.1);
#13306 = AXIS2_PLACEMENT_2D('',#13307,#13308);
#13307 = CARTESIAN_POINT('',(0.,0.));
#13308 = DIRECTION('',(1.,0.));
#13309 = ( GEOMETRIC_REPRESENTATION_CONTEXT(2) 
PARAMETRIC_REPRESENTATION_CONTEXT() REPRESENTATION_CONTEXT('2D SPACE',''
  ) );
#13310 = PCURVE('',#13311,#13316);
#13311 = CYLINDRICAL_SURFACE('',#13312,1.1);
#13312 = AXIS2_PLACEMENT_3D('',#13313,#13314,#13315);
#13313 = CARTESIAN_POINT('',(0.,0.,-0.75));
#13314 = DIRECTION('',(0.,0.,1.));
#13315 = DIRECTION('',(1.,0.,-0.));
#13316 = DEFINITIONAL_REPRESENTATION('',(#13317),#13321);
#13317 = LINE('',#13318,#13319);
#13318 = CARTESIAN_POINT('',(0.,1.));
#13319 = VECTOR('',#13320,1.);
#13320 = DIRECTION('',(1.,0.));
#13321 = ( GEOMETRIC_REPRESENTATION_CONTEXT(2) 
PARAMETRIC_REPRESENTATION_CONTEXT() REPRESENTATION_CONTEXT('2D SPACE',''
  ) );
#13322 = ADVANCED_FACE('',(#13323,#13326),#13275,.F.);
#13323 = FACE_BOUND('',#13324,.F.);
#13324 = EDGE_LOOP('',(#13325));
#13325 = ORIENTED_EDGE('',*,*,#13260,.T.);
#13326 = FACE_BOUND('',#13327,.F.);
#13327 = EDGE_LOOP('',(#13328));
#13328 = ORIENTED_EDGE('',*,*,#13329,.F.);
#13329 = EDGE_CURVE('',#13330,#13330,#13332,.T.);
#13330 = VERTEX_POINT('',#13331);
#13331 = CARTESIAN_POINT('',(1.1,0.,-0.25));
#13332 = SURFACE_CURVE('',#13333,(#13338,#13345),.PCURVE_S1.);
#13333 = CIRCLE('',#13334,1.1);
#13334 = AXIS2_PLACEMENT_3D('',#13335,#13336,#13337);
#13335 = CARTESIAN_POINT('',(0.,0.,-0.25));
#13336 = DIRECTION('',(0.,0.,1.));
#13337 = DIRECTION('',(1.,0.,-0.));
#13338 = PCURVE('',#13275,#13339);
#13339 = DEFINITIONAL_REPRESENTATION('',(#13340),#13344);
#13340 = CIRCLE('',#13341,1.1);
#13341 = AXIS2_PLACEMENT_2D('',#13342,#13343);
#13342 = CARTESIAN_POINT('',(0.,0.));
#13343 = DIRECTION('',(1.,0.));
#13344 = ( GEOMETRIC_REPRESENTATION_CONTEXT(2) 
PARAMETRIC_REPRESENTATION_CONTEXT() REPRESENTATION_CONTEXT('2D SPACE',''
  ) );
#13345 = PCURVE('',#13311,#13346);
#13346 = DEFINITIONAL_REPRESENTATION('',(#13347),#13351);
#13347 = LINE('',#13348,#13349);
#13348 = CARTESIAN_POINT('',(0.,0.5));
#13349 = VECTOR('',#13350,1.);
#13350 = DIRECTION('',(1.,0.));
#13351 = ( GEOMETRIC_REPRESENTATION_CONTEXT(2) 
PARAMETRIC_REPRESENTATION_CONTEXT() REPRESENTATION_CONTEXT('2D SPACE',''
  ) );
#13352 = ADVANCED_FACE('',(#13353),#13311,.F.);
#13353 = FACE_BOUND('',#13354,.F.);
#13354 = EDGE_LOOP('',(#13355,#13356,#13377,#13378));
#13355 = ORIENTED_EDGE('',*,*,#13294,.F.);
#13356 = ORIENTED_EDGE('',*,*,#13357,.F.);
#13357 = EDGE_CURVE('',#13330,#13295,#13358,.T.);
#13358 = SEAM_CURVE('',#13359,(#13363,#13370),.PCURVE_S1.);
#13359 = LINE('',#13360,#13361);
#13360 = CARTESIAN_POINT('',(1.1,-2.694222958124E-16,-0.75));
#13361 = VECTOR('',#13362,1.);
#13362 = DIRECTION('',(0.,0.,1.));
#13363 = PCURVE('',#13311,#13364);
#13364 = DEFINITIONAL_REPRESENTATION('',(#13365),#13369);
#13365 = LINE('',#13366,#13367);
#13366 = CARTESIAN_POINT('',(6.28318530718,-0.));
#13367 = VECTOR('',#13368,1.);
#13368 = DIRECTION('',(0.,1.));
#13369 = ( GEOMETRIC_REPRESENTATION_CONTEXT(2) 
PARAMETRIC_REPRESENTATION_CONTEXT() REPRESENTATION_CONTEXT('2D SPACE',''
  ) );
#13370 = PCURVE('',#13311,#13371);
#13371 = DEFINITIONAL_REPRESENTATION('',(#13372),#13376);
#13372 = LINE('',#13373,#13374);
#13373 = CARTESIAN_POINT('',(0.,-0.));
#13374 = VECTOR('',#13375,1.);
#13375 = DIRECTION('',(0.,1.));
#13376 = ( GEOMETRIC_REPRESENTATION_CONTEXT(2) 
PARAMETRIC_REPRESENTATION_CONTEXT() REPRESENTATION_CONTEXT('2D SPACE',''
  ) );
#13377 = ORIENTED_EDGE('',*,*,#13329,.T.);
#13378 = ORIENTED_EDGE('',*,*,#13357,.T.);
#13379 = ( GEOMETRIC_REPRESENTATION_CONTEXT(3) 
GLOBAL_UNCERTAINTY_ASSIGNED_CONTEXT((#13383)) 
GLOBAL_UNIT_ASSIGNED_CONTEXT((#13380,#13381,#13382)) 
REPRESENTATION_CONTEXT('Context #1',
  '3D Context with UNIT and UNCERTAINTY') );
#13380 = ( LENGTH_UNIT() NAMED_UNIT(*) SI_UNIT(.MILLI.,.METRE.) );
#13381 = ( NAMED_UNIT(*) PLANE_ANGLE_UNIT() SI_UNIT($,.RADIAN.) );
#13382 = ( NAMED_UNIT(*) SI_UNIT($,.STERADIAN.) SOLID_ANGLE_UNIT() );
#13383 = UNCERTAINTY_MEASURE_WITH_UNIT(LENGTH_MEASURE(1.E-07),#13380,
  'distance_accuracy_value','confusion accuracy');
#13384 = CONTEXT_DEPENDENT_SHAPE_REPRESENTATION(#13385,#13387);
#13385 = ( REPRESENTATION_RELATIONSHIP('','',#13196,#11706) 
REPRESENTATION_RELATIONSHIP_WITH_TRANSFORMATION(#13386) 
SHAPE_REPRESENTATION_RELATIONSHIP() );
#13386 = ITEM_DEFINED_TRANSFORMATION('','',#11,#11735);
#13387 = PRODUCT_DEFINITION_SHAPE('Placement','Placement of an item',
  #13388);
#13388 = NEXT_ASSEMBLY_USAGE_OCCURRENCE('17','=>[0:1:1:19]','',#11701,
  #13191,$);
#13389 = PRODUCT_RELATED_PRODUCT_CATEGORY('part',$,(#13193));
#13390 = SHAPE_DEFINITION_REPRESENTATION(#13391,#13397);
#13391 = PRODUCT_DEFINITION_SHAPE('','',#13392);
#13392 = PRODUCT_DEFINITION('design','',#13393,#13396);
#13393 = PRODUCT_DEFINITION_FORMATION('','',#13394);
#13394 = PRODUCT('COMPOUND','COMPOUND','',(#13395));
#13395 = PRODUCT_CONTEXT('',#2,'mechanical');
#13396 = PRODUCT_DEFINITION_CONTEXT('part definition',#2,'design');
#13397 = ADVANCED_BREP_SHAPE_REPRESENTATION('',(#11,#13398),#13580);
#13398 = MANIFOLD_SOLID_BREP('',#13399);
#13399 = CLOSED_SHELL('',(#13400,#13488,#13523,#13553));
#13400 = ADVANCED_FACE('',(#13401),#13414,.T.);
#13401 = FACE_BOUND('',#13402,.T.);
#13402 = EDGE_LOOP('',(#13403,#13437,#13460,#13487));
#13403 = ORIENTED_EDGE('',*,*,#13404,.F.);
#13404 = EDGE_CURVE('',#13405,#13405,#13407,.T.);
#13405 = VERTEX_POINT('',#13406);
#13406 = CARTESIAN_POINT('',(2.,0.,0.8));
#13407 = SURFACE_CURVE('',#13408,(#13413,#13425),.PCURVE_S1.);
#13408 = CIRCLE('',#13409,2.);
#13409 = AXIS2_PLACEMENT_3D('',#13410,#13411,#13412);
#13410 = CARTESIAN_POINT('',(0.,0.,0.8));
#13411 = DIRECTION('',(0.,0.,1.));
#13412 = DIRECTION('',(1.,0.,-0.));
#13413 = PCURVE('',#13414,#13419);
#13414 = CYLINDRICAL_SURFACE('',#13415,2.);
#13415 = AXIS2_PLACEMENT_3D('',#13416,#13417,#13418);
#13416 = CARTESIAN_POINT('',(0.,0.,-0.8));
#13417 = DIRECTION('',(0.,0.,1.));
#13418 = DIRECTION('',(1.,0.,-0.));
#13419 = DEFINITIONAL_REPRESENTATION('',(#13420),#13424);
#13420 = LINE('',#13421,#13422);
#13421 = CARTESIAN_POINT('',(0.,1.6));
#13422 = VECTOR('',#13423,1.);
#13423 = DIRECTION('',(1.,0.));
#13424 = ( GEOMETRIC_REPRESENTATION_CONTEXT(2) 
PARAMETRIC_REPRESENTATION_CONTEXT() REPRESENTATION_CONTEXT('2D SPACE',''
  ) );
#13425 = PCURVE('',#13426,#13431);
#13426 = PLANE('',#13427);
#13427 = AXIS2_PLACEMENT_3D('',#13428,#13429,#13430);
#13428 = CARTESIAN_POINT('',(0.,0.,0.8));
#13429 = DIRECTION('',(0.,0.,1.));
#13430 = DIRECTION('',(1.,0.,-0.));
#13431 = DEFINITIONAL_REPRESENTATION('',(#13432),#13436);
#13432 = CIRCLE('',#13433,2.);
#13433 = AXIS2_PLACEMENT_2D('',#13434,#13435);
#13434 = CARTESIAN_POINT('',(0.,0.));
#13435 = DIRECTION('',(1.,0.));
#13436 = ( GEOMETRIC_REPRESENTATION_CONTEXT(2) 
PARAMETRIC_REPRESENTATION_CONTEXT() REPRESENTATION_CONTEXT('2D SPACE',''
  ) );
#13437 = ORIENTED_EDGE('',*,*,#13438,.F.);
#13438 = EDGE_CURVE('',#13439,#13405,#13441,.T.);
#13439 = VERTEX_POINT('',#13440);
#13440 = CARTESIAN_POINT('',(2.,0.,-0.8));
#13441 = SEAM_CURVE('',#13442,(#13446,#13453),.PCURVE_S1.);
#13442 = LINE('',#13443,#13444);
#13443 = CARTESIAN_POINT('',(2.,-4.898587196589E-16,-0.8));
#13444 = VECTOR('',#13445,1.);
#13445 = DIRECTION('',(0.,0.,1.));
#13446 = PCURVE('',#13414,#13447);
#13447 = DEFINITIONAL_REPRESENTATION('',(#13448),#13452);
#13448 = LINE('',#13449,#13450);
#13449 = CARTESIAN_POINT('',(6.28318530718,-0.));
#13450 = VECTOR('',#13451,1.);
#13451 = DIRECTION('',(0.,1.));
#13452 = ( GEOMETRIC_REPRESENTATION_CONTEXT(2) 
PARAMETRIC_REPRESENTATION_CONTEXT() REPRESENTATION_CONTEXT('2D SPACE',''
  ) );
#13453 = PCURVE('',#13414,#13454);
#13454 = DEFINITIONAL_REPRESENTATION('',(#13455),#13459);
#13455 = LINE('',#13456,#13457);
#13456 = CARTESIAN_POINT('',(0.,-0.));
#13457 = VECTOR('',#13458,1.);
#13458 = DIRECTION('',(0.,1.));
#13459 = ( GEOMETRIC_REPRESENTATION_CONTEXT(2) 
PARAMETRIC_REPRESENTATION_CONTEXT() REPRESENTATION_CONTEXT('2D SPACE',''
  ) );
#13460 = ORIENTED_EDGE('',*,*,#13461,.T.);
#13461 = EDGE_CURVE('',#13439,#13439,#13462,.T.);
#13462 = SURFACE_CURVE('',#13463,(#13468,#13475),.PCURVE_S1.);
#13463 = CIRCLE('',#13464,2.);
#13464 = AXIS2_PLACEMENT_3D('',#13465,#13466,#13467);
#13465 = CARTESIAN_POINT('',(0.,0.,-0.8));
#13466 = DIRECTION('',(0.,0.,1.));
#13467 = DIRECTION('',(1.,0.,-0.));
#13468 = PCURVE('',#13414,#13469);
#13469 = DEFINITIONAL_REPRESENTATION('',(#13470),#13474);
#13470 = LINE('',#13471,#13472);
#13471 = CARTESIAN_POINT('',(0.,0.));
#13472 = VECTOR('',#13473,1.);
#13473 = DIRECTION('',(1.,0.));
#13474 = ( GEOMETRIC_REPRESENTATION_CONTEXT(2) 
PARAMETRIC_REPRESENTATION_CONTEXT() REPRESENTATION_CONTEXT('2D SPACE',''
  ) );
#13475 = PCURVE('',#13476,#13481);
#13476 = PLANE('',#13477);
#13477 = AXIS2_PLACEMENT_3D('',#13478,#13479,#13480);
#13478 = CARTESIAN_POINT('',(0.,0.,-0.8));
#13479 = DIRECTION('',(0.,0.,1.));
#13480 = DIRECTION('',(1.,0.,-0.));
#13481 = DEFINITIONAL_REPRESENTATION('',(#13482),#13486);
#13482 = CIRCLE('',#13483,2.);
#13483 = AXIS2_PLACEMENT_2D('',#13484,#13485);
#13484 = CARTESIAN_POINT('',(0.,0.));
#13485 = DIRECTION('',(1.,0.));
#13486 = ( GEOMETRIC_REPRESENTATION_CONTEXT(2) 
PARAMETRIC_REPRESENTATION_CONTEXT() REPRESENTATION_CONTEXT('2D SPACE',''
  ) );
#13487 = ORIENTED_EDGE('',*,*,#13438,.T.);
#13488 = ADVANCED_FACE('',(#13489,#13492),#13426,.T.);
#13489 = FACE_BOUND('',#13490,.T.);
#13490 = EDGE_LOOP('',(#13491));
#13491 = ORIENTED_EDGE('',*,*,#13404,.T.);
#13492 = FACE_BOUND('',#13493,.T.);
#13493 = EDGE_LOOP('',(#13494));
#13494 = ORIENTED_EDGE('',*,*,#13495,.F.);
#13495 = EDGE_CURVE('',#13496,#13496,#13498,.T.);
#13496 = VERTEX_POINT('',#13497);
#13497 = CARTESIAN_POINT('',(1.1,0.,0.8));
#13498 = SURFACE_CURVE('',#13499,(#13504,#13511),.PCURVE_S1.);
#13499 = CIRCLE('',#13500,1.1);
#13500 = AXIS2_PLACEMENT_3D('',#13501,#13502,#13503);
#13501 = CARTESIAN_POINT('',(0.,0.,0.8));
#13502 = DIRECTION('',(0.,0.,1.));
#13503 = DIRECTION('',(1.,0.,-0.));
#13504 = PCURVE('',#13426,#13505);
#13505 = DEFINITIONAL_REPRESENTATION('',(#13506),#13510);
#13506 = CIRCLE('',#13507,1.1);
#13507 = AXIS2_PLACEMENT_2D('',#13508,#13509);
#13508 = CARTESIAN_POINT('',(0.,0.));
#13509 = DIRECTION('',(1.,0.));
#13510 = ( GEOMETRIC_REPRESENTATION_CONTEXT(2) 
PARAMETRIC_REPRESENTATION_CONTEXT() REPRESENTATION_CONTEXT('2D SPACE',''
  ) );
#13511 = PCURVE('',#13512,#13517);
#13512 = CYLINDRICAL_SURFACE('',#13513,1.1);
#13513 = AXIS2_PLACEMENT_3D('',#13514,#13515,#13516);
#13514 = CARTESIAN_POINT('',(0.,0.,-1.3));
#13515 = DIRECTION('',(0.,0.,1.));
#13516 = DIRECTION('',(1.,0.,-0.));
#13517 = DEFINITIONAL_REPRESENTATION('',(#13518),#13522);
#13518 = LINE('',#13519,#13520);
#13519 = CARTESIAN_POINT('',(0.,2.1));
#13520 = VECTOR('',#13521,1.);
#13521 = DIRECTION('',(1.,0.));
#13522 = ( GEOMETRIC_REPRESENTATION_CONTEXT(2) 
PARAMETRIC_REPRESENTATION_CONTEXT() REPRESENTATION_CONTEXT('2D SPACE',''
  ) );
#13523 = ADVANCED_FACE('',(#13524,#13527),#13476,.F.);
#13524 = FACE_BOUND('',#13525,.F.);
#13525 = EDGE_LOOP('',(#13526));
#13526 = ORIENTED_EDGE('',*,*,#13461,.T.);
#13527 = FACE_BOUND('',#13528,.F.);
#13528 = EDGE_LOOP('',(#13529));
#13529 = ORIENTED_EDGE('',*,*,#13530,.F.);
#13530 = EDGE_CURVE('',#13531,#13531,#13533,.T.);
#13531 = VERTEX_POINT('',#13532);
#13532 = CARTESIAN_POINT('',(1.1,0.,-0.8));
#13533 = SURFACE_CURVE('',#13534,(#13539,#13546),.PCURVE_S1.);
#13534 = CIRCLE('',#13535,1.1);
#13535 = AXIS2_PLACEMENT_3D('',#13536,#13537,#13538);
#13536 = CARTESIAN_POINT('',(0.,0.,-0.8));
#13537 = DIRECTION('',(0.,0.,1.));
#13538 = DIRECTION('',(1.,0.,-0.));
#13539 = PCURVE('',#13476,#13540);
#13540 = DEFINITIONAL_REPRESENTATION('',(#13541),#13545);
#13541 = CIRCLE('',#13542,1.1);
#13542 = AXIS2_PLACEMENT_2D('',#13543,#13544);
#13543 = CARTESIAN_POINT('',(0.,0.));
#13544 = DIRECTION('',(1.,0.));
#13545 = ( GEOMETRIC_REPRESENTATION_CONTEXT(2) 
PARAMETRIC_REPRESENTATION_CONTEXT() REPRESENTATION_CONTEXT('2D SPACE',''
  ) );
#13546 = PCURVE('',#13512,#13547);
#13547 = DEFINITIONAL_REPRESENTATION('',(#13548),#13552);
#13548 = LINE('',#13549,#13550);
#13549 = CARTESIAN_POINT('',(0.,0.5));
#13550 = VECTOR('',#13551,1.);
#13551 = DIRECTION('',(1.,0.));
#13552 = ( GEOMETRIC_REPRESENTATION_CONTEXT(2) 
PARAMETRIC_REPRESENTATION_CONTEXT() REPRESENTATION_CONTEXT('2D SPACE',''
  ) );
#13553 = ADVANCED_FACE('',(#13554),#13512,.F.);
#13554 = FACE_BOUND('',#13555,.F.);
#13555 = EDGE_LOOP('',(#13556,#13557,#13578,#13579));
#13556 = ORIENTED_EDGE('',*,*,#13495,.F.);
#13557 = ORIENTED_EDGE('',*,*,#13558,.F.);
#13558 = EDGE_CURVE('',#13531,#13496,#13559,.T.);
#13559 = SEAM_CURVE('',#13560,(#13564,#13571),.PCURVE_S1.);
#13560 = LINE('',#13561,#13562);
#13561 = CARTESIAN_POINT('',(1.1,-2.694222958124E-16,-1.3));
#13562 = VECTOR('',#13563,1.);
#13563 = DIRECTION('',(0.,0.,1.));
#13564 = PCURVE('',#13512,#13565);
#13565 = DEFINITIONAL_REPRESENTATION('',(#13566),#13570);
#13566 = LINE('',#13567,#13568);
#13567 = CARTESIAN_POINT('',(6.28318530718,-0.));
#13568 = VECTOR('',#13569,1.);
#13569 = DIRECTION('',(0.,1.));
#13570 = ( GEOMETRIC_REPRESENTATION_CONTEXT(2) 
PARAMETRIC_REPRESENTATION_CONTEXT() REPRESENTATION_CONTEXT('2D SPACE',''
  ) );
#13571 = PCURVE('',#13512,#13572);
#13572 = DEFINITIONAL_REPRESENTATION('',(#13573),#13577);
#13573 = LINE('',#13574,#13575);
#13574 = CARTESIAN_POINT('',(0.,-0.));
#13575 = VECTOR('',#13576,1.);
#13576 = DIRECTION('',(0.,1.));
#13577 = ( GEOMETRIC_REPRESENTATION_CONTEXT(2) 
PARAMETRIC_REPRESENTATION_CONTEXT() REPRESENTATION_CONTEXT('2D SPACE',''
  ) );
#13578 = ORIENTED_EDGE('',*,*,#13530,.T.);
#13579 = ORIENTED_EDGE('',*,*,#13558,.T.);
#13580 = ( GEOMETRIC_REPRESENTATION_CONTEXT(3) 
GLOBAL_UNCERTAINTY_ASSIGNED_CONTEXT((#13584)) 
GLOBAL_UNIT_ASSIGNED_CONTEXT((#13581,#13582,#13583)) 
REPRESENTATION_CONTEXT('Context #1',
  '3D Context with UNIT and UNCERTAINTY') );
#13581 = ( LENGTH_UNIT() NAMED_UNIT(*) SI_UNIT(.MILLI.,.METRE.) );
#13582 = ( NAMED_UNIT(*) PLANE_ANGLE_UNIT() SI_UNIT($,.RADIAN.) );
#13583 = ( NAMED_UNIT(*) SI_UNIT($,.STERADIAN.) SOLID_ANGLE_UNIT() );
#13584 = UNCERTAINTY_MEASURE_WITH_UNIT(LENGTH_MEASURE(1.E-07),#13581,
  'distance_accuracy_value','confusion accuracy');
#13585 = CONTEXT_DEPENDENT_SHAPE_REPRESENTATION(#13586,#13588);
#13586 = ( REPRESENTATION_RELATIONSHIP('','',#13397,#11706) 
REPRESENTATION_RELATIONSHIP_WITH_TRANSFORMATION(#13587) 
SHAPE_REPRESENTATION_RELATIONSHIP() );
#13587 = ITEM_DEFINED_TRANSFORMATION('','',#11,#11739);
#13588 = PRODUCT_DEFINITION_SHAPE('Placement','Placement of an item',
  #13589);
#13589 = NEXT_ASSEMBLY_USAGE_OCCURRENCE('18','=>[0:1:1:23]','',#11701,
  #13392,$);
#13590 = PRODUCT_RELATED_PRODUCT_CATEGORY('part',$,(#13394));
#13591 = SHAPE_DEFINITION_REPRESENTATION(#13592,#13598);
#13592 = PRODUCT_DEFINITION_SHAPE('','',#13593);
#13593 = PRODUCT_DEFINITION('design','',#13594,#13597);
#13594 = PRODUCT_DEFINITION_FORMATION('','',#13595);
#13595 = PRODUCT('COMPOUND','COMPOUND','',(#13596));
#13596 = PRODUCT_CONTEXT('',#2,'mechanical');
#13597 = PRODUCT_DEFINITION_CONTEXT('part definition',#2,'design');
#13598 = ADVANCED_BREP_SHAPE_REPRESENTATION('',(#11,#13599),#13781);
#13599 = MANIFOLD_SOLID_BREP('',#13600);
#13600 = CLOSED_SHELL('',(#13601,#13689,#13724,#13754));
#13601 = ADVANCED_FACE('',(#13602),#13615,.T.);
#13602 = FACE_BOUND('',#13603,.T.);
#13603 = EDGE_LOOP('',(#13604,#13638,#13661,#13688));
#13604 = ORIENTED_EDGE('',*,*,#13605,.F.);
#13605 = EDGE_CURVE('',#13606,#13606,#13608,.T.);
#13606 = VERTEX_POINT('',#13607);
#13607 = CARTESIAN_POINT('',(2.,0.,0.25));
#13608 = SURFACE_CURVE('',#13609,(#13614,#13626),.PCURVE_S1.);
#13609 = CIRCLE('',#13610,2.);
#13610 = AXIS2_PLACEMENT_3D('',#13611,#13612,#13613);
#13611 = CARTESIAN_POINT('',(0.,0.,0.25));
#13612 = DIRECTION('',(0.,0.,1.));
#13613 = DIRECTION('',(1.,0.,-0.));
#13614 = PCURVE('',#13615,#13620);
#13615 = CYLINDRICAL_SURFACE('',#13616,2.);
#13616 = AXIS2_PLACEMENT_3D('',#13617,#13618,#13619);
#13617 = CARTESIAN_POINT('',(0.,0.,-0.25));
#13618 = DIRECTION('',(0.,0.,1.));
#13619 = DIRECTION('',(1.,0.,-0.));
#13620 = DEFINITIONAL_REPRESENTATION('',(#13621),#13625);
#13621 = LINE('',#13622,#13623);
#13622 = CARTESIAN_POINT('',(0.,0.5));
#13623 = VECTOR('',#13624,1.);
#13624 = DIRECTION('',(1.,0.));
#13625 = ( GEOMETRIC_REPRESENTATION_CONTEXT(2) 
PARAMETRIC_REPRESENTATION_CONTEXT() REPRESENTATION_CONTEXT('2D SPACE',''
  ) );
#13626 = PCURVE('',#13627,#13632);
#13627 = PLANE('',#13628);
#13628 = AXIS2_PLACEMENT_3D('',#13629,#13630,#13631);
#13629 = CARTESIAN_POINT('',(0.,0.,0.25));
#13630 = DIRECTION('',(0.,0.,1.));
#13631 = DIRECTION('',(1.,0.,-0.));
#13632 = DEFINITIONAL_REPRESENTATION('',(#13633),#13637);
#13633 = CIRCLE('',#13634,2.);
#13634 = AXIS2_PLACEMENT_2D('',#13635,#13636);
#13635 = CARTESIAN_POINT('',(0.,0.));
#13636 = DIRECTION('',(1.,0.));
#13637 = ( GEOMETRIC_REPRESENTATION_CONTEXT(2) 
PARAMETRIC_REPRESENTATION_CONTEXT() REPRESENTATION_CONTEXT('2D SPACE',''
  ) );
#13638 = ORIENTED_EDGE('',*,*,#13639,.F.);
#13639 = EDGE_CURVE('',#13640,#13606,#13642,.T.);
#13640 = VERTEX_POINT('',#13641);
#13641 = CARTESIAN_POINT('',(2.,0.,-0.25));
#13642 = SEAM_CURVE('',#13643,(#13647,#13654),.PCURVE_S1.);
#13643 = LINE('',#13644,#13645);
#13644 = CARTESIAN_POINT('',(2.,-4.898587196589E-16,-0.25));
#13645 = VECTOR('',#13646,1.);
#13646 = DIRECTION('',(0.,0.,1.));
#13647 = PCURVE('',#13615,#13648);
#13648 = DEFINITIONAL_REPRESENTATION('',(#13649),#13653);
#13649 = LINE('',#13650,#13651);
#13650 = CARTESIAN_POINT('',(6.28318530718,-0.));
#13651 = VECTOR('',#13652,1.);
#13652 = DIRECTION('',(0.,1.));
#13653 = ( GEOMETRIC_REPRESENTATION_CONTEXT(2) 
PARAMETRIC_REPRESENTATION_CONTEXT() REPRESENTATION_CONTEXT('2D SPACE',''
  ) );
#13654 = PCURVE('',#13615,#13655);
#13655 = DEFINITIONAL_REPRESENTATION('',(#13656),#13660);
#13656 = LINE('',#13657,#13658);
#13657 = CARTESIAN_POINT('',(0.,-0.));
#13658 = VECTOR('',#13659,1.);
#13659 = DIRECTION('',(0.,1.));
#13660 = ( GEOMETRIC_REPRESENTATION_CONTEXT(2) 
PARAMETRIC_REPRESENTATION_CONTEXT() REPRESENTATION_CONTEXT('2D SPACE',''
  ) );
#13661 = ORIENTED_EDGE('',*,*,#13662,.T.);
#13662 = EDGE_CURVE('',#13640,#13640,#13663,.T.);
#13663 = SURFACE_CURVE('',#13664,(#13669,#13676),.PCURVE_S1.);
#13664 = CIRCLE('',#13665,2.);
#13665 = AXIS2_PLACEMENT_3D('',#13666,#13667,#13668);
#13666 = CARTESIAN_POINT('',(0.,0.,-0.25));
#13667 = DIRECTION('',(0.,0.,1.));
#13668 = DIRECTION('',(1.,0.,-0.));
#13669 = PCURVE('',#13615,#13670);
#13670 = DEFINITIONAL_REPRESENTATION('',(#13671),#13675);
#13671 = LINE('',#13672,#13673);
#13672 = CARTESIAN_POINT('',(0.,0.));
#13673 = VECTOR('',#13674,1.);
#13674 = DIRECTION('',(1.,0.));
#13675 = ( GEOMETRIC_REPRESENTATION_CONTEXT(2) 
PARAMETRIC_REPRESENTATION_CONTEXT() REPRESENTATION_CONTEXT('2D SPACE',''
  ) );
#13676 = PCURVE('',#13677,#13682);
#13677 = PLANE('',#13678);
#13678 = AXIS2_PLACEMENT_3D('',#13679,#13680,#13681);
#13679 = CARTESIAN_POINT('',(0.,0.,-0.25));
#13680 = DIRECTION('',(0.,0.,1.));
#13681 = DIRECTION('',(1.,0.,-0.));
#13682 = DEFINITIONAL_REPRESENTATION('',(#13683),#13687);
#13683 = CIRCLE('',#13684,2.);
#13684 = AXIS2_PLACEMENT_2D('',#13685,#13686);
#13685 = CARTESIAN_POINT('',(0.,0.));
#13686 = DIRECTION('',(1.,0.));
#13687 = ( GEOMETRIC_REPRESENTATION_CONTEXT(2) 
PARAMETRIC_REPRESENTATION_CONTEXT() REPRESENTATION_CONTEXT('2D SPACE',''
  ) );
#13688 = ORIENTED_EDGE('',*,*,#13639,.T.);
#13689 = ADVANCED_FACE('',(#13690,#13693),#13627,.T.);
#13690 = FACE_BOUND('',#13691,.T.);
#13691 = EDGE_LOOP('',(#13692));
#13692 = ORIENTED_EDGE('',*,*,#13605,.T.);
#13693 = FACE_BOUND('',#13694,.T.);
#13694 = EDGE_LOOP('',(#13695));
#13695 = ORIENTED_EDGE('',*,*,#13696,.F.);
#13696 = EDGE_CURVE('',#13697,#13697,#13699,.T.);
#13697 = VERTEX_POINT('',#13698);
#13698 = CARTESIAN_POINT('',(1.1,0.,0.25));
#13699 = SURFACE_CURVE('',#13700,(#13705,#13712),.PCURVE_S1.);
#13700 = CIRCLE('',#13701,1.1);
#13701 = AXIS2_PLACEMENT_3D('',#13702,#13703,#13704);
#13702 = CARTESIAN_POINT('',(0.,0.,0.25));
#13703 = DIRECTION('',(0.,0.,1.));
#13704 = DIRECTION('',(1.,0.,-0.));
#13705 = PCURVE('',#13627,#13706);
#13706 = DEFINITIONAL_REPRESENTATION('',(#13707),#13711);
#13707 = CIRCLE('',#13708,1.1);
#13708 = AXIS2_PLACEMENT_2D('',#13709,#13710);
#13709 = CARTESIAN_POINT('',(0.,0.));
#13710 = DIRECTION('',(1.,0.));
#13711 = ( GEOMETRIC_REPRESENTATION_CONTEXT(2) 
PARAMETRIC_REPRESENTATION_CONTEXT() REPRESENTATION_CONTEXT('2D SPACE',''
  ) );
#13712 = PCURVE('',#13713,#13718);
#13713 = CYLINDRICAL_SURFACE('',#13714,1.1);
#13714 = AXIS2_PLACEMENT_3D('',#13715,#13716,#13717);
#13715 = CARTESIAN_POINT('',(0.,0.,-0.75));
#13716 = DIRECTION('',(0.,0.,1.));
#13717 = DIRECTION('',(1.,0.,-0.));
#13718 = DEFINITIONAL_REPRESENTATION('',(#13719),#13723);
#13719 = LINE('',#13720,#13721);
#13720 = CARTESIAN_POINT('',(0.,1.));
#13721 = VECTOR('',#13722,1.);
#13722 = DIRECTION('',(1.,0.));
#13723 = ( GEOMETRIC_REPRESENTATION_CONTEXT(2) 
PARAMETRIC_REPRESENTATION_CONTEXT() REPRESENTATION_CONTEXT('2D SPACE',''
  ) );
#13724 = ADVANCED_FACE('',(#13725,#13728),#13677,.F.);
#13725 = FACE_BOUND('',#13726,.F.);
#13726 = EDGE_LOOP('',(#13727));
#13727 = ORIENTED_EDGE('',*,*,#13662,.T.);
#13728 = FACE_BOUND('',#13729,.F.);
#13729 = EDGE_LOOP('',(#13730));
#13730 = ORIENTED_EDGE('',*,*,#13731,.F.);
#13731 = EDGE_CURVE('',#13732,#13732,#13734,.T.);
#13732 = VERTEX_POINT('',#13733);
#13733 = CARTESIAN_POINT('',(1.1,0.,-0.25));
#13734 = SURFACE_CURVE('',#13735,(#13740,#13747),.PCURVE_S1.);
#13735 = CIRCLE('',#13736,1.1);
#13736 = AXIS2_PLACEMENT_3D('',#13737,#13738,#13739);
#13737 = CARTESIAN_POINT('',(0.,0.,-0.25));
#13738 = DIRECTION('',(0.,0.,1.));
#13739 = DIRECTION('',(1.,0.,-0.));
#13740 = PCURVE('',#13677,#13741);
#13741 = DEFINITIONAL_REPRESENTATION('',(#13742),#13746);
#13742 = CIRCLE('',#13743,1.1);
#13743 = AXIS2_PLACEMENT_2D('',#13744,#13745);
#13744 = CARTESIAN_POINT('',(0.,0.));
#13745 = DIRECTION('',(1.,0.));
#13746 = ( GEOMETRIC_REPRESENTATION_CONTEXT(2) 
PARAMETRIC_REPRESENTATION_CONTEXT() REPRESENTATION_CONTEXT('2D SPACE',''
  ) );
#13747 = PCURVE('',#13713,#13748);
#13748 = DEFINITIONAL_REPRESENTATION('',(#13749),#13753);
#13749 = LINE('',#13750,#13751);
#13750 = CARTESIAN_POINT('',(0.,0.5));
#13751 = VECTOR('',#13752,1.);
#13752 = DIRECTION('',(1.,0.));
#13753 = ( GEOMETRIC_REPRESENTATION_CONTEXT(2) 
PARAMETRIC_REPRESENTATION_CONTEXT() REPRESENTATION_CONTEXT('2D SPACE',''
  ) );
#13754 = ADVANCED_FACE('',(#13755),#13713,.F.);
#13755 = FACE_BOUND('',#13756,.F.);
#13756 = EDGE_LOOP('',(#13757,#13758,#13779,#13780));
#13757 = ORIENTED_EDGE('',*,*,#13696,.F.);
#13758 = ORIENTED_EDGE('',*,*,#13759,.F.);
#13759 = EDGE_CURVE('',#13732,#13697,#13760,.T.);
#13760 = SEAM_CURVE('',#13761,(#13765,#13772),.PCURVE_S1.);
#13761 = LINE('',#13762,#13763);
#13762 = CARTESIAN_POINT('',(1.1,-2.694222958124E-16,-0.75));
#13763 = VECTOR('',#13764,1.);
#13764 = DIRECTION('',(0.,0.,1.));
#13765 = PCURVE('',#13713,#13766);
#13766 = DEFINITIONAL_REPRESENTATION('',(#13767),#13771);
#13767 = LINE('',#13768,#13769);
#13768 = CARTESIAN_POINT('',(6.28318530718,-0.));
#13769 = VECTOR('',#13770,1.);
#13770 = DIRECTION('',(0.,1.));
#13771 = ( GEOMETRIC_REPRESENTATION_CONTEXT(2) 
PARAMETRIC_REPRESENTATION_CONTEXT() REPRESENTATION_CONTEXT('2D SPACE',''
  ) );
#13772 = PCURVE('',#13713,#13773);
#13773 = DEFINITIONAL_REPRESENTATION('',(#13774),#13778);
#13774 = LINE('',#13775,#13776);
#13775 = CARTESIAN_POINT('',(0.,-0.));
#13776 = VECTOR('',#13777,1.);
#13777 = DIRECTION('',(0.,1.));
#13778 = ( GEOMETRIC_REPRESENTATION_CONTEXT(2) 
PARAMETRIC_REPRESENTATION_CONTEXT() REPRESENTATION_CONTEXT('2D SPACE',''
  ) );
#13779 = ORIENTED_EDGE('',*,*,#13731,.T.);
#13780 = ORIENTED_EDGE('',*,*,#13759,.T.);
#13781 = ( GEOMETRIC_REPRESENTATION_CONTEXT(3) 
GLOBAL_UNCERTAINTY_ASSIGNED_CONTEXT((#13785)) 
GLOBAL_UNIT_ASSIGNED_CONTEXT((#13782,#13783,#13784)) 
REPRESENTATION_CONTEXT('Context #1',
  '3D Context with UNIT and UNCERTAINTY') );
#13782 = ( LENGTH_UNIT() NAMED_UNIT(*) SI_UNIT(.MILLI.,.METRE.) );
#13783 = ( NAMED_UNIT(*) PLANE_ANGLE_UNIT() SI_UNIT($,.RADIAN.) );
#13784 = ( NAMED_UNIT(*) SI_UNIT($,.STERADIAN.) SOLID_ANGLE_UNIT() );
#13785 = UNCERTAINTY_MEASURE_WITH_UNIT(LENGTH_MEASURE(1.E-07),#13782,
  'distance_accuracy_value','confusion accuracy');
#13786 = CONTEXT_DEPENDENT_SHAPE_REPRESENTATION(#13787,#13789);
#13787 = ( REPRESENTATION_RELATIONSHIP('','',#13598,#11706) 
REPRESENTATION_RELATIONSHIP_WITH_TRANSFORMATION(#13788) 
SHAPE_REPRESENTATION_RELATIONSHIP() );
#13788 = ITEM_DEFINED_TRANSFORMATION('','',#11,#11743);
#13789 = PRODUCT_DEFINITION_SHAPE('Placement','Placement of an item',
  #13790);
#13790 = NEXT_ASSEMBLY_USAGE_OCCURRENCE('19','=>[0:1:1:24]','',#11701,
  #13593,$);
#13791 = PRODUCT_RELATED_PRODUCT_CATEGORY('part',$,(#13595));
#13792 = SHAPE_DEFINITION_REPRESENTATION(#13793,#13799);
#13793 = PRODUCT_DEFINITION_SHAPE('','',#13794);
#13794 = PRODUCT_DEFINITION('design','',#13795,#13798);
#13795 = PRODUCT_DEFINITION_FORMATION('','',#13796);
#13796 = PRODUCT('COMPOUND','COMPOUND','',(#13797));
#13797 = PRODUCT_CONTEXT('',#2,'mechanical');
#13798 = PRODUCT_DEFINITION_CONTEXT('part definition',#2,'design');
#13799 = ADVANCED_BREP_SHAPE_REPRESENTATION('',(#11,#13800),#13982);
#13800 = MANIFOLD_SOLID_BREP('',#13801);
#13801 = CLOSED_SHELL('',(#13802,#13890,#13925,#13955));
#13802 = ADVANCED_FACE('',(#13803),#13816,.T.);
#13803 = FACE_BOUND('',#13804,.T.);
#13804 = EDGE_LOOP('',(#13805,#13839,#13862,#13889));
#13805 = ORIENTED_EDGE('',*,*,#13806,.F.);
#13806 = EDGE_CURVE('',#13807,#13807,#13809,.T.);
#13807 = VERTEX_POINT('',#13808);
#13808 = CARTESIAN_POINT('',(2.,0.,0.8));
#13809 = SURFACE_CURVE('',#13810,(#13815,#13827),.PCURVE_S1.);
#13810 = CIRCLE('',#13811,2.);
#13811 = AXIS2_PLACEMENT_3D('',#13812,#13813,#13814);
#13812 = CARTESIAN_POINT('',(0.,0.,0.8));
#13813 = DIRECTION('',(0.,0.,1.));
#13814 = DIRECTION('',(1.,0.,-0.));
#13815 = PCURVE('',#13816,#13821);
#13816 = CYLINDRICAL_SURFACE('',#13817,2.);
#13817 = AXIS2_PLACEMENT_3D('',#13818,#13819,#13820);
#13818 = CARTESIAN_POINT('',(0.,0.,-0.8));
#13819 = DIRECTION('',(0.,0.,1.));
#13820 = DIRECTION('',(1.,0.,-0.));
#13821 = DEFINITIONAL_REPRESENTATION('',(#13822),#13826);
#13822 = LINE('',#13823,#13824);
#13823 = CARTESIAN_POINT('',(0.,1.6));
#13824 = VECTOR('',#13825,1.);
#13825 = DIRECTION('',(1.,0.));
#13826 = ( GEOMETRIC_REPRESENTATION_CONTEXT(2) 
PARAMETRIC_REPRESENTATION_CONTEXT() REPRESENTATION_CONTEXT('2D SPACE',''
  ) );
#13827 = PCURVE('',#13828,#13833);
#13828 = PLANE('',#13829);
#13829 = AXIS2_PLACEMENT_3D('',#13830,#13831,#13832);
#13830 = CARTESIAN_POINT('',(0.,0.,0.8));
#13831 = DIRECTION('',(0.,0.,1.));
#13832 = DIRECTION('',(1.,0.,-0.));
#13833 = DEFINITIONAL_REPRESENTATION('',(#13834),#13838);
#13834 = CIRCLE('',#13835,2.);
#13835 = AXIS2_PLACEMENT_2D('',#13836,#13837);
#13836 = CARTESIAN_POINT('',(0.,0.));
#13837 = DIRECTION('',(1.,0.));
#13838 = ( GEOMETRIC_REPRESENTATION_CONTEXT(2) 
PARAMETRIC_REPRESENTATION_CONTEXT() REPRESENTATION_CONTEXT('2D SPACE',''
  ) );
#13839 = ORIENTED_EDGE('',*,*,#13840,.F.);
#13840 = EDGE_CURVE('',#13841,#13807,#13843,.T.);
#13841 = VERTEX_POINT('',#13842);
#13842 = CARTESIAN_POINT('',(2.,0.,-0.8));
#13843 = SEAM_CURVE('',#13844,(#13848,#13855),.PCURVE_S1.);
#13844 = LINE('',#13845,#13846);
#13845 = CARTESIAN_POINT('',(2.,-4.898587196589E-16,-0.8));
#13846 = VECTOR('',#13847,1.);
#13847 = DIRECTION('',(0.,0.,1.));
#13848 = PCURVE('',#13816,#13849);
#13849 = DEFINITIONAL_REPRESENTATION('',(#13850),#13854);
#13850 = LINE('',#13851,#13852);
#13851 = CARTESIAN_POINT('',(6.28318530718,-0.));
#13852 = VECTOR('',#13853,1.);
#13853 = DIRECTION('',(0.,1.));
#13854 = ( GEOMETRIC_REPRESENTATION_CONTEXT(2) 
PARAMETRIC_REPRESENTATION_CONTEXT() REPRESENTATION_CONTEXT('2D SPACE',''
  ) );
#13855 = PCURVE('',#13816,#13856);
#13856 = DEFINITIONAL_REPRESENTATION('',(#13857),#13861);
#13857 = LINE('',#13858,#13859);
#13858 = CARTESIAN_POINT('',(0.,-0.));
#13859 = VECTOR('',#13860,1.);
#13860 = DIRECTION('',(0.,1.));
#13861 = ( GEOMETRIC_REPRESENTATION_CONTEXT(2) 
PARAMETRIC_REPRESENTATION_CONTEXT() REPRESENTATION_CONTEXT('2D SPACE',''
  ) );
#13862 = ORIENTED_EDGE('',*,*,#13863,.T.);
#13863 = EDGE_CURVE('',#13841,#13841,#13864,.T.);
#13864 = SURFACE_CURVE('',#13865,(#13870,#13877),.PCURVE_S1.);
#13865 = CIRCLE('',#13866,2.);
#13866 = AXIS2_PLACEMENT_3D('',#13867,#13868,#13869);
#13867 = CARTESIAN_POINT('',(0.,0.,-0.8));
#13868 = DIRECTION('',(0.,0.,1.));
#13869 = DIRECTION('',(1.,0.,-0.));
#13870 = PCURVE('',#13816,#13871);
#13871 = DEFINITIONAL_REPRESENTATION('',(#13872),#13876);
#13872 = LINE('',#13873,#13874);
#13873 = CARTESIAN_POINT('',(0.,0.));
#13874 = VECTOR('',#13875,1.);
#13875 = DIRECTION('',(1.,0.));
#13876 = ( GEOMETRIC_REPRESENTATION_CONTEXT(2) 
PARAMETRIC_REPRESENTATION_CONTEXT() REPRESENTATION_CONTEXT('2D SPACE',''
  ) );
#13877 = PCURVE('',#13878,#13883);
#13878 = PLANE('',#13879);
#13879 = AXIS2_PLACEMENT_3D('',#13880,#13881,#13882);
#13880 = CARTESIAN_POINT('',(0.,0.,-0.8));
#13881 = DIRECTION('',(0.,0.,1.));
#13882 = DIRECTION('',(1.,0.,-0.));
#13883 = DEFINITIONAL_REPRESENTATION('',(#13884),#13888);
#13884 = CIRCLE('',#13885,2.);
#13885 = AXIS2_PLACEMENT_2D('',#13886,#13887);
#13886 = CARTESIAN_POINT('',(0.,0.));
#13887 = DIRECTION('',(1.,0.));
#13888 = ( GEOMETRIC_REPRESENTATION_CONTEXT(2) 
PARAMETRIC_REPRESENTATION_CONTEXT() REPRESENTATION_CONTEXT('2D SPACE',''
  ) );
#13889 = ORIENTED_EDGE('',*,*,#13840,.T.);
#13890 = ADVANCED_FACE('',(#13891,#13894),#13828,.T.);
#13891 = FACE_BOUND('',#13892,.T.);
#13892 = EDGE_LOOP('',(#13893));
#13893 = ORIENTED_EDGE('',*,*,#13806,.T.);
#13894 = FACE_BOUND('',#13895,.T.);
#13895 = EDGE_LOOP('',(#13896));
#13896 = ORIENTED_EDGE('',*,*,#13897,.F.);
#13897 = EDGE_CURVE('',#13898,#13898,#13900,.T.);
#13898 = VERTEX_POINT('',#13899);
#13899 = CARTESIAN_POINT('',(1.1,0.,0.8));
#13900 = SURFACE_CURVE('',#13901,(#13906,#13913),.PCURVE_S1.);
#13901 = CIRCLE('',#13902,1.1);
#13902 = AXIS2_PLACEMENT_3D('',#13903,#13904,#13905);
#13903 = CARTESIAN_POINT('',(0.,0.,0.8));
#13904 = DIRECTION('',(0.,0.,1.));
#13905 = DIRECTION('',(1.,0.,-0.));
#13906 = PCURVE('',#13828,#13907);
#13907 = DEFINITIONAL_REPRESENTATION('',(#13908),#13912);
#13908 = CIRCLE('',#13909,1.1);
#13909 = AXIS2_PLACEMENT_2D('',#13910,#13911);
#13910 = CARTESIAN_POINT('',(0.,0.));
#13911 = DIRECTION('',(1.,0.));
#13912 = ( GEOMETRIC_REPRESENTATION_CONTEXT(2) 
PARAMETRIC_REPRESENTATION_CONTEXT() REPRESENTATION_CONTEXT('2D SPACE',''
  ) );
#13913 = PCURVE('',#13914,#13919);
#13914 = CYLINDRICAL_SURFACE('',#13915,1.1);
#13915 = AXIS2_PLACEMENT_3D('',#13916,#13917,#13918);
#13916 = CARTESIAN_POINT('',(0.,0.,-1.3));
#13917 = DIRECTION('',(0.,0.,1.));
#13918 = DIRECTION('',(1.,0.,-0.));
#13919 = DEFINITIONAL_REPRESENTATION('',(#13920),#13924);
#13920 = LINE('',#13921,#13922);
#13921 = CARTESIAN_POINT('',(0.,2.1));
#13922 = VECTOR('',#13923,1.);
#13923 = DIRECTION('',(1.,0.));
#13924 = ( GEOMETRIC_REPRESENTATION_CONTEXT(2) 
PARAMETRIC_REPRESENTATION_CONTEXT() REPRESENTATION_CONTEXT('2D SPACE',''
  ) );
#13925 = ADVANCED_FACE('',(#13926,#13929),#13878,.F.);
#13926 = FACE_BOUND('',#13927,.F.);
#13927 = EDGE_LOOP('',(#13928));
#13928 = ORIENTED_EDGE('',*,*,#13863,.T.);
#13929 = FACE_BOUND('',#13930,.F.);
#13930 = EDGE_LOOP('',(#13931));
#13931 = ORIENTED_EDGE('',*,*,#13932,.F.);
#13932 = EDGE_CURVE('',#13933,#13933,#13935,.T.);
#13933 = VERTEX_POINT('',#13934);
#13934 = CARTESIAN_POINT('',(1.1,0.,-0.8));
#13935 = SURFACE_CURVE('',#13936,(#13941,#13948),.PCURVE_S1.);
#13936 = CIRCLE('',#13937,1.1);
#13937 = AXIS2_PLACEMENT_3D('',#13938,#13939,#13940);
#13938 = CARTESIAN_POINT('',(0.,0.,-0.8));
#13939 = DIRECTION('',(0.,0.,1.));
#13940 = DIRECTION('',(1.,0.,-0.));
#13941 = PCURVE('',#13878,#13942);
#13942 = DEFINITIONAL_REPRESENTATION('',(#13943),#13947);
#13943 = CIRCLE('',#13944,1.1);
#13944 = AXIS2_PLACEMENT_2D('',#13945,#13946);
#13945 = CARTESIAN_POINT('',(0.,0.));
#13946 = DIRECTION('',(1.,0.));
#13947 = ( GEOMETRIC_REPRESENTATION_CONTEXT(2) 
PARAMETRIC_REPRESENTATION_CONTEXT() REPRESENTATION_CONTEXT('2D SPACE',''
  ) );
#13948 = PCURVE('',#13914,#13949);
#13949 = DEFINITIONAL_REPRESENTATION('',(#13950),#13954);
#13950 = LINE('',#13951,#13952);
#13951 = CARTESIAN_POINT('',(0.,0.5));
#13952 = VECTOR('',#13953,1.);
#13953 = DIRECTION('',(1.,0.));
#13954 = ( GEOMETRIC_REPRESENTATION_CONTEXT(2) 
PARAMETRIC_REPRESENTATION_CONTEXT() REPRESENTATION_CONTEXT('2D SPACE',''
  ) );
#13955 = ADVANCED_FACE('',(#13956),#13914,.F.);
#13956 = FACE_BOUND('',#13957,.F.);
#13957 = EDGE_LOOP('',(#13958,#13959,#13980,#13981));
#13958 = ORIENTED_EDGE('',*,*,#13897,.F.);
#13959 = ORIENTED_EDGE('',*,*,#13960,.F.);
#13960 = EDGE_CURVE('',#13933,#13898,#13961,.T.);
#13961 = SEAM_CURVE('',#13962,(#13966,#13973),.PCURVE_S1.);
#13962 = LINE('',#13963,#13964);
#13963 = CARTESIAN_POINT('',(1.1,-2.694222958124E-16,-1.3));
#13964 = VECTOR('',#13965,1.);
#13965 = DIRECTION('',(0.,0.,1.));
#13966 = PCURVE('',#13914,#13967);
#13967 = DEFINITIONAL_REPRESENTATION('',(#13968),#13972);
#13968 = LINE('',#13969,#13970);
#13969 = CARTESIAN_POINT('',(6.28318530718,-0.));
#13970 = VECTOR('',#13971,1.);
#13971 = DIRECTION('',(0.,1.));
#13972 = ( GEOMETRIC_REPRESENTATION_CONTEXT(2) 
PARAMETRIC_REPRESENTATION_CONTEXT() REPRESENTATION_CONTEXT('2D SPACE',''
  ) );
#13973 = PCURVE('',#13914,#13974);
#13974 = DEFINITIONAL_REPRESENTATION('',(#13975),#13979);
#13975 = LINE('',#13976,#13977);
#13976 = CARTESIAN_POINT('',(0.,-0.));
#13977 = VECTOR('',#13978,1.);
#13978 = DIRECTION('',(0.,1.));
#13979 = ( GEOMETRIC_REPRESENTATION_CONTEXT(2) 
PARAMETRIC_REPRESENTATION_CONTEXT() REPRESENTATION_CONTEXT('2D SPACE',''
  ) );
#13980 = ORIENTED_EDGE('',*,*,#13932,.T.);
#13981 = ORIENTED_EDGE('',*,*,#13960,.T.);
#13982 = ( GEOMETRIC_REPRESENTATION_CONTEXT(3) 
GLOBAL_UNCERTAINTY_ASSIGNED_CONTEXT((#13986)) 
GLOBAL_UNIT_ASSIGNED_CONTEXT((#13983,#13984,#13985)) 
REPRESENTATION_CONTEXT('Context #1',
  '3D Context with UNIT and UNCERTAINTY') );
#13983 = ( LENGTH_UNIT() NAMED_UNIT(*) SI_UNIT(.MILLI.,.METRE.) );
#13984 = ( NAMED_UNIT(*) PLANE_ANGLE_UNIT() SI_UNIT($,.RADIAN.) );
#13985 = ( NAMED_UNIT(*) SI_UNIT($,.STERADIAN.) SOLID_ANGLE_UNIT() );
#13986 = UNCERTAINTY_MEASURE_WITH_UNIT(LENGTH_MEASURE(1.E-07),#13983,
  'distance_accuracy_value','confusion accuracy');
#13987 = CONTEXT_DEPENDENT_SHAPE_REPRESENTATION(#13988,#13990);
#13988 = ( REPRESENTATION_RELATIONSHIP('','',#13799,#11706) 
REPRESENTATION_RELATIONSHIP_WITH_TRANSFORMATION(#13989) 
SHAPE_REPRESENTATION_RELATIONSHIP() );
#13989 = ITEM_DEFINED_TRANSFORMATION('','',#11,#11747);
#13990 = PRODUCT_DEFINITION_SHAPE('Placement','Placement of an item',
  #13991);
#13991 = NEXT_ASSEMBLY_USAGE_OCCURRENCE('20','=>[0:1:1:25]','',#11701,
  #13794,$);
#13992 = PRODUCT_RELATED_PRODUCT_CATEGORY('part',$,(#13796));
#13993 = SHAPE_DEFINITION_REPRESENTATION(#13994,#14000);
#13994 = PRODUCT_DEFINITION_SHAPE('','',#13995);
#13995 = PRODUCT_DEFINITION('design','',#13996,#13999);
#13996 = PRODUCT_DEFINITION_FORMATION('','',#13997);
#13997 = PRODUCT('COMPOUND','COMPOUND','',(#13998));
#13998 = PRODUCT_CONTEXT('',#2,'mechanical');
#13999 = PRODUCT_DEFINITION_CONTEXT('part definition',#2,'design');
#14000 = ADVANCED_BREP_SHAPE_REPRESENTATION('',(#11,#14001),#14183);
#14001 = MANIFOLD_SOLID_BREP('',#14002);
#14002 = CLOSED_SHELL('',(#14003,#14091,#14126,#14156));
#14003 = ADVANCED_FACE('',(#14004),#14017,.T.);
#14004 = FACE_BOUND('',#14005,.T.);
#14005 = EDGE_LOOP('',(#14006,#14040,#14063,#14090));
#14006 = ORIENTED_EDGE('',*,*,#14007,.F.);
#14007 = EDGE_CURVE('',#14008,#14008,#14010,.T.);
#14008 = VERTEX_POINT('',#14009);
#14009 = CARTESIAN_POINT('',(2.,0.,0.25));
#14010 = SURFACE_CURVE('',#14011,(#14016,#14028),.PCURVE_S1.);
#14011 = CIRCLE('',#14012,2.);
#14012 = AXIS2_PLACEMENT_3D('',#14013,#14014,#14015);
#14013 = CARTESIAN_POINT('',(0.,0.,0.25));
#14014 = DIRECTION('',(0.,0.,1.));
#14015 = DIRECTION('',(1.,0.,-0.));
#14016 = PCURVE('',#14017,#14022);
#14017 = CYLINDRICAL_SURFACE('',#14018,2.);
#14018 = AXIS2_PLACEMENT_3D('',#14019,#14020,#14021);
#14019 = CARTESIAN_POINT('',(0.,0.,-0.25));
#14020 = DIRECTION('',(0.,0.,1.));
#14021 = DIRECTION('',(1.,0.,-0.));
#14022 = DEFINITIONAL_REPRESENTATION('',(#14023),#14027);
#14023 = LINE('',#14024,#14025);
#14024 = CARTESIAN_POINT('',(0.,0.5));
#14025 = VECTOR('',#14026,1.);
#14026 = DIRECTION('',(1.,0.));
#14027 = ( GEOMETRIC_REPRESENTATION_CONTEXT(2) 
PARAMETRIC_REPRESENTATION_CONTEXT() REPRESENTATION_CONTEXT('2D SPACE',''
  ) );
#14028 = PCURVE('',#14029,#14034);
#14029 = PLANE('',#14030);
#14030 = AXIS2_PLACEMENT_3D('',#14031,#14032,#14033);
#14031 = CARTESIAN_POINT('',(0.,0.,0.25));
#14032 = DIRECTION('',(0.,0.,1.));
#14033 = DIRECTION('',(1.,0.,-0.));
#14034 = DEFINITIONAL_REPRESENTATION('',(#14035),#14039);
#14035 = CIRCLE('',#14036,2.);
#14036 = AXIS2_PLACEMENT_2D('',#14037,#14038);
#14037 = CARTESIAN_POINT('',(0.,0.));
#14038 = DIRECTION('',(1.,0.));
#14039 = ( GEOMETRIC_REPRESENTATION_CONTEXT(2) 
PARAMETRIC_REPRESENTATION_CONTEXT() REPRESENTATION_CONTEXT('2D SPACE',''
  ) );
#14040 = ORIENTED_EDGE('',*,*,#14041,.F.);
#14041 = EDGE_CURVE('',#14042,#14008,#14044,.T.);
#14042 = VERTEX_POINT('',#14043);
#14043 = CARTESIAN_POINT('',(2.,0.,-0.25));
#14044 = SEAM_CURVE('',#14045,(#14049,#14056),.PCURVE_S1.);
#14045 = LINE('',#14046,#14047);
#14046 = CARTESIAN_POINT('',(2.,-4.898587196589E-16,-0.25));
#14047 = VECTOR('',#14048,1.);
#14048 = DIRECTION('',(0.,0.,1.));
#14049 = PCURVE('',#14017,#14050);
#14050 = DEFINITIONAL_REPRESENTATION('',(#14051),#14055);
#14051 = LINE('',#14052,#14053);
#14052 = CARTESIAN_POINT('',(6.28318530718,-0.));
#14053 = VECTOR('',#14054,1.);
#14054 = DIRECTION('',(0.,1.));
#14055 = ( GEOMETRIC_REPRESENTATION_CONTEXT(2) 
PARAMETRIC_REPRESENTATION_CONTEXT() REPRESENTATION_CONTEXT('2D SPACE',''
  ) );
#14056 = PCURVE('',#14017,#14057);
#14057 = DEFINITIONAL_REPRESENTATION('',(#14058),#14062);
#14058 = LINE('',#14059,#14060);
#14059 = CARTESIAN_POINT('',(0.,-0.));
#14060 = VECTOR('',#14061,1.);
#14061 = DIRECTION('',(0.,1.));
#14062 = ( GEOMETRIC_REPRESENTATION_CONTEXT(2) 
PARAMETRIC_REPRESENTATION_CONTEXT() REPRESENTATION_CONTEXT('2D SPACE',''
  ) );
#14063 = ORIENTED_EDGE('',*,*,#14064,.T.);
#14064 = EDGE_CURVE('',#14042,#14042,#14065,.T.);
#14065 = SURFACE_CURVE('',#14066,(#14071,#14078),.PCURVE_S1.);
#14066 = CIRCLE('',#14067,2.);
#14067 = AXIS2_PLACEMENT_3D('',#14068,#14069,#14070);
#14068 = CARTESIAN_POINT('',(0.,0.,-0.25));
#14069 = DIRECTION('',(0.,0.,1.));
#14070 = DIRECTION('',(1.,0.,-0.));
#14071 = PCURVE('',#14017,#14072);
#14072 = DEFINITIONAL_REPRESENTATION('',(#14073),#14077);
#14073 = LINE('',#14074,#14075);
#14074 = CARTESIAN_POINT('',(0.,0.));
#14075 = VECTOR('',#14076,1.);
#14076 = DIRECTION('',(1.,0.));
#14077 = ( GEOMETRIC_REPRESENTATION_CONTEXT(2) 
PARAMETRIC_REPRESENTATION_CONTEXT() REPRESENTATION_CONTEXT('2D SPACE',''
  ) );
#14078 = PCURVE('',#14079,#14084);
#14079 = PLANE('',#14080);
#14080 = AXIS2_PLACEMENT_3D('',#14081,#14082,#14083);
#14081 = CARTESIAN_POINT('',(0.,0.,-0.25));
#14082 = DIRECTION('',(0.,0.,1.));
#14083 = DIRECTION('',(1.,0.,-0.));
#14084 = DEFINITIONAL_REPRESENTATION('',(#14085),#14089);
#14085 = CIRCLE('',#14086,2.);
#14086 = AXIS2_PLACEMENT_2D('',#14087,#14088);
#14087 = CARTESIAN_POINT('',(0.,0.));
#14088 = DIRECTION('',(1.,0.));
#14089 = ( GEOMETRIC_REPRESENTATION_CONTEXT(2) 
PARAMETRIC_REPRESENTATION_CONTEXT() REPRESENTATION_CONTEXT('2D SPACE',''
  ) );
#14090 = ORIENTED_EDGE('',*,*,#14041,.T.);
#14091 = ADVANCED_FACE('',(#14092,#14095),#14029,.T.);
#14092 = FACE_BOUND('',#14093,.T.);
#14093 = EDGE_LOOP('',(#14094));
#14094 = ORIENTED_EDGE('',*,*,#14007,.T.);
#14095 = FACE_BOUND('',#14096,.T.);
#14096 = EDGE_LOOP('',(#14097));
#14097 = ORIENTED_EDGE('',*,*,#14098,.F.);
#14098 = EDGE_CURVE('',#14099,#14099,#14101,.T.);
#14099 = VERTEX_POINT('',#14100);
#14100 = CARTESIAN_POINT('',(1.1,0.,0.25));
#14101 = SURFACE_CURVE('',#14102,(#14107,#14114),.PCURVE_S1.);
#14102 = CIRCLE('',#14103,1.1);
#14103 = AXIS2_PLACEMENT_3D('',#14104,#14105,#14106);
#14104 = CARTESIAN_POINT('',(0.,0.,0.25));
#14105 = DIRECTION('',(0.,0.,1.));
#14106 = DIRECTION('',(1.,0.,-0.));
#14107 = PCURVE('',#14029,#14108);
#14108 = DEFINITIONAL_REPRESENTATION('',(#14109),#14113);
#14109 = CIRCLE('',#14110,1.1);
#14110 = AXIS2_PLACEMENT_2D('',#14111,#14112);
#14111 = CARTESIAN_POINT('',(0.,0.));
#14112 = DIRECTION('',(1.,0.));
#14113 = ( GEOMETRIC_REPRESENTATION_CONTEXT(2) 
PARAMETRIC_REPRESENTATION_CONTEXT() REPRESENTATION_CONTEXT('2D SPACE',''
  ) );
#14114 = PCURVE('',#14115,#14120);
#14115 = CYLINDRICAL_SURFACE('',#14116,1.1);
#14116 = AXIS2_PLACEMENT_3D('',#14117,#14118,#14119);
#14117 = CARTESIAN_POINT('',(0.,0.,-0.75));
#14118 = DIRECTION('',(0.,0.,1.));
#14119 = DIRECTION('',(1.,0.,-0.));
#14120 = DEFINITIONAL_REPRESENTATION('',(#14121),#14125);
#14121 = LINE('',#14122,#14123);
#14122 = CARTESIAN_POINT('',(0.,1.));
#14123 = VECTOR('',#14124,1.);
#14124 = DIRECTION('',(1.,0.));
#14125 = ( GEOMETRIC_REPRESENTATION_CONTEXT(2) 
PARAMETRIC_REPRESENTATION_CONTEXT() REPRESENTATION_CONTEXT('2D SPACE',''
  ) );
#14126 = ADVANCED_FACE('',(#14127,#14130),#14079,.F.);
#14127 = FACE_BOUND('',#14128,.F.);
#14128 = EDGE_LOOP('',(#14129));
#14129 = ORIENTED_EDGE('',*,*,#14064,.T.);
#14130 = FACE_BOUND('',#14131,.F.);
#14131 = EDGE_LOOP('',(#14132));
#14132 = ORIENTED_EDGE('',*,*,#14133,.F.);
#14133 = EDGE_CURVE('',#14134,#14134,#14136,.T.);
#14134 = VERTEX_POINT('',#14135);
#14135 = CARTESIAN_POINT('',(1.1,0.,-0.25));
#14136 = SURFACE_CURVE('',#14137,(#14142,#14149),.PCURVE_S1.);
#14137 = CIRCLE('',#14138,1.1);
#14138 = AXIS2_PLACEMENT_3D('',#14139,#14140,#14141);
#14139 = CARTESIAN_POINT('',(0.,0.,-0.25));
#14140 = DIRECTION('',(0.,0.,1.));
#14141 = DIRECTION('',(1.,0.,-0.));
#14142 = PCURVE('',#14079,#14143);
#14143 = DEFINITIONAL_REPRESENTATION('',(#14144),#14148);
#14144 = CIRCLE('',#14145,1.1);
#14145 = AXIS2_PLACEMENT_2D('',#14146,#14147);
#14146 = CARTESIAN_POINT('',(0.,0.));
#14147 = DIRECTION('',(1.,0.));
#14148 = ( GEOMETRIC_REPRESENTATION_CONTEXT(2) 
PARAMETRIC_REPRESENTATION_CONTEXT() REPRESENTATION_CONTEXT('2D SPACE',''
  ) );
#14149 = PCURVE('',#14115,#14150);
#14150 = DEFINITIONAL_REPRESENTATION('',(#14151),#14155);
#14151 = LINE('',#14152,#14153);
#14152 = CARTESIAN_POINT('',(0.,0.5));
#14153 = VECTOR('',#14154,1.);
#14154 = DIRECTION('',(1.,0.));
#14155 = ( GEOMETRIC_REPRESENTATION_CONTEXT(2) 
PARAMETRIC_REPRESENTATION_CONTEXT() REPRESENTATION_CONTEXT('2D SPACE',''
  ) );
#14156 = ADVANCED_FACE('',(#14157),#14115,.F.);
#14157 = FACE_BOUND('',#14158,.F.);
#14158 = EDGE_LOOP('',(#14159,#14160,#14181,#14182));
#14159 = ORIENTED_EDGE('',*,*,#14098,.F.);
#14160 = ORIENTED_EDGE('',*,*,#14161,.F.);
#14161 = EDGE_CURVE('',#14134,#14099,#14162,.T.);
#14162 = SEAM_CURVE('',#14163,(#14167,#14174),.PCURVE_S1.);
#14163 = LINE('',#14164,#14165);
#14164 = CARTESIAN_POINT('',(1.1,-2.694222958124E-16,-0.75));
#14165 = VECTOR('',#14166,1.);
#14166 = DIRECTION('',(0.,0.,1.));
#14167 = PCURVE('',#14115,#14168);
#14168 = DEFINITIONAL_REPRESENTATION('',(#14169),#14173);
#14169 = LINE('',#14170,#14171);
#14170 = CARTESIAN_POINT('',(6.28318530718,-0.));
#14171 = VECTOR('',#14172,1.);
#14172 = DIRECTION('',(0.,1.));
#14173 = ( GEOMETRIC_REPRESENTATION_CONTEXT(2) 
PARAMETRIC_REPRESENTATION_CONTEXT() REPRESENTATION_CONTEXT('2D SPACE',''
  ) );
#14174 = PCURVE('',#14115,#14175);
#14175 = DEFINITIONAL_REPRESENTATION('',(#14176),#14180);
#14176 = LINE('',#14177,#14178);
#14177 = CARTESIAN_POINT('',(0.,-0.));
#14178 = VECTOR('',#14179,1.);
#14179 = DIRECTION('',(0.,1.));
#14180 = ( GEOMETRIC_REPRESENTATION_CONTEXT(2) 
PARAMETRIC_REPRESENTATION_CONTEXT() REPRESENTATION_CONTEXT('2D SPACE',''
  ) );
#14181 = ORIENTED_EDGE('',*,*,#14133,.T.);
#14182 = ORIENTED_EDGE('',*,*,#14161,.T.);
#14183 = ( GEOMETRIC_REPRESENTATION_CONTEXT(3) 
GLOBAL_UNCERTAINTY_ASSIGNED_CONTEXT((#14187)) 
GLOBAL_UNIT_ASSIGNED_CONTEXT((#14184,#14185,#14186)) 
REPRESENTATION_CONTEXT('Context #1',
  '3D Context with UNIT and UNCERTAINTY') );
#14184 = ( LENGTH_UNIT() NAMED_UNIT(*) SI_UNIT(.MILLI.,.METRE.) );
#14185 = ( NAMED_UNIT(*) PLANE_ANGLE_UNIT() SI_UNIT($,.RADIAN.) );
#14186 = ( NAMED_UNIT(*) SI_UNIT($,.STERADIAN.) SOLID_ANGLE_UNIT() );
#14187 = UNCERTAINTY_MEASURE_WITH_UNIT(LENGTH_MEASURE(1.E-07),#14184,
  'distance_accuracy_value','confusion accuracy');
#14188 = CONTEXT_DEPENDENT_SHAPE_REPRESENTATION(#14189,#14191);
#14189 = ( REPRESENTATION_RELATIONSHIP('','',#14000,#11706) 
REPRESENTATION_RELATIONSHIP_WITH_TRANSFORMATION(#14190) 
SHAPE_REPRESENTATION_RELATIONSHIP() );
#14190 = ITEM_DEFINED_TRANSFORMATION('','',#11,#11751);
#14191 = PRODUCT_DEFINITION_SHAPE('Placement','Placement of an item',
  #14192);
#14192 = NEXT_ASSEMBLY_USAGE_OCCURRENCE('21','=>[0:1:1:26]','',#11701,
  #13995,$);
#14193 = PRODUCT_RELATED_PRODUCT_CATEGORY('part',$,(#13997));
#14194 = SHAPE_DEFINITION_REPRESENTATION(#14195,#14201);
#14195 = PRODUCT_DEFINITION_SHAPE('','',#14196);
#14196 = PRODUCT_DEFINITION('design','',#14197,#14200);
#14197 = PRODUCT_DEFINITION_FORMATION('','',#14198);
#14198 = PRODUCT('COMPOUND','COMPOUND','',(#14199));
#14199 = PRODUCT_CONTEXT('',#2,'mechanical');
#14200 = PRODUCT_DEFINITION_CONTEXT('part definition',#2,'design');
#14201 = ADVANCED_BREP_SHAPE_REPRESENTATION('',(#11,#14202),#14384);
#14202 = MANIFOLD_SOLID_BREP('',#14203);
#14203 = CLOSED_SHELL('',(#14204,#14292,#14327,#14357));
#14204 = ADVANCED_FACE('',(#14205),#14218,.T.);
#14205 = FACE_BOUND('',#14206,.T.);
#14206 = EDGE_LOOP('',(#14207,#14241,#14264,#14291));
#14207 = ORIENTED_EDGE('',*,*,#14208,.F.);
#14208 = EDGE_CURVE('',#14209,#14209,#14211,.T.);
#14209 = VERTEX_POINT('',#14210);
#14210 = CARTESIAN_POINT('',(2.,0.,0.8));
#14211 = SURFACE_CURVE('',#14212,(#14217,#14229),.PCURVE_S1.);
#14212 = CIRCLE('',#14213,2.);
#14213 = AXIS2_PLACEMENT_3D('',#14214,#14215,#14216);
#14214 = CARTESIAN_POINT('',(0.,0.,0.8));
#14215 = DIRECTION('',(0.,0.,1.));
#14216 = DIRECTION('',(1.,0.,-0.));
#14217 = PCURVE('',#14218,#14223);
#14218 = CYLINDRICAL_SURFACE('',#14219,2.);
#14219 = AXIS2_PLACEMENT_3D('',#14220,#14221,#14222);
#14220 = CARTESIAN_POINT('',(0.,0.,-0.8));
#14221 = DIRECTION('',(0.,0.,1.));
#14222 = DIRECTION('',(1.,0.,-0.));
#14223 = DEFINITIONAL_REPRESENTATION('',(#14224),#14228);
#14224 = LINE('',#14225,#14226);
#14225 = CARTESIAN_POINT('',(0.,1.6));
#14226 = VECTOR('',#14227,1.);
#14227 = DIRECTION('',(1.,0.));
#14228 = ( GEOMETRIC_REPRESENTATION_CONTEXT(2) 
PARAMETRIC_REPRESENTATION_CONTEXT() REPRESENTATION_CONTEXT('2D SPACE',''
  ) );
#14229 = PCURVE('',#14230,#14235);
#14230 = PLANE('',#14231);
#14231 = AXIS2_PLACEMENT_3D('',#14232,#14233,#14234);
#14232 = CARTESIAN_POINT('',(0.,0.,0.8));
#14233 = DIRECTION('',(0.,0.,1.));
#14234 = DIRECTION('',(1.,0.,-0.));
#14235 = DEFINITIONAL_REPRESENTATION('',(#14236),#14240);
#14236 = CIRCLE('',#14237,2.);
#14237 = AXIS2_PLACEMENT_2D('',#14238,#14239);
#14238 = CARTESIAN_POINT('',(0.,0.));
#14239 = DIRECTION('',(1.,0.));
#14240 = ( GEOMETRIC_REPRESENTATION_CONTEXT(2) 
PARAMETRIC_REPRESENTATION_CONTEXT() REPRESENTATION_CONTEXT('2D SPACE',''
  ) );
#14241 = ORIENTED_EDGE('',*,*,#14242,.F.);
#14242 = EDGE_CURVE('',#14243,#14209,#14245,.T.);
#14243 = VERTEX_POINT('',#14244);
#14244 = CARTESIAN_POINT('',(2.,0.,-0.8));
#14245 = SEAM_CURVE('',#14246,(#14250,#14257),.PCURVE_S1.);
#14246 = LINE('',#14247,#14248);
#14247 = CARTESIAN_POINT('',(2.,-4.898587196589E-16,-0.8));
#14248 = VECTOR('',#14249,1.);
#14249 = DIRECTION('',(0.,0.,1.));
#14250 = PCURVE('',#14218,#14251);
#14251 = DEFINITIONAL_REPRESENTATION('',(#14252),#14256);
#14252 = LINE('',#14253,#14254);
#14253 = CARTESIAN_POINT('',(6.28318530718,-0.));
#14254 = VECTOR('',#14255,1.);
#14255 = DIRECTION('',(0.,1.));
#14256 = ( GEOMETRIC_REPRESENTATION_CONTEXT(2) 
PARAMETRIC_REPRESENTATION_CONTEXT() REPRESENTATION_CONTEXT('2D SPACE',''
  ) );
#14257 = PCURVE('',#14218,#14258);
#14258 = DEFINITIONAL_REPRESENTATION('',(#14259),#14263);
#14259 = LINE('',#14260,#14261);
#14260 = CARTESIAN_POINT('',(0.,-0.));
#14261 = VECTOR('',#14262,1.);
#14262 = DIRECTION('',(0.,1.));
#14263 = ( GEOMETRIC_REPRESENTATION_CONTEXT(2) 
PARAMETRIC_REPRESENTATION_CONTEXT() REPRESENTATION_CONTEXT('2D SPACE',''
  ) );
#14264 = ORIENTED_EDGE('',*,*,#14265,.T.);
#14265 = EDGE_CURVE('',#14243,#14243,#14266,.T.);
#14266 = SURFACE_CURVE('',#14267,(#14272,#14279),.PCURVE_S1.);
#14267 = CIRCLE('',#14268,2.);
#14268 = AXIS2_PLACEMENT_3D('',#14269,#14270,#14271);
#14269 = CARTESIAN_POINT('',(0.,0.,-0.8));
#14270 = DIRECTION('',(0.,0.,1.));
#14271 = DIRECTION('',(1.,0.,-0.));
#14272 = PCURVE('',#14218,#14273);
#14273 = DEFINITIONAL_REPRESENTATION('',(#14274),#14278);
#14274 = LINE('',#14275,#14276);
#14275 = CARTESIAN_POINT('',(0.,0.));
#14276 = VECTOR('',#14277,1.);
#14277 = DIRECTION('',(1.,0.));
#14278 = ( GEOMETRIC_REPRESENTATION_CONTEXT(2) 
PARAMETRIC_REPRESENTATION_CONTEXT() REPRESENTATION_CONTEXT('2D SPACE',''
  ) );
#14279 = PCURVE('',#14280,#14285);
#14280 = PLANE('',#14281);
#14281 = AXIS2_PLACEMENT_3D('',#14282,#14283,#14284);
#14282 = CARTESIAN_POINT('',(0.,0.,-0.8));
#14283 = DIRECTION('',(0.,0.,1.));
#14284 = DIRECTION('',(1.,0.,-0.));
#14285 = DEFINITIONAL_REPRESENTATION('',(#14286),#14290);
#14286 = CIRCLE('',#14287,2.);
#14287 = AXIS2_PLACEMENT_2D('',#14288,#14289);
#14288 = CARTESIAN_POINT('',(0.,0.));
#14289 = DIRECTION('',(1.,0.));
#14290 = ( GEOMETRIC_REPRESENTATION_CONTEXT(2) 
PARAMETRIC_REPRESENTATION_CONTEXT() REPRESENTATION_CONTEXT('2D SPACE',''
  ) );
#14291 = ORIENTED_EDGE('',*,*,#14242,.T.);
#14292 = ADVANCED_FACE('',(#14293,#14296),#14230,.T.);
#14293 = FACE_BOUND('',#14294,.T.);
#14294 = EDGE_LOOP('',(#14295));
#14295 = ORIENTED_EDGE('',*,*,#14208,.T.);
#14296 = FACE_BOUND('',#14297,.T.);
#14297 = EDGE_LOOP('',(#14298));
#14298 = ORIENTED_EDGE('',*,*,#14299,.F.);
#14299 = EDGE_CURVE('',#14300,#14300,#14302,.T.);
#14300 = VERTEX_POINT('',#14301);
#14301 = CARTESIAN_POINT('',(1.1,0.,0.8));
#14302 = SURFACE_CURVE('',#14303,(#14308,#14315),.PCURVE_S1.);
#14303 = CIRCLE('',#14304,1.1);
#14304 = AXIS2_PLACEMENT_3D('',#14305,#14306,#14307);
#14305 = CARTESIAN_POINT('',(0.,0.,0.8));
#14306 = DIRECTION('',(0.,0.,1.));
#14307 = DIRECTION('',(1.,0.,-0.));
#14308 = PCURVE('',#14230,#14309);
#14309 = DEFINITIONAL_REPRESENTATION('',(#14310),#14314);
#14310 = CIRCLE('',#14311,1.1);
#14311 = AXIS2_PLACEMENT_2D('',#14312,#14313);
#14312 = CARTESIAN_POINT('',(0.,0.));
#14313 = DIRECTION('',(1.,0.));
#14314 = ( GEOMETRIC_REPRESENTATION_CONTEXT(2) 
PARAMETRIC_REPRESENTATION_CONTEXT() REPRESENTATION_CONTEXT('2D SPACE',''
  ) );
#14315 = PCURVE('',#14316,#14321);
#14316 = CYLINDRICAL_SURFACE('',#14317,1.1);
#14317 = AXIS2_PLACEMENT_3D('',#14318,#14319,#14320);
#14318 = CARTESIAN_POINT('',(0.,0.,-1.3));
#14319 = DIRECTION('',(0.,0.,1.));
#14320 = DIRECTION('',(1.,0.,-0.));
#14321 = DEFINITIONAL_REPRESENTATION('',(#14322),#14326);
#14322 = LINE('',#14323,#14324);
#14323 = CARTESIAN_POINT('',(0.,2.1));
#14324 = VECTOR('',#14325,1.);
#14325 = DIRECTION('',(1.,0.));
#14326 = ( GEOMETRIC_REPRESENTATION_CONTEXT(2) 
PARAMETRIC_REPRESENTATION_CONTEXT() REPRESENTATION_CONTEXT('2D SPACE',''
  ) );
#14327 = ADVANCED_FACE('',(#14328,#14331),#14280,.F.);
#14328 = FACE_BOUND('',#14329,.F.);
#14329 = EDGE_LOOP('',(#14330));
#14330 = ORIENTED_EDGE('',*,*,#14265,.T.);
#14331 = FACE_BOUND('',#14332,.F.);
#14332 = EDGE_LOOP('',(#14333));
#14333 = ORIENTED_EDGE('',*,*,#14334,.F.);
#14334 = EDGE_CURVE('',#14335,#14335,#14337,.T.);
#14335 = VERTEX_POINT('',#14336);
#14336 = CARTESIAN_POINT('',(1.1,0.,-0.8));
#14337 = SURFACE_CURVE('',#14338,(#14343,#14350),.PCURVE_S1.);
#14338 = CIRCLE('',#14339,1.1);
#14339 = AXIS2_PLACEMENT_3D('',#14340,#14341,#14342);
#14340 = CARTESIAN_POINT('',(0.,0.,-0.8));
#14341 = DIRECTION('',(0.,0.,1.));
#14342 = DIRECTION('',(1.,0.,-0.));
#14343 = PCURVE('',#14280,#14344);
#14344 = DEFINITIONAL_REPRESENTATION('',(#14345),#14349);
#14345 = CIRCLE('',#14346,1.1);
#14346 = AXIS2_PLACEMENT_2D('',#14347,#14348);
#14347 = CARTESIAN_POINT('',(0.,0.));
#14348 = DIRECTION('',(1.,0.));
#14349 = ( GEOMETRIC_REPRESENTATION_CONTEXT(2) 
PARAMETRIC_REPRESENTATION_CONTEXT() REPRESENTATION_CONTEXT('2D SPACE',''
  ) );
#14350 = PCURVE('',#14316,#14351);
#14351 = DEFINITIONAL_REPRESENTATION('',(#14352),#14356);
#14352 = LINE('',#14353,#14354);
#14353 = CARTESIAN_POINT('',(0.,0.5));
#14354 = VECTOR('',#14355,1.);
#14355 = DIRECTION('',(1.,0.));
#14356 = ( GEOMETRIC_REPRESENTATION_CONTEXT(2) 
PARAMETRIC_REPRESENTATION_CONTEXT() REPRESENTATION_CONTEXT('2D SPACE',''
  ) );
#14357 = ADVANCED_FACE('',(#14358),#14316,.F.);
#14358 = FACE_BOUND('',#14359,.F.);
#14359 = EDGE_LOOP('',(#14360,#14361,#14382,#14383));
#14360 = ORIENTED_EDGE('',*,*,#14299,.F.);
#14361 = ORIENTED_EDGE('',*,*,#14362,.F.);
#14362 = EDGE_CURVE('',#14335,#14300,#14363,.T.);
#14363 = SEAM_CURVE('',#14364,(#14368,#14375),.PCURVE_S1.);
#14364 = LINE('',#14365,#14366);
#14365 = CARTESIAN_POINT('',(1.1,-2.694222958124E-16,-1.3));
#14366 = VECTOR('',#14367,1.);
#14367 = DIRECTION('',(0.,0.,1.));
#14368 = PCURVE('',#14316,#14369);
#14369 = DEFINITIONAL_REPRESENTATION('',(#14370),#14374);
#14370 = LINE('',#14371,#14372);
#14371 = CARTESIAN_POINT('',(6.28318530718,-0.));
#14372 = VECTOR('',#14373,1.);
#14373 = DIRECTION('',(0.,1.));
#14374 = ( GEOMETRIC_REPRESENTATION_CONTEXT(2) 
PARAMETRIC_REPRESENTATION_CONTEXT() REPRESENTATION_CONTEXT('2D SPACE',''
  ) );
#14375 = PCURVE('',#14316,#14376);
#14376 = DEFINITIONAL_REPRESENTATION('',(#14377),#14381);
#14377 = LINE('',#14378,#14379);
#14378 = CARTESIAN_POINT('',(0.,-0.));
#14379 = VECTOR('',#14380,1.);
#14380 = DIRECTION('',(0.,1.));
#14381 = ( GEOMETRIC_REPRESENTATION_CONTEXT(2) 
PARAMETRIC_REPRESENTATION_CONTEXT() REPRESENTATION_CONTEXT('2D SPACE',''
  ) );
#14382 = ORIENTED_EDGE('',*,*,#14334,.T.);
#14383 = ORIENTED_EDGE('',*,*,#14362,.T.);
#14384 = ( GEOMETRIC_REPRESENTATION_CONTEXT(3) 
GLOBAL_UNCERTAINTY_ASSIGNED_CONTEXT((#14388)) 
GLOBAL_UNIT_ASSIGNED_CONTEXT((#14385,#14386,#14387)) 
REPRESENTATION_CONTEXT('Context #1',
  '3D Context with UNIT and UNCERTAINTY') );
#14385 = ( LENGTH_UNIT() NAMED_UNIT(*) SI_UNIT(.MILLI.,.METRE.) );
#14386 = ( NAMED_UNIT(*) PLANE_ANGLE_UNIT() SI_UNIT($,.RADIAN.) );
#14387 = ( NAMED_UNIT(*) SI_UNIT($,.STERADIAN.) SOLID_ANGLE_UNIT() );
#14388 = UNCERTAINTY_MEASURE_WITH_UNIT(LENGTH_MEASURE(1.E-07),#14385,
  'distance_accuracy_value','confusion accuracy');
#14389 = CONTEXT_DEPENDENT_SHAPE_REPRESENTATION(#14390,#14392);
#14390 = ( REPRESENTATION_RELATIONSHIP('','',#14201,#11706) 
REPRESENTATION_RELATIONSHIP_WITH_TRANSFORMATION(#14391) 
SHAPE_REPRESENTATION_RELATIONSHIP() );
#14391 = ITEM_DEFINED_TRANSFORMATION('','',#11,#11755);
#14392 = PRODUCT_DEFINITION_SHAPE('Placement','Placement of an item',
  #14393);
#14393 = NEXT_ASSEMBLY_USAGE_OCCURRENCE('22','=>[0:1:1:27]','',#11701,
  #14196,$);
#14394 = PRODUCT_RELATED_PRODUCT_CATEGORY('part',$,(#14198));
#14395 = SHAPE_DEFINITION_REPRESENTATION(#14396,#14402);
#14396 = PRODUCT_DEFINITION_SHAPE('','',#14397);
#14397 = PRODUCT_DEFINITION('design','',#14398,#14401);
#14398 = PRODUCT_DEFINITION_FORMATION('','',#14399);
#14399 = PRODUCT('COMPOUND','COMPOUND','',(#14400));
#14400 = PRODUCT_CONTEXT('',#2,'mechanical');
#14401 = PRODUCT_DEFINITION_CONTEXT('part definition',#2,'design');
#14402 = ADVANCED_BREP_SHAPE_REPRESENTATION('',(#11,#14403),#14585);
#14403 = MANIFOLD_SOLID_BREP('',#14404);
#14404 = CLOSED_SHELL('',(#14405,#14493,#14528,#14558));
#14405 = ADVANCED_FACE('',(#14406),#14419,.T.);
#14406 = FACE_BOUND('',#14407,.T.);
#14407 = EDGE_LOOP('',(#14408,#14442,#14465,#14492));
#14408 = ORIENTED_EDGE('',*,*,#14409,.F.);
#14409 = EDGE_CURVE('',#14410,#14410,#14412,.T.);
#14410 = VERTEX_POINT('',#14411);
#14411 = CARTESIAN_POINT('',(2.,0.,0.25));
#14412 = SURFACE_CURVE('',#14413,(#14418,#14430),.PCURVE_S1.);
#14413 = CIRCLE('',#14414,2.);
#14414 = AXIS2_PLACEMENT_3D('',#14415,#14416,#14417);
#14415 = CARTESIAN_POINT('',(0.,0.,0.25));
#14416 = DIRECTION('',(0.,0.,1.));
#14417 = DIRECTION('',(1.,0.,-0.));
#14418 = PCURVE('',#14419,#14424);
#14419 = CYLINDRICAL_SURFACE('',#14420,2.);
#14420 = AXIS2_PLACEMENT_3D('',#14421,#14422,#14423);
#14421 = CARTESIAN_POINT('',(0.,0.,-0.25));
#14422 = DIRECTION('',(0.,0.,1.));
#14423 = DIRECTION('',(1.,0.,-0.));
#14424 = DEFINITIONAL_REPRESENTATION('',(#14425),#14429);
#14425 = LINE('',#14426,#14427);
#14426 = CARTESIAN_POINT('',(0.,0.5));
#14427 = VECTOR('',#14428,1.);
#14428 = DIRECTION('',(1.,0.));
#14429 = ( GEOMETRIC_REPRESENTATION_CONTEXT(2) 
PARAMETRIC_REPRESENTATION_CONTEXT() REPRESENTATION_CONTEXT('2D SPACE',''
  ) );
#14430 = PCURVE('',#14431,#14436);
#14431 = PLANE('',#14432);
#14432 = AXIS2_PLACEMENT_3D('',#14433,#14434,#14435);
#14433 = CARTESIAN_POINT('',(0.,0.,0.25));
#14434 = DIRECTION('',(0.,0.,1.));
#14435 = DIRECTION('',(1.,0.,-0.));
#14436 = DEFINITIONAL_REPRESENTATION('',(#14437),#14441);
#14437 = CIRCLE('',#14438,2.);
#14438 = AXIS2_PLACEMENT_2D('',#14439,#14440);
#14439 = CARTESIAN_POINT('',(0.,0.));
#14440 = DIRECTION('',(1.,0.));
#14441 = ( GEOMETRIC_REPRESENTATION_CONTEXT(2) 
PARAMETRIC_REPRESENTATION_CONTEXT() REPRESENTATION_CONTEXT('2D SPACE',''
  ) );
#14442 = ORIENTED_EDGE('',*,*,#14443,.F.);
#14443 = EDGE_CURVE('',#14444,#14410,#14446,.T.);
#14444 = VERTEX_POINT('',#14445);
#14445 = CARTESIAN_POINT('',(2.,0.,-0.25));
#14446 = SEAM_CURVE('',#14447,(#14451,#14458),.PCURVE_S1.);
#14447 = LINE('',#14448,#14449);
#14448 = CARTESIAN_POINT('',(2.,-4.898587196589E-16,-0.25));
#14449 = VECTOR('',#14450,1.);
#14450 = DIRECTION('',(0.,0.,1.));
#14451 = PCURVE('',#14419,#14452);
#14452 = DEFINITIONAL_REPRESENTATION('',(#14453),#14457);
#14453 = LINE('',#14454,#14455);
#14454 = CARTESIAN_POINT('',(6.28318530718,-0.));
#14455 = VECTOR('',#14456,1.);
#14456 = DIRECTION('',(0.,1.));
#14457 = ( GEOMETRIC_REPRESENTATION_CONTEXT(2) 
PARAMETRIC_REPRESENTATION_CONTEXT() REPRESENTATION_CONTEXT('2D SPACE',''
  ) );
#14458 = PCURVE('',#14419,#14459);
#14459 = DEFINITIONAL_REPRESENTATION('',(#14460),#14464);
#14460 = LINE('',#14461,#14462);
#14461 = CARTESIAN_POINT('',(0.,-0.));
#14462 = VECTOR('',#14463,1.);
#14463 = DIRECTION('',(0.,1.));
#14464 = ( GEOMETRIC_REPRESENTATION_CONTEXT(2) 
PARAMETRIC_REPRESENTATION_CONTEXT() REPRESENTATION_CONTEXT('2D SPACE',''
  ) );
#14465 = ORIENTED_EDGE('',*,*,#14466,.T.);
#14466 = EDGE_CURVE('',#14444,#14444,#14467,.T.);
#14467 = SURFACE_CURVE('',#14468,(#14473,#14480),.PCURVE_S1.);
#14468 = CIRCLE('',#14469,2.);
#14469 = AXIS2_PLACEMENT_3D('',#14470,#14471,#14472);
#14470 = CARTESIAN_POINT('',(0.,0.,-0.25));
#14471 = DIRECTION('',(0.,0.,1.));
#14472 = DIRECTION('',(1.,0.,-0.));
#14473 = PCURVE('',#14419,#14474);
#14474 = DEFINITIONAL_REPRESENTATION('',(#14475),#14479);
#14475 = LINE('',#14476,#14477);
#14476 = CARTESIAN_POINT('',(0.,0.));
#14477 = VECTOR('',#14478,1.);
#14478 = DIRECTION('',(1.,0.));
#14479 = ( GEOMETRIC_REPRESENTATION_CONTEXT(2) 
PARAMETRIC_REPRESENTATION_CONTEXT() REPRESENTATION_CONTEXT('2D SPACE',''
  ) );
#14480 = PCURVE('',#14481,#14486);
#14481 = PLANE('',#14482);
#14482 = AXIS2_PLACEMENT_3D('',#14483,#14484,#14485);
#14483 = CARTESIAN_POINT('',(0.,0.,-0.25));
#14484 = DIRECTION('',(0.,0.,1.));
#14485 = DIRECTION('',(1.,0.,-0.));
#14486 = DEFINITIONAL_REPRESENTATION('',(#14487),#14491);
#14487 = CIRCLE('',#14488,2.);
#14488 = AXIS2_PLACEMENT_2D('',#14489,#14490);
#14489 = CARTESIAN_POINT('',(0.,0.));
#14490 = DIRECTION('',(1.,0.));
#14491 = ( GEOMETRIC_REPRESENTATION_CONTEXT(2) 
PARAMETRIC_REPRESENTATION_CONTEXT() REPRESENTATION_CONTEXT('2D SPACE',''
  ) );
#14492 = ORIENTED_EDGE('',*,*,#14443,.T.);
#14493 = ADVANCED_FACE('',(#14494,#14497),#14431,.T.);
#14494 = FACE_BOUND('',#14495,.T.);
#14495 = EDGE_LOOP('',(#14496));
#14496 = ORIENTED_EDGE('',*,*,#14409,.T.);
#14497 = FACE_BOUND('',#14498,.T.);
#14498 = EDGE_LOOP('',(#14499));
#14499 = ORIENTED_EDGE('',*,*,#14500,.F.);
#14500 = EDGE_CURVE('',#14501,#14501,#14503,.T.);
#14501 = VERTEX_POINT('',#14502);
#14502 = CARTESIAN_POINT('',(1.1,0.,0.25));
#14503 = SURFACE_CURVE('',#14504,(#14509,#14516),.PCURVE_S1.);
#14504 = CIRCLE('',#14505,1.1);
#14505 = AXIS2_PLACEMENT_3D('',#14506,#14507,#14508);
#14506 = CARTESIAN_POINT('',(0.,0.,0.25));
#14507 = DIRECTION('',(0.,0.,1.));
#14508 = DIRECTION('',(1.,0.,-0.));
#14509 = PCURVE('',#14431,#14510);
#14510 = DEFINITIONAL_REPRESENTATION('',(#14511),#14515);
#14511 = CIRCLE('',#14512,1.1);
#14512 = AXIS2_PLACEMENT_2D('',#14513,#14514);
#14513 = CARTESIAN_POINT('',(0.,0.));
#14514 = DIRECTION('',(1.,0.));
#14515 = ( GEOMETRIC_REPRESENTATION_CONTEXT(2) 
PARAMETRIC_REPRESENTATION_CONTEXT() REPRESENTATION_CONTEXT('2D SPACE',''
  ) );
#14516 = PCURVE('',#14517,#14522);
#14517 = CYLINDRICAL_SURFACE('',#14518,1.1);
#14518 = AXIS2_PLACEMENT_3D('',#14519,#14520,#14521);
#14519 = CARTESIAN_POINT('',(0.,0.,-0.75));
#14520 = DIRECTION('',(0.,0.,1.));
#14521 = DIRECTION('',(1.,0.,-0.));
#14522 = DEFINITIONAL_REPRESENTATION('',(#14523),#14527);
#14523 = LINE('',#14524,#14525);
#14524 = CARTESIAN_POINT('',(0.,1.));
#14525 = VECTOR('',#14526,1.);
#14526 = DIRECTION('',(1.,0.));
#14527 = ( GEOMETRIC_REPRESENTATION_CONTEXT(2) 
PARAMETRIC_REPRESENTATION_CONTEXT() REPRESENTATION_CONTEXT('2D SPACE',''
  ) );
#14528 = ADVANCED_FACE('',(#14529,#14532),#14481,.F.);
#14529 = FACE_BOUND('',#14530,.F.);
#14530 = EDGE_LOOP('',(#14531));
#14531 = ORIENTED_EDGE('',*,*,#14466,.T.);
#14532 = FACE_BOUND('',#14533,.F.);
#14533 = EDGE_LOOP('',(#14534));
#14534 = ORIENTED_EDGE('',*,*,#14535,.F.);
#14535 = EDGE_CURVE('',#14536,#14536,#14538,.T.);
#14536 = VERTEX_POINT('',#14537);
#14537 = CARTESIAN_POINT('',(1.1,0.,-0.25));
#14538 = SURFACE_CURVE('',#14539,(#14544,#14551),.PCURVE_S1.);
#14539 = CIRCLE('',#14540,1.1);
#14540 = AXIS2_PLACEMENT_3D('',#14541,#14542,#14543);
#14541 = CARTESIAN_POINT('',(0.,0.,-0.25));
#14542 = DIRECTION('',(0.,0.,1.));
#14543 = DIRECTION('',(1.,0.,-0.));
#14544 = PCURVE('',#14481,#14545);
#14545 = DEFINITIONAL_REPRESENTATION('',(#14546),#14550);
#14546 = CIRCLE('',#14547,1.1);
#14547 = AXIS2_PLACEMENT_2D('',#14548,#14549);
#14548 = CARTESIAN_POINT('',(0.,0.));
#14549 = DIRECTION('',(1.,0.));
#14550 = ( GEOMETRIC_REPRESENTATION_CONTEXT(2) 
PARAMETRIC_REPRESENTATION_CONTEXT() REPRESENTATION_CONTEXT('2D SPACE',''
  ) );
#14551 = PCURVE('',#14517,#14552);
#14552 = DEFINITIONAL_REPRESENTATION('',(#14553),#14557);
#14553 = LINE('',#14554,#14555);
#14554 = CARTESIAN_POINT('',(0.,0.5));
#14555 = VECTOR('',#14556,1.);
#14556 = DIRECTION('',(1.,0.));
#14557 = ( GEOMETRIC_REPRESENTATION_CONTEXT(2) 
PARAMETRIC_REPRESENTATION_CONTEXT() REPRESENTATION_CONTEXT('2D SPACE',''
  ) );
#14558 = ADVANCED_FACE('',(#14559),#14517,.F.);
#14559 = FACE_BOUND('',#14560,.F.);
#14560 = EDGE_LOOP('',(#14561,#14562,#14583,#14584));
#14561 = ORIENTED_EDGE('',*,*,#14500,.F.);
#14562 = ORIENTED_EDGE('',*,*,#14563,.F.);
#14563 = EDGE_CURVE('',#14536,#14501,#14564,.T.);
#14564 = SEAM_CURVE('',#14565,(#14569,#14576),.PCURVE_S1.);
#14565 = LINE('',#14566,#14567);
#14566 = CARTESIAN_POINT('',(1.1,-2.694222958124E-16,-0.75));
#14567 = VECTOR('',#14568,1.);
#14568 = DIRECTION('',(0.,0.,1.));
#14569 = PCURVE('',#14517,#14570);
#14570 = DEFINITIONAL_REPRESENTATION('',(#14571),#14575);
#14571 = LINE('',#14572,#14573);
#14572 = CARTESIAN_POINT('',(6.28318530718,-0.));
#14573 = VECTOR('',#14574,1.);
#14574 = DIRECTION('',(0.,1.));
#14575 = ( GEOMETRIC_REPRESENTATION_CONTEXT(2) 
PARAMETRIC_REPRESENTATION_CONTEXT() REPRESENTATION_CONTEXT('2D SPACE',''
  ) );
#14576 = PCURVE('',#14517,#14577);
#14577 = DEFINITIONAL_REPRESENTATION('',(#14578),#14582);
#14578 = LINE('',#14579,#14580);
#14579 = CARTESIAN_POINT('',(0.,-0.));
#14580 = VECTOR('',#14581,1.);
#14581 = DIRECTION('',(0.,1.));
#14582 = ( GEOMETRIC_REPRESENTATION_CONTEXT(2) 
PARAMETRIC_REPRESENTATION_CONTEXT() REPRESENTATION_CONTEXT('2D SPACE',''
  ) );
#14583 = ORIENTED_EDGE('',*,*,#14535,.T.);
#14584 = ORIENTED_EDGE('',*,*,#14563,.T.);
#14585 = ( GEOMETRIC_REPRESENTATION_CONTEXT(3) 
GLOBAL_UNCERTAINTY_ASSIGNED_CONTEXT((#14589)) 
GLOBAL_UNIT_ASSIGNED_CONTEXT((#14586,#14587,#14588)) 
REPRESENTATION_CONTEXT('Context #1',
  '3D Context with UNIT and UNCERTAINTY') );
#14586 = ( LENGTH_UNIT() NAMED_UNIT(*) SI_UNIT(.MILLI.,.METRE.) );
#14587 = ( NAMED_UNIT(*) PLANE_ANGLE_UNIT() SI_UNIT($,.RADIAN.) );
#14588 = ( NAMED_UNIT(*) SI_UNIT($,.STERADIAN.) SOLID_ANGLE_UNIT() );
#14589 = UNCERTAINTY_MEASURE_WITH_UNIT(LENGTH_MEASURE(1.E-07),#14586,
  'distance_accuracy_value','confusion accuracy');
#14590 = CONTEXT_DEPENDENT_SHAPE_REPRESENTATION(#14591,#14593);
#14591 = ( REPRESENTATION_RELATIONSHIP('','',#14402,#11706) 
REPRESENTATION_RELATIONSHIP_WITH_TRANSFORMATION(#14592) 
SHAPE_REPRESENTATION_RELATIONSHIP() );
#14592 = ITEM_DEFINED_TRANSFORMATION('','',#11,#11759);
#14593 = PRODUCT_DEFINITION_SHAPE('Placement','Placement of an item',
  #14594);
#14594 = NEXT_ASSEMBLY_USAGE_OCCURRENCE('23','=>[0:1:1:28]','',#11701,
  #14397,$);
#14595 = PRODUCT_RELATED_PRODUCT_CATEGORY('part',$,(#14399));
#14596 = SHAPE_DEFINITION_REPRESENTATION(#14597,#14603);
#14597 = PRODUCT_DEFINITION_SHAPE('','',#14598);
#14598 = PRODUCT_DEFINITION('design','',#14599,#14602);
#14599 = PRODUCT_DEFINITION_FORMATION('','',#14600);
#14600 = PRODUCT('COMPOUND','COMPOUND','',(#14601));
#14601 = PRODUCT_CONTEXT('',#2,'mechanical');
#14602 = PRODUCT_DEFINITION_CONTEXT('part definition',#2,'design');
#14603 = ADVANCED_BREP_SHAPE_REPRESENTATION('',(#11,#14604),#14786);
#14604 = MANIFOLD_SOLID_BREP('',#14605);
#14605 = CLOSED_SHELL('',(#14606,#14694,#14729,#14759));
#14606 = ADVANCED_FACE('',(#14607),#14620,.T.);
#14607 = FACE_BOUND('',#14608,.T.);
#14608 = EDGE_LOOP('',(#14609,#14643,#14666,#14693));
#14609 = ORIENTED_EDGE('',*,*,#14610,.F.);
#14610 = EDGE_CURVE('',#14611,#14611,#14613,.T.);
#14611 = VERTEX_POINT('',#14612);
#14612 = CARTESIAN_POINT('',(2.,0.,0.8));
#14613 = SURFACE_CURVE('',#14614,(#14619,#14631),.PCURVE_S1.);
#14614 = CIRCLE('',#14615,2.);
#14615 = AXIS2_PLACEMENT_3D('',#14616,#14617,#14618);
#14616 = CARTESIAN_POINT('',(0.,0.,0.8));
#14617 = DIRECTION('',(0.,0.,1.));
#14618 = DIRECTION('',(1.,0.,-0.));
#14619 = PCURVE('',#14620,#14625);
#14620 = CYLINDRICAL_SURFACE('',#14621,2.);
#14621 = AXIS2_PLACEMENT_3D('',#14622,#14623,#14624);
#14622 = CARTESIAN_POINT('',(0.,0.,-0.8));
#14623 = DIRECTION('',(0.,0.,1.));
#14624 = DIRECTION('',(1.,0.,-0.));
#14625 = DEFINITIONAL_REPRESENTATION('',(#14626),#14630);
#14626 = LINE('',#14627,#14628);
#14627 = CARTESIAN_POINT('',(0.,1.6));
#14628 = VECTOR('',#14629,1.);
#14629 = DIRECTION('',(1.,0.));
#14630 = ( GEOMETRIC_REPRESENTATION_CONTEXT(2) 
PARAMETRIC_REPRESENTATION_CONTEXT() REPRESENTATION_CONTEXT('2D SPACE',''
  ) );
#14631 = PCURVE('',#14632,#14637);
#14632 = PLANE('',#14633);
#14633 = AXIS2_PLACEMENT_3D('',#14634,#14635,#14636);
#14634 = CARTESIAN_POINT('',(0.,0.,0.8));
#14635 = DIRECTION('',(0.,0.,1.));
#14636 = DIRECTION('',(1.,0.,-0.));
#14637 = DEFINITIONAL_REPRESENTATION('',(#14638),#14642);
#14638 = CIRCLE('',#14639,2.);
#14639 = AXIS2_PLACEMENT_2D('',#14640,#14641);
#14640 = CARTESIAN_POINT('',(0.,0.));
#14641 = DIRECTION('',(1.,0.));
#14642 = ( GEOMETRIC_REPRESENTATION_CONTEXT(2) 
PARAMETRIC_REPRESENTATION_CONTEXT() REPRESENTATION_CONTEXT('2D SPACE',''
  ) );
#14643 = ORIENTED_EDGE('',*,*,#14644,.F.);
#14644 = EDGE_CURVE('',#14645,#14611,#14647,.T.);
#14645 = VERTEX_POINT('',#14646);
#14646 = CARTESIAN_POINT('',(2.,0.,-0.8));
#14647 = SEAM_CURVE('',#14648,(#14652,#14659),.PCURVE_S1.);
#14648 = LINE('',#14649,#14650);
#14649 = CARTESIAN_POINT('',(2.,-4.898587196589E-16,-0.8));
#14650 = VECTOR('',#14651,1.);
#14651 = DIRECTION('',(0.,0.,1.));
#14652 = PCURVE('',#14620,#14653);
#14653 = DEFINITIONAL_REPRESENTATION('',(#14654),#14658);
#14654 = LINE('',#14655,#14656);
#14655 = CARTESIAN_POINT('',(6.28318530718,-0.));
#14656 = VECTOR('',#14657,1.);
#14657 = DIRECTION('',(0.,1.));
#14658 = ( GEOMETRIC_REPRESENTATION_CONTEXT(2) 
PARAMETRIC_REPRESENTATION_CONTEXT() REPRESENTATION_CONTEXT('2D SPACE',''
  ) );
#14659 = PCURVE('',#14620,#14660);
#14660 = DEFINITIONAL_REPRESENTATION('',(#14661),#14665);
#14661 = LINE('',#14662,#14663);
#14662 = CARTESIAN_POINT('',(0.,-0.));
#14663 = VECTOR('',#14664,1.);
#14664 = DIRECTION('',(0.,1.));
#14665 = ( GEOMETRIC_REPRESENTATION_CONTEXT(2) 
PARAMETRIC_REPRESENTATION_CONTEXT() REPRESENTATION_CONTEXT('2D SPACE',''
  ) );
#14666 = ORIENTED_EDGE('',*,*,#14667,.T.);
#14667 = EDGE_CURVE('',#14645,#14645,#14668,.T.);
#14668 = SURFACE_CURVE('',#14669,(#14674,#14681),.PCURVE_S1.);
#14669 = CIRCLE('',#14670,2.);
#14670 = AXIS2_PLACEMENT_3D('',#14671,#14672,#14673);
#14671 = CARTESIAN_POINT('',(0.,0.,-0.8));
#14672 = DIRECTION('',(0.,0.,1.));
#14673 = DIRECTION('',(1.,0.,-0.));
#14674 = PCURVE('',#14620,#14675);
#14675 = DEFINITIONAL_REPRESENTATION('',(#14676),#14680);
#14676 = LINE('',#14677,#14678);
#14677 = CARTESIAN_POINT('',(0.,0.));
#14678 = VECTOR('',#14679,1.);
#14679 = DIRECTION('',(1.,0.));
#14680 = ( GEOMETRIC_REPRESENTATION_CONTEXT(2) 
PARAMETRIC_REPRESENTATION_CONTEXT() REPRESENTATION_CONTEXT('2D SPACE',''
  ) );
#14681 = PCURVE('',#14682,#14687);
#14682 = PLANE('',#14683);
#14683 = AXIS2_PLACEMENT_3D('',#14684,#14685,#14686);
#14684 = CARTESIAN_POINT('',(0.,0.,-0.8));
#14685 = DIRECTION('',(0.,0.,1.));
#14686 = DIRECTION('',(1.,0.,-0.));
#14687 = DEFINITIONAL_REPRESENTATION('',(#14688),#14692);
#14688 = CIRCLE('',#14689,2.);
#14689 = AXIS2_PLACEMENT_2D('',#14690,#14691);
#14690 = CARTESIAN_POINT('',(0.,0.));
#14691 = DIRECTION('',(1.,0.));
#14692 = ( GEOMETRIC_REPRESENTATION_CONTEXT(2) 
PARAMETRIC_REPRESENTATION_CONTEXT() REPRESENTATION_CONTEXT('2D SPACE',''
  ) );
#14693 = ORIENTED_EDGE('',*,*,#14644,.T.);
#14694 = ADVANCED_FACE('',(#14695,#14698),#14632,.T.);
#14695 = FACE_BOUND('',#14696,.T.);
#14696 = EDGE_LOOP('',(#14697));
#14697 = ORIENTED_EDGE('',*,*,#14610,.T.);
#14698 = FACE_BOUND('',#14699,.T.);
#14699 = EDGE_LOOP('',(#14700));
#14700 = ORIENTED_EDGE('',*,*,#14701,.F.);
#14701 = EDGE_CURVE('',#14702,#14702,#14704,.T.);
#14702 = VERTEX_POINT('',#14703);
#14703 = CARTESIAN_POINT('',(1.1,0.,0.8));
#14704 = SURFACE_CURVE('',#14705,(#14710,#14717),.PCURVE_S1.);
#14705 = CIRCLE('',#14706,1.1);
#14706 = AXIS2_PLACEMENT_3D('',#14707,#14708,#14709);
#14707 = CARTESIAN_POINT('',(0.,0.,0.8));
#14708 = DIRECTION('',(0.,0.,1.));
#14709 = DIRECTION('',(1.,0.,-0.));
#14710 = PCURVE('',#14632,#14711);
#14711 = DEFINITIONAL_REPRESENTATION('',(#14712),#14716);
#14712 = CIRCLE('',#14713,1.1);
#14713 = AXIS2_PLACEMENT_2D('',#14714,#14715);
#14714 = CARTESIAN_POINT('',(0.,0.));
#14715 = DIRECTION('',(1.,0.));
#14716 = ( GEOMETRIC_REPRESENTATION_CONTEXT(2) 
PARAMETRIC_REPRESENTATION_CONTEXT() REPRESENTATION_CONTEXT('2D SPACE',''
  ) );
#14717 = PCURVE('',#14718,#14723);
#14718 = CYLINDRICAL_SURFACE('',#14719,1.1);
#14719 = AXIS2_PLACEMENT_3D('',#14720,#14721,#14722);
#14720 = CARTESIAN_POINT('',(0.,0.,-1.3));
#14721 = DIRECTION('',(0.,0.,1.));
#14722 = DIRECTION('',(1.,0.,-0.));
#14723 = DEFINITIONAL_REPRESENTATION('',(#14724),#14728);
#14724 = LINE('',#14725,#14726);
#14725 = CARTESIAN_POINT('',(0.,2.1));
#14726 = VECTOR('',#14727,1.);
#14727 = DIRECTION('',(1.,0.));
#14728 = ( GEOMETRIC_REPRESENTATION_CONTEXT(2) 
PARAMETRIC_REPRESENTATION_CONTEXT() REPRESENTATION_CONTEXT('2D SPACE',''
  ) );
#14729 = ADVANCED_FACE('',(#14730,#14733),#14682,.F.);
#14730 = FACE_BOUND('',#14731,.F.);
#14731 = EDGE_LOOP('',(#14732));
#14732 = ORIENTED_EDGE('',*,*,#14667,.T.);
#14733 = FACE_BOUND('',#14734,.F.);
#14734 = EDGE_LOOP('',(#14735));
#14735 = ORIENTED_EDGE('',*,*,#14736,.F.);
#14736 = EDGE_CURVE('',#14737,#14737,#14739,.T.);
#14737 = VERTEX_POINT('',#14738);
#14738 = CARTESIAN_POINT('',(1.1,0.,-0.8));
#14739 = SURFACE_CURVE('',#14740,(#14745,#14752),.PCURVE_S1.);
#14740 = CIRCLE('',#14741,1.1);
#14741 = AXIS2_PLACEMENT_3D('',#14742,#14743,#14744);
#14742 = CARTESIAN_POINT('',(0.,0.,-0.8));
#14743 = DIRECTION('',(0.,0.,1.));
#14744 = DIRECTION('',(1.,0.,-0.));
#14745 = PCURVE('',#14682,#14746);
#14746 = DEFINITIONAL_REPRESENTATION('',(#14747),#14751);
#14747 = CIRCLE('',#14748,1.1);
#14748 = AXIS2_PLACEMENT_2D('',#14749,#14750);
#14749 = CARTESIAN_POINT('',(0.,0.));
#14750 = DIRECTION('',(1.,0.));
#14751 = ( GEOMETRIC_REPRESENTATION_CONTEXT(2) 
PARAMETRIC_REPRESENTATION_CONTEXT() REPRESENTATION_CONTEXT('2D SPACE',''
  ) );
#14752 = PCURVE('',#14718,#14753);
#14753 = DEFINITIONAL_REPRESENTATION('',(#14754),#14758);
#14754 = LINE('',#14755,#14756);
#14755 = CARTESIAN_POINT('',(0.,0.5));
#14756 = VECTOR('',#14757,1.);
#14757 = DIRECTION('',(1.,0.));
#14758 = ( GEOMETRIC_REPRESENTATION_CONTEXT(2) 
PARAMETRIC_REPRESENTATION_CONTEXT() REPRESENTATION_CONTEXT('2D SPACE',''
  ) );
#14759 = ADVANCED_FACE('',(#14760),#14718,.F.);
#14760 = FACE_BOUND('',#14761,.F.);
#14761 = EDGE_LOOP('',(#14762,#14763,#14784,#14785));
#14762 = ORIENTED_EDGE('',*,*,#14701,.F.);
#14763 = ORIENTED_EDGE('',*,*,#14764,.F.);
#14764 = EDGE_CURVE('',#14737,#14702,#14765,.T.);
#14765 = SEAM_CURVE('',#14766,(#14770,#14777),.PCURVE_S1.);
#14766 = LINE('',#14767,#14768);
#14767 = CARTESIAN_POINT('',(1.1,-2.694222958124E-16,-1.3));
#14768 = VECTOR('',#14769,1.);
#14769 = DIRECTION('',(0.,0.,1.));
#14770 = PCURVE('',#14718,#14771);
#14771 = DEFINITIONAL_REPRESENTATION('',(#14772),#14776);
#14772 = LINE('',#14773,#14774);
#14773 = CARTESIAN_POINT('',(6.28318530718,-0.));
#14774 = VECTOR('',#14775,1.);
#14775 = DIRECTION('',(0.,1.));
#14776 = ( GEOMETRIC_REPRESENTATION_CONTEXT(2) 
PARAMETRIC_REPRESENTATION_CONTEXT() REPRESENTATION_CONTEXT('2D SPACE',''
  ) );
#14777 = PCURVE('',#14718,#14778);
#14778 = DEFINITIONAL_REPRESENTATION('',(#14779),#14783);
#14779 = LINE('',#14780,#14781);
#14780 = CARTESIAN_POINT('',(0.,-0.));
#14781 = VECTOR('',#14782,1.);
#14782 = DIRECTION('',(0.,1.));
#14783 = ( GEOMETRIC_REPRESENTATION_CONTEXT(2) 
PARAMETRIC_REPRESENTATION_CONTEXT() REPRESENTATION_CONTEXT('2D SPACE',''
  ) );
#14784 = ORIENTED_EDGE('',*,*,#14736,.T.);
#14785 = ORIENTED_EDGE('',*,*,#14764,.T.);
#14786 = ( GEOMETRIC_REPRESENTATION_CONTEXT(3) 
GLOBAL_UNCERTAINTY_ASSIGNED_CONTEXT((#14790)) 
GLOBAL_UNIT_ASSIGNED_CONTEXT((#14787,#14788,#14789)) 
REPRESENTATION_CONTEXT('Context #1',
  '3D Context with UNIT and UNCERTAINTY') );
#14787 = ( LENGTH_UNIT() NAMED_UNIT(*) SI_UNIT(.MILLI.,.METRE.) );
#14788 = ( NAMED_UNIT(*) PLANE_ANGLE_UNIT() SI_UNIT($,.RADIAN.) );
#14789 = ( NAMED_UNIT(*) SI_UNIT($,.STERADIAN.) SOLID_ANGLE_UNIT() );
#14790 = UNCERTAINTY_MEASURE_WITH_UNIT(LENGTH_MEASURE(1.E-07),#14787,
  'distance_accuracy_value','confusion accuracy');
#14791 = CONTEXT_DEPENDENT_SHAPE_REPRESENTATION(#14792,#14794);
#14792 = ( REPRESENTATION_RELATIONSHIP('','',#14603,#11706) 
REPRESENTATION_RELATIONSHIP_WITH_TRANSFORMATION(#14793) 
SHAPE_REPRESENTATION_RELATIONSHIP() );
#14793 = ITEM_DEFINED_TRANSFORMATION('','',#11,#11763);
#14794 = PRODUCT_DEFINITION_SHAPE('Placement','Placement of an item',
  #14795);
#14795 = NEXT_ASSEMBLY_USAGE_OCCURRENCE('24','=>[0:1:1:29]','',#11701,
  #14598,$);
#14796 = PRODUCT_RELATED_PRODUCT_CATEGORY('part',$,(#14600));
#14797 = SHAPE_DEFINITION_REPRESENTATION(#14798,#14804);
#14798 = PRODUCT_DEFINITION_SHAPE('','',#14799);
#14799 = PRODUCT_DEFINITION('design','',#14800,#14803);
#14800 = PRODUCT_DEFINITION_FORMATION('','',#14801);
#14801 = PRODUCT('COMPOUND','COMPOUND','',(#14802));
#14802 = PRODUCT_CONTEXT('',#2,'mechanical');
#14803 = PRODUCT_DEFINITION_CONTEXT('part definition',#2,'design');
#14804 = ADVANCED_BREP_SHAPE_REPRESENTATION('',(#11,#14805),#14987);
#14805 = MANIFOLD_SOLID_BREP('',#14806);
#14806 = CLOSED_SHELL('',(#14807,#14895,#14930,#14960));
#14807 = ADVANCED_FACE('',(#14808),#14821,.T.);
#14808 = FACE_BOUND('',#14809,.T.);
#14809 = EDGE_LOOP('',(#14810,#14844,#14867,#14894));
#14810 = ORIENTED_EDGE('',*,*,#14811,.F.);
#14811 = EDGE_CURVE('',#14812,#14812,#14814,.T.);
#14812 = VERTEX_POINT('',#14813);
#14813 = CARTESIAN_POINT('',(2.,0.,0.25));
#14814 = SURFACE_CURVE('',#14815,(#14820,#14832),.PCURVE_S1.);
#14815 = CIRCLE('',#14816,2.);
#14816 = AXIS2_PLACEMENT_3D('',#14817,#14818,#14819);
#14817 = CARTESIAN_POINT('',(0.,0.,0.25));
#14818 = DIRECTION('',(0.,0.,1.));
#14819 = DIRECTION('',(1.,0.,-0.));
#14820 = PCURVE('',#14821,#14826);
#14821 = CYLINDRICAL_SURFACE('',#14822,2.);
#14822 = AXIS2_PLACEMENT_3D('',#14823,#14824,#14825);
#14823 = CARTESIAN_POINT('',(0.,0.,-0.25));
#14824 = DIRECTION('',(0.,0.,1.));
#14825 = DIRECTION('',(1.,0.,-0.));
#14826 = DEFINITIONAL_REPRESENTATION('',(#14827),#14831);
#14827 = LINE('',#14828,#14829);
#14828 = CARTESIAN_POINT('',(0.,0.5));
#14829 = VECTOR('',#14830,1.);
#14830 = DIRECTION('',(1.,0.));
#14831 = ( GEOMETRIC_REPRESENTATION_CONTEXT(2) 
PARAMETRIC_REPRESENTATION_CONTEXT() REPRESENTATION_CONTEXT('2D SPACE',''
  ) );
#14832 = PCURVE('',#14833,#14838);
#14833 = PLANE('',#14834);
#14834 = AXIS2_PLACEMENT_3D('',#14835,#14836,#14837);
#14835 = CARTESIAN_POINT('',(0.,0.,0.25));
#14836 = DIRECTION('',(0.,0.,1.));
#14837 = DIRECTION('',(1.,0.,-0.));
#14838 = DEFINITIONAL_REPRESENTATION('',(#14839),#14843);
#14839 = CIRCLE('',#14840,2.);
#14840 = AXIS2_PLACEMENT_2D('',#14841,#14842);
#14841 = CARTESIAN_POINT('',(0.,0.));
#14842 = DIRECTION('',(1.,0.));
#14843 = ( GEOMETRIC_REPRESENTATION_CONTEXT(2) 
PARAMETRIC_REPRESENTATION_CONTEXT() REPRESENTATION_CONTEXT('2D SPACE',''
  ) );
#14844 = ORIENTED_EDGE('',*,*,#14845,.F.);
#14845 = EDGE_CURVE('',#14846,#14812,#14848,.T.);
#14846 = VERTEX_POINT('',#14847);
#14847 = CARTESIAN_POINT('',(2.,0.,-0.25));
#14848 = SEAM_CURVE('',#14849,(#14853,#14860),.PCURVE_S1.);
#14849 = LINE('',#14850,#14851);
#14850 = CARTESIAN_POINT('',(2.,-4.898587196589E-16,-0.25));
#14851 = VECTOR('',#14852,1.);
#14852 = DIRECTION('',(0.,0.,1.));
#14853 = PCURVE('',#14821,#14854);
#14854 = DEFINITIONAL_REPRESENTATION('',(#14855),#14859);
#14855 = LINE('',#14856,#14857);
#14856 = CARTESIAN_POINT('',(6.28318530718,-0.));
#14857 = VECTOR('',#14858,1.);
#14858 = DIRECTION('',(0.,1.));
#14859 = ( GEOMETRIC_REPRESENTATION_CONTEXT(2) 
PARAMETRIC_REPRESENTATION_CONTEXT() REPRESENTATION_CONTEXT('2D SPACE',''
  ) );
#14860 = PCURVE('',#14821,#14861);
#14861 = DEFINITIONAL_REPRESENTATION('',(#14862),#14866);
#14862 = LINE('',#14863,#14864);
#14863 = CARTESIAN_POINT('',(0.,-0.));
#14864 = VECTOR('',#14865,1.);
#14865 = DIRECTION('',(0.,1.));
#14866 = ( GEOMETRIC_REPRESENTATION_CONTEXT(2) 
PARAMETRIC_REPRESENTATION_CONTEXT() REPRESENTATION_CONTEXT('2D SPACE',''
  ) );
#14867 = ORIENTED_EDGE('',*,*,#14868,.T.);
#14868 = EDGE_CURVE('',#14846,#14846,#14869,.T.);
#14869 = SURFACE_CURVE('',#14870,(#14875,#14882),.PCURVE_S1.);
#14870 = CIRCLE('',#14871,2.);
#14871 = AXIS2_PLACEMENT_3D('',#14872,#14873,#14874);
#14872 = CARTESIAN_POINT('',(0.,0.,-0.25));
#14873 = DIRECTION('',(0.,0.,1.));
#14874 = DIRECTION('',(1.,0.,-0.));
#14875 = PCURVE('',#14821,#14876);
#14876 = DEFINITIONAL_REPRESENTATION('',(#14877),#14881);
#14877 = LINE('',#14878,#14879);
#14878 = CARTESIAN_POINT('',(0.,0.));
#14879 = VECTOR('',#14880,1.);
#14880 = DIRECTION('',(1.,0.));
#14881 = ( GEOMETRIC_REPRESENTATION_CONTEXT(2) 
PARAMETRIC_REPRESENTATION_CONTEXT() REPRESENTATION_CONTEXT('2D SPACE',''
  ) );
#14882 = PCURVE('',#14883,#14888);
#14883 = PLANE('',#14884);
#14884 = AXIS2_PLACEMENT_3D('',#14885,#14886,#14887);
#14885 = CARTESIAN_POINT('',(0.,0.,-0.25));
#14886 = DIRECTION('',(0.,0.,1.));
#14887 = DIRECTION('',(1.,0.,-0.));
#14888 = DEFINITIONAL_REPRESENTATION('',(#14889),#14893);
#14889 = CIRCLE('',#14890,2.);
#14890 = AXIS2_PLACEMENT_2D('',#14891,#14892);
#14891 = CARTESIAN_POINT('',(0.,0.));
#14892 = DIRECTION('',(1.,0.));
#14893 = ( GEOMETRIC_REPRESENTATION_CONTEXT(2) 
PARAMETRIC_REPRESENTATION_CONTEXT() REPRESENTATION_CONTEXT('2D SPACE',''
  ) );
#14894 = ORIENTED_EDGE('',*,*,#14845,.T.);
#14895 = ADVANCED_FACE('',(#14896,#14899),#14833,.T.);
#14896 = FACE_BOUND('',#14897,.T.);
#14897 = EDGE_LOOP('',(#14898));
#14898 = ORIENTED_EDGE('',*,*,#14811,.T.);
#14899 = FACE_BOUND('',#14900,.T.);
#14900 = EDGE_LOOP('',(#14901));
#14901 = ORIENTED_EDGE('',*,*,#14902,.F.);
#14902 = EDGE_CURVE('',#14903,#14903,#14905,.T.);
#14903 = VERTEX_POINT('',#14904);
#14904 = CARTESIAN_POINT('',(1.1,0.,0.25));
#14905 = SURFACE_CURVE('',#14906,(#14911,#14918),.PCURVE_S1.);
#14906 = CIRCLE('',#14907,1.1);
#14907 = AXIS2_PLACEMENT_3D('',#14908,#14909,#14910);
#14908 = CARTESIAN_POINT('',(0.,0.,0.25));
#14909 = DIRECTION('',(0.,0.,1.));
#14910 = DIRECTION('',(1.,0.,-0.));
#14911 = PCURVE('',#14833,#14912);
#14912 = DEFINITIONAL_REPRESENTATION('',(#14913),#14917);
#14913 = CIRCLE('',#14914,1.1);
#14914 = AXIS2_PLACEMENT_2D('',#14915,#14916);
#14915 = CARTESIAN_POINT('',(0.,0.));
#14916 = DIRECTION('',(1.,0.));
#14917 = ( GEOMETRIC_REPRESENTATION_CONTEXT(2) 
PARAMETRIC_REPRESENTATION_CONTEXT() REPRESENTATION_CONTEXT('2D SPACE',''
  ) );
#14918 = PCURVE('',#14919,#14924);
#14919 = CYLINDRICAL_SURFACE('',#14920,1.1);
#14920 = AXIS2_PLACEMENT_3D('',#14921,#14922,#14923);
#14921 = CARTESIAN_POINT('',(0.,0.,-0.75));
#14922 = DIRECTION('',(0.,0.,1.));
#14923 = DIRECTION('',(1.,0.,-0.));
#14924 = DEFINITIONAL_REPRESENTATION('',(#14925),#14929);
#14925 = LINE('',#14926,#14927);
#14926 = CARTESIAN_POINT('',(0.,1.));
#14927 = VECTOR('',#14928,1.);
#14928 = DIRECTION('',(1.,0.));
#14929 = ( GEOMETRIC_REPRESENTATION_CONTEXT(2) 
PARAMETRIC_REPRESENTATION_CONTEXT() REPRESENTATION_CONTEXT('2D SPACE',''
  ) );
#14930 = ADVANCED_FACE('',(#14931,#14934),#14883,.F.);
#14931 = FACE_BOUND('',#14932,.F.);
#14932 = EDGE_LOOP('',(#14933));
#14933 = ORIENTED_EDGE('',*,*,#14868,.T.);
#14934 = FACE_BOUND('',#14935,.F.);
#14935 = EDGE_LOOP('',(#14936));
#14936 = ORIENTED_EDGE('',*,*,#14937,.F.);
#14937 = EDGE_CURVE('',#14938,#14938,#14940,.T.);
#14938 = VERTEX_POINT('',#14939);
#14939 = CARTESIAN_POINT('',(1.1,0.,-0.25));
#14940 = SURFACE_CURVE('',#14941,(#14946,#14953),.PCURVE_S1.);
#14941 = CIRCLE('',#14942,1.1);
#14942 = AXIS2_PLACEMENT_3D('',#14943,#14944,#14945);
#14943 = CARTESIAN_POINT('',(0.,0.,-0.25));
#14944 = DIRECTION('',(0.,0.,1.));
#14945 = DIRECTION('',(1.,0.,-0.));
#14946 = PCURVE('',#14883,#14947);
#14947 = DEFINITIONAL_REPRESENTATION('',(#14948),#14952);
#14948 = CIRCLE('',#14949,1.1);
#14949 = AXIS2_PLACEMENT_2D('',#14950,#14951);
#14950 = CARTESIAN_POINT('',(0.,0.));
#14951 = DIRECTION('',(1.,0.));
#14952 = ( GEOMETRIC_REPRESENTATION_CONTEXT(2) 
PARAMETRIC_REPRESENTATION_CONTEXT() REPRESENTATION_CONTEXT('2D SPACE',''
  ) );
#14953 = PCURVE('',#14919,#14954);
#14954 = DEFINITIONAL_REPRESENTATION('',(#14955),#14959);
#14955 = LINE('',#14956,#14957);
#14956 = CARTESIAN_POINT('',(0.,0.5));
#14957 = VECTOR('',#14958,1.);
#14958 = DIRECTION('',(1.,0.));
#14959 = ( GEOMETRIC_REPRESENTATION_CONTEXT(2) 
PARAMETRIC_REPRESENTATION_CONTEXT() REPRESENTATION_CONTEXT('2D SPACE',''
  ) );
#14960 = ADVANCED_FACE('',(#14961),#14919,.F.);
#14961 = FACE_BOUND('',#14962,.F.);
#14962 = EDGE_LOOP('',(#14963,#14964,#14985,#14986));
#14963 = ORIENTED_EDGE('',*,*,#14902,.F.);
#14964 = ORIENTED_EDGE('',*,*,#14965,.F.);
#14965 = EDGE_CURVE('',#14938,#14903,#14966,.T.);
#14966 = SEAM_CURVE('',#14967,(#14971,#14978),.PCURVE_S1.);
#14967 = LINE('',#14968,#14969);
#14968 = CARTESIAN_POINT('',(1.1,-2.694222958124E-16,-0.75));
#14969 = VECTOR('',#14970,1.);
#14970 = DIRECTION('',(0.,0.,1.));
#14971 = PCURVE('',#14919,#14972);
#14972 = DEFINITIONAL_REPRESENTATION('',(#14973),#14977);
#14973 = LINE('',#14974,#14975);
#14974 = CARTESIAN_POINT('',(6.28318530718,-0.));
#14975 = VECTOR('',#14976,1.);
#14976 = DIRECTION('',(0.,1.));
#14977 = ( GEOMETRIC_REPRESENTATION_CONTEXT(2) 
PARAMETRIC_REPRESENTATION_CONTEXT() REPRESENTATION_CONTEXT('2D SPACE',''
  ) );
#14978 = PCURVE('',#14919,#14979);
#14979 = DEFINITIONAL_REPRESENTATION('',(#14980),#14984);
#14980 = LINE('',#14981,#14982);
#14981 = CARTESIAN_POINT('',(0.,-0.));
#14982 = VECTOR('',#14983,1.);
#14983 = DIRECTION('',(0.,1.));
#14984 = ( GEOMETRIC_REPRESENTATION_CONTEXT(2) 
PARAMETRIC_REPRESENTATION_CONTEXT() REPRESENTATION_CONTEXT('2D SPACE',''
  ) );
#14985 = ORIENTED_EDGE('',*,*,#14937,.T.);
#14986 = ORIENTED_EDGE('',*,*,#14965,.T.);
#14987 = ( GEOMETRIC_REPRESENTATION_CONTEXT(3) 
GLOBAL_UNCERTAINTY_ASSIGNED_CONTEXT((#14991)) 
GLOBAL_UNIT_ASSIGNED_CONTEXT((#14988,#14989,#14990)) 
REPRESENTATION_CONTEXT('Context #1',
  '3D Context with UNIT and UNCERTAINTY') );
#14988 = ( LENGTH_UNIT() NAMED_UNIT(*) SI_UNIT(.MILLI.,.METRE.) );
#14989 = ( NAMED_UNIT(*) PLANE_ANGLE_UNIT() SI_UNIT($,.RADIAN.) );
#14990 = ( NAMED_UNIT(*) SI_UNIT($,.STERADIAN.) SOLID_ANGLE_UNIT() );
#14991 = UNCERTAINTY_MEASURE_WITH_UNIT(LENGTH_MEASURE(1.E-07),#14988,
  'distance_accuracy_value','confusion accuracy');
#14992 = CONTEXT_DEPENDENT_SHAPE_REPRESENTATION(#14993,#14995);
#14993 = ( REPRESENTATION_RELATIONSHIP('','',#14804,#11706) 
REPRESENTATION_RELATIONSHIP_WITH_TRANSFORMATION(#14994) 
SHAPE_REPRESENTATION_RELATIONSHIP() );
#14994 = ITEM_DEFINED_TRANSFORMATION('','',#11,#11767);
#14995 = PRODUCT_DEFINITION_SHAPE('Placement','Placement of an item',
  #14996);
#14996 = NEXT_ASSEMBLY_USAGE_OCCURRENCE('25','=>[0:1:1:30]','',#11701,
  #14799,$);
#14997 = PRODUCT_RELATED_PRODUCT_CATEGORY('part',$,(#14801));
#14998 = SHAPE_DEFINITION_REPRESENTATION(#14999,#15005);
#14999 = PRODUCT_DEFINITION_SHAPE('','',#15000);
#15000 = PRODUCT_DEFINITION('design','',#15001,#15004);
#15001 = PRODUCT_DEFINITION_FORMATION('','',#15002);
#15002 = PRODUCT('NIR_heater_front_1.0W','NIR_heater_front_1.0W','',(
    #15003));
#15003 = PRODUCT_CONTEXT('',#2,'mechanical');
#15004 = PRODUCT_DEFINITION_CONTEXT('part definition',#2,'design');
#15005 = ADVANCED_BREP_SHAPE_REPRESENTATION('',(#11,#15006),#15336);
#15006 = MANIFOLD_SOLID_BREP('',#15007);
#15007 = CLOSED_SHELL('',(#15008,#15128,#15228,#15275,#15322,#15329));
#15008 = ADVANCED_FACE('',(#15009),#15023,.F.);
#15009 = FACE_BOUND('',#15010,.F.);
#15010 = EDGE_LOOP('',(#15011,#15046,#15074,#15102));
#15011 = ORIENTED_EDGE('',*,*,#15012,.F.);
#15012 = EDGE_CURVE('',#15013,#15015,#15017,.T.);
#15013 = VERTEX_POINT('',#15014);
#15014 = CARTESIAN_POINT('',(-0.25,-12.5,-10.));
#15015 = VERTEX_POINT('',#15016);
#15016 = CARTESIAN_POINT('',(-0.25,-12.5,10.));
#15017 = SURFACE_CURVE('',#15018,(#15022,#15034),.PCURVE_S1.);
#15018 = LINE('',#15019,#15020);
#15019 = CARTESIAN_POINT('',(-0.25,-12.5,-10.));
#15020 = VECTOR('',#15021,1.);
#15021 = DIRECTION('',(0.,0.,1.));
#15022 = PCURVE('',#15023,#15028);
#15023 = PLANE('',#15024);
#15024 = AXIS2_PLACEMENT_3D('',#15025,#15026,#15027);
#15025 = CARTESIAN_POINT('',(-0.25,-12.5,-10.));
#15026 = DIRECTION('',(1.,0.,-0.));
#15027 = DIRECTION('',(0.,0.,1.));
#15028 = DEFINITIONAL_REPRESENTATION('',(#15029),#15033);
#15029 = LINE('',#15030,#15031);
#15030 = CARTESIAN_POINT('',(0.,0.));
#15031 = VECTOR('',#15032,1.);
#15032 = DIRECTION('',(1.,0.));
#15033 = ( GEOMETRIC_REPRESENTATION_CONTEXT(2) 
PARAMETRIC_REPRESENTATION_CONTEXT() REPRESENTATION_CONTEXT('2D SPACE',''
  ) );
#15034 = PCURVE('',#15035,#15040);
#15035 = PLANE('',#15036);
#15036 = AXIS2_PLACEMENT_3D('',#15037,#15038,#15039);
#15037 = CARTESIAN_POINT('',(-0.25,-12.5,-10.));
#15038 = DIRECTION('',(-0.,1.,0.));
#15039 = DIRECTION('',(0.,0.,1.));
#15040 = DEFINITIONAL_REPRESENTATION('',(#15041),#15045);
#15041 = LINE('',#15042,#15043);
#15042 = CARTESIAN_POINT('',(0.,0.));
#15043 = VECTOR('',#15044,1.);
#15044 = DIRECTION('',(1.,0.));
#15045 = ( GEOMETRIC_REPRESENTATION_CONTEXT(2) 
PARAMETRIC_REPRESENTATION_CONTEXT() REPRESENTATION_CONTEXT('2D SPACE',''
  ) );
#15046 = ORIENTED_EDGE('',*,*,#15047,.T.);
#15047 = EDGE_CURVE('',#15013,#15048,#15050,.T.);
#15048 = VERTEX_POINT('',#15049);
#15049 = CARTESIAN_POINT('',(-0.25,12.5,-10.));
#15050 = SURFACE_CURVE('',#15051,(#15055,#15062),.PCURVE_S1.);
#15051 = LINE('',#15052,#15053);
#15052 = CARTESIAN_POINT('',(-0.25,-12.5,-10.));
#15053 = VECTOR('',#15054,1.);
#15054 = DIRECTION('',(-0.,1.,0.));
#15055 = PCURVE('',#15023,#15056);
#15056 = DEFINITIONAL_REPRESENTATION('',(#15057),#15061);
#15057 = LINE('',#15058,#15059);
#15058 = CARTESIAN_POINT('',(0.,0.));
#15059 = VECTOR('',#15060,1.);
#15060 = DIRECTION('',(0.,-1.));
#15061 = ( GEOMETRIC_REPRESENTATION_CONTEXT(2) 
PARAMETRIC_REPRESENTATION_CONTEXT() REPRESENTATION_CONTEXT('2D SPACE',''
  ) );
#15062 = PCURVE('',#15063,#15068);
#15063 = PLANE('',#15064);
#15064 = AXIS2_PLACEMENT_3D('',#15065,#15066,#15067);
#15065 = CARTESIAN_POINT('',(-0.25,-12.5,-10.));
#15066 = DIRECTION('',(0.,0.,1.));
#15067 = DIRECTION('',(1.,0.,-0.));
#15068 = DEFINITIONAL_REPRESENTATION('',(#15069),#15073);
#15069 = LINE('',#15070,#15071);
#15070 = CARTESIAN_POINT('',(0.,0.));
#15071 = VECTOR('',#15072,1.);
#15072 = DIRECTION('',(0.,1.));
#15073 = ( GEOMETRIC_REPRESENTATION_CONTEXT(2) 
PARAMETRIC_REPRESENTATION_CONTEXT() REPRESENTATION_CONTEXT('2D SPACE',''
  ) );
#15074 = ORIENTED_EDGE('',*,*,#15075,.T.);
#15075 = EDGE_CURVE('',#15048,#15076,#15078,.T.);
#15076 = VERTEX_POINT('',#15077);
#15077 = CARTESIAN_POINT('',(-0.25,12.5,10.));
#15078 = SURFACE_CURVE('',#15079,(#15083,#15090),.PCURVE_S1.);
#15079 = LINE('',#15080,#15081);
#15080 = CARTESIAN_POINT('',(-0.25,12.5,-10.));
#15081 = VECTOR('',#15082,1.);
#15082 = DIRECTION('',(0.,0.,1.));
#15083 = PCURVE('',#15023,#15084);
#15084 = DEFINITIONAL_REPRESENTATION('',(#15085),#15089);
#15085 = LINE('',#15086,#15087);
#15086 = CARTESIAN_POINT('',(0.,-25.));
#15087 = VECTOR('',#15088,1.);
#15088 = DIRECTION('',(1.,0.));
#15089 = ( GEOMETRIC_REPRESENTATION_CONTEXT(2) 
PARAMETRIC_REPRESENTATION_CONTEXT() REPRESENTATION_CONTEXT('2D SPACE',''
  ) );
#15090 = PCURVE('',#15091,#15096);
#15091 = PLANE('',#15092);
#15092 = AXIS2_PLACEMENT_3D('',#15093,#15094,#15095);
#15093 = CARTESIAN_POINT('',(-0.25,12.5,-10.));
#15094 = DIRECTION('',(-0.,1.,0.));
#15095 = DIRECTION('',(0.,0.,1.));
#15096 = DEFINITIONAL_REPRESENTATION('',(#15097),#15101);
#15097 = LINE('',#15098,#15099);
#15098 = CARTESIAN_POINT('',(0.,0.));
#15099 = VECTOR('',#15100,1.);
#15100 = DIRECTION('',(1.,0.));
#15101 = ( GEOMETRIC_REPRESENTATION_CONTEXT(2) 
PARAMETRIC_REPRESENTATION_CONTEXT() REPRESENTATION_CONTEXT('2D SPACE',''
  ) );
#15102 = ORIENTED_EDGE('',*,*,#15103,.F.);
#15103 = EDGE_CURVE('',#15015,#15076,#15104,.T.);
#15104 = SURFACE_CURVE('',#15105,(#15109,#15116),.PCURVE_S1.);
#15105 = LINE('',#15106,#15107);
#15106 = CARTESIAN_POINT('',(-0.25,-12.5,10.));
#15107 = VECTOR('',#15108,1.);
#15108 = DIRECTION('',(-0.,1.,0.));
#15109 = PCURVE('',#15023,#15110);
#15110 = DEFINITIONAL_REPRESENTATION('',(#15111),#15115);
#15111 = LINE('',#15112,#15113);
#15112 = CARTESIAN_POINT('',(20.,0.));
#15113 = VECTOR('',#15114,1.);
#15114 = DIRECTION('',(0.,-1.));
#15115 = ( GEOMETRIC_REPRESENTATION_CONTEXT(2) 
PARAMETRIC_REPRESENTATION_CONTEXT() REPRESENTATION_CONTEXT('2D SPACE',''
  ) );
#15116 = PCURVE('',#15117,#15122);
#15117 = PLANE('',#15118);
#15118 = AXIS2_PLACEMENT_3D('',#15119,#15120,#15121);
#15119 = CARTESIAN_POINT('',(-0.25,-12.5,10.));
#15120 = DIRECTION('',(0.,0.,1.));
#15121 = DIRECTION('',(1.,0.,-0.));
#15122 = DEFINITIONAL_REPRESENTATION('',(#15123),#15127);
#15123 = LINE('',#15124,#15125);
#15124 = CARTESIAN_POINT('',(0.,0.));
#15125 = VECTOR('',#15126,1.);
#15126 = DIRECTION('',(0.,1.));
#15127 = ( GEOMETRIC_REPRESENTATION_CONTEXT(2) 
PARAMETRIC_REPRESENTATION_CONTEXT() REPRESENTATION_CONTEXT('2D SPACE',''
  ) );
#15128 = ADVANCED_FACE('',(#15129),#15143,.T.);
#15129 = FACE_BOUND('',#15130,.T.);
#15130 = EDGE_LOOP('',(#15131,#15161,#15184,#15207));
#15131 = ORIENTED_EDGE('',*,*,#15132,.F.);
#15132 = EDGE_CURVE('',#15133,#15135,#15137,.T.);
#15133 = VERTEX_POINT('',#15134);
#15134 = CARTESIAN_POINT('',(0.25,-12.5,-10.));
#15135 = VERTEX_POINT('',#15136);
#15136 = CARTESIAN_POINT('',(0.25,-12.5,10.));
#15137 = SURFACE_CURVE('',#15138,(#15142,#15154),.PCURVE_S1.);
#15138 = LINE('',#15139,#15140);
#15139 = CARTESIAN_POINT('',(0.25,-12.5,-10.));
#15140 = VECTOR('',#15141,1.);
#15141 = DIRECTION('',(0.,0.,1.));
#15142 = PCURVE('',#15143,#15148);
#15143 = PLANE('',#15144);
#15144 = AXIS2_PLACEMENT_3D('',#15145,#15146,#15147);
#15145 = CARTESIAN_POINT('',(0.25,-12.5,-10.));
#15146 = DIRECTION('',(1.,0.,-0.));
#15147 = DIRECTION('',(0.,0.,1.));
#15148 = DEFINITIONAL_REPRESENTATION('',(#15149),#15153);
#15149 = LINE('',#15150,#15151);
#15150 = CARTESIAN_POINT('',(0.,0.));
#15151 = VECTOR('',#15152,1.);
#15152 = DIRECTION('',(1.,0.));
#15153 = ( GEOMETRIC_REPRESENTATION_CONTEXT(2) 
PARAMETRIC_REPRESENTATION_CONTEXT() REPRESENTATION_CONTEXT('2D SPACE',''
  ) );
#15154 = PCURVE('',#15035,#15155);
#15155 = DEFINITIONAL_REPRESENTATION('',(#15156),#15160);
#15156 = LINE('',#15157,#15158);
#15157 = CARTESIAN_POINT('',(0.,0.5));
#15158 = VECTOR('',#15159,1.);
#15159 = DIRECTION('',(1.,0.));
#15160 = ( GEOMETRIC_REPRESENTATION_CONTEXT(2) 
PARAMETRIC_REPRESENTATION_CONTEXT() REPRESENTATION_CONTEXT('2D SPACE',''
  ) );
#15161 = ORIENTED_EDGE('',*,*,#15162,.T.);
#15162 = EDGE_CURVE('',#15133,#15163,#15165,.T.);
#15163 = VERTEX_POINT('',#15164);
#15164 = CARTESIAN_POINT('',(0.25,12.5,-10.));
#15165 = SURFACE_CURVE('',#15166,(#15170,#15177),.PCURVE_S1.);
#15166 = LINE('',#15167,#15168);
#15167 = CARTESIAN_POINT('',(0.25,-12.5,-10.));
#15168 = VECTOR('',#15169,1.);
#15169 = DIRECTION('',(-0.,1.,0.));
#15170 = PCURVE('',#15143,#15171);
#15171 = DEFINITIONAL_REPRESENTATION('',(#15172),#15176);
#15172 = LINE('',#15173,#15174);
#15173 = CARTESIAN_POINT('',(0.,0.));
#15174 = VECTOR('',#15175,1.);
#15175 = DIRECTION('',(0.,-1.));
#15176 = ( GEOMETRIC_REPRESENTATION_CONTEXT(2) 
PARAMETRIC_REPRESENTATION_CONTEXT() REPRESENTATION_CONTEXT('2D SPACE',''
  ) );
#15177 = PCURVE('',#15063,#15178);
#15178 = DEFINITIONAL_REPRESENTATION('',(#15179),#15183);
#15179 = LINE('',#15180,#15181);
#15180 = CARTESIAN_POINT('',(0.5,0.));
#15181 = VECTOR('',#15182,1.);
#15182 = DIRECTION('',(0.,1.));
#15183 = ( GEOMETRIC_REPRESENTATION_CONTEXT(2) 
PARAMETRIC_REPRESENTATION_CONTEXT() REPRESENTATION_CONTEXT('2D SPACE',''
  ) );
#15184 = ORIENTED_EDGE('',*,*,#15185,.T.);
#15185 = EDGE_CURVE('',#15163,#15186,#15188,.T.);
#15186 = VERTEX_POINT('',#15187);
#15187 = CARTESIAN_POINT('',(0.25,12.5,10.));
#15188 = SURFACE_CURVE('',#15189,(#15193,#15200),.PCURVE_S1.);
#15189 = LINE('',#15190,#15191);
#15190 = CARTESIAN_POINT('',(0.25,12.5,-10.));
#15191 = VECTOR('',#15192,1.);
#15192 = DIRECTION('',(0.,0.,1.));
#15193 = PCURVE('',#15143,#15194);
#15194 = DEFINITIONAL_REPRESENTATION('',(#15195),#15199);
#15195 = LINE('',#15196,#15197);
#15196 = CARTESIAN_POINT('',(0.,-25.));
#15197 = VECTOR('',#15198,1.);
#15198 = DIRECTION('',(1.,0.));
#15199 = ( GEOMETRIC_REPRESENTATION_CONTEXT(2) 
PARAMETRIC_REPRESENTATION_CONTEXT() REPRESENTATION_CONTEXT('2D SPACE',''
  ) );
#15200 = PCURVE('',#15091,#15201);
#15201 = DEFINITIONAL_REPRESENTATION('',(#15202),#15206);
#15202 = LINE('',#15203,#15204);
#15203 = CARTESIAN_POINT('',(0.,0.5));
#15204 = VECTOR('',#15205,1.);
#15205 = DIRECTION('',(1.,0.));
#15206 = ( GEOMETRIC_REPRESENTATION_CONTEXT(2) 
PARAMETRIC_REPRESENTATION_CONTEXT() REPRESENTATION_CONTEXT('2D SPACE',''
  ) );
#15207 = ORIENTED_EDGE('',*,*,#15208,.F.);
#15208 = EDGE_CURVE('',#15135,#15186,#15209,.T.);
#15209 = SURFACE_CURVE('',#15210,(#15214,#15221),.PCURVE_S1.);
#15210 = LINE('',#15211,#15212);
#15211 = CARTESIAN_POINT('',(0.25,-12.5,10.));
#15212 = VECTOR('',#15213,1.);
#15213 = DIRECTION('',(-0.,1.,0.));
#15214 = PCURVE('',#15143,#15215);
#15215 = DEFINITIONAL_REPRESENTATION('',(#15216),#15220);
#15216 = LINE('',#15217,#15218);
#15217 = CARTESIAN_POINT('',(20.,0.));
#15218 = VECTOR('',#15219,1.);
#15219 = DIRECTION('',(0.,-1.));
#15220 = ( GEOMETRIC_REPRESENTATION_CONTEXT(2) 
PARAMETRIC_REPRESENTATION_CONTEXT() REPRESENTATION_CONTEXT('2D SPACE',''
  ) );
#15221 = PCURVE('',#15117,#15222);
#15222 = DEFINITIONAL_REPRESENTATION('',(#15223),#15227);
#15223 = LINE('',#15224,#15225);
#15224 = CARTESIAN_POINT('',(0.5,0.));
#15225 = VECTOR('',#15226,1.);
#15226 = DIRECTION('',(0.,1.));
#15227 = ( GEOMETRIC_REPRESENTATION_CONTEXT(2) 
PARAMETRIC_REPRESENTATION_CONTEXT() REPRESENTATION_CONTEXT('2D SPACE',''
  ) );
#15228 = ADVANCED_FACE('',(#15229),#15035,.F.);
#15229 = FACE_BOUND('',#15230,.F.);
#15230 = EDGE_LOOP('',(#15231,#15252,#15253,#15274));
#15231 = ORIENTED_EDGE('',*,*,#15232,.F.);
#15232 = EDGE_CURVE('',#15013,#15133,#15233,.T.);
#15233 = SURFACE_CURVE('',#15234,(#15238,#15245),.PCURVE_S1.);
#15234 = LINE('',#15235,#15236);
#15235 = CARTESIAN_POINT('',(-0.25,-12.5,-10.));
#15236 = VECTOR('',#15237,1.);
#15237 = DIRECTION('',(1.,0.,-0.));
#15238 = PCURVE('',#15035,#15239);
#15239 = DEFINITIONAL_REPRESENTATION('',(#15240),#15244);
#15240 = LINE('',#15241,#15242);
#15241 = CARTESIAN_POINT('',(0.,0.));
#15242 = VECTOR('',#15243,1.);
#15243 = DIRECTION('',(0.,1.));
#15244 = ( GEOMETRIC_REPRESENTATION_CONTEXT(2) 
PARAMETRIC_REPRESENTATION_CONTEXT() REPRESENTATION_CONTEXT('2D SPACE',''
  ) );
#15245 = PCURVE('',#15063,#15246);
#15246 = DEFINITIONAL_REPRESENTATION('',(#15247),#15251);
#15247 = LINE('',#15248,#15249);
#15248 = CARTESIAN_POINT('',(0.,0.));
#15249 = VECTOR('',#15250,1.);
#15250 = DIRECTION('',(1.,0.));
#15251 = ( GEOMETRIC_REPRESENTATION_CONTEXT(2) 
PARAMETRIC_REPRESENTATION_CONTEXT() REPRESENTATION_CONTEXT('2D SPACE',''
  ) );
#15252 = ORIENTED_EDGE('',*,*,#15012,.T.);
#15253 = ORIENTED_EDGE('',*,*,#15254,.T.);
#15254 = EDGE_CURVE('',#15015,#15135,#15255,.T.);
#15255 = SURFACE_CURVE('',#15256,(#15260,#15267),.PCURVE_S1.);
#15256 = LINE('',#15257,#15258);
#15257 = CARTESIAN_POINT('',(-0.25,-12.5,10.));
#15258 = VECTOR('',#15259,1.);
#15259 = DIRECTION('',(1.,0.,-0.));
#15260 = PCURVE('',#15035,#15261);
#15261 = DEFINITIONAL_REPRESENTATION('',(#15262),#15266);
#15262 = LINE('',#15263,#15264);
#15263 = CARTESIAN_POINT('',(20.,0.));
#15264 = VECTOR('',#15265,1.);
#15265 = DIRECTION('',(0.,1.));
#15266 = ( GEOMETRIC_REPRESENTATION_CONTEXT(2) 
PARAMETRIC_REPRESENTATION_CONTEXT() REPRESENTATION_CONTEXT('2D SPACE',''
  ) );
#15267 = PCURVE('',#15117,#15268);
#15268 = DEFINITIONAL_REPRESENTATION('',(#15269),#15273);
#15269 = LINE('',#15270,#15271);
#15270 = CARTESIAN_POINT('',(0.,0.));
#15271 = VECTOR('',#15272,1.);
#15272 = DIRECTION('',(1.,0.));
#15273 = ( GEOMETRIC_REPRESENTATION_CONTEXT(2) 
PARAMETRIC_REPRESENTATION_CONTEXT() REPRESENTATION_CONTEXT('2D SPACE',''
  ) );
#15274 = ORIENTED_EDGE('',*,*,#15132,.F.);
#15275 = ADVANCED_FACE('',(#15276),#15091,.T.);
#15276 = FACE_BOUND('',#15277,.T.);
#15277 = EDGE_LOOP('',(#15278,#15299,#15300,#15321));
#15278 = ORIENTED_EDGE('',*,*,#15279,.F.);
#15279 = EDGE_CURVE('',#15048,#15163,#15280,.T.);
#15280 = SURFACE_CURVE('',#15281,(#15285,#15292),.PCURVE_S1.);
#15281 = LINE('',#15282,#15283);
#15282 = CARTESIAN_POINT('',(-0.25,12.5,-10.));
#15283 = VECTOR('',#15284,1.);
#15284 = DIRECTION('',(1.,0.,-0.));
#15285 = PCURVE('',#15091,#15286);
#15286 = DEFINITIONAL_REPRESENTATION('',(#15287),#15291);
#15287 = LINE('',#15288,#15289);
#15288 = CARTESIAN_POINT('',(0.,0.));
#15289 = VECTOR('',#15290,1.);
#15290 = DIRECTION('',(0.,1.));
#15291 = ( GEOMETRIC_REPRESENTATION_CONTEXT(2) 
PARAMETRIC_REPRESENTATION_CONTEXT() REPRESENTATION_CONTEXT('2D SPACE',''
  ) );
#15292 = PCURVE('',#15063,#15293);
#15293 = DEFINITIONAL_REPRESENTATION('',(#15294),#15298);
#15294 = LINE('',#15295,#15296);
#15295 = CARTESIAN_POINT('',(0.,25.));
#15296 = VECTOR('',#15297,1.);
#15297 = DIRECTION('',(1.,0.));
#15298 = ( GEOMETRIC_REPRESENTATION_CONTEXT(2) 
PARAMETRIC_REPRESENTATION_CONTEXT() REPRESENTATION_CONTEXT('2D SPACE',''
  ) );
#15299 = ORIENTED_EDGE('',*,*,#15075,.T.);
#15300 = ORIENTED_EDGE('',*,*,#15301,.T.);
#15301 = EDGE_CURVE('',#15076,#15186,#15302,.T.);
#15302 = SURFACE_CURVE('',#15303,(#15307,#15314),.PCURVE_S1.);
#15303 = LINE('',#15304,#15305);
#15304 = CARTESIAN_POINT('',(-0.25,12.5,10.));
#15305 = VECTOR('',#15306,1.);
#15306 = DIRECTION('',(1.,0.,-0.));
#15307 = PCURVE('',#15091,#15308);
#15308 = DEFINITIONAL_REPRESENTATION('',(#15309),#15313);
#15309 = LINE('',#15310,#15311);
#15310 = CARTESIAN_POINT('',(20.,0.));
#15311 = VECTOR('',#15312,1.);
#15312 = DIRECTION('',(0.,1.));
#15313 = ( GEOMETRIC_REPRESENTATION_CONTEXT(2) 
PARAMETRIC_REPRESENTATION_CONTEXT() REPRESENTATION_CONTEXT('2D SPACE',''
  ) );
#15314 = PCURVE('',#15117,#15315);
#15315 = DEFINITIONAL_REPRESENTATION('',(#15316),#15320);
#15316 = LINE('',#15317,#15318);
#15317 = CARTESIAN_POINT('',(0.,25.));
#15318 = VECTOR('',#15319,1.);
#15319 = DIRECTION('',(1.,0.));
#15320 = ( GEOMETRIC_REPRESENTATION_CONTEXT(2) 
PARAMETRIC_REPRESENTATION_CONTEXT() REPRESENTATION_CONTEXT('2D SPACE',''
  ) );
#15321 = ORIENTED_EDGE('',*,*,#15185,.F.);
#15322 = ADVANCED_FACE('',(#15323),#15063,.F.);
#15323 = FACE_BOUND('',#15324,.F.);
#15324 = EDGE_LOOP('',(#15325,#15326,#15327,#15328));
#15325 = ORIENTED_EDGE('',*,*,#15047,.F.);
#15326 = ORIENTED_EDGE('',*,*,#15232,.T.);
#15327 = ORIENTED_EDGE('',*,*,#15162,.T.);
#15328 = ORIENTED_EDGE('',*,*,#15279,.F.);
#15329 = ADVANCED_FACE('',(#15330),#15117,.T.);
#15330 = FACE_BOUND('',#15331,.T.);
#15331 = EDGE_LOOP('',(#15332,#15333,#15334,#15335));
#15332 = ORIENTED_EDGE('',*,*,#15103,.F.);
#15333 = ORIENTED_EDGE('',*,*,#15254,.T.);
#15334 = ORIENTED_EDGE('',*,*,#15208,.T.);
#15335 = ORIENTED_EDGE('',*,*,#15301,.F.);
#15336 = ( GEOMETRIC_REPRESENTATION_CONTEXT(3) 
GLOBAL_UNCERTAINTY_ASSIGNED_CONTEXT((#15340)) 
GLOBAL_UNIT_ASSIGNED_CONTEXT((#15337,#15338,#15339)) 
REPRESENTATION_CONTEXT('Context #1',
  '3D Context with UNIT and UNCERTAINTY') );
#15337 = ( LENGTH_UNIT() NAMED_UNIT(*) SI_UNIT(.MILLI.,.METRE.) );
#15338 = ( NAMED_UNIT(*) PLANE_ANGLE_UNIT() SI_UNIT($,.RADIAN.) );
#15339 = ( NAMED_UNIT(*) SI_UNIT($,.STERADIAN.) SOLID_ANGLE_UNIT() );
#15340 = UNCERTAINTY_MEASURE_WITH_UNIT(LENGTH_MEASURE(1.E-07),#15337,
  'distance_accuracy_value','confusion accuracy');
#15341 = CONTEXT_DEPENDENT_SHAPE_REPRESENTATION(#15342,#15344);
#15342 = ( REPRESENTATION_RELATIONSHIP('','',#15005,#10) 
REPRESENTATION_RELATIONSHIP_WITH_TRANSFORMATION(#15343) 
SHAPE_REPRESENTATION_RELATIONSHIP() );
#15343 = ITEM_DEFINED_TRANSFORMATION('','',#11,#55);
#15344 = PRODUCT_DEFINITION_SHAPE('Placement','Placement of an item',
  #15345);
#15345 = NEXT_ASSEMBLY_USAGE_OCCURRENCE('27','VIS_heater_front_1.0W','',
  #5,#15000,$);
#15346 = PRODUCT_RELATED_PRODUCT_CATEGORY('part',$,(#15002));
#15347 = SHAPE_DEFINITION_REPRESENTATION(#15348,#15354);
#15348 = PRODUCT_DEFINITION_SHAPE('','',#15349);
#15349 = PRODUCT_DEFINITION('design','',#15350,#15353);
#15350 = PRODUCT_DEFINITION_FORMATION('','',#15351);
#15351 = PRODUCT('NIR_heater_rear_0.5W','NIR_heater_rear_0.5W','',(
    #15352));
#15352 = PRODUCT_CONTEXT('',#2,'mechanical');
#15353 = PRODUCT_DEFINITION_CONTEXT('part definition',#2,'design');
#15354 = ADVANCED_BREP_SHAPE_REPRESENTATION('',(#11,#15355),#15685);
#15355 = MANIFOLD_SOLID_BREP('',#15356);
#15356 = CLOSED_SHELL('',(#15357,#15477,#15577,#15624,#15671,#15678));
#15357 = ADVANCED_FACE('',(#15358),#15372,.F.);
#15358 = FACE_BOUND('',#15359,.F.);
#15359 = EDGE_LOOP('',(#15360,#15395,#15423,#15451));
#15360 = ORIENTED_EDGE('',*,*,#15361,.F.);
#15361 = EDGE_CURVE('',#15362,#15364,#15366,.T.);
#15362 = VERTEX_POINT('',#15363);
#15363 = CARTESIAN_POINT('',(-0.25,-12.5,-10.));
#15364 = VERTEX_POINT('',#15365);
#15365 = CARTESIAN_POINT('',(-0.25,-12.5,10.));
#15366 = SURFACE_CURVE('',#15367,(#15371,#15383),.PCURVE_S1.);
#15367 = LINE('',#15368,#15369);
#15368 = CARTESIAN_POINT('',(-0.25,-12.5,-10.));
#15369 = VECTOR('',#15370,1.);
#15370 = DIRECTION('',(0.,0.,1.));
#15371 = PCURVE('',#15372,#15377);
#15372 = PLANE('',#15373);
#15373 = AXIS2_PLACEMENT_3D('',#15374,#15375,#15376);
#15374 = CARTESIAN_POINT('',(-0.25,-12.5,-10.));
#15375 = DIRECTION('',(1.,0.,-0.));
#15376 = DIRECTION('',(0.,0.,1.));
#15377 = DEFINITIONAL_REPRESENTATION('',(#15378),#15382);
#15378 = LINE('',#15379,#15380);
#15379 = CARTESIAN_POINT('',(0.,0.));
#15380 = VECTOR('',#15381,1.);
#15381 = DIRECTION('',(1.,0.));
#15382 = ( GEOMETRIC_REPRESENTATION_CONTEXT(2) 
PARAMETRIC_REPRESENTATION_CONTEXT() REPRESENTATION_CONTEXT('2D SPACE',''
  ) );
#15383 = PCURVE('',#15384,#15389);
#15384 = PLANE('',#15385);
#15385 = AXIS2_PLACEMENT_3D('',#15386,#15387,#15388);
#15386 = CARTESIAN_POINT('',(-0.25,-12.5,-10.));
#15387 = DIRECTION('',(-0.,1.,0.));
#15388 = DIRECTION('',(0.,0.,1.));
#15389 = DEFINITIONAL_REPRESENTATION('',(#15390),#15394);
#15390 = LINE('',#15391,#15392);
#15391 = CARTESIAN_POINT('',(0.,0.));
#15392 = VECTOR('',#15393,1.);
#15393 = DIRECTION('',(1.,0.));
#15394 = ( GEOMETRIC_REPRESENTATION_CONTEXT(2) 
PARAMETRIC_REPRESENTATION_CONTEXT() REPRESENTATION_CONTEXT('2D SPACE',''
  ) );
#15395 = ORIENTED_EDGE('',*,*,#15396,.T.);
#15396 = EDGE_CURVE('',#15362,#15397,#15399,.T.);
#15397 = VERTEX_POINT('',#15398);
#15398 = CARTESIAN_POINT('',(-0.25,12.5,-10.));
#15399 = SURFACE_CURVE('',#15400,(#15404,#15411),.PCURVE_S1.);
#15400 = LINE('',#15401,#15402);
#15401 = CARTESIAN_POINT('',(-0.25,-12.5,-10.));
#15402 = VECTOR('',#15403,1.);
#15403 = DIRECTION('',(-0.,1.,0.));
#15404 = PCURVE('',#15372,#15405);
#15405 = DEFINITIONAL_REPRESENTATION('',(#15406),#15410);
#15406 = LINE('',#15407,#15408);
#15407 = CARTESIAN_POINT('',(0.,0.));
#15408 = VECTOR('',#15409,1.);
#15409 = DIRECTION('',(0.,-1.));
#15410 = ( GEOMETRIC_REPRESENTATION_CONTEXT(2) 
PARAMETRIC_REPRESENTATION_CONTEXT() REPRESENTATION_CONTEXT('2D SPACE',''
  ) );
#15411 = PCURVE('',#15412,#15417);
#15412 = PLANE('',#15413);
#15413 = AXIS2_PLACEMENT_3D('',#15414,#15415,#15416);
#15414 = CARTESIAN_POINT('',(-0.25,-12.5,-10.));
#15415 = DIRECTION('',(0.,0.,1.));
#15416 = DIRECTION('',(1.,0.,-0.));
#15417 = DEFINITIONAL_REPRESENTATION('',(#15418),#15422);
#15418 = LINE('',#15419,#15420);
#15419 = CARTESIAN_POINT('',(0.,0.));
#15420 = VECTOR('',#15421,1.);
#15421 = DIRECTION('',(0.,1.));
#15422 = ( GEOMETRIC_REPRESENTATION_CONTEXT(2) 
PARAMETRIC_REPRESENTATION_CONTEXT() REPRESENTATION_CONTEXT('2D SPACE',''
  ) );
#15423 = ORIENTED_EDGE('',*,*,#15424,.T.);
#15424 = EDGE_CURVE('',#15397,#15425,#15427,.T.);
#15425 = VERTEX_POINT('',#15426);
#15426 = CARTESIAN_POINT('',(-0.25,12.5,10.));
#15427 = SURFACE_CURVE('',#15428,(#15432,#15439),.PCURVE_S1.);
#15428 = LINE('',#15429,#15430);
#15429 = CARTESIAN_POINT('',(-0.25,12.5,-10.));
#15430 = VECTOR('',#15431,1.);
#15431 = DIRECTION('',(0.,0.,1.));
#15432 = PCURVE('',#15372,#15433);
#15433 = DEFINITIONAL_REPRESENTATION('',(#15434),#15438);
#15434 = LINE('',#15435,#15436);
#15435 = CARTESIAN_POINT('',(0.,-25.));
#15436 = VECTOR('',#15437,1.);
#15437 = DIRECTION('',(1.,0.));
#15438 = ( GEOMETRIC_REPRESENTATION_CONTEXT(2) 
PARAMETRIC_REPRESENTATION_CONTEXT() REPRESENTATION_CONTEXT('2D SPACE',''
  ) );
#15439 = PCURVE('',#15440,#15445);
#15440 = PLANE('',#15441);
#15441 = AXIS2_PLACEMENT_3D('',#15442,#15443,#15444);
#15442 = CARTESIAN_POINT('',(-0.25,12.5,-10.));
#15443 = DIRECTION('',(-0.,1.,0.));
#15444 = DIRECTION('',(0.,0.,1.));
#15445 = DEFINITIONAL_REPRESENTATION('',(#15446),#15450);
#15446 = LINE('',#15447,#15448);
#15447 = CARTESIAN_POINT('',(0.,0.));
#15448 = VECTOR('',#15449,1.);
#15449 = DIRECTION('',(1.,0.));
#15450 = ( GEOMETRIC_REPRESENTATION_CONTEXT(2) 
PARAMETRIC_REPRESENTATION_CONTEXT() REPRESENTATION_CONTEXT('2D SPACE',''
  ) );
#15451 = ORIENTED_EDGE('',*,*,#15452,.F.);
#15452 = EDGE_CURVE('',#15364,#15425,#15453,.T.);
#15453 = SURFACE_CURVE('',#15454,(#15458,#15465),.PCURVE_S1.);
#15454 = LINE('',#15455,#15456);
#15455 = CARTESIAN_POINT('',(-0.25,-12.5,10.));
#15456 = VECTOR('',#15457,1.);
#15457 = DIRECTION('',(-0.,1.,0.));
#15458 = PCURVE('',#15372,#15459);
#15459 = DEFINITIONAL_REPRESENTATION('',(#15460),#15464);
#15460 = LINE('',#15461,#15462);
#15461 = CARTESIAN_POINT('',(20.,0.));
#15462 = VECTOR('',#15463,1.);
#15463 = DIRECTION('',(0.,-1.));
#15464 = ( GEOMETRIC_REPRESENTATION_CONTEXT(2) 
PARAMETRIC_REPRESENTATION_CONTEXT() REPRESENTATION_CONTEXT('2D SPACE',''
  ) );
#15465 = PCURVE('',#15466,#15471);
#15466 = PLANE('',#15467);
#15467 = AXIS2_PLACEMENT_3D('',#15468,#15469,#15470);
#15468 = CARTESIAN_POINT('',(-0.25,-12.5,10.));
#15469 = DIRECTION('',(0.,0.,1.));
#15470 = DIRECTION('',(1.,0.,-0.));
#15471 = DEFINITIONAL_REPRESENTATION('',(#15472),#15476);
#15472 = LINE('',#15473,#15474);
#15473 = CARTESIAN_POINT('',(0.,0.));
#15474 = VECTOR('',#15475,1.);
#15475 = DIRECTION('',(0.,1.));
#15476 = ( GEOMETRIC_REPRESENTATION_CONTEXT(2) 
PARAMETRIC_REPRESENTATION_CONTEXT() REPRESENTATION_CONTEXT('2D SPACE',''
  ) );
#15477 = ADVANCED_FACE('',(#15478),#15492,.T.);
#15478 = FACE_BOUND('',#15479,.T.);
#15479 = EDGE_LOOP('',(#15480,#15510,#15533,#15556));
#15480 = ORIENTED_EDGE('',*,*,#15481,.F.);
#15481 = EDGE_CURVE('',#15482,#15484,#15486,.T.);
#15482 = VERTEX_POINT('',#15483);
#15483 = CARTESIAN_POINT('',(0.25,-12.5,-10.));
#15484 = VERTEX_POINT('',#15485);
#15485 = CARTESIAN_POINT('',(0.25,-12.5,10.));
#15486 = SURFACE_CURVE('',#15487,(#15491,#15503),.PCURVE_S1.);
#15487 = LINE('',#15488,#15489);
#15488 = CARTESIAN_POINT('',(0.25,-12.5,-10.));
#15489 = VECTOR('',#15490,1.);
#15490 = DIRECTION('',(0.,0.,1.));
#15491 = PCURVE('',#15492,#15497);
#15492 = PLANE('',#15493);
#15493 = AXIS2_PLACEMENT_3D('',#15494,#15495,#15496);
#15494 = CARTESIAN_POINT('',(0.25,-12.5,-10.));
#15495 = DIRECTION('',(1.,0.,-0.));
#15496 = DIRECTION('',(0.,0.,1.));
#15497 = DEFINITIONAL_REPRESENTATION('',(#15498),#15502);
#15498 = LINE('',#15499,#15500);
#15499 = CARTESIAN_POINT('',(0.,0.));
#15500 = VECTOR('',#15501,1.);
#15501 = DIRECTION('',(1.,0.));
#15502 = ( GEOMETRIC_REPRESENTATION_CONTEXT(2) 
PARAMETRIC_REPRESENTATION_CONTEXT() REPRESENTATION_CONTEXT('2D SPACE',''
  ) );
#15503 = PCURVE('',#15384,#15504);
#15504 = DEFINITIONAL_REPRESENTATION('',(#15505),#15509);
#15505 = LINE('',#15506,#15507);
#15506 = CARTESIAN_POINT('',(0.,0.5));
#15507 = VECTOR('',#15508,1.);
#15508 = DIRECTION('',(1.,0.));
#15509 = ( GEOMETRIC_REPRESENTATION_CONTEXT(2) 
PARAMETRIC_REPRESENTATION_CONTEXT() REPRESENTATION_CONTEXT('2D SPACE',''
  ) );
#15510 = ORIENTED_EDGE('',*,*,#15511,.T.);
#15511 = EDGE_CURVE('',#15482,#15512,#15514,.T.);
#15512 = VERTEX_POINT('',#15513);
#15513 = CARTESIAN_POINT('',(0.25,12.5,-10.));
#15514 = SURFACE_CURVE('',#15515,(#15519,#15526),.PCURVE_S1.);
#15515 = LINE('',#15516,#15517);
#15516 = CARTESIAN_POINT('',(0.25,-12.5,-10.));
#15517 = VECTOR('',#15518,1.);
#15518 = DIRECTION('',(-0.,1.,0.));
#15519 = PCURVE('',#15492,#15520);
#15520 = DEFINITIONAL_REPRESENTATION('',(#15521),#15525);
#15521 = LINE('',#15522,#15523);
#15522 = CARTESIAN_POINT('',(0.,0.));
#15523 = VECTOR('',#15524,1.);
#15524 = DIRECTION('',(0.,-1.));
#15525 = ( GEOMETRIC_REPRESENTATION_CONTEXT(2) 
PARAMETRIC_REPRESENTATION_CONTEXT() REPRESENTATION_CONTEXT('2D SPACE',''
  ) );
#15526 = PCURVE('',#15412,#15527);
#15527 = DEFINITIONAL_REPRESENTATION('',(#15528),#15532);
#15528 = LINE('',#15529,#15530);
#15529 = CARTESIAN_POINT('',(0.5,0.));
#15530 = VECTOR('',#15531,1.);
#15531 = DIRECTION('',(0.,1.));
#15532 = ( GEOMETRIC_REPRESENTATION_CONTEXT(2) 
PARAMETRIC_REPRESENTATION_CONTEXT() REPRESENTATION_CONTEXT('2D SPACE',''
  ) );
#15533 = ORIENTED_EDGE('',*,*,#15534,.T.);
#15534 = EDGE_CURVE('',#15512,#15535,#15537,.T.);
#15535 = VERTEX_POINT('',#15536);
#15536 = CARTESIAN_POINT('',(0.25,12.5,10.));
#15537 = SURFACE_CURVE('',#15538,(#15542,#15549),.PCURVE_S1.);
#15538 = LINE('',#15539,#15540);
#15539 = CARTESIAN_POINT('',(0.25,12.5,-10.));
#15540 = VECTOR('',#15541,1.);
#15541 = DIRECTION('',(0.,0.,1.));
#15542 = PCURVE('',#15492,#15543);
#15543 = DEFINITIONAL_REPRESENTATION('',(#15544),#15548);
#15544 = LINE('',#15545,#15546);
#15545 = CARTESIAN_POINT('',(0.,-25.));
#15546 = VECTOR('',#15547,1.);
#15547 = DIRECTION('',(1.,0.));
#15548 = ( GEOMETRIC_REPRESENTATION_CONTEXT(2) 
PARAMETRIC_REPRESENTATION_CONTEXT() REPRESENTATION_CONTEXT('2D SPACE',''
  ) );
#15549 = PCURVE('',#15440,#15550);
#15550 = DEFINITIONAL_REPRESENTATION('',(#15551),#15555);
#15551 = LINE('',#15552,#15553);
#15552 = CARTESIAN_POINT('',(0.,0.5));
#15553 = VECTOR('',#15554,1.);
#15554 = DIRECTION('',(1.,0.));
#15555 = ( GEOMETRIC_REPRESENTATION_CONTEXT(2) 
PARAMETRIC_REPRESENTATION_CONTEXT() REPRESENTATION_CONTEXT('2D SPACE',''
  ) );
#15556 = ORIENTED_EDGE('',*,*,#15557,.F.);
#15557 = EDGE_CURVE('',#15484,#15535,#15558,.T.);
#15558 = SURFACE_CURVE('',#15559,(#15563,#15570),.PCURVE_S1.);
#15559 = LINE('',#15560,#15561);
#15560 = CARTESIAN_POINT('',(0.25,-12.5,10.));
#15561 = VECTOR('',#15562,1.);
#15562 = DIRECTION('',(-0.,1.,0.));
#15563 = PCURVE('',#15492,#15564);
#15564 = DEFINITIONAL_REPRESENTATION('',(#15565),#15569);
#15565 = LINE('',#15566,#15567);
#15566 = CARTESIAN_POINT('',(20.,0.));
#15567 = VECTOR('',#15568,1.);
#15568 = DIRECTION('',(0.,-1.));
#15569 = ( GEOMETRIC_REPRESENTATION_CONTEXT(2) 
PARAMETRIC_REPRESENTATION_CONTEXT() REPRESENTATION_CONTEXT('2D SPACE',''
  ) );
#15570 = PCURVE('',#15466,#15571);
#15571 = DEFINITIONAL_REPRESENTATION('',(#15572),#15576);
#15572 = LINE('',#15573,#15574);
#15573 = CARTESIAN_POINT('',(0.5,0.));
#15574 = VECTOR('',#15575,1.);
#15575 = DIRECTION('',(0.,1.));
#15576 = ( GEOMETRIC_REPRESENTATION_CONTEXT(2) 
PARAMETRIC_REPRESENTATION_CONTEXT() REPRESENTATION_CONTEXT('2D SPACE',''
  ) );
#15577 = ADVANCED_FACE('',(#15578),#15384,.F.);
#15578 = FACE_BOUND('',#15579,.F.);
#15579 = EDGE_LOOP('',(#15580,#15601,#15602,#15623));
#15580 = ORIENTED_EDGE('',*,*,#15581,.F.);
#15581 = EDGE_CURVE('',#15362,#15482,#15582,.T.);
#15582 = SURFACE_CURVE('',#15583,(#15587,#15594),.PCURVE_S1.);
#15583 = LINE('',#15584,#15585);
#15584 = CARTESIAN_POINT('',(-0.25,-12.5,-10.));
#15585 = VECTOR('',#15586,1.);
#15586 = DIRECTION('',(1.,0.,-0.));
#15587 = PCURVE('',#15384,#15588);
#15588 = DEFINITIONAL_REPRESENTATION('',(#15589),#15593);
#15589 = LINE('',#15590,#15591);
#15590 = CARTESIAN_POINT('',(0.,0.));
#15591 = VECTOR('',#15592,1.);
#15592 = DIRECTION('',(0.,1.));
#15593 = ( GEOMETRIC_REPRESENTATION_CONTEXT(2) 
PARAMETRIC_REPRESENTATION_CONTEXT() REPRESENTATION_CONTEXT('2D SPACE',''
  ) );
#15594 = PCURVE('',#15412,#15595);
#15595 = DEFINITIONAL_REPRESENTATION('',(#15596),#15600);
#15596 = LINE('',#15597,#15598);
#15597 = CARTESIAN_POINT('',(0.,0.));
#15598 = VECTOR('',#15599,1.);
#15599 = DIRECTION('',(1.,0.));
#15600 = ( GEOMETRIC_REPRESENTATION_CONTEXT(2) 
PARAMETRIC_REPRESENTATION_CONTEXT() REPRESENTATION_CONTEXT('2D SPACE',''
  ) );
#15601 = ORIENTED_EDGE('',*,*,#15361,.T.);
#15602 = ORIENTED_EDGE('',*,*,#15603,.T.);
#15603 = EDGE_CURVE('',#15364,#15484,#15604,.T.);
#15604 = SURFACE_CURVE('',#15605,(#15609,#15616),.PCURVE_S1.);
#15605 = LINE('',#15606,#15607);
#15606 = CARTESIAN_POINT('',(-0.25,-12.5,10.));
#15607 = VECTOR('',#15608,1.);
#15608 = DIRECTION('',(1.,0.,-0.));
#15609 = PCURVE('',#15384,#15610);
#15610 = DEFINITIONAL_REPRESENTATION('',(#15611),#15615);
#15611 = LINE('',#15612,#15613);
#15612 = CARTESIAN_POINT('',(20.,0.));
#15613 = VECTOR('',#15614,1.);
#15614 = DIRECTION('',(0.,1.));
#15615 = ( GEOMETRIC_REPRESENTATION_CONTEXT(2) 
PARAMETRIC_REPRESENTATION_CONTEXT() REPRESENTATION_CONTEXT('2D SPACE',''
  ) );
#15616 = PCURVE('',#15466,#15617);
#15617 = DEFINITIONAL_REPRESENTATION('',(#15618),#15622);
#15618 = LINE('',#15619,#15620);
#15619 = CARTESIAN_POINT('',(0.,0.));
#15620 = VECTOR('',#15621,1.);
#15621 = DIRECTION('',(1.,0.));
#15622 = ( GEOMETRIC_REPRESENTATION_CONTEXT(2) 
PARAMETRIC_REPRESENTATION_CONTEXT() REPRESENTATION_CONTEXT('2D SPACE',''
  ) );
#15623 = ORIENTED_EDGE('',*,*,#15481,.F.);
#15624 = ADVANCED_FACE('',(#15625),#15440,.T.);
#15625 = FACE_BOUND('',#15626,.T.);
#15626 = EDGE_LOOP('',(#15627,#15648,#15649,#15670));
#15627 = ORIENTED_EDGE('',*,*,#15628,.F.);
#15628 = EDGE_CURVE('',#15397,#15512,#15629,.T.);
#15629 = SURFACE_CURVE('',#15630,(#15634,#15641),.PCURVE_S1.);
#15630 = LINE('',#15631,#15632);
#15631 = CARTESIAN_POINT('',(-0.25,12.5,-10.));
#15632 = VECTOR('',#15633,1.);
#15633 = DIRECTION('',(1.,0.,-0.));
#15634 = PCURVE('',#15440,#15635);
#15635 = DEFINITIONAL_REPRESENTATION('',(#15636),#15640);
#15636 = LINE('',#15637,#15638);
#15637 = CARTESIAN_POINT('',(0.,0.));
#15638 = VECTOR('',#15639,1.);
#15639 = DIRECTION('',(0.,1.));
#15640 = ( GEOMETRIC_REPRESENTATION_CONTEXT(2) 
PARAMETRIC_REPRESENTATION_CONTEXT() REPRESENTATION_CONTEXT('2D SPACE',''
  ) );
#15641 = PCURVE('',#15412,#15642);
#15642 = DEFINITIONAL_REPRESENTATION('',(#15643),#15647);
#15643 = LINE('',#15644,#15645);
#15644 = CARTESIAN_POINT('',(0.,25.));
#15645 = VECTOR('',#15646,1.);
#15646 = DIRECTION('',(1.,0.));
#15647 = ( GEOMETRIC_REPRESENTATION_CONTEXT(2) 
PARAMETRIC_REPRESENTATION_CONTEXT() REPRESENTATION_CONTEXT('2D SPACE',''
  ) );
#15648 = ORIENTED_EDGE('',*,*,#15424,.T.);
#15649 = ORIENTED_EDGE('',*,*,#15650,.T.);
#15650 = EDGE_CURVE('',#15425,#15535,#15651,.T.);
#15651 = SURFACE_CURVE('',#15652,(#15656,#15663),.PCURVE_S1.);
#15652 = LINE('',#15653,#15654);
#15653 = CARTESIAN_POINT('',(-0.25,12.5,10.));
#15654 = VECTOR('',#15655,1.);
#15655 = DIRECTION('',(1.,0.,-0.));
#15656 = PCURVE('',#15440,#15657);
#15657 = DEFINITIONAL_REPRESENTATION('',(#15658),#15662);
#15658 = LINE('',#15659,#15660);
#15659 = CARTESIAN_POINT('',(20.,0.));
#15660 = VECTOR('',#15661,1.);
#15661 = DIRECTION('',(0.,1.));
#15662 = ( GEOMETRIC_REPRESENTATION_CONTEXT(2) 
PARAMETRIC_REPRESENTATION_CONTEXT() REPRESENTATION_CONTEXT('2D SPACE',''
  ) );
#15663 = PCURVE('',#15466,#15664);
#15664 = DEFINITIONAL_REPRESENTATION('',(#15665),#15669);
#15665 = LINE('',#15666,#15667);
#15666 = CARTESIAN_POINT('',(0.,25.));
#15667 = VECTOR('',#15668,1.);
#15668 = DIRECTION('',(1.,0.));
#15669 = ( GEOMETRIC_REPRESENTATION_CONTEXT(2) 
PARAMETRIC_REPRESENTATION_CONTEXT() REPRESENTATION_CONTEXT('2D SPACE',''
  ) );
#15670 = ORIENTED_EDGE('',*,*,#15534,.F.);
#15671 = ADVANCED_FACE('',(#15672),#15412,.F.);
#15672 = FACE_BOUND('',#15673,.F.);
#15673 = EDGE_LOOP('',(#15674,#15675,#15676,#15677));
#15674 = ORIENTED_EDGE('',*,*,#15396,.F.);
#15675 = ORIENTED_EDGE('',*,*,#15581,.T.);
#15676 = ORIENTED_EDGE('',*,*,#15511,.T.);
#15677 = ORIENTED_EDGE('',*,*,#15628,.F.);
#15678 = ADVANCED_FACE('',(#15679),#15466,.T.);
#15679 = FACE_BOUND('',#15680,.T.);
#15680 = EDGE_LOOP('',(#15681,#15682,#15683,#15684));
#15681 = ORIENTED_EDGE('',*,*,#15452,.F.);
#15682 = ORIENTED_EDGE('',*,*,#15603,.T.);
#15683 = ORIENTED_EDGE('',*,*,#15557,.T.);
#15684 = ORIENTED_EDGE('',*,*,#15650,.F.);
#15685 = ( GEOMETRIC_REPRESENTATION_CONTEXT(3) 
GLOBAL_UNCERTAINTY_ASSIGNED_CONTEXT((#15689)) 
GLOBAL_UNIT_ASSIGNED_CONTEXT((#15686,#15687,#15688)) 
REPRESENTATION_CONTEXT('Context #1',
  '3D Context with UNIT and UNCERTAINTY') );
#15686 = ( LENGTH_UNIT() NAMED_UNIT(*) SI_UNIT(.MILLI.,.METRE.) );
#15687 = ( NAMED_UNIT(*) PLANE_ANGLE_UNIT() SI_UNIT($,.RADIAN.) );
#15688 = ( NAMED_UNIT(*) SI_UNIT($,.STERADIAN.) SOLID_ANGLE_UNIT() );
#15689 = UNCERTAINTY_MEASURE_WITH_UNIT(LENGTH_MEASURE(1.E-07),#15686,
  'distance_accuracy_value','confusion accuracy');
#15690 = CONTEXT_DEPENDENT_SHAPE_REPRESENTATION(#15691,#15693);
#15691 = ( REPRESENTATION_RELATIONSHIP('','',#15354,#10) 
REPRESENTATION_RELATIONSHIP_WITH_TRANSFORMATION(#15692) 
SHAPE_REPRESENTATION_RELATIONSHIP() );
#15692 = ITEM_DEFINED_TRANSFORMATION('','',#11,#59);
#15693 = PRODUCT_DEFINITION_SHAPE('Placement','Placement of an item',
  #15694);
#15694 = NEXT_ASSEMBLY_USAGE_OCCURRENCE('28','VIS_heater_rear_0.5W','',
  #5,#15349,$);
#15695 = PRODUCT_RELATED_PRODUCT_CATEGORY('part',$,(#15351));
#15696 = SHAPE_DEFINITION_REPRESENTATION(#15697,#15703);
#15697 = PRODUCT_DEFINITION_SHAPE('','',#15698);
#15698 = PRODUCT_DEFINITION('design','',#15699,#15702);
#15699 = PRODUCT_DEFINITION_FORMATION('','',#15700);
#15700 = PRODUCT('NIR_pt1000_front','NIR_pt1000_front','',(#15701));
#15701 = PRODUCT_CONTEXT('',#2,'mechanical');
#15702 = PRODUCT_DEFINITION_CONTEXT('part definition',#2,'design');
#15703 = ADVANCED_BREP_SHAPE_REPRESENTATION('',(#11,#15704),#16034);
#15704 = MANIFOLD_SOLID_BREP('',#15705);
#15705 = CLOSED_SHELL('',(#15706,#15826,#15926,#15973,#16020,#16027));
#15706 = ADVANCED_FACE('',(#15707),#15721,.F.);
#15707 = FACE_BOUND('',#15708,.F.);
#15708 = EDGE_LOOP('',(#15709,#15744,#15772,#15800));
#15709 = ORIENTED_EDGE('',*,*,#15710,.F.);
#15710 = EDGE_CURVE('',#15711,#15713,#15715,.T.);
#15711 = VERTEX_POINT('',#15712);
#15712 = CARTESIAN_POINT('',(-0.5,-2.5,-2.5));
#15713 = VERTEX_POINT('',#15714);
#15714 = CARTESIAN_POINT('',(-0.5,-2.5,2.5));
#15715 = SURFACE_CURVE('',#15716,(#15720,#15732),.PCURVE_S1.);
#15716 = LINE('',#15717,#15718);
#15717 = CARTESIAN_POINT('',(-0.5,-2.5,-2.5));
#15718 = VECTOR('',#15719,1.);
#15719 = DIRECTION('',(0.,0.,1.));
#15720 = PCURVE('',#15721,#15726);
#15721 = PLANE('',#15722);
#15722 = AXIS2_PLACEMENT_3D('',#15723,#15724,#15725);
#15723 = CARTESIAN_POINT('',(-0.5,-2.5,-2.5));
#15724 = DIRECTION('',(1.,0.,-0.));
#15725 = DIRECTION('',(0.,0.,1.));
#15726 = DEFINITIONAL_REPRESENTATION('',(#15727),#15731);
#15727 = LINE('',#15728,#15729);
#15728 = CARTESIAN_POINT('',(0.,0.));
#15729 = VECTOR('',#15730,1.);
#15730 = DIRECTION('',(1.,0.));
#15731 = ( GEOMETRIC_REPRESENTATION_CONTEXT(2) 
PARAMETRIC_REPRESENTATION_CONTEXT() REPRESENTATION_CONTEXT('2D SPACE',''
  ) );
#15732 = PCURVE('',#15733,#15738);
#15733 = PLANE('',#15734);
#15734 = AXIS2_PLACEMENT_3D('',#15735,#15736,#15737);
#15735 = CARTESIAN_POINT('',(-0.5,-2.5,-2.5));
#15736 = DIRECTION('',(-0.,1.,0.));
#15737 = DIRECTION('',(0.,0.,1.));
#15738 = DEFINITIONAL_REPRESENTATION('',(#15739),#15743);
#15739 = LINE('',#15740,#15741);
#15740 = CARTESIAN_POINT('',(0.,0.));
#15741 = VECTOR('',#15742,1.);
#15742 = DIRECTION('',(1.,0.));
#15743 = ( GEOMETRIC_REPRESENTATION_CONTEXT(2) 
PARAMETRIC_REPRESENTATION_CONTEXT() REPRESENTATION_CONTEXT('2D SPACE',''
  ) );
#15744 = ORIENTED_EDGE('',*,*,#15745,.T.);
#15745 = EDGE_CURVE('',#15711,#15746,#15748,.T.);
#15746 = VERTEX_POINT('',#15747);
#15747 = CARTESIAN_POINT('',(-0.5,2.5,-2.5));
#15748 = SURFACE_CURVE('',#15749,(#15753,#15760),.PCURVE_S1.);
#15749 = LINE('',#15750,#15751);
#15750 = CARTESIAN_POINT('',(-0.5,-2.5,-2.5));
#15751 = VECTOR('',#15752,1.);
#15752 = DIRECTION('',(-0.,1.,0.));
#15753 = PCURVE('',#15721,#15754);
#15754 = DEFINITIONAL_REPRESENTATION('',(#15755),#15759);
#15755 = LINE('',#15756,#15757);
#15756 = CARTESIAN_POINT('',(0.,0.));
#15757 = VECTOR('',#15758,1.);
#15758 = DIRECTION('',(0.,-1.));
#15759 = ( GEOMETRIC_REPRESENTATION_CONTEXT(2) 
PARAMETRIC_REPRESENTATION_CONTEXT() REPRESENTATION_CONTEXT('2D SPACE',''
  ) );
#15760 = PCURVE('',#15761,#15766);
#15761 = PLANE('',#15762);
#15762 = AXIS2_PLACEMENT_3D('',#15763,#15764,#15765);
#15763 = CARTESIAN_POINT('',(-0.5,-2.5,-2.5));
#15764 = DIRECTION('',(0.,0.,1.));
#15765 = DIRECTION('',(1.,0.,-0.));
#15766 = DEFINITIONAL_REPRESENTATION('',(#15767),#15771);
#15767 = LINE('',#15768,#15769);
#15768 = CARTESIAN_POINT('',(0.,0.));
#15769 = VECTOR('',#15770,1.);
#15770 = DIRECTION('',(0.,1.));
#15771 = ( GEOMETRIC_REPRESENTATION_CONTEXT(2) 
PARAMETRIC_REPRESENTATION_CONTEXT() REPRESENTATION_CONTEXT('2D SPACE',''
  ) );
#15772 = ORIENTED_EDGE('',*,*,#15773,.T.);
#15773 = EDGE_CURVE('',#15746,#15774,#15776,.T.);
#15774 = VERTEX_POINT('',#15775);
#15775 = CARTESIAN_POINT('',(-0.5,2.5,2.5));
#15776 = SURFACE_CURVE('',#15777,(#15781,#15788),.PCURVE_S1.);
#15777 = LINE('',#15778,#15779);
#15778 = CARTESIAN_POINT('',(-0.5,2.5,-2.5));
#15779 = VECTOR('',#15780,1.);
#15780 = DIRECTION('',(0.,0.,1.));
#15781 = PCURVE('',#15721,#15782);
#15782 = DEFINITIONAL_REPRESENTATION('',(#15783),#15787);
#15783 = LINE('',#15784,#15785);
#15784 = CARTESIAN_POINT('',(0.,-5.));
#15785 = VECTOR('',#15786,1.);
#15786 = DIRECTION('',(1.,0.));
#15787 = ( GEOMETRIC_REPRESENTATION_CONTEXT(2) 
PARAMETRIC_REPRESENTATION_CONTEXT() REPRESENTATION_CONTEXT('2D SPACE',''
  ) );
#15788 = PCURVE('',#15789,#15794);
#15789 = PLANE('',#15790);
#15790 = AXIS2_PLACEMENT_3D('',#15791,#15792,#15793);
#15791 = CARTESIAN_POINT('',(-0.5,2.5,-2.5));
#15792 = DIRECTION('',(-0.,1.,0.));
#15793 = DIRECTION('',(0.,0.,1.));
#15794 = DEFINITIONAL_REPRESENTATION('',(#15795),#15799);
#15795 = LINE('',#15796,#15797);
#15796 = CARTESIAN_POINT('',(0.,0.));
#15797 = VECTOR('',#15798,1.);
#15798 = DIRECTION('',(1.,0.));
#15799 = ( GEOMETRIC_REPRESENTATION_CONTEXT(2) 
PARAMETRIC_REPRESENTATION_CONTEXT() REPRESENTATION_CONTEXT('2D SPACE',''
  ) );
#15800 = ORIENTED_EDGE('',*,*,#15801,.F.);
#15801 = EDGE_CURVE('',#15713,#15774,#15802,.T.);
#15802 = SURFACE_CURVE('',#15803,(#15807,#15814),.PCURVE_S1.);
#15803 = LINE('',#15804,#15805);
#15804 = CARTESIAN_POINT('',(-0.5,-2.5,2.5));
#15805 = VECTOR('',#15806,1.);
#15806 = DIRECTION('',(-0.,1.,0.));
#15807 = PCURVE('',#15721,#15808);
#15808 = DEFINITIONAL_REPRESENTATION('',(#15809),#15813);
#15809 = LINE('',#15810,#15811);
#15810 = CARTESIAN_POINT('',(5.,0.));
#15811 = VECTOR('',#15812,1.);
#15812 = DIRECTION('',(0.,-1.));
#15813 = ( GEOMETRIC_REPRESENTATION_CONTEXT(2) 
PARAMETRIC_REPRESENTATION_CONTEXT() REPRESENTATION_CONTEXT('2D SPACE',''
  ) );
#15814 = PCURVE('',#15815,#15820);
#15815 = PLANE('',#15816);
#15816 = AXIS2_PLACEMENT_3D('',#15817,#15818,#15819);
#15817 = CARTESIAN_POINT('',(-0.5,-2.5,2.5));
#15818 = DIRECTION('',(0.,0.,1.));
#15819 = DIRECTION('',(1.,0.,-0.));
#15820 = DEFINITIONAL_REPRESENTATION('',(#15821),#15825);
#15821 = LINE('',#15822,#15823);
#15822 = CARTESIAN_POINT('',(0.,0.));
#15823 = VECTOR('',#15824,1.);
#15824 = DIRECTION('',(0.,1.));
#15825 = ( GEOMETRIC_REPRESENTATION_CONTEXT(2) 
PARAMETRIC_REPRESENTATION_CONTEXT() REPRESENTATION_CONTEXT('2D SPACE',''
  ) );
#15826 = ADVANCED_FACE('',(#15827),#15841,.T.);
#15827 = FACE_BOUND('',#15828,.T.);
#15828 = EDGE_LOOP('',(#15829,#15859,#15882,#15905));
#15829 = ORIENTED_EDGE('',*,*,#15830,.F.);
#15830 = EDGE_CURVE('',#15831,#15833,#15835,.T.);
#15831 = VERTEX_POINT('',#15832);
#15832 = CARTESIAN_POINT('',(0.5,-2.5,-2.5));
#15833 = VERTEX_POINT('',#15834);
#15834 = CARTESIAN_POINT('',(0.5,-2.5,2.5));
#15835 = SURFACE_CURVE('',#15836,(#15840,#15852),.PCURVE_S1.);
#15836 = LINE('',#15837,#15838);
#15837 = CARTESIAN_POINT('',(0.5,-2.5,-2.5));
#15838 = VECTOR('',#15839,1.);
#15839 = DIRECTION('',(0.,0.,1.));
#15840 = PCURVE('',#15841,#15846);
#15841 = PLANE('',#15842);
#15842 = AXIS2_PLACEMENT_3D('',#15843,#15844,#15845);
#15843 = CARTESIAN_POINT('',(0.5,-2.5,-2.5));
#15844 = DIRECTION('',(1.,0.,-0.));
#15845 = DIRECTION('',(0.,0.,1.));
#15846 = DEFINITIONAL_REPRESENTATION('',(#15847),#15851);
#15847 = LINE('',#15848,#15849);
#15848 = CARTESIAN_POINT('',(0.,0.));
#15849 = VECTOR('',#15850,1.);
#15850 = DIRECTION('',(1.,0.));
#15851 = ( GEOMETRIC_REPRESENTATION_CONTEXT(2) 
PARAMETRIC_REPRESENTATION_CONTEXT() REPRESENTATION_CONTEXT('2D SPACE',''
  ) );
#15852 = PCURVE('',#15733,#15853);
#15853 = DEFINITIONAL_REPRESENTATION('',(#15854),#15858);
#15854 = LINE('',#15855,#15856);
#15855 = CARTESIAN_POINT('',(0.,1.));
#15856 = VECTOR('',#15857,1.);
#15857 = DIRECTION('',(1.,0.));
#15858 = ( GEOMETRIC_REPRESENTATION_CONTEXT(2) 
PARAMETRIC_REPRESENTATION_CONTEXT() REPRESENTATION_CONTEXT('2D SPACE',''
  ) );
#15859 = ORIENTED_EDGE('',*,*,#15860,.T.);
#15860 = EDGE_CURVE('',#15831,#15861,#15863,.T.);
#15861 = VERTEX_POINT('',#15862);
#15862 = CARTESIAN_POINT('',(0.5,2.5,-2.5));
#15863 = SURFACE_CURVE('',#15864,(#15868,#15875),.PCURVE_S1.);
#15864 = LINE('',#15865,#15866);
#15865 = CARTESIAN_POINT('',(0.5,-2.5,-2.5));
#15866 = VECTOR('',#15867,1.);
#15867 = DIRECTION('',(-0.,1.,0.));
#15868 = PCURVE('',#15841,#15869);
#15869 = DEFINITIONAL_REPRESENTATION('',(#15870),#15874);
#15870 = LINE('',#15871,#15872);
#15871 = CARTESIAN_POINT('',(0.,0.));
#15872 = VECTOR('',#15873,1.);
#15873 = DIRECTION('',(0.,-1.));
#15874 = ( GEOMETRIC_REPRESENTATION_CONTEXT(2) 
PARAMETRIC_REPRESENTATION_CONTEXT() REPRESENTATION_CONTEXT('2D SPACE',''
  ) );
#15875 = PCURVE('',#15761,#15876);
#15876 = DEFINITIONAL_REPRESENTATION('',(#15877),#15881);
#15877 = LINE('',#15878,#15879);
#15878 = CARTESIAN_POINT('',(1.,0.));
#15879 = VECTOR('',#15880,1.);
#15880 = DIRECTION('',(0.,1.));
#15881 = ( GEOMETRIC_REPRESENTATION_CONTEXT(2) 
PARAMETRIC_REPRESENTATION_CONTEXT() REPRESENTATION_CONTEXT('2D SPACE',''
  ) );
#15882 = ORIENTED_EDGE('',*,*,#15883,.T.);
#15883 = EDGE_CURVE('',#15861,#15884,#15886,.T.);
#15884 = VERTEX_POINT('',#15885);
#15885 = CARTESIAN_POINT('',(0.5,2.5,2.5));
#15886 = SURFACE_CURVE('',#15887,(#15891,#15898),.PCURVE_S1.);
#15887 = LINE('',#15888,#15889);
#15888 = CARTESIAN_POINT('',(0.5,2.5,-2.5));
#15889 = VECTOR('',#15890,1.);
#15890 = DIRECTION('',(0.,0.,1.));
#15891 = PCURVE('',#15841,#15892);
#15892 = DEFINITIONAL_REPRESENTATION('',(#15893),#15897);
#15893 = LINE('',#15894,#15895);
#15894 = CARTESIAN_POINT('',(0.,-5.));
#15895 = VECTOR('',#15896,1.);
#15896 = DIRECTION('',(1.,0.));
#15897 = ( GEOMETRIC_REPRESENTATION_CONTEXT(2) 
PARAMETRIC_REPRESENTATION_CONTEXT() REPRESENTATION_CONTEXT('2D SPACE',''
  ) );
#15898 = PCURVE('',#15789,#15899);
#15899 = DEFINITIONAL_REPRESENTATION('',(#15900),#15904);
#15900 = LINE('',#15901,#15902);
#15901 = CARTESIAN_POINT('',(0.,1.));
#15902 = VECTOR('',#15903,1.);
#15903 = DIRECTION('',(1.,0.));
#15904 = ( GEOMETRIC_REPRESENTATION_CONTEXT(2) 
PARAMETRIC_REPRESENTATION_CONTEXT() REPRESENTATION_CONTEXT('2D SPACE',''
  ) );
#15905 = ORIENTED_EDGE('',*,*,#15906,.F.);
#15906 = EDGE_CURVE('',#15833,#15884,#15907,.T.);
#15907 = SURFACE_CURVE('',#15908,(#15912,#15919),.PCURVE_S1.);
#15908 = LINE('',#15909,#15910);
#15909 = CARTESIAN_POINT('',(0.5,-2.5,2.5));
#15910 = VECTOR('',#15911,1.);
#15911 = DIRECTION('',(-0.,1.,0.));
#15912 = PCURVE('',#15841,#15913);
#15913 = DEFINITIONAL_REPRESENTATION('',(#15914),#15918);
#15914 = LINE('',#15915,#15916);
#15915 = CARTESIAN_POINT('',(5.,0.));
#15916 = VECTOR('',#15917,1.);
#15917 = DIRECTION('',(0.,-1.));
#15918 = ( GEOMETRIC_REPRESENTATION_CONTEXT(2) 
PARAMETRIC_REPRESENTATION_CONTEXT() REPRESENTATION_CONTEXT('2D SPACE',''
  ) );
#15919 = PCURVE('',#15815,#15920);
#15920 = DEFINITIONAL_REPRESENTATION('',(#15921),#15925);
#15921 = LINE('',#15922,#15923);
#15922 = CARTESIAN_POINT('',(1.,0.));
#15923 = VECTOR('',#15924,1.);
#15924 = DIRECTION('',(0.,1.));
#15925 = ( GEOMETRIC_REPRESENTATION_CONTEXT(2) 
PARAMETRIC_REPRESENTATION_CONTEXT() REPRESENTATION_CONTEXT('2D SPACE',''
  ) );
#15926 = ADVANCED_FACE('',(#15927),#15733,.F.);
#15927 = FACE_BOUND('',#15928,.F.);
#15928 = EDGE_LOOP('',(#15929,#15950,#15951,#15972));
#15929 = ORIENTED_EDGE('',*,*,#15930,.F.);
#15930 = EDGE_CURVE('',#15711,#15831,#15931,.T.);
#15931 = SURFACE_CURVE('',#15932,(#15936,#15943),.PCURVE_S1.);
#15932 = LINE('',#15933,#15934);
#15933 = CARTESIAN_POINT('',(-0.5,-2.5,-2.5));
#15934 = VECTOR('',#15935,1.);
#15935 = DIRECTION('',(1.,0.,-0.));
#15936 = PCURVE('',#15733,#15937);
#15937 = DEFINITIONAL_REPRESENTATION('',(#15938),#15942);
#15938 = LINE('',#15939,#15940);
#15939 = CARTESIAN_POINT('',(0.,0.));
#15940 = VECTOR('',#15941,1.);
#15941 = DIRECTION('',(0.,1.));
#15942 = ( GEOMETRIC_REPRESENTATION_CONTEXT(2) 
PARAMETRIC_REPRESENTATION_CONTEXT() REPRESENTATION_CONTEXT('2D SPACE',''
  ) );
#15943 = PCURVE('',#15761,#15944);
#15944 = DEFINITIONAL_REPRESENTATION('',(#15945),#15949);
#15945 = LINE('',#15946,#15947);
#15946 = CARTESIAN_POINT('',(0.,0.));
#15947 = VECTOR('',#15948,1.);
#15948 = DIRECTION('',(1.,0.));
#15949 = ( GEOMETRIC_REPRESENTATION_CONTEXT(2) 
PARAMETRIC_REPRESENTATION_CONTEXT() REPRESENTATION_CONTEXT('2D SPACE',''
  ) );
#15950 = ORIENTED_EDGE('',*,*,#15710,.T.);
#15951 = ORIENTED_EDGE('',*,*,#15952,.T.);
#15952 = EDGE_CURVE('',#15713,#15833,#15953,.T.);
#15953 = SURFACE_CURVE('',#15954,(#15958,#15965),.PCURVE_S1.);
#15954 = LINE('',#15955,#15956);
#15955 = CARTESIAN_POINT('',(-0.5,-2.5,2.5));
#15956 = VECTOR('',#15957,1.);
#15957 = DIRECTION('',(1.,0.,-0.));
#15958 = PCURVE('',#15733,#15959);
#15959 = DEFINITIONAL_REPRESENTATION('',(#15960),#15964);
#15960 = LINE('',#15961,#15962);
#15961 = CARTESIAN_POINT('',(5.,0.));
#15962 = VECTOR('',#15963,1.);
#15963 = DIRECTION('',(0.,1.));
#15964 = ( GEOMETRIC_REPRESENTATION_CONTEXT(2) 
PARAMETRIC_REPRESENTATION_CONTEXT() REPRESENTATION_CONTEXT('2D SPACE',''
  ) );
#15965 = PCURVE('',#15815,#15966);
#15966 = DEFINITIONAL_REPRESENTATION('',(#15967),#15971);
#15967 = LINE('',#15968,#15969);
#15968 = CARTESIAN_POINT('',(0.,0.));
#15969 = VECTOR('',#15970,1.);
#15970 = DIRECTION('',(1.,0.));
#15971 = ( GEOMETRIC_REPRESENTATION_CONTEXT(2) 
PARAMETRIC_REPRESENTATION_CONTEXT() REPRESENTATION_CONTEXT('2D SPACE',''
  ) );
#15972 = ORIENTED_EDGE('',*,*,#15830,.F.);
#15973 = ADVANCED_FACE('',(#15974),#15789,.T.);
#15974 = FACE_BOUND('',#15975,.T.);
#15975 = EDGE_LOOP('',(#15976,#15997,#15998,#16019));
#15976 = ORIENTED_EDGE('',*,*,#15977,.F.);
#15977 = EDGE_CURVE('',#15746,#15861,#15978,.T.);
#15978 = SURFACE_CURVE('',#15979,(#15983,#15990),.PCURVE_S1.);
#15979 = LINE('',#15980,#15981);
#15980 = CARTESIAN_POINT('',(-0.5,2.5,-2.5));
#15981 = VECTOR('',#15982,1.);
#15982 = DIRECTION('',(1.,0.,-0.));
#15983 = PCURVE('',#15789,#15984);
#15984 = DEFINITIONAL_REPRESENTATION('',(#15985),#15989);
#15985 = LINE('',#15986,#15987);
#15986 = CARTESIAN_POINT('',(0.,0.));
#15987 = VECTOR('',#15988,1.);
#15988 = DIRECTION('',(0.,1.));
#15989 = ( GEOMETRIC_REPRESENTATION_CONTEXT(2) 
PARAMETRIC_REPRESENTATION_CONTEXT() REPRESENTATION_CONTEXT('2D SPACE',''
  ) );
#15990 = PCURVE('',#15761,#15991);
#15991 = DEFINITIONAL_REPRESENTATION('',(#15992),#15996);
#15992 = LINE('',#15993,#15994);
#15993 = CARTESIAN_POINT('',(0.,5.));
#15994 = VECTOR('',#15995,1.);
#15995 = DIRECTION('',(1.,0.));
#15996 = ( GEOMETRIC_REPRESENTATION_CONTEXT(2) 
PARAMETRIC_REPRESENTATION_CONTEXT() REPRESENTATION_CONTEXT('2D SPACE',''
  ) );
#15997 = ORIENTED_EDGE('',*,*,#15773,.T.);
#15998 = ORIENTED_EDGE('',*,*,#15999,.T.);
#15999 = EDGE_CURVE('',#15774,#15884,#16000,.T.);
#16000 = SURFACE_CURVE('',#16001,(#16005,#16012),.PCURVE_S1.);
#16001 = LINE('',#16002,#16003);
#16002 = CARTESIAN_POINT('',(-0.5,2.5,2.5));
#16003 = VECTOR('',#16004,1.);
#16004 = DIRECTION('',(1.,0.,-0.));
#16005 = PCURVE('',#15789,#16006);
#16006 = DEFINITIONAL_REPRESENTATION('',(#16007),#16011);
#16007 = LINE('',#16008,#16009);
#16008 = CARTESIAN_POINT('',(5.,0.));
#16009 = VECTOR('',#16010,1.);
#16010 = DIRECTION('',(0.,1.));
#16011 = ( GEOMETRIC_REPRESENTATION_CONTEXT(2) 
PARAMETRIC_REPRESENTATION_CONTEXT() REPRESENTATION_CONTEXT('2D SPACE',''
  ) );
#16012 = PCURVE('',#15815,#16013);
#16013 = DEFINITIONAL_REPRESENTATION('',(#16014),#16018);
#16014 = LINE('',#16015,#16016);
#16015 = CARTESIAN_POINT('',(0.,5.));
#16016 = VECTOR('',#16017,1.);
#16017 = DIRECTION('',(1.,0.));
#16018 = ( GEOMETRIC_REPRESENTATION_CONTEXT(2) 
PARAMETRIC_REPRESENTATION_CONTEXT() REPRESENTATION_CONTEXT('2D SPACE',''
  ) );
#16019 = ORIENTED_EDGE('',*,*,#15883,.F.);
#16020 = ADVANCED_FACE('',(#16021),#15761,.F.);
#16021 = FACE_BOUND('',#16022,.F.);
#16022 = EDGE_LOOP('',(#16023,#16024,#16025,#16026));
#16023 = ORIENTED_EDGE('',*,*,#15745,.F.);
#16024 = ORIENTED_EDGE('',*,*,#15930,.T.);
#16025 = ORIENTED_EDGE('',*,*,#15860,.T.);
#16026 = ORIENTED_EDGE('',*,*,#15977,.F.);
#16027 = ADVANCED_FACE('',(#16028),#15815,.T.);
#16028 = FACE_BOUND('',#16029,.T.);
#16029 = EDGE_LOOP('',(#16030,#16031,#16032,#16033));
#16030 = ORIENTED_EDGE('',*,*,#15801,.F.);
#16031 = ORIENTED_EDGE('',*,*,#15952,.T.);
#16032 = ORIENTED_EDGE('',*,*,#15906,.T.);
#16033 = ORIENTED_EDGE('',*,*,#15999,.F.);
#16034 = ( GEOMETRIC_REPRESENTATION_CONTEXT(3) 
GLOBAL_UNCERTAINTY_ASSIGNED_CONTEXT((#16038)) 
GLOBAL_UNIT_ASSIGNED_CONTEXT((#16035,#16036,#16037)) 
REPRESENTATION_CONTEXT('Context #1',
  '3D Context with UNIT and UNCERTAINTY') );
#16035 = ( LENGTH_UNIT() NAMED_UNIT(*) SI_UNIT(.MILLI.,.METRE.) );
#16036 = ( NAMED_UNIT(*) PLANE_ANGLE_UNIT() SI_UNIT($,.RADIAN.) );
#16037 = ( NAMED_UNIT(*) SI_UNIT($,.STERADIAN.) SOLID_ANGLE_UNIT() );
#16038 = UNCERTAINTY_MEASURE_WITH_UNIT(LENGTH_MEASURE(1.E-07),#16035,
  'distance_accuracy_value','confusion accuracy');
#16039 = CONTEXT_DEPENDENT_SHAPE_REPRESENTATION(#16040,#16042);
#16040 = ( REPRESENTATION_RELATIONSHIP('','',#15703,#10) 
REPRESENTATION_RELATIONSHIP_WITH_TRANSFORMATION(#16041) 
SHAPE_REPRESENTATION_RELATIONSHIP() );
#16041 = ITEM_DEFINED_TRANSFORMATION('','',#11,#63);
#16042 = PRODUCT_DEFINITION_SHAPE('Placement','Placement of an item',
  #16043);
#16043 = NEXT_ASSEMBLY_USAGE_OCCURRENCE('29','VIS_pt1000_front','',#5,
  #15698,$);
#16044 = PRODUCT_RELATED_PRODUCT_CATEGORY('part',$,(#15700));
#16045 = CONTEXT_DEPENDENT_SHAPE_REPRESENTATION(#16046,#16048);
#16046 = ( REPRESENTATION_RELATIONSHIP('','',#132,#10) 
REPRESENTATION_RELATIONSHIP_WITH_TRANSFORMATION(#16047) 
SHAPE_REPRESENTATION_RELATIONSHIP() );
#16047 = ITEM_DEFINED_TRANSFORMATION('','',#11,#67);
#16048 = PRODUCT_DEFINITION_SHAPE('Placement','Placement of an item',
  #16049);
#16049 = NEXT_ASSEMBLY_USAGE_OCCURRENCE('30','NIR_barrel_Ti64_LPBF','',
  #5,#127,$);
#16050 = CONTEXT_DEPENDENT_SHAPE_REPRESENTATION(#16051,#16053);
#16051 = ( REPRESENTATION_RELATIONSHIP('','',#8622,#10) 
REPRESENTATION_RELATIONSHIP_WITH_TRANSFORMATION(#16052) 
SHAPE_REPRESENTATION_RELATIONSHIP() );
#16052 = ITEM_DEFINED_TRANSFORMATION('','',#11,#71);
#16053 = PRODUCT_DEFINITION_SHAPE('Placement','Placement of an item',
  #16054);
#16054 = NEXT_ASSEMBLY_USAGE_OCCURRENCE('31','NIR_ring_A_Al6061_black',
  '',#5,#8617,$);
#16055 = CONTEXT_DEPENDENT_SHAPE_REPRESENTATION(#16056,#16058);
#16056 = ( REPRESENTATION_RELATIONSHIP('','',#9533,#10) 
REPRESENTATION_RELATIONSHIP_WITH_TRANSFORMATION(#16057) 
SHAPE_REPRESENTATION_RELATIONSHIP() );
#16057 = ITEM_DEFINED_TRANSFORMATION('','',#11,#75);
#16058 = PRODUCT_DEFINITION_SHAPE('Placement','Placement of an item',
  #16059);
#16059 = NEXT_ASSEMBLY_USAGE_OCCURRENCE('32','NIR_ring_B_Al6061_black',
  '',#5,#9528,$);
#16060 = CONTEXT_DEPENDENT_SHAPE_REPRESENTATION(#16061,#16063);
#16061 = ( REPRESENTATION_RELATIONSHIP('','',#10620,#10) 
REPRESENTATION_RELATIONSHIP_WITH_TRANSFORMATION(#16062) 
SHAPE_REPRESENTATION_RELATIONSHIP() );
#16062 = ITEM_DEFINED_TRANSFORMATION('','',#11,#79);
#16063 = PRODUCT_DEFINITION_SHAPE('Placement','Placement of an item',
  #16064);
#16064 = NEXT_ASSEMBLY_USAGE_OCCURRENCE('33','NIR_metalens_UVFS_25x1t',
  '',#5,#10615,$);
#16065 = CONTEXT_DEPENDENT_SHAPE_REPRESENTATION(#16066,#16068);
#16066 = ( REPRESENTATION_RELATIONSHIP('','',#10737,#10) 
REPRESENTATION_RELATIONSHIP_WITH_TRANSFORMATION(#16067) 
SHAPE_REPRESENTATION_RELATIONSHIP() );
#16067 = ITEM_DEFINED_TRANSFORMATION('','',#11,#83);
#16068 = PRODUCT_DEFINITION_SHAPE('Placement','Placement of an item',
  #16069);
#16069 = NEXT_ASSEMBLY_USAGE_OCCURRENCE('34',
  'NIR_filter_25x3.5_FLH633-1','',#5,#10732,$);
#16070 = CONTEXT_DEPENDENT_SHAPE_REPRESENTATION(#16071,#16073);
#16071 = ( REPRESENTATION_RELATIONSHIP('','',#10854,#10) 
REPRESENTATION_RELATIONSHIP_WITH_TRANSFORMATION(#16072) 
SHAPE_REPRESENTATION_RELATIONSHIP() );
#16072 = ITEM_DEFINED_TRANSFORMATION('','',#11,#87);
#16073 = PRODUCT_DEFINITION_SHAPE('Placement','Placement of an item',
  #16074);
#16074 = NEXT_ASSEMBLY_USAGE_OCCURRENCE('35','NIR_oring_21.2x1.5_seat',
  '',#5,#10849,$);
#16075 = CONTEXT_DEPENDENT_SHAPE_REPRESENTATION(#16076,#16078);
#16076 = ( REPRESENTATION_RELATIONSHIP('','',#10931,#10) 
REPRESENTATION_RELATIONSHIP_WITH_TRANSFORMATION(#16077) 
SHAPE_REPRESENTATION_RELATIONSHIP() );
#16077 = ITEM_DEFINED_TRANSFORMATION('','',#11,#91);
#16078 = PRODUCT_DEFINITION_SHAPE('Placement','Placement of an item',
  #16079);
#16079 = NEXT_ASSEMBLY_USAGE_OCCURRENCE('36','NIR_oring_21.2x1.5_ringB',
  '',#5,#10926,$);
#16080 = CONTEXT_DEPENDENT_SHAPE_REPRESENTATION(#16081,#16083);
#16081 = ( REPRESENTATION_RELATIONSHIP('','',#11008,#10) 
REPRESENTATION_RELATIONSHIP_WITH_TRANSFORMATION(#16082) 
SHAPE_REPRESENTATION_RELATIONSHIP() );
#16082 = ITEM_DEFINED_TRANSFORMATION('','',#11,#95);
#16083 = PRODUCT_DEFINITION_SHAPE('Placement','Placement of an item',
  #16084);
#16084 = NEXT_ASSEMBLY_USAGE_OCCURRENCE('37','NIR_readout_board_24x24',
  '',#5,#11003,$);
#16085 = CONTEXT_DEPENDENT_SHAPE_REPRESENTATION(#16086,#16088);
#16086 = ( REPRESENTATION_RELATIONSHIP('','',#11357,#10) 
REPRESENTATION_RELATIONSHIP_WITH_TRANSFORMATION(#16087) 
SHAPE_REPRESENTATION_RELATIONSHIP() );
#16087 = ITEM_DEFINED_TRANSFORMATION('','',#11,#99);
#16088 = PRODUCT_DEFINITION_SHAPE('Placement','Placement of an item',
  #16089);
#16089 = NEXT_ASSEMBLY_USAGE_OCCURRENCE('38','NIR_sensor_CLGA_18x16x3.5'
  ,'',#5,#11352,$);
#16090 = CONTEXT_DEPENDENT_SHAPE_REPRESENTATION(#16091,#16093);
#16091 = ( REPRESENTATION_RELATIONSHIP('','',#11706,#10) 
REPRESENTATION_RELATIONSHIP_WITH_TRANSFORMATION(#16092) 
SHAPE_REPRESENTATION_RELATIONSHIP() );
#16092 = ITEM_DEFINED_TRANSFORMATION('','',#11,#103);
#16093 = PRODUCT_DEFINITION_SHAPE('Placement','Placement of an item',
  #16094);
#16094 = NEXT_ASSEMBLY_USAGE_OCCURRENCE('39','NIR_spacer_shim_M2x4','',
  #5,#11701,$);
#16095 = CONTEXT_DEPENDENT_SHAPE_REPRESENTATION(#16096,#16098);
#16096 = ( REPRESENTATION_RELATIONSHIP('','',#15005,#10) 
REPRESENTATION_RELATIONSHIP_WITH_TRANSFORMATION(#16097) 
SHAPE_REPRESENTATION_RELATIONSHIP() );
#16097 = ITEM_DEFINED_TRANSFORMATION('','',#11,#107);
#16098 = PRODUCT_DEFINITION_SHAPE('Placement','Placement of an item',
  #16099);
#16099 = NEXT_ASSEMBLY_USAGE_OCCURRENCE('40','NIR_heater_front_1.0W','',
  #5,#15000,$);
#16100 = CONTEXT_DEPENDENT_SHAPE_REPRESENTATION(#16101,#16103);
#16101 = ( REPRESENTATION_RELATIONSHIP('','',#15354,#10) 
REPRESENTATION_RELATIONSHIP_WITH_TRANSFORMATION(#16102) 
SHAPE_REPRESENTATION_RELATIONSHIP() );
#16102 = ITEM_DEFINED_TRANSFORMATION('','',#11,#111);
#16103 = PRODUCT_DEFINITION_SHAPE('Placement','Placement of an item',
  #16104);
#16104 = NEXT_ASSEMBLY_USAGE_OCCURRENCE('41','NIR_heater_rear_0.5W','',
  #5,#15349,$);
#16105 = CONTEXT_DEPENDENT_SHAPE_REPRESENTATION(#16106,#16108);
#16106 = ( REPRESENTATION_RELATIONSHIP('','',#15703,#10) 
REPRESENTATION_RELATIONSHIP_WITH_TRANSFORMATION(#16107) 
SHAPE_REPRESENTATION_RELATIONSHIP() );
#16107 = ITEM_DEFINED_TRANSFORMATION('','',#11,#115);
#16108 = PRODUCT_DEFINITION_SHAPE('Placement','Placement of an item',
  #16109);
#16109 = NEXT_ASSEMBLY_USAGE_OCCURRENCE('42','NIR_pt1000_front','',#5,
  #15698,$);
ENDSEC;
END-ISO-10303-21;
