ISO-10303-21;
HEADER;
FILE_DESCRIPTION(('Open CASCADE Model'),'2;1');
FILE_NAME('Open CASCADE Shape Model','2026-08-15T00:00:33',('Author'),(
    'Open CASCADE'),'Open CASCADE STEP processor 7.9','build123d',
  'Unknown');
FILE_SCHEMA(('AUTOMOTIVE_DESIGN { 1 0 10303 214 1 1 1 1 }'));
ENDSEC;
DATA;
#1 = APPLICATION_PROTOCOL_DEFINITION('international standard',
  'automotive_design',2000,#2);
#2 = APPLICATION_CONTEXT(
  'core data for automotive mechanical design processes');
#3 = SHAPE_DEFINITION_REPRESENTATION(#4,#10);
#4 = PRODUCT_DEFINITION_SHAPE('','',#5);
#5 = PRODUCT_DEFINITION('design','',#6,#9);
#6 = PRODUCT_DEFINITION_FORMATION('','',#7);
#7 = PRODUCT('COMPOUND','COMPOUND','',(#8));
#8 = PRODUCT_CONTEXT('',#2,'mechanical');
#9 = PRODUCT_DEFINITION_CONTEXT('part definition',#2,'design');
#10 = ADVANCED_BREP_SHAPE_REPRESENTATION('',(#11,#15),#10501);
#11 = AXIS2_PLACEMENT_3D('',#12,#13,#14);
#12 = CARTESIAN_POINT('',(0.,0.,0.));
#13 = DIRECTION('',(0.,0.,1.));
#14 = DIRECTION('',(1.,0.,-0.));
#15 = MANIFOLD_SOLID_BREP('',#16);
#16 = CLOSED_SHELL('',(#17,#137,#634,#743,#798,#833,#887,#1204,#1376,
    #1624,#1883,#2179,#2250,#2274,#2333,#2368,#2422,#2426,#2547,#2657,
    #2731,#2807,#2881,#3063,#3135,#3208,#3282,#3354,#3519,#3593,#3665,
    #3733,#3802,#3854,#3902,#3950,#3977,#4012,#4039,#4054,#4112,#4116,
    #4288,#4393,#4397,#4518,#4628,#4926,#4993,#5142,#5316,#5385,#5453,
    #5522,#5548,#5575,#5705,#5732,#5757,#5782,#5809,#5860,#5909,#5956,
    #5983,#6018,#6025,#6226,#6744,#6770,#6944,#7337,#7459,#7463,#7548,
    #7552,#7605,#7609,#7636,#7663,#7688,#7715,#7742,#7767,#7794,#7821,
    #7846,#7873,#7880,#7956,#8027,#8057,#8084,#8186,#8241,#8245,#8415,
    #8469,#8523,#8577,#8631,#8997,#9069,#9327,#9494,#9563,#9698,#9725,
    #9750,#9882,#10006,#10073,#10142,#10169,#10214,#10243,#10268,#10301,
    #10332,#10379,#10406,#10433,#10462,#10469));
#17 = ADVANCED_FACE('',(#18),#32,.F.);
#18 = FACE_BOUND('',#19,.F.);
#19 = EDGE_LOOP('',(#20,#55,#83,#111));
#20 = ORIENTED_EDGE('',*,*,#21,.F.);
#21 = EDGE_CURVE('',#22,#24,#26,.T.);
#22 = VERTEX_POINT('',#23);
#23 = CARTESIAN_POINT('',(0.,0.,2.5));
#24 = VERTEX_POINT('',#25);
#25 = CARTESIAN_POINT('',(0.,0.,24.));
#26 = SURFACE_CURVE('',#27,(#31,#43),.PCURVE_S1.);
#27 = LINE('',#28,#29);
#28 = CARTESIAN_POINT('',(0.,0.,2.5));
#29 = VECTOR('',#30,1.);
#30 = DIRECTION('',(0.,0.,1.));
#31 = PCURVE('',#32,#37);
#32 = PLANE('',#33);
#33 = AXIS2_PLACEMENT_3D('',#34,#35,#36);
#34 = CARTESIAN_POINT('',(0.,0.,2.5));
#35 = DIRECTION('',(1.,0.,-0.));
#36 = DIRECTION('',(0.,0.,1.));
#37 = DEFINITIONAL_REPRESENTATION('',(#38),#42);
#38 = LINE('',#39,#40);
#39 = CARTESIAN_POINT('',(0.,0.));
#40 = VECTOR('',#41,1.);
#41 = DIRECTION('',(1.,0.));
#42 = ( GEOMETRIC_REPRESENTATION_CONTEXT(2) 
PARAMETRIC_REPRESENTATION_CONTEXT() REPRESENTATION_CONTEXT('2D SPACE',''
  ) );
#43 = PCURVE('',#44,#49);
#44 = PLANE('',#45);
#45 = AXIS2_PLACEMENT_3D('',#46,#47,#48);
#46 = CARTESIAN_POINT('',(0.,0.,2.5));
#47 = DIRECTION('',(-0.,1.,0.));
#48 = DIRECTION('',(0.,0.,1.));
#49 = DEFINITIONAL_REPRESENTATION('',(#50),#54);
#50 = LINE('',#51,#52);
#51 = CARTESIAN_POINT('',(0.,0.));
#52 = VECTOR('',#53,1.);
#53 = DIRECTION('',(1.,0.));
#54 = ( GEOMETRIC_REPRESENTATION_CONTEXT(2) 
PARAMETRIC_REPRESENTATION_CONTEXT() REPRESENTATION_CONTEXT('2D SPACE',''
  ) );
#55 = ORIENTED_EDGE('',*,*,#56,.T.);
#56 = EDGE_CURVE('',#22,#57,#59,.T.);
#57 = VERTEX_POINT('',#58);
#58 = CARTESIAN_POINT('',(0.,30.,2.5));
#59 = SURFACE_CURVE('',#60,(#64,#71),.PCURVE_S1.);
#60 = LINE('',#61,#62);
#61 = CARTESIAN_POINT('',(0.,0.,2.5));
#62 = VECTOR('',#63,1.);
#63 = DIRECTION('',(-0.,1.,0.));
#64 = PCURVE('',#32,#65);
#65 = DEFINITIONAL_REPRESENTATION('',(#66),#70);
#66 = LINE('',#67,#68);
#67 = CARTESIAN_POINT('',(0.,0.));
#68 = VECTOR('',#69,1.);
#69 = DIRECTION('',(0.,-1.));
#70 = ( GEOMETRIC_REPRESENTATION_CONTEXT(2) 
PARAMETRIC_REPRESENTATION_CONTEXT() REPRESENTATION_CONTEXT('2D SPACE',''
  ) );
#71 = PCURVE('',#72,#77);
#72 = PLANE('',#73);
#73 = AXIS2_PLACEMENT_3D('',#74,#75,#76);
#74 = CARTESIAN_POINT('',(0.,0.,2.5));
#75 = DIRECTION('',(0.,0.,1.));
#76 = DIRECTION('',(1.,0.,-0.));
#77 = DEFINITIONAL_REPRESENTATION('',(#78),#82);
#78 = LINE('',#79,#80);
#79 = CARTESIAN_POINT('',(0.,0.));
#80 = VECTOR('',#81,1.);
#81 = DIRECTION('',(0.,1.));
#82 = ( GEOMETRIC_REPRESENTATION_CONTEXT(2) 
PARAMETRIC_REPRESENTATION_CONTEXT() REPRESENTATION_CONTEXT('2D SPACE',''
  ) );
#83 = ORIENTED_EDGE('',*,*,#84,.T.);
#84 = EDGE_CURVE('',#57,#85,#87,.T.);
#85 = VERTEX_POINT('',#86);
#86 = CARTESIAN_POINT('',(0.,30.,24.));
#87 = SURFACE_CURVE('',#88,(#92,#99),.PCURVE_S1.);
#88 = LINE('',#89,#90);
#89 = CARTESIAN_POINT('',(0.,30.,2.5));
#90 = VECTOR('',#91,1.);
#91 = DIRECTION('',(0.,0.,1.));
#92 = PCURVE('',#32,#93);
#93 = DEFINITIONAL_REPRESENTATION('',(#94),#98);
#94 = LINE('',#95,#96);
#95 = CARTESIAN_POINT('',(0.,-30.));
#96 = VECTOR('',#97,1.);
#97 = DIRECTION('',(1.,0.));
#98 = ( GEOMETRIC_REPRESENTATION_CONTEXT(2) 
PARAMETRIC_REPRESENTATION_CONTEXT() REPRESENTATION_CONTEXT('2D SPACE',''
  ) );
#99 = PCURVE('',#100,#105);
#100 = PLANE('',#101);
#101 = AXIS2_PLACEMENT_3D('',#102,#103,#104);
#102 = CARTESIAN_POINT('',(0.,30.,2.5));
#103 = DIRECTION('',(-0.,1.,0.));
#104 = DIRECTION('',(0.,0.,1.));
#105 = DEFINITIONAL_REPRESENTATION('',(#106),#110);
#106 = LINE('',#107,#108);
#107 = CARTESIAN_POINT('',(0.,0.));
#108 = VECTOR('',#109,1.);
#109 = DIRECTION('',(1.,0.));
#110 = ( GEOMETRIC_REPRESENTATION_CONTEXT(2) 
PARAMETRIC_REPRESENTATION_CONTEXT() REPRESENTATION_CONTEXT('2D SPACE',''
  ) );
#111 = ORIENTED_EDGE('',*,*,#112,.F.);
#112 = EDGE_CURVE('',#24,#85,#113,.T.);
#113 = SURFACE_CURVE('',#114,(#118,#125),.PCURVE_S1.);
#114 = LINE('',#115,#116);
#115 = CARTESIAN_POINT('',(0.,0.,24.));
#116 = VECTOR('',#117,1.);
#117 = DIRECTION('',(-0.,1.,0.));
#118 = PCURVE('',#32,#119);
#119 = DEFINITIONAL_REPRESENTATION('',(#120),#124);
#120 = LINE('',#121,#122);
#121 = CARTESIAN_POINT('',(21.5,0.));
#122 = VECTOR('',#123,1.);
#123 = DIRECTION('',(0.,-1.));
#124 = ( GEOMETRIC_REPRESENTATION_CONTEXT(2) 
PARAMETRIC_REPRESENTATION_CONTEXT() REPRESENTATION_CONTEXT('2D SPACE',''
  ) );
#125 = PCURVE('',#126,#131);
#126 = PLANE('',#127);
#127 = AXIS2_PLACEMENT_3D('',#128,#129,#130);
#128 = CARTESIAN_POINT('',(0.,0.,24.));
#129 = DIRECTION('',(0.,0.,1.));
#130 = DIRECTION('',(1.,0.,-0.));
#131 = DEFINITIONAL_REPRESENTATION('',(#132),#136);
#132 = LINE('',#133,#134);
#133 = CARTESIAN_POINT('',(0.,0.));
#134 = VECTOR('',#135,1.);
#135 = DIRECTION('',(0.,1.));
#136 = ( GEOMETRIC_REPRESENTATION_CONTEXT(2) 
PARAMETRIC_REPRESENTATION_CONTEXT() REPRESENTATION_CONTEXT('2D SPACE',''
  ) );
#137 = ADVANCED_FACE('',(#138,#320),#72,.F.);
#138 = FACE_BOUND('',#139,.F.);
#139 = EDGE_LOOP('',(#140,#141,#164,#192,#220,#248,#271,#299));
#140 = ORIENTED_EDGE('',*,*,#56,.F.);
#141 = ORIENTED_EDGE('',*,*,#142,.T.);
#142 = EDGE_CURVE('',#22,#143,#145,.T.);
#143 = VERTEX_POINT('',#144);
#144 = CARTESIAN_POINT('',(53.,0.,2.5));
#145 = SURFACE_CURVE('',#146,(#150,#157),.PCURVE_S1.);
#146 = LINE('',#147,#148);
#147 = CARTESIAN_POINT('',(0.,0.,2.5));
#148 = VECTOR('',#149,1.);
#149 = DIRECTION('',(1.,0.,-0.));
#150 = PCURVE('',#72,#151);
#151 = DEFINITIONAL_REPRESENTATION('',(#152),#156);
#152 = LINE('',#153,#154);
#153 = CARTESIAN_POINT('',(0.,0.));
#154 = VECTOR('',#155,1.);
#155 = DIRECTION('',(1.,0.));
#156 = ( GEOMETRIC_REPRESENTATION_CONTEXT(2) 
PARAMETRIC_REPRESENTATION_CONTEXT() REPRESENTATION_CONTEXT('2D SPACE',''
  ) );
#157 = PCURVE('',#44,#158);
#158 = DEFINITIONAL_REPRESENTATION('',(#159),#163);
#159 = LINE('',#160,#161);
#160 = CARTESIAN_POINT('',(0.,0.));
#161 = VECTOR('',#162,1.);
#162 = DIRECTION('',(0.,1.));
#163 = ( GEOMETRIC_REPRESENTATION_CONTEXT(2) 
PARAMETRIC_REPRESENTATION_CONTEXT() REPRESENTATION_CONTEXT('2D SPACE',''
  ) );
#164 = ORIENTED_EDGE('',*,*,#165,.F.);
#165 = EDGE_CURVE('',#166,#143,#168,.T.);
#166 = VERTEX_POINT('',#167);
#167 = CARTESIAN_POINT('',(53.,-1.,2.5));
#168 = SURFACE_CURVE('',#169,(#173,#180),.PCURVE_S1.);
#169 = LINE('',#170,#171);
#170 = CARTESIAN_POINT('',(53.,-1.,2.5));
#171 = VECTOR('',#172,1.);
#172 = DIRECTION('',(-0.,1.,0.));
#173 = PCURVE('',#72,#174);
#174 = DEFINITIONAL_REPRESENTATION('',(#175),#179);
#175 = LINE('',#176,#177);
#176 = CARTESIAN_POINT('',(53.,-1.));
#177 = VECTOR('',#178,1.);
#178 = DIRECTION('',(0.,1.));
#179 = ( GEOMETRIC_REPRESENTATION_CONTEXT(2) 
PARAMETRIC_REPRESENTATION_CONTEXT() REPRESENTATION_CONTEXT('2D SPACE',''
  ) );
#180 = PCURVE('',#181,#186);
#181 = PLANE('',#182);
#182 = AXIS2_PLACEMENT_3D('',#183,#184,#185);
#183 = CARTESIAN_POINT('',(53.,-1.,2.5));
#184 = DIRECTION('',(1.,0.,-0.));
#185 = DIRECTION('',(0.,0.,1.));
#186 = DEFINITIONAL_REPRESENTATION('',(#187),#191);
#187 = LINE('',#188,#189);
#188 = CARTESIAN_POINT('',(0.,0.));
#189 = VECTOR('',#190,1.);
#190 = DIRECTION('',(0.,-1.));
#191 = ( GEOMETRIC_REPRESENTATION_CONTEXT(2) 
PARAMETRIC_REPRESENTATION_CONTEXT() REPRESENTATION_CONTEXT('2D SPACE',''
  ) );
#192 = ORIENTED_EDGE('',*,*,#193,.T.);
#193 = EDGE_CURVE('',#166,#194,#196,.T.);
#194 = VERTEX_POINT('',#195);
#195 = CARTESIAN_POINT('',(65.,-1.,2.5));
#196 = SURFACE_CURVE('',#197,(#201,#208),.PCURVE_S1.);
#197 = LINE('',#198,#199);
#198 = CARTESIAN_POINT('',(53.,-1.,2.5));
#199 = VECTOR('',#200,1.);
#200 = DIRECTION('',(1.,0.,-0.));
#201 = PCURVE('',#72,#202);
#202 = DEFINITIONAL_REPRESENTATION('',(#203),#207);
#203 = LINE('',#204,#205);
#204 = CARTESIAN_POINT('',(53.,-1.));
#205 = VECTOR('',#206,1.);
#206 = DIRECTION('',(1.,0.));
#207 = ( GEOMETRIC_REPRESENTATION_CONTEXT(2) 
PARAMETRIC_REPRESENTATION_CONTEXT() REPRESENTATION_CONTEXT('2D SPACE',''
  ) );
#208 = PCURVE('',#209,#214);
#209 = PLANE('',#210);
#210 = AXIS2_PLACEMENT_3D('',#211,#212,#213);
#211 = CARTESIAN_POINT('',(53.,-1.,2.5));
#212 = DIRECTION('',(-0.,1.,0.));
#213 = DIRECTION('',(0.,0.,1.));
#214 = DEFINITIONAL_REPRESENTATION('',(#215),#219);
#215 = LINE('',#216,#217);
#216 = CARTESIAN_POINT('',(0.,0.));
#217 = VECTOR('',#218,1.);
#218 = DIRECTION('',(0.,1.));
#219 = ( GEOMETRIC_REPRESENTATION_CONTEXT(2) 
PARAMETRIC_REPRESENTATION_CONTEXT() REPRESENTATION_CONTEXT('2D SPACE',''
  ) );
#220 = ORIENTED_EDGE('',*,*,#221,.T.);
#221 = EDGE_CURVE('',#194,#222,#224,.T.);
#222 = VERTEX_POINT('',#223);
#223 = CARTESIAN_POINT('',(65.,0.,2.5));
#224 = SURFACE_CURVE('',#225,(#229,#236),.PCURVE_S1.);
#225 = LINE('',#226,#227);
#226 = CARTESIAN_POINT('',(65.,-1.,2.5));
#227 = VECTOR('',#228,1.);
#228 = DIRECTION('',(-0.,1.,0.));
#229 = PCURVE('',#72,#230);
#230 = DEFINITIONAL_REPRESENTATION('',(#231),#235);
#231 = LINE('',#232,#233);
#232 = CARTESIAN_POINT('',(65.,-1.));
#233 = VECTOR('',#234,1.);
#234 = DIRECTION('',(0.,1.));
#235 = ( GEOMETRIC_REPRESENTATION_CONTEXT(2) 
PARAMETRIC_REPRESENTATION_CONTEXT() REPRESENTATION_CONTEXT('2D SPACE',''
  ) );
#236 = PCURVE('',#237,#242);
#237 = PLANE('',#238);
#238 = AXIS2_PLACEMENT_3D('',#239,#240,#241);
#239 = CARTESIAN_POINT('',(65.,-1.,2.5));
#240 = DIRECTION('',(1.,0.,-0.));
#241 = DIRECTION('',(0.,0.,1.));
#242 = DEFINITIONAL_REPRESENTATION('',(#243),#247);
#243 = LINE('',#244,#245);
#244 = CARTESIAN_POINT('',(0.,0.));
#245 = VECTOR('',#246,1.);
#246 = DIRECTION('',(0.,-1.));
#247 = ( GEOMETRIC_REPRESENTATION_CONTEXT(2) 
PARAMETRIC_REPRESENTATION_CONTEXT() REPRESENTATION_CONTEXT('2D SPACE',''
  ) );
#248 = ORIENTED_EDGE('',*,*,#249,.T.);
#249 = EDGE_CURVE('',#222,#250,#252,.T.);
#250 = VERTEX_POINT('',#251);
#251 = CARTESIAN_POINT('',(70.,0.,2.5));
#252 = SURFACE_CURVE('',#253,(#257,#264),.PCURVE_S1.);
#253 = LINE('',#254,#255);
#254 = CARTESIAN_POINT('',(0.,0.,2.5));
#255 = VECTOR('',#256,1.);
#256 = DIRECTION('',(1.,0.,-0.));
#257 = PCURVE('',#72,#258);
#258 = DEFINITIONAL_REPRESENTATION('',(#259),#263);
#259 = LINE('',#260,#261);
#260 = CARTESIAN_POINT('',(0.,0.));
#261 = VECTOR('',#262,1.);
#262 = DIRECTION('',(1.,0.));
#263 = ( GEOMETRIC_REPRESENTATION_CONTEXT(2) 
PARAMETRIC_REPRESENTATION_CONTEXT() REPRESENTATION_CONTEXT('2D SPACE',''
  ) );
#264 = PCURVE('',#44,#265);
#265 = DEFINITIONAL_REPRESENTATION('',(#266),#270);
#266 = LINE('',#267,#268);
#267 = CARTESIAN_POINT('',(0.,0.));
#268 = VECTOR('',#269,1.);
#269 = DIRECTION('',(0.,1.));
#270 = ( GEOMETRIC_REPRESENTATION_CONTEXT(2) 
PARAMETRIC_REPRESENTATION_CONTEXT() REPRESENTATION_CONTEXT('2D SPACE',''
  ) );
#271 = ORIENTED_EDGE('',*,*,#272,.T.);
#272 = EDGE_CURVE('',#250,#273,#275,.T.);
#273 = VERTEX_POINT('',#274);
#274 = CARTESIAN_POINT('',(70.,30.,2.5));
#275 = SURFACE_CURVE('',#276,(#280,#287),.PCURVE_S1.);
#276 = LINE('',#277,#278);
#277 = CARTESIAN_POINT('',(70.,0.,2.5));
#278 = VECTOR('',#279,1.);
#279 = DIRECTION('',(-0.,1.,0.));
#280 = PCURVE('',#72,#281);
#281 = DEFINITIONAL_REPRESENTATION('',(#282),#286);
#282 = LINE('',#283,#284);
#283 = CARTESIAN_POINT('',(70.,0.));
#284 = VECTOR('',#285,1.);
#285 = DIRECTION('',(0.,1.));
#286 = ( GEOMETRIC_REPRESENTATION_CONTEXT(2) 
PARAMETRIC_REPRESENTATION_CONTEXT() REPRESENTATION_CONTEXT('2D SPACE',''
  ) );
#287 = PCURVE('',#288,#293);
#288 = PLANE('',#289);
#289 = AXIS2_PLACEMENT_3D('',#290,#291,#292);
#290 = CARTESIAN_POINT('',(70.,0.,2.5));
#291 = DIRECTION('',(1.,0.,-0.));
#292 = DIRECTION('',(0.,0.,1.));
#293 = DEFINITIONAL_REPRESENTATION('',(#294),#298);
#294 = LINE('',#295,#296);
#295 = CARTESIAN_POINT('',(0.,0.));
#296 = VECTOR('',#297,1.);
#297 = DIRECTION('',(0.,-1.));
#298 = ( GEOMETRIC_REPRESENTATION_CONTEXT(2) 
PARAMETRIC_REPRESENTATION_CONTEXT() REPRESENTATION_CONTEXT('2D SPACE',''
  ) );
#299 = ORIENTED_EDGE('',*,*,#300,.F.);
#300 = EDGE_CURVE('',#57,#273,#301,.T.);
#301 = SURFACE_CURVE('',#302,(#306,#313),.PCURVE_S1.);
#302 = LINE('',#303,#304);
#303 = CARTESIAN_POINT('',(0.,30.,2.5));
#304 = VECTOR('',#305,1.);
#305 = DIRECTION('',(1.,0.,-0.));
#306 = PCURVE('',#72,#307);
#307 = DEFINITIONAL_REPRESENTATION('',(#308),#312);
#308 = LINE('',#309,#310);
#309 = CARTESIAN_POINT('',(0.,30.));
#310 = VECTOR('',#311,1.);
#311 = DIRECTION('',(1.,0.));
#312 = ( GEOMETRIC_REPRESENTATION_CONTEXT(2) 
PARAMETRIC_REPRESENTATION_CONTEXT() REPRESENTATION_CONTEXT('2D SPACE',''
  ) );
#313 = PCURVE('',#100,#314);
#314 = DEFINITIONAL_REPRESENTATION('',(#315),#319);
#315 = LINE('',#316,#317);
#316 = CARTESIAN_POINT('',(0.,0.));
#317 = VECTOR('',#318,1.);
#318 = DIRECTION('',(0.,1.));
#319 = ( GEOMETRIC_REPRESENTATION_CONTEXT(2) 
PARAMETRIC_REPRESENTATION_CONTEXT() REPRESENTATION_CONTEXT('2D SPACE',''
  ) );
#320 = FACE_BOUND('',#321,.F.);
#321 = EDGE_LOOP('',(#322,#350,#376,#402,#428,#454,#480,#506,#532,#558,
    #584,#610));
#322 = ORIENTED_EDGE('',*,*,#323,.F.);
#323 = EDGE_CURVE('',#324,#326,#328,.T.);
#324 = VERTEX_POINT('',#325);
#325 = CARTESIAN_POINT('',(62.5,2.5,2.5));
#326 = VERTEX_POINT('',#327);
#327 = CARTESIAN_POINT('',(62.5,27.5,2.5));
#328 = SURFACE_CURVE('',#329,(#333,#339),.PCURVE_S1.);
#329 = LINE('',#330,#331);
#330 = CARTESIAN_POINT('',(62.5,1.25,2.5));
#331 = VECTOR('',#332,1.);
#332 = DIRECTION('',(-0.,1.,0.));
#333 = PCURVE('',#72,#334);
#334 = DEFINITIONAL_REPRESENTATION('',(#335),#338);
#335 = B_SPLINE_CURVE_WITH_KNOTS('',1,(#336,#337),.UNSPECIFIED.,.F.,.F.,
  (2,2),(1.25,26.25),.PIECEWISE_BEZIER_KNOTS.);
#336 = CARTESIAN_POINT('',(62.5,2.5));
#337 = CARTESIAN_POINT('',(62.5,27.5));
#338 = ( GEOMETRIC_REPRESENTATION_CONTEXT(2) 
PARAMETRIC_REPRESENTATION_CONTEXT() REPRESENTATION_CONTEXT('2D SPACE',''
  ) );
#339 = PCURVE('',#340,#345);
#340 = PLANE('',#341);
#341 = AXIS2_PLACEMENT_3D('',#342,#343,#344);
#342 = CARTESIAN_POINT('',(62.5,2.5,2.4));
#343 = DIRECTION('',(1.,0.,-0.));
#344 = DIRECTION('',(0.,0.,1.));
#345 = DEFINITIONAL_REPRESENTATION('',(#346),#349);
#346 = B_SPLINE_CURVE_WITH_KNOTS('',1,(#347,#348),.UNSPECIFIED.,.F.,.F.,
  (2,2),(1.25,26.25),.PIECEWISE_BEZIER_KNOTS.);
#347 = CARTESIAN_POINT('',(1.E-01,0.));
#348 = CARTESIAN_POINT('',(1.E-01,-25.));
#349 = ( GEOMETRIC_REPRESENTATION_CONTEXT(2) 
PARAMETRIC_REPRESENTATION_CONTEXT() REPRESENTATION_CONTEXT('2D SPACE',''
  ) );
#350 = ORIENTED_EDGE('',*,*,#351,.T.);
#351 = EDGE_CURVE('',#324,#352,#354,.T.);
#352 = VERTEX_POINT('',#353);
#353 = CARTESIAN_POINT('',(57.7,2.5,2.5));
#354 = SURFACE_CURVE('',#355,(#359,#365),.PCURVE_S1.);
#355 = LINE('',#356,#357);
#356 = CARTESIAN_POINT('',(1.25,2.5,2.5));
#357 = VECTOR('',#358,1.);
#358 = DIRECTION('',(-1.,-0.,0.));
#359 = PCURVE('',#72,#360);
#360 = DEFINITIONAL_REPRESENTATION('',(#361),#364);
#361 = B_SPLINE_CURVE_WITH_KNOTS('',1,(#362,#363),.UNSPECIFIED.,.F.,.F.,
  (2,2),(-61.25,-1.25),.PIECEWISE_BEZIER_KNOTS.);
#362 = CARTESIAN_POINT('',(62.5,2.5));
#363 = CARTESIAN_POINT('',(2.5,2.5));
#364 = ( GEOMETRIC_REPRESENTATION_CONTEXT(2) 
PARAMETRIC_REPRESENTATION_CONTEXT() REPRESENTATION_CONTEXT('2D SPACE',''
  ) );
#365 = PCURVE('',#366,#371);
#366 = PLANE('',#367);
#367 = AXIS2_PLACEMENT_3D('',#368,#369,#370);
#368 = CARTESIAN_POINT('',(2.5,2.5,2.4));
#369 = DIRECTION('',(-0.,1.,0.));
#370 = DIRECTION('',(0.,0.,1.));
#371 = DEFINITIONAL_REPRESENTATION('',(#372),#375);
#372 = B_SPLINE_CURVE_WITH_KNOTS('',1,(#373,#374),.UNSPECIFIED.,.F.,.F.,
  (2,2),(-61.25,-1.25),.PIECEWISE_BEZIER_KNOTS.);
#373 = CARTESIAN_POINT('',(1.E-01,60.));
#374 = CARTESIAN_POINT('',(1.E-01,0.));
#375 = ( GEOMETRIC_REPRESENTATION_CONTEXT(2) 
PARAMETRIC_REPRESENTATION_CONTEXT() REPRESENTATION_CONTEXT('2D SPACE',''
  ) );
#376 = ORIENTED_EDGE('',*,*,#377,.F.);
#377 = EDGE_CURVE('',#378,#352,#380,.T.);
#378 = VERTEX_POINT('',#379);
#379 = CARTESIAN_POINT('',(57.7,1.5,2.5));
#380 = SURFACE_CURVE('',#381,(#385,#391),.PCURVE_S1.);
#381 = LINE('',#382,#383);
#382 = CARTESIAN_POINT('',(57.7,0.75,2.5));
#383 = VECTOR('',#384,1.);
#384 = DIRECTION('',(-0.,1.,0.));
#385 = PCURVE('',#72,#386);
#386 = DEFINITIONAL_REPRESENTATION('',(#387),#390);
#387 = B_SPLINE_CURVE_WITH_KNOTS('',1,(#388,#389),.UNSPECIFIED.,.F.,.F.,
  (2,2),(0.75,27.75),.PIECEWISE_BEZIER_KNOTS.);
#388 = CARTESIAN_POINT('',(57.7,1.5));
#389 = CARTESIAN_POINT('',(57.7,28.5));
#390 = ( GEOMETRIC_REPRESENTATION_CONTEXT(2) 
PARAMETRIC_REPRESENTATION_CONTEXT() REPRESENTATION_CONTEXT('2D SPACE',''
  ) );
#391 = PCURVE('',#392,#397);
#392 = PLANE('',#393);
#393 = AXIS2_PLACEMENT_3D('',#394,#395,#396);
#394 = CARTESIAN_POINT('',(57.7,1.5,1.5));
#395 = DIRECTION('',(1.,0.,-0.));
#396 = DIRECTION('',(0.,0.,1.));
#397 = DEFINITIONAL_REPRESENTATION('',(#398),#401);
#398 = B_SPLINE_CURVE_WITH_KNOTS('',1,(#399,#400),.UNSPECIFIED.,.F.,.F.,
  (2,2),(0.75,27.75),.PIECEWISE_BEZIER_KNOTS.);
#399 = CARTESIAN_POINT('',(1.,0.));
#400 = CARTESIAN_POINT('',(1.,-27.));
#401 = ( GEOMETRIC_REPRESENTATION_CONTEXT(2) 
PARAMETRIC_REPRESENTATION_CONTEXT() REPRESENTATION_CONTEXT('2D SPACE',''
  ) );
#402 = ORIENTED_EDGE('',*,*,#403,.T.);
#403 = EDGE_CURVE('',#378,#404,#406,.T.);
#404 = VERTEX_POINT('',#405);
#405 = CARTESIAN_POINT('',(56.5,1.5,2.5));
#406 = SURFACE_CURVE('',#407,(#411,#417),.PCURVE_S1.);
#407 = LINE('',#408,#409);
#408 = CARTESIAN_POINT('',(28.25,1.5,2.5));
#409 = VECTOR('',#410,1.);
#410 = DIRECTION('',(-1.,-0.,0.));
#411 = PCURVE('',#72,#412);
#412 = DEFINITIONAL_REPRESENTATION('',(#413),#416);
#413 = B_SPLINE_CURVE_WITH_KNOTS('',1,(#414,#415),.UNSPECIFIED.,.F.,.F.,
  (2,2),(-29.45,-28.25),.PIECEWISE_BEZIER_KNOTS.);
#414 = CARTESIAN_POINT('',(57.7,1.5));
#415 = CARTESIAN_POINT('',(56.5,1.5));
#416 = ( GEOMETRIC_REPRESENTATION_CONTEXT(2) 
PARAMETRIC_REPRESENTATION_CONTEXT() REPRESENTATION_CONTEXT('2D SPACE',''
  ) );
#417 = PCURVE('',#418,#423);
#418 = PLANE('',#419);
#419 = AXIS2_PLACEMENT_3D('',#420,#421,#422);
#420 = CARTESIAN_POINT('',(56.5,1.5,1.5));
#421 = DIRECTION('',(-0.,1.,0.));
#422 = DIRECTION('',(0.,0.,1.));
#423 = DEFINITIONAL_REPRESENTATION('',(#424),#427);
#424 = B_SPLINE_CURVE_WITH_KNOTS('',1,(#425,#426),.UNSPECIFIED.,.F.,.F.,
  (2,2),(-29.45,-28.25),.PIECEWISE_BEZIER_KNOTS.);
#425 = CARTESIAN_POINT('',(1.,1.2));
#426 = CARTESIAN_POINT('',(1.,0.));
#427 = ( GEOMETRIC_REPRESENTATION_CONTEXT(2) 
PARAMETRIC_REPRESENTATION_CONTEXT() REPRESENTATION_CONTEXT('2D SPACE',''
  ) );
#428 = ORIENTED_EDGE('',*,*,#429,.T.);
#429 = EDGE_CURVE('',#404,#430,#432,.T.);
#430 = VERTEX_POINT('',#431);
#431 = CARTESIAN_POINT('',(56.5,2.5,2.5));
#432 = SURFACE_CURVE('',#433,(#437,#443),.PCURVE_S1.);
#433 = LINE('',#434,#435);
#434 = CARTESIAN_POINT('',(56.5,0.75,2.5));
#435 = VECTOR('',#436,1.);
#436 = DIRECTION('',(-0.,1.,0.));
#437 = PCURVE('',#72,#438);
#438 = DEFINITIONAL_REPRESENTATION('',(#439),#442);
#439 = B_SPLINE_CURVE_WITH_KNOTS('',1,(#440,#441),.UNSPECIFIED.,.F.,.F.,
  (2,2),(0.75,27.75),.PIECEWISE_BEZIER_KNOTS.);
#440 = CARTESIAN_POINT('',(56.5,1.5));
#441 = CARTESIAN_POINT('',(56.5,28.5));
#442 = ( GEOMETRIC_REPRESENTATION_CONTEXT(2) 
PARAMETRIC_REPRESENTATION_CONTEXT() REPRESENTATION_CONTEXT('2D SPACE',''
  ) );
#443 = PCURVE('',#444,#449);
#444 = PLANE('',#445);
#445 = AXIS2_PLACEMENT_3D('',#446,#447,#448);
#446 = CARTESIAN_POINT('',(56.5,1.5,1.5));
#447 = DIRECTION('',(1.,0.,-0.));
#448 = DIRECTION('',(0.,0.,1.));
#449 = DEFINITIONAL_REPRESENTATION('',(#450),#453);
#450 = B_SPLINE_CURVE_WITH_KNOTS('',1,(#451,#452),.UNSPECIFIED.,.F.,.F.,
  (2,2),(0.75,27.75),.PIECEWISE_BEZIER_KNOTS.);
#451 = CARTESIAN_POINT('',(1.,0.));
#452 = CARTESIAN_POINT('',(1.,-27.));
#453 = ( GEOMETRIC_REPRESENTATION_CONTEXT(2) 
PARAMETRIC_REPRESENTATION_CONTEXT() REPRESENTATION_CONTEXT('2D SPACE',''
  ) );
#454 = ORIENTED_EDGE('',*,*,#455,.T.);
#455 = EDGE_CURVE('',#430,#456,#458,.T.);
#456 = VERTEX_POINT('',#457);
#457 = CARTESIAN_POINT('',(2.5,2.5,2.5));
#458 = SURFACE_CURVE('',#459,(#463,#469),.PCURVE_S1.);
#459 = LINE('',#460,#461);
#460 = CARTESIAN_POINT('',(1.25,2.5,2.5));
#461 = VECTOR('',#462,1.);
#462 = DIRECTION('',(-1.,-0.,0.));
#463 = PCURVE('',#72,#464);
#464 = DEFINITIONAL_REPRESENTATION('',(#465),#468);
#465 = B_SPLINE_CURVE_WITH_KNOTS('',1,(#466,#467),.UNSPECIFIED.,.F.,.F.,
  (2,2),(-61.25,-1.25),.PIECEWISE_BEZIER_KNOTS.);
#466 = CARTESIAN_POINT('',(62.5,2.5));
#467 = CARTESIAN_POINT('',(2.5,2.5));
#468 = ( GEOMETRIC_REPRESENTATION_CONTEXT(2) 
PARAMETRIC_REPRESENTATION_CONTEXT() REPRESENTATION_CONTEXT('2D SPACE',''
  ) );
#469 = PCURVE('',#470,#475);
#470 = PLANE('',#471);
#471 = AXIS2_PLACEMENT_3D('',#472,#473,#474);
#472 = CARTESIAN_POINT('',(2.5,2.5,2.4));
#473 = DIRECTION('',(-0.,1.,0.));
#474 = DIRECTION('',(0.,0.,1.));
#475 = DEFINITIONAL_REPRESENTATION('',(#476),#479);
#476 = B_SPLINE_CURVE_WITH_KNOTS('',1,(#477,#478),.UNSPECIFIED.,.F.,.F.,
  (2,2),(-61.25,-1.25),.PIECEWISE_BEZIER_KNOTS.);
#477 = CARTESIAN_POINT('',(1.E-01,60.));
#478 = CARTESIAN_POINT('',(1.E-01,0.));
#479 = ( GEOMETRIC_REPRESENTATION_CONTEXT(2) 
PARAMETRIC_REPRESENTATION_CONTEXT() REPRESENTATION_CONTEXT('2D SPACE',''
  ) );
#480 = ORIENTED_EDGE('',*,*,#481,.T.);
#481 = EDGE_CURVE('',#456,#482,#484,.T.);
#482 = VERTEX_POINT('',#483);
#483 = CARTESIAN_POINT('',(2.5,27.5,2.5));
#484 = SURFACE_CURVE('',#485,(#489,#495),.PCURVE_S1.);
#485 = LINE('',#486,#487);
#486 = CARTESIAN_POINT('',(2.5,1.25,2.5));
#487 = VECTOR('',#488,1.);
#488 = DIRECTION('',(-0.,1.,0.));
#489 = PCURVE('',#72,#490);
#490 = DEFINITIONAL_REPRESENTATION('',(#491),#494);
#491 = B_SPLINE_CURVE_WITH_KNOTS('',1,(#492,#493),.UNSPECIFIED.,.F.,.F.,
  (2,2),(1.25,26.25),.PIECEWISE_BEZIER_KNOTS.);
#492 = CARTESIAN_POINT('',(2.5,2.5));
#493 = CARTESIAN_POINT('',(2.5,27.5));
#494 = ( GEOMETRIC_REPRESENTATION_CONTEXT(2) 
PARAMETRIC_REPRESENTATION_CONTEXT() REPRESENTATION_CONTEXT('2D SPACE',''
  ) );
#495 = PCURVE('',#496,#501);
#496 = PLANE('',#497);
#497 = AXIS2_PLACEMENT_3D('',#498,#499,#500);
#498 = CARTESIAN_POINT('',(2.5,2.5,2.4));
#499 = DIRECTION('',(1.,0.,-0.));
#500 = DIRECTION('',(0.,0.,1.));
#501 = DEFINITIONAL_REPRESENTATION('',(#502),#505);
#502 = B_SPLINE_CURVE_WITH_KNOTS('',1,(#503,#504),.UNSPECIFIED.,.F.,.F.,
  (2,2),(1.25,26.25),.PIECEWISE_BEZIER_KNOTS.);
#503 = CARTESIAN_POINT('',(1.E-01,0.));
#504 = CARTESIAN_POINT('',(1.E-01,-25.));
#505 = ( GEOMETRIC_REPRESENTATION_CONTEXT(2) 
PARAMETRIC_REPRESENTATION_CONTEXT() REPRESENTATION_CONTEXT('2D SPACE',''
  ) );
#506 = ORIENTED_EDGE('',*,*,#507,.F.);
#507 = EDGE_CURVE('',#508,#482,#510,.T.);
#508 = VERTEX_POINT('',#509);
#509 = CARTESIAN_POINT('',(56.5,27.5,2.5));
#510 = SURFACE_CURVE('',#511,(#515,#521),.PCURVE_S1.);
#511 = LINE('',#512,#513);
#512 = CARTESIAN_POINT('',(1.25,27.5,2.5));
#513 = VECTOR('',#514,1.);
#514 = DIRECTION('',(-1.,-0.,0.));
#515 = PCURVE('',#72,#516);
#516 = DEFINITIONAL_REPRESENTATION('',(#517),#520);
#517 = B_SPLINE_CURVE_WITH_KNOTS('',1,(#518,#519),.UNSPECIFIED.,.F.,.F.,
  (2,2),(-61.25,-1.25),.PIECEWISE_BEZIER_KNOTS.);
#518 = CARTESIAN_POINT('',(62.5,27.5));
#519 = CARTESIAN_POINT('',(2.5,27.5));
#520 = ( GEOMETRIC_REPRESENTATION_CONTEXT(2) 
PARAMETRIC_REPRESENTATION_CONTEXT() REPRESENTATION_CONTEXT('2D SPACE',''
  ) );
#521 = PCURVE('',#522,#527);
#522 = PLANE('',#523);
#523 = AXIS2_PLACEMENT_3D('',#524,#525,#526);
#524 = CARTESIAN_POINT('',(2.5,27.5,2.4));
#525 = DIRECTION('',(-0.,1.,0.));
#526 = DIRECTION('',(0.,0.,1.));
#527 = DEFINITIONAL_REPRESENTATION('',(#528),#531);
#528 = B_SPLINE_CURVE_WITH_KNOTS('',1,(#529,#530),.UNSPECIFIED.,.F.,.F.,
  (2,2),(-61.25,-1.25),.PIECEWISE_BEZIER_KNOTS.);
#529 = CARTESIAN_POINT('',(1.E-01,60.));
#530 = CARTESIAN_POINT('',(1.E-01,0.));
#531 = ( GEOMETRIC_REPRESENTATION_CONTEXT(2) 
PARAMETRIC_REPRESENTATION_CONTEXT() REPRESENTATION_CONTEXT('2D SPACE',''
  ) );
#532 = ORIENTED_EDGE('',*,*,#533,.T.);
#533 = EDGE_CURVE('',#508,#534,#536,.T.);
#534 = VERTEX_POINT('',#535);
#535 = CARTESIAN_POINT('',(56.5,28.5,2.5));
#536 = SURFACE_CURVE('',#537,(#541,#547),.PCURVE_S1.);
#537 = LINE('',#538,#539);
#538 = CARTESIAN_POINT('',(56.5,0.75,2.5));
#539 = VECTOR('',#540,1.);
#540 = DIRECTION('',(-0.,1.,0.));
#541 = PCURVE('',#72,#542);
#542 = DEFINITIONAL_REPRESENTATION('',(#543),#546);
#543 = B_SPLINE_CURVE_WITH_KNOTS('',1,(#544,#545),.UNSPECIFIED.,.F.,.F.,
  (2,2),(0.75,27.75),.PIECEWISE_BEZIER_KNOTS.);
#544 = CARTESIAN_POINT('',(56.5,1.5));
#545 = CARTESIAN_POINT('',(56.5,28.5));
#546 = ( GEOMETRIC_REPRESENTATION_CONTEXT(2) 
PARAMETRIC_REPRESENTATION_CONTEXT() REPRESENTATION_CONTEXT('2D SPACE',''
  ) );
#547 = PCURVE('',#548,#553);
#548 = PLANE('',#549);
#549 = AXIS2_PLACEMENT_3D('',#550,#551,#552);
#550 = CARTESIAN_POINT('',(56.5,1.5,1.5));
#551 = DIRECTION('',(1.,0.,-0.));
#552 = DIRECTION('',(0.,0.,1.));
#553 = DEFINITIONAL_REPRESENTATION('',(#554),#557);
#554 = B_SPLINE_CURVE_WITH_KNOTS('',1,(#555,#556),.UNSPECIFIED.,.F.,.F.,
  (2,2),(0.75,27.75),.PIECEWISE_BEZIER_KNOTS.);
#555 = CARTESIAN_POINT('',(1.,0.));
#556 = CARTESIAN_POINT('',(1.,-27.));
#557 = ( GEOMETRIC_REPRESENTATION_CONTEXT(2) 
PARAMETRIC_REPRESENTATION_CONTEXT() REPRESENTATION_CONTEXT('2D SPACE',''
  ) );
#558 = ORIENTED_EDGE('',*,*,#559,.F.);
#559 = EDGE_CURVE('',#560,#534,#562,.T.);
#560 = VERTEX_POINT('',#561);
#561 = CARTESIAN_POINT('',(57.7,28.5,2.5));
#562 = SURFACE_CURVE('',#563,(#567,#573),.PCURVE_S1.);
#563 = LINE('',#564,#565);
#564 = CARTESIAN_POINT('',(28.25,28.5,2.5));
#565 = VECTOR('',#566,1.);
#566 = DIRECTION('',(-1.,-0.,0.));
#567 = PCURVE('',#72,#568);
#568 = DEFINITIONAL_REPRESENTATION('',(#569),#572);
#569 = B_SPLINE_CURVE_WITH_KNOTS('',1,(#570,#571),.UNSPECIFIED.,.F.,.F.,
  (2,2),(-29.45,-28.25),.PIECEWISE_BEZIER_KNOTS.);
#570 = CARTESIAN_POINT('',(57.7,28.5));
#571 = CARTESIAN_POINT('',(56.5,28.5));
#572 = ( GEOMETRIC_REPRESENTATION_CONTEXT(2) 
PARAMETRIC_REPRESENTATION_CONTEXT() REPRESENTATION_CONTEXT('2D SPACE',''
  ) );
#573 = PCURVE('',#574,#579);
#574 = PLANE('',#575);
#575 = AXIS2_PLACEMENT_3D('',#576,#577,#578);
#576 = CARTESIAN_POINT('',(56.5,28.5,1.5));
#577 = DIRECTION('',(-0.,1.,0.));
#578 = DIRECTION('',(0.,0.,1.));
#579 = DEFINITIONAL_REPRESENTATION('',(#580),#583);
#580 = B_SPLINE_CURVE_WITH_KNOTS('',1,(#581,#582),.UNSPECIFIED.,.F.,.F.,
  (2,2),(-29.45,-28.25),.PIECEWISE_BEZIER_KNOTS.);
#581 = CARTESIAN_POINT('',(1.,1.2));
#582 = CARTESIAN_POINT('',(1.,0.));
#583 = ( GEOMETRIC_REPRESENTATION_CONTEXT(2) 
PARAMETRIC_REPRESENTATION_CONTEXT() REPRESENTATION_CONTEXT('2D SPACE',''
  ) );
#584 = ORIENTED_EDGE('',*,*,#585,.F.);
#585 = EDGE_CURVE('',#586,#560,#588,.T.);
#586 = VERTEX_POINT('',#587);
#587 = CARTESIAN_POINT('',(57.7,27.5,2.5));
#588 = SURFACE_CURVE('',#589,(#593,#599),.PCURVE_S1.);
#589 = LINE('',#590,#591);
#590 = CARTESIAN_POINT('',(57.7,0.75,2.5));
#591 = VECTOR('',#592,1.);
#592 = DIRECTION('',(-0.,1.,0.));
#593 = PCURVE('',#72,#594);
#594 = DEFINITIONAL_REPRESENTATION('',(#595),#598);
#595 = B_SPLINE_CURVE_WITH_KNOTS('',1,(#596,#597),.UNSPECIFIED.,.F.,.F.,
  (2,2),(0.75,27.75),.PIECEWISE_BEZIER_KNOTS.);
#596 = CARTESIAN_POINT('',(57.7,1.5));
#597 = CARTESIAN_POINT('',(57.7,28.5));
#598 = ( GEOMETRIC_REPRESENTATION_CONTEXT(2) 
PARAMETRIC_REPRESENTATION_CONTEXT() REPRESENTATION_CONTEXT('2D SPACE',''
  ) );
#599 = PCURVE('',#600,#605);
#600 = PLANE('',#601);
#601 = AXIS2_PLACEMENT_3D('',#602,#603,#604);
#602 = CARTESIAN_POINT('',(57.7,1.5,1.5));
#603 = DIRECTION('',(1.,0.,-0.));
#604 = DIRECTION('',(0.,0.,1.));
#605 = DEFINITIONAL_REPRESENTATION('',(#606),#609);
#606 = B_SPLINE_CURVE_WITH_KNOTS('',1,(#607,#608),.UNSPECIFIED.,.F.,.F.,
  (2,2),(0.75,27.75),.PIECEWISE_BEZIER_KNOTS.);
#607 = CARTESIAN_POINT('',(1.,0.));
#608 = CARTESIAN_POINT('',(1.,-27.));
#609 = ( GEOMETRIC_REPRESENTATION_CONTEXT(2) 
PARAMETRIC_REPRESENTATION_CONTEXT() REPRESENTATION_CONTEXT('2D SPACE',''
  ) );
#610 = ORIENTED_EDGE('',*,*,#611,.F.);
#611 = EDGE_CURVE('',#326,#586,#612,.T.);
#612 = SURFACE_CURVE('',#613,(#617,#623),.PCURVE_S1.);
#613 = LINE('',#614,#615);
#614 = CARTESIAN_POINT('',(1.25,27.5,2.5));
#615 = VECTOR('',#616,1.);
#616 = DIRECTION('',(-1.,-0.,0.));
#617 = PCURVE('',#72,#618);
#618 = DEFINITIONAL_REPRESENTATION('',(#619),#622);
#619 = B_SPLINE_CURVE_WITH_KNOTS('',1,(#620,#621),.UNSPECIFIED.,.F.,.F.,
  (2,2),(-61.25,-1.25),.PIECEWISE_BEZIER_KNOTS.);
#620 = CARTESIAN_POINT('',(62.5,27.5));
#621 = CARTESIAN_POINT('',(2.5,27.5));
#622 = ( GEOMETRIC_REPRESENTATION_CONTEXT(2) 
PARAMETRIC_REPRESENTATION_CONTEXT() REPRESENTATION_CONTEXT('2D SPACE',''
  ) );
#623 = PCURVE('',#624,#629);
#624 = PLANE('',#625);
#625 = AXIS2_PLACEMENT_3D('',#626,#627,#628);
#626 = CARTESIAN_POINT('',(2.5,27.5,2.4));
#627 = DIRECTION('',(-0.,1.,0.));
#628 = DIRECTION('',(0.,0.,1.));
#629 = DEFINITIONAL_REPRESENTATION('',(#630),#633);
#630 = B_SPLINE_CURVE_WITH_KNOTS('',1,(#631,#632),.UNSPECIFIED.,.F.,.F.,
  (2,2),(-61.25,-1.25),.PIECEWISE_BEZIER_KNOTS.);
#631 = CARTESIAN_POINT('',(1.E-01,60.));
#632 = CARTESIAN_POINT('',(1.E-01,0.));
#633 = ( GEOMETRIC_REPRESENTATION_CONTEXT(2) 
PARAMETRIC_REPRESENTATION_CONTEXT() REPRESENTATION_CONTEXT('2D SPACE',''
  ) );
#634 = ADVANCED_FACE('',(#635,#708),#366,.T.);
#635 = FACE_BOUND('',#636,.T.);
#636 = EDGE_LOOP('',(#637,#660,#661,#682));
#637 = ORIENTED_EDGE('',*,*,#638,.F.);
#638 = EDGE_CURVE('',#324,#639,#641,.T.);
#639 = VERTEX_POINT('',#640);
#640 = CARTESIAN_POINT('',(62.5,2.5,10.));
#641 = SURFACE_CURVE('',#642,(#646,#653),.PCURVE_S1.);
#642 = LINE('',#643,#644);
#643 = CARTESIAN_POINT('',(62.5,2.5,2.4));
#644 = VECTOR('',#645,1.);
#645 = DIRECTION('',(0.,0.,1.));
#646 = PCURVE('',#366,#647);
#647 = DEFINITIONAL_REPRESENTATION('',(#648),#652);
#648 = LINE('',#649,#650);
#649 = CARTESIAN_POINT('',(0.,60.));
#650 = VECTOR('',#651,1.);
#651 = DIRECTION('',(1.,0.));
#652 = ( GEOMETRIC_REPRESENTATION_CONTEXT(2) 
PARAMETRIC_REPRESENTATION_CONTEXT() REPRESENTATION_CONTEXT('2D SPACE',''
  ) );
#653 = PCURVE('',#340,#654);
#654 = DEFINITIONAL_REPRESENTATION('',(#655),#659);
#655 = LINE('',#656,#657);
#656 = CARTESIAN_POINT('',(0.,0.));
#657 = VECTOR('',#658,1.);
#658 = DIRECTION('',(1.,0.));
#659 = ( GEOMETRIC_REPRESENTATION_CONTEXT(2) 
PARAMETRIC_REPRESENTATION_CONTEXT() REPRESENTATION_CONTEXT('2D SPACE',''
  ) );
#660 = ORIENTED_EDGE('',*,*,#351,.T.);
#661 = ORIENTED_EDGE('',*,*,#662,.F.);
#662 = EDGE_CURVE('',#663,#352,#665,.T.);
#663 = VERTEX_POINT('',#664);
#664 = CARTESIAN_POINT('',(57.7,2.5,10.));
#665 = SURFACE_CURVE('',#666,(#670,#676),.PCURVE_S1.);
#666 = LINE('',#667,#668);
#667 = CARTESIAN_POINT('',(57.7,2.5,1.95));
#668 = VECTOR('',#669,1.);
#669 = DIRECTION('',(-0.,0.,-1.));
#670 = PCURVE('',#366,#671);
#671 = DEFINITIONAL_REPRESENTATION('',(#672),#675);
#672 = B_SPLINE_CURVE_WITH_KNOTS('',1,(#673,#674),.UNSPECIFIED.,.F.,.F.,
  (2,2),(-8.05,-0.55),.PIECEWISE_BEZIER_KNOTS.);
#673 = CARTESIAN_POINT('',(7.6,55.2));
#674 = CARTESIAN_POINT('',(1.E-01,55.2));
#675 = ( GEOMETRIC_REPRESENTATION_CONTEXT(2) 
PARAMETRIC_REPRESENTATION_CONTEXT() REPRESENTATION_CONTEXT('2D SPACE',''
  ) );
#676 = PCURVE('',#392,#677);
#677 = DEFINITIONAL_REPRESENTATION('',(#678),#681);
#678 = B_SPLINE_CURVE_WITH_KNOTS('',1,(#679,#680),.UNSPECIFIED.,.F.,.F.,
  (2,2),(-8.05,-0.55),.PIECEWISE_BEZIER_KNOTS.);
#679 = CARTESIAN_POINT('',(8.5,-1.));
#680 = CARTESIAN_POINT('',(1.,-1.));
#681 = ( GEOMETRIC_REPRESENTATION_CONTEXT(2) 
PARAMETRIC_REPRESENTATION_CONTEXT() REPRESENTATION_CONTEXT('2D SPACE',''
  ) );
#682 = ORIENTED_EDGE('',*,*,#683,.T.);
#683 = EDGE_CURVE('',#663,#639,#684,.T.);
#684 = SURFACE_CURVE('',#685,(#689,#696),.PCURVE_S1.);
#685 = LINE('',#686,#687);
#686 = CARTESIAN_POINT('',(2.5,2.5,10.));
#687 = VECTOR('',#688,1.);
#688 = DIRECTION('',(1.,0.,-0.));
#689 = PCURVE('',#366,#690);
#690 = DEFINITIONAL_REPRESENTATION('',(#691),#695);
#691 = LINE('',#692,#693);
#692 = CARTESIAN_POINT('',(7.6,0.));
#693 = VECTOR('',#694,1.);
#694 = DIRECTION('',(0.,1.));
#695 = ( GEOMETRIC_REPRESENTATION_CONTEXT(2) 
PARAMETRIC_REPRESENTATION_CONTEXT() REPRESENTATION_CONTEXT('2D SPACE',''
  ) );
#696 = PCURVE('',#697,#702);
#697 = PLANE('',#698);
#698 = AXIS2_PLACEMENT_3D('',#699,#700,#701);
#699 = CARTESIAN_POINT('',(2.5,2.5,10.));
#700 = DIRECTION('',(0.,0.,1.));
#701 = DIRECTION('',(1.,0.,-0.));
#702 = DEFINITIONAL_REPRESENTATION('',(#703),#707);
#703 = LINE('',#704,#705);
#704 = CARTESIAN_POINT('',(0.,0.));
#705 = VECTOR('',#706,1.);
#706 = DIRECTION('',(1.,0.));
#707 = ( GEOMETRIC_REPRESENTATION_CONTEXT(2) 
PARAMETRIC_REPRESENTATION_CONTEXT() REPRESENTATION_CONTEXT('2D SPACE',''
  ) );
#708 = FACE_BOUND('',#709,.T.);
#709 = EDGE_LOOP('',(#710));
#710 = ORIENTED_EDGE('',*,*,#711,.T.);
#711 = EDGE_CURVE('',#712,#712,#714,.T.);
#712 = VERTEX_POINT('',#713);
#713 = CARTESIAN_POINT('',(59.75,2.5,6.75));
#714 = SURFACE_CURVE('',#715,(#720,#731),.PCURVE_S1.);
#715 = CIRCLE('',#716,0.75);
#716 = AXIS2_PLACEMENT_3D('',#717,#718,#719);
#717 = CARTESIAN_POINT('',(59.,2.5,6.75));
#718 = DIRECTION('',(0.,-1.,0.));
#719 = DIRECTION('',(1.,0.,0.));
#720 = PCURVE('',#366,#721);
#721 = DEFINITIONAL_REPRESENTATION('',(#722),#730);
#722 = ( BOUNDED_CURVE() B_SPLINE_CURVE(2,(#723,#724,#725,#726,#727,#728
,#729),.UNSPECIFIED.,.T.,.F.) B_SPLINE_CURVE_WITH_KNOTS((1,2,2,2,2,1),(
    -2.094395102393,0.,2.094395102393,4.188790204786,6.28318530718,
8.377580409573),.UNSPECIFIED.) CURVE() GEOMETRIC_REPRESENTATION_ITEM() 
RATIONAL_B_SPLINE_CURVE((1.,0.5,1.,0.5,1.,0.5,1.)) REPRESENTATION_ITEM(
  '') );
#723 = CARTESIAN_POINT('',(4.35,57.25));
#724 = CARTESIAN_POINT('',(5.649038105677,57.25));
#725 = CARTESIAN_POINT('',(4.999519052838,56.125));
#726 = CARTESIAN_POINT('',(4.35,55.));
#727 = CARTESIAN_POINT('',(3.700480947162,56.125));
#728 = CARTESIAN_POINT('',(3.050961894323,57.25));
#729 = CARTESIAN_POINT('',(4.35,57.25));
#730 = ( GEOMETRIC_REPRESENTATION_CONTEXT(2) 
PARAMETRIC_REPRESENTATION_CONTEXT() REPRESENTATION_CONTEXT('2D SPACE',''
  ) );
#731 = PCURVE('',#732,#737);
#732 = CYLINDRICAL_SURFACE('',#733,0.75);
#733 = AXIS2_PLACEMENT_3D('',#734,#735,#736);
#734 = CARTESIAN_POINT('',(59.,3.,6.75));
#735 = DIRECTION('',(0.,-1.,0.));
#736 = DIRECTION('',(1.,0.,0.));
#737 = DEFINITIONAL_REPRESENTATION('',(#738),#742);
#738 = LINE('',#739,#740);
#739 = CARTESIAN_POINT('',(0.,0.5));
#740 = VECTOR('',#741,1.);
#741 = DIRECTION('',(1.,0.));
#742 = ( GEOMETRIC_REPRESENTATION_CONTEXT(2) 
PARAMETRIC_REPRESENTATION_CONTEXT() REPRESENTATION_CONTEXT('2D SPACE',''
  ) );
#743 = ADVANCED_FACE('',(#744),#732,.F.);
#744 = FACE_BOUND('',#745,.F.);
#745 = EDGE_LOOP('',(#746,#769,#796,#797));
#746 = ORIENTED_EDGE('',*,*,#747,.T.);
#747 = EDGE_CURVE('',#712,#748,#750,.T.);
#748 = VERTEX_POINT('',#749);
#749 = CARTESIAN_POINT('',(59.75,0.5,6.75));
#750 = SEAM_CURVE('',#751,(#755,#762),.PCURVE_S1.);
#751 = LINE('',#752,#753);
#752 = CARTESIAN_POINT('',(59.75,3.,6.75));
#753 = VECTOR('',#754,1.);
#754 = DIRECTION('',(0.,-1.,0.));
#755 = PCURVE('',#732,#756);
#756 = DEFINITIONAL_REPRESENTATION('',(#757),#761);
#757 = LINE('',#758,#759);
#758 = CARTESIAN_POINT('',(6.28318530718,-0.));
#759 = VECTOR('',#760,1.);
#760 = DIRECTION('',(0.,1.));
#761 = ( GEOMETRIC_REPRESENTATION_CONTEXT(2) 
PARAMETRIC_REPRESENTATION_CONTEXT() REPRESENTATION_CONTEXT('2D SPACE',''
  ) );
#762 = PCURVE('',#732,#763);
#763 = DEFINITIONAL_REPRESENTATION('',(#764),#768);
#764 = LINE('',#765,#766);
#765 = CARTESIAN_POINT('',(0.,-0.));
#766 = VECTOR('',#767,1.);
#767 = DIRECTION('',(0.,1.));
#768 = ( GEOMETRIC_REPRESENTATION_CONTEXT(2) 
PARAMETRIC_REPRESENTATION_CONTEXT() REPRESENTATION_CONTEXT('2D SPACE',''
  ) );
#769 = ORIENTED_EDGE('',*,*,#770,.F.);
#770 = EDGE_CURVE('',#748,#748,#771,.T.);
#771 = SURFACE_CURVE('',#772,(#777,#784),.PCURVE_S1.);
#772 = CIRCLE('',#773,0.75);
#773 = AXIS2_PLACEMENT_3D('',#774,#775,#776);
#774 = CARTESIAN_POINT('',(59.,0.5,6.75));
#775 = DIRECTION('',(0.,-1.,0.));
#776 = DIRECTION('',(1.,0.,0.));
#777 = PCURVE('',#732,#778);
#778 = DEFINITIONAL_REPRESENTATION('',(#779),#783);
#779 = LINE('',#780,#781);
#780 = CARTESIAN_POINT('',(0.,2.5));
#781 = VECTOR('',#782,1.);
#782 = DIRECTION('',(1.,0.));
#783 = ( GEOMETRIC_REPRESENTATION_CONTEXT(2) 
PARAMETRIC_REPRESENTATION_CONTEXT() REPRESENTATION_CONTEXT('2D SPACE',''
  ) );
#784 = PCURVE('',#785,#790);
#785 = PLANE('',#786);
#786 = AXIS2_PLACEMENT_3D('',#787,#788,#789);
#787 = CARTESIAN_POINT('',(59.,0.5,6.75));
#788 = DIRECTION('',(0.,-1.,0.));
#789 = DIRECTION('',(1.,0.,0.));
#790 = DEFINITIONAL_REPRESENTATION('',(#791),#795);
#791 = CIRCLE('',#792,0.75);
#792 = AXIS2_PLACEMENT_2D('',#793,#794);
#793 = CARTESIAN_POINT('',(0.,0.));
#794 = DIRECTION('',(1.,0.));
#795 = ( GEOMETRIC_REPRESENTATION_CONTEXT(2) 
PARAMETRIC_REPRESENTATION_CONTEXT() REPRESENTATION_CONTEXT('2D SPACE',''
  ) );
#796 = ORIENTED_EDGE('',*,*,#747,.F.);
#797 = ORIENTED_EDGE('',*,*,#711,.T.);
#798 = ADVANCED_FACE('',(#799,#830),#785,.T.);
#799 = FACE_BOUND('',#800,.T.);
#800 = EDGE_LOOP('',(#801));
#801 = ORIENTED_EDGE('',*,*,#802,.T.);
#802 = EDGE_CURVE('',#803,#803,#805,.T.);
#803 = VERTEX_POINT('',#804);
#804 = CARTESIAN_POINT('',(62.25,0.5,6.75));
#805 = SURFACE_CURVE('',#806,(#811,#818),.PCURVE_S1.);
#806 = CIRCLE('',#807,3.25);
#807 = AXIS2_PLACEMENT_3D('',#808,#809,#810);
#808 = CARTESIAN_POINT('',(59.,0.5,6.75));
#809 = DIRECTION('',(0.,-1.,0.));
#810 = DIRECTION('',(1.,0.,0.));
#811 = PCURVE('',#785,#812);
#812 = DEFINITIONAL_REPRESENTATION('',(#813),#817);
#813 = CIRCLE('',#814,3.25);
#814 = AXIS2_PLACEMENT_2D('',#815,#816);
#815 = CARTESIAN_POINT('',(0.,0.));
#816 = DIRECTION('',(1.,0.));
#817 = ( GEOMETRIC_REPRESENTATION_CONTEXT(2) 
PARAMETRIC_REPRESENTATION_CONTEXT() REPRESENTATION_CONTEXT('2D SPACE',''
  ) );
#818 = PCURVE('',#819,#824);
#819 = CYLINDRICAL_SURFACE('',#820,3.25);
#820 = AXIS2_PLACEMENT_3D('',#821,#822,#823);
#821 = CARTESIAN_POINT('',(59.,0.5,6.75));
#822 = DIRECTION('',(0.,-1.,0.));
#823 = DIRECTION('',(1.,0.,0.));
#824 = DEFINITIONAL_REPRESENTATION('',(#825),#829);
#825 = LINE('',#826,#827);
#826 = CARTESIAN_POINT('',(0.,0.));
#827 = VECTOR('',#828,1.);
#828 = DIRECTION('',(1.,0.));
#829 = ( GEOMETRIC_REPRESENTATION_CONTEXT(2) 
PARAMETRIC_REPRESENTATION_CONTEXT() REPRESENTATION_CONTEXT('2D SPACE',''
  ) );
#830 = FACE_BOUND('',#831,.T.);
#831 = EDGE_LOOP('',(#832));
#832 = ORIENTED_EDGE('',*,*,#770,.F.);
#833 = ADVANCED_FACE('',(#834),#819,.F.);
#834 = FACE_BOUND('',#835,.F.);
#835 = EDGE_LOOP('',(#836,#864,#885,#886));
#836 = ORIENTED_EDGE('',*,*,#837,.F.);
#837 = EDGE_CURVE('',#838,#838,#840,.T.);
#838 = VERTEX_POINT('',#839);
#839 = CARTESIAN_POINT('',(62.25,-1.,6.75));
#840 = SURFACE_CURVE('',#841,(#846,#853),.PCURVE_S1.);
#841 = CIRCLE('',#842,3.25);
#842 = AXIS2_PLACEMENT_3D('',#843,#844,#845);
#843 = CARTESIAN_POINT('',(59.,-1.,6.75));
#844 = DIRECTION('',(0.,-1.,0.));
#845 = DIRECTION('',(1.,0.,0.));
#846 = PCURVE('',#819,#847);
#847 = DEFINITIONAL_REPRESENTATION('',(#848),#852);
#848 = LINE('',#849,#850);
#849 = CARTESIAN_POINT('',(0.,1.5));
#850 = VECTOR('',#851,1.);
#851 = DIRECTION('',(1.,0.));
#852 = ( GEOMETRIC_REPRESENTATION_CONTEXT(2) 
PARAMETRIC_REPRESENTATION_CONTEXT() REPRESENTATION_CONTEXT('2D SPACE',''
  ) );
#853 = PCURVE('',#209,#854);
#854 = DEFINITIONAL_REPRESENTATION('',(#855),#863);
#855 = ( BOUNDED_CURVE() B_SPLINE_CURVE(2,(#856,#857,#858,#859,#860,#861
,#862),.UNSPECIFIED.,.T.,.F.) B_SPLINE_CURVE_WITH_KNOTS((1,2,2,2,2,1),(
    -2.094395102393,0.,2.094395102393,4.188790204786,6.28318530718,
8.377580409573),.UNSPECIFIED.) CURVE() GEOMETRIC_REPRESENTATION_ITEM() 
RATIONAL_B_SPLINE_CURVE((1.,0.5,1.,0.5,1.,0.5,1.)) REPRESENTATION_ITEM(
  '') );
#856 = CARTESIAN_POINT('',(4.25,9.25));
#857 = CARTESIAN_POINT('',(9.879165124599,9.25));
#858 = CARTESIAN_POINT('',(7.064582562299,4.375));
#859 = CARTESIAN_POINT('',(4.25,-0.5));
#860 = CARTESIAN_POINT('',(1.435417437701,4.375));
#861 = CARTESIAN_POINT('',(-1.379165124599,9.25));
#862 = CARTESIAN_POINT('',(4.25,9.25));
#863 = ( GEOMETRIC_REPRESENTATION_CONTEXT(2) 
PARAMETRIC_REPRESENTATION_CONTEXT() REPRESENTATION_CONTEXT('2D SPACE',''
  ) );
#864 = ORIENTED_EDGE('',*,*,#865,.F.);
#865 = EDGE_CURVE('',#803,#838,#866,.T.);
#866 = SEAM_CURVE('',#867,(#871,#878),.PCURVE_S1.);
#867 = LINE('',#868,#869);
#868 = CARTESIAN_POINT('',(62.25,0.5,6.75));
#869 = VECTOR('',#870,1.);
#870 = DIRECTION('',(0.,-1.,0.));
#871 = PCURVE('',#819,#872);
#872 = DEFINITIONAL_REPRESENTATION('',(#873),#877);
#873 = LINE('',#874,#875);
#874 = CARTESIAN_POINT('',(6.28318530718,-0.));
#875 = VECTOR('',#876,1.);
#876 = DIRECTION('',(0.,1.));
#877 = ( GEOMETRIC_REPRESENTATION_CONTEXT(2) 
PARAMETRIC_REPRESENTATION_CONTEXT() REPRESENTATION_CONTEXT('2D SPACE',''
  ) );
#878 = PCURVE('',#819,#879);
#879 = DEFINITIONAL_REPRESENTATION('',(#880),#884);
#880 = LINE('',#881,#882);
#881 = CARTESIAN_POINT('',(0.,-0.));
#882 = VECTOR('',#883,1.);
#883 = DIRECTION('',(0.,1.));
#884 = ( GEOMETRIC_REPRESENTATION_CONTEXT(2) 
PARAMETRIC_REPRESENTATION_CONTEXT() REPRESENTATION_CONTEXT('2D SPACE',''
  ) );
#885 = ORIENTED_EDGE('',*,*,#802,.T.);
#886 = ORIENTED_EDGE('',*,*,#865,.T.);
#887 = ADVANCED_FACE('',(#888,#1142,#1173),#697,.F.);
#888 = FACE_BOUND('',#889,.F.);
#889 = EDGE_LOOP('',(#890,#915,#938,#961,#984,#1007,#1030,#1053,#1076,
    #1099,#1120,#1121));
#890 = ORIENTED_EDGE('',*,*,#891,.F.);
#891 = EDGE_CURVE('',#892,#894,#896,.T.);
#892 = VERTEX_POINT('',#893);
#893 = CARTESIAN_POINT('',(57.7,27.5,10.));
#894 = VERTEX_POINT('',#895);
#895 = CARTESIAN_POINT('',(62.5,27.5,10.));
#896 = SURFACE_CURVE('',#897,(#901,#908),.PCURVE_S1.);
#897 = LINE('',#898,#899);
#898 = CARTESIAN_POINT('',(2.5,27.5,10.));
#899 = VECTOR('',#900,1.);
#900 = DIRECTION('',(1.,0.,-0.));
#901 = PCURVE('',#697,#902);
#902 = DEFINITIONAL_REPRESENTATION('',(#903),#907);
#903 = LINE('',#904,#905);
#904 = CARTESIAN_POINT('',(0.,25.));
#905 = VECTOR('',#906,1.);
#906 = DIRECTION('',(1.,0.));
#907 = ( GEOMETRIC_REPRESENTATION_CONTEXT(2) 
PARAMETRIC_REPRESENTATION_CONTEXT() REPRESENTATION_CONTEXT('2D SPACE',''
  ) );
#908 = PCURVE('',#624,#909);
#909 = DEFINITIONAL_REPRESENTATION('',(#910),#914);
#910 = LINE('',#911,#912);
#911 = CARTESIAN_POINT('',(7.6,0.));
#912 = VECTOR('',#913,1.);
#913 = DIRECTION('',(0.,1.));
#914 = ( GEOMETRIC_REPRESENTATION_CONTEXT(2) 
PARAMETRIC_REPRESENTATION_CONTEXT() REPRESENTATION_CONTEXT('2D SPACE',''
  ) );
#915 = ORIENTED_EDGE('',*,*,#916,.T.);
#916 = EDGE_CURVE('',#892,#917,#919,.T.);
#917 = VERTEX_POINT('',#918);
#918 = CARTESIAN_POINT('',(57.7,28.5,10.));
#919 = SURFACE_CURVE('',#920,(#924,#931),.PCURVE_S1.);
#920 = LINE('',#921,#922);
#921 = CARTESIAN_POINT('',(57.7,1.5,10.));
#922 = VECTOR('',#923,1.);
#923 = DIRECTION('',(-0.,1.,0.));
#924 = PCURVE('',#697,#925);
#925 = DEFINITIONAL_REPRESENTATION('',(#926),#930);
#926 = LINE('',#927,#928);
#927 = CARTESIAN_POINT('',(55.2,-1.));
#928 = VECTOR('',#929,1.);
#929 = DIRECTION('',(0.,1.));
#930 = ( GEOMETRIC_REPRESENTATION_CONTEXT(2) 
PARAMETRIC_REPRESENTATION_CONTEXT() REPRESENTATION_CONTEXT('2D SPACE',''
  ) );
#931 = PCURVE('',#600,#932);
#932 = DEFINITIONAL_REPRESENTATION('',(#933),#937);
#933 = LINE('',#934,#935);
#934 = CARTESIAN_POINT('',(8.5,0.));
#935 = VECTOR('',#936,1.);
#936 = DIRECTION('',(0.,-1.));
#937 = ( GEOMETRIC_REPRESENTATION_CONTEXT(2) 
PARAMETRIC_REPRESENTATION_CONTEXT() REPRESENTATION_CONTEXT('2D SPACE',''
  ) );
#938 = ORIENTED_EDGE('',*,*,#939,.F.);
#939 = EDGE_CURVE('',#940,#917,#942,.T.);
#940 = VERTEX_POINT('',#941);
#941 = CARTESIAN_POINT('',(56.5,28.5,10.));
#942 = SURFACE_CURVE('',#943,(#947,#954),.PCURVE_S1.);
#943 = LINE('',#944,#945);
#944 = CARTESIAN_POINT('',(56.5,28.5,10.));
#945 = VECTOR('',#946,1.);
#946 = DIRECTION('',(1.,0.,-0.));
#947 = PCURVE('',#697,#948);
#948 = DEFINITIONAL_REPRESENTATION('',(#949),#953);
#949 = LINE('',#950,#951);
#950 = CARTESIAN_POINT('',(54.,26.));
#951 = VECTOR('',#952,1.);
#952 = DIRECTION('',(1.,0.));
#953 = ( GEOMETRIC_REPRESENTATION_CONTEXT(2) 
PARAMETRIC_REPRESENTATION_CONTEXT() REPRESENTATION_CONTEXT('2D SPACE',''
  ) );
#954 = PCURVE('',#574,#955);
#955 = DEFINITIONAL_REPRESENTATION('',(#956),#960);
#956 = LINE('',#957,#958);
#957 = CARTESIAN_POINT('',(8.5,0.));
#958 = VECTOR('',#959,1.);
#959 = DIRECTION('',(0.,1.));
#960 = ( GEOMETRIC_REPRESENTATION_CONTEXT(2) 
PARAMETRIC_REPRESENTATION_CONTEXT() REPRESENTATION_CONTEXT('2D SPACE',''
  ) );
#961 = ORIENTED_EDGE('',*,*,#962,.F.);
#962 = EDGE_CURVE('',#963,#940,#965,.T.);
#963 = VERTEX_POINT('',#964);
#964 = CARTESIAN_POINT('',(56.5,27.5,10.));
#965 = SURFACE_CURVE('',#966,(#970,#977),.PCURVE_S1.);
#966 = LINE('',#967,#968);
#967 = CARTESIAN_POINT('',(56.5,1.5,10.));
#968 = VECTOR('',#969,1.);
#969 = DIRECTION('',(-0.,1.,0.));
#970 = PCURVE('',#697,#971);
#971 = DEFINITIONAL_REPRESENTATION('',(#972),#976);
#972 = LINE('',#973,#974);
#973 = CARTESIAN_POINT('',(54.,-1.));
#974 = VECTOR('',#975,1.);
#975 = DIRECTION('',(0.,1.));
#976 = ( GEOMETRIC_REPRESENTATION_CONTEXT(2) 
PARAMETRIC_REPRESENTATION_CONTEXT() REPRESENTATION_CONTEXT('2D SPACE',''
  ) );
#977 = PCURVE('',#548,#978);
#978 = DEFINITIONAL_REPRESENTATION('',(#979),#983);
#979 = LINE('',#980,#981);
#980 = CARTESIAN_POINT('',(8.5,0.));
#981 = VECTOR('',#982,1.);
#982 = DIRECTION('',(0.,-1.));
#983 = ( GEOMETRIC_REPRESENTATION_CONTEXT(2) 
PARAMETRIC_REPRESENTATION_CONTEXT() REPRESENTATION_CONTEXT('2D SPACE',''
  ) );
#984 = ORIENTED_EDGE('',*,*,#985,.F.);
#985 = EDGE_CURVE('',#986,#963,#988,.T.);
#986 = VERTEX_POINT('',#987);
#987 = CARTESIAN_POINT('',(2.5,27.5,10.));
#988 = SURFACE_CURVE('',#989,(#993,#1000),.PCURVE_S1.);
#989 = LINE('',#990,#991);
#990 = CARTESIAN_POINT('',(2.5,27.5,10.));
#991 = VECTOR('',#992,1.);
#992 = DIRECTION('',(1.,0.,-0.));
#993 = PCURVE('',#697,#994);
#994 = DEFINITIONAL_REPRESENTATION('',(#995),#999);
#995 = LINE('',#996,#997);
#996 = CARTESIAN_POINT('',(0.,25.));
#997 = VECTOR('',#998,1.);
#998 = DIRECTION('',(1.,0.));
#999 = ( GEOMETRIC_REPRESENTATION_CONTEXT(2) 
PARAMETRIC_REPRESENTATION_CONTEXT() REPRESENTATION_CONTEXT('2D SPACE',''
  ) );
#1000 = PCURVE('',#522,#1001);
#1001 = DEFINITIONAL_REPRESENTATION('',(#1002),#1006);
#1002 = LINE('',#1003,#1004);
#1003 = CARTESIAN_POINT('',(7.6,0.));
#1004 = VECTOR('',#1005,1.);
#1005 = DIRECTION('',(0.,1.));
#1006 = ( GEOMETRIC_REPRESENTATION_CONTEXT(2) 
PARAMETRIC_REPRESENTATION_CONTEXT() REPRESENTATION_CONTEXT('2D SPACE',''
  ) );
#1007 = ORIENTED_EDGE('',*,*,#1008,.F.);
#1008 = EDGE_CURVE('',#1009,#986,#1011,.T.);
#1009 = VERTEX_POINT('',#1010);
#1010 = CARTESIAN_POINT('',(2.5,2.5,10.));
#1011 = SURFACE_CURVE('',#1012,(#1016,#1023),.PCURVE_S1.);
#1012 = LINE('',#1013,#1014);
#1013 = CARTESIAN_POINT('',(2.5,2.5,10.));
#1014 = VECTOR('',#1015,1.);
#1015 = DIRECTION('',(-0.,1.,0.));
#1016 = PCURVE('',#697,#1017);
#1017 = DEFINITIONAL_REPRESENTATION('',(#1018),#1022);
#1018 = LINE('',#1019,#1020);
#1019 = CARTESIAN_POINT('',(0.,0.));
#1020 = VECTOR('',#1021,1.);
#1021 = DIRECTION('',(0.,1.));
#1022 = ( GEOMETRIC_REPRESENTATION_CONTEXT(2) 
PARAMETRIC_REPRESENTATION_CONTEXT() REPRESENTATION_CONTEXT('2D SPACE',''
  ) );
#1023 = PCURVE('',#496,#1024);
#1024 = DEFINITIONAL_REPRESENTATION('',(#1025),#1029);
#1025 = LINE('',#1026,#1027);
#1026 = CARTESIAN_POINT('',(7.6,0.));
#1027 = VECTOR('',#1028,1.);
#1028 = DIRECTION('',(0.,-1.));
#1029 = ( GEOMETRIC_REPRESENTATION_CONTEXT(2) 
PARAMETRIC_REPRESENTATION_CONTEXT() REPRESENTATION_CONTEXT('2D SPACE',''
  ) );
#1030 = ORIENTED_EDGE('',*,*,#1031,.T.);
#1031 = EDGE_CURVE('',#1009,#1032,#1034,.T.);
#1032 = VERTEX_POINT('',#1033);
#1033 = CARTESIAN_POINT('',(56.5,2.5,10.));
#1034 = SURFACE_CURVE('',#1035,(#1039,#1046),.PCURVE_S1.);
#1035 = LINE('',#1036,#1037);
#1036 = CARTESIAN_POINT('',(2.5,2.5,10.));
#1037 = VECTOR('',#1038,1.);
#1038 = DIRECTION('',(1.,0.,-0.));
#1039 = PCURVE('',#697,#1040);
#1040 = DEFINITIONAL_REPRESENTATION('',(#1041),#1045);
#1041 = LINE('',#1042,#1043);
#1042 = CARTESIAN_POINT('',(0.,0.));
#1043 = VECTOR('',#1044,1.);
#1044 = DIRECTION('',(1.,0.));
#1045 = ( GEOMETRIC_REPRESENTATION_CONTEXT(2) 
PARAMETRIC_REPRESENTATION_CONTEXT() REPRESENTATION_CONTEXT('2D SPACE',''
  ) );
#1046 = PCURVE('',#470,#1047);
#1047 = DEFINITIONAL_REPRESENTATION('',(#1048),#1052);
#1048 = LINE('',#1049,#1050);
#1049 = CARTESIAN_POINT('',(7.6,0.));
#1050 = VECTOR('',#1051,1.);
#1051 = DIRECTION('',(0.,1.));
#1052 = ( GEOMETRIC_REPRESENTATION_CONTEXT(2) 
PARAMETRIC_REPRESENTATION_CONTEXT() REPRESENTATION_CONTEXT('2D SPACE',''
  ) );
#1053 = ORIENTED_EDGE('',*,*,#1054,.F.);
#1054 = EDGE_CURVE('',#1055,#1032,#1057,.T.);
#1055 = VERTEX_POINT('',#1056);
#1056 = CARTESIAN_POINT('',(56.5,1.5,10.));
#1057 = SURFACE_CURVE('',#1058,(#1062,#1069),.PCURVE_S1.);
#1058 = LINE('',#1059,#1060);
#1059 = CARTESIAN_POINT('',(56.5,1.5,10.));
#1060 = VECTOR('',#1061,1.);
#1061 = DIRECTION('',(-0.,1.,0.));
#1062 = PCURVE('',#697,#1063);
#1063 = DEFINITIONAL_REPRESENTATION('',(#1064),#1068);
#1064 = LINE('',#1065,#1066);
#1065 = CARTESIAN_POINT('',(54.,-1.));
#1066 = VECTOR('',#1067,1.);
#1067 = DIRECTION('',(0.,1.));
#1068 = ( GEOMETRIC_REPRESENTATION_CONTEXT(2) 
PARAMETRIC_REPRESENTATION_CONTEXT() REPRESENTATION_CONTEXT('2D SPACE',''
  ) );
#1069 = PCURVE('',#444,#1070);
#1070 = DEFINITIONAL_REPRESENTATION('',(#1071),#1075);
#1071 = LINE('',#1072,#1073);
#1072 = CARTESIAN_POINT('',(8.5,0.));
#1073 = VECTOR('',#1074,1.);
#1074 = DIRECTION('',(0.,-1.));
#1075 = ( GEOMETRIC_REPRESENTATION_CONTEXT(2) 
PARAMETRIC_REPRESENTATION_CONTEXT() REPRESENTATION_CONTEXT('2D SPACE',''
  ) );
#1076 = ORIENTED_EDGE('',*,*,#1077,.T.);
#1077 = EDGE_CURVE('',#1055,#1078,#1080,.T.);
#1078 = VERTEX_POINT('',#1079);
#1079 = CARTESIAN_POINT('',(57.7,1.5,10.));
#1080 = SURFACE_CURVE('',#1081,(#1085,#1092),.PCURVE_S1.);
#1081 = LINE('',#1082,#1083);
#1082 = CARTESIAN_POINT('',(56.5,1.5,10.));
#1083 = VECTOR('',#1084,1.);
#1084 = DIRECTION('',(1.,0.,-0.));
#1085 = PCURVE('',#697,#1086);
#1086 = DEFINITIONAL_REPRESENTATION('',(#1087),#1091);
#1087 = LINE('',#1088,#1089);
#1088 = CARTESIAN_POINT('',(54.,-1.));
#1089 = VECTOR('',#1090,1.);
#1090 = DIRECTION('',(1.,0.));
#1091 = ( GEOMETRIC_REPRESENTATION_CONTEXT(2) 
PARAMETRIC_REPRESENTATION_CONTEXT() REPRESENTATION_CONTEXT('2D SPACE',''
  ) );
#1092 = PCURVE('',#418,#1093);
#1093 = DEFINITIONAL_REPRESENTATION('',(#1094),#1098);
#1094 = LINE('',#1095,#1096);
#1095 = CARTESIAN_POINT('',(8.5,0.));
#1096 = VECTOR('',#1097,1.);
#1097 = DIRECTION('',(0.,1.));
#1098 = ( GEOMETRIC_REPRESENTATION_CONTEXT(2) 
PARAMETRIC_REPRESENTATION_CONTEXT() REPRESENTATION_CONTEXT('2D SPACE',''
  ) );
#1099 = ORIENTED_EDGE('',*,*,#1100,.T.);
#1100 = EDGE_CURVE('',#1078,#663,#1101,.T.);
#1101 = SURFACE_CURVE('',#1102,(#1106,#1113),.PCURVE_S1.);
#1102 = LINE('',#1103,#1104);
#1103 = CARTESIAN_POINT('',(57.7,1.5,10.));
#1104 = VECTOR('',#1105,1.);
#1105 = DIRECTION('',(-0.,1.,0.));
#1106 = PCURVE('',#697,#1107);
#1107 = DEFINITIONAL_REPRESENTATION('',(#1108),#1112);
#1108 = LINE('',#1109,#1110);
#1109 = CARTESIAN_POINT('',(55.2,-1.));
#1110 = VECTOR('',#1111,1.);
#1111 = DIRECTION('',(0.,1.));
#1112 = ( GEOMETRIC_REPRESENTATION_CONTEXT(2) 
PARAMETRIC_REPRESENTATION_CONTEXT() REPRESENTATION_CONTEXT('2D SPACE',''
  ) );
#1113 = PCURVE('',#392,#1114);
#1114 = DEFINITIONAL_REPRESENTATION('',(#1115),#1119);
#1115 = LINE('',#1116,#1117);
#1116 = CARTESIAN_POINT('',(8.5,0.));
#1117 = VECTOR('',#1118,1.);
#1118 = DIRECTION('',(0.,-1.));
#1119 = ( GEOMETRIC_REPRESENTATION_CONTEXT(2) 
PARAMETRIC_REPRESENTATION_CONTEXT() REPRESENTATION_CONTEXT('2D SPACE',''
  ) );
#1120 = ORIENTED_EDGE('',*,*,#683,.T.);
#1121 = ORIENTED_EDGE('',*,*,#1122,.T.);
#1122 = EDGE_CURVE('',#639,#894,#1123,.T.);
#1123 = SURFACE_CURVE('',#1124,(#1128,#1135),.PCURVE_S1.);
#1124 = LINE('',#1125,#1126);
#1125 = CARTESIAN_POINT('',(62.5,2.5,10.));
#1126 = VECTOR('',#1127,1.);
#1127 = DIRECTION('',(-0.,1.,0.));
#1128 = PCURVE('',#697,#1129);
#1129 = DEFINITIONAL_REPRESENTATION('',(#1130),#1134);
#1130 = LINE('',#1131,#1132);
#1131 = CARTESIAN_POINT('',(60.,0.));
#1132 = VECTOR('',#1133,1.);
#1133 = DIRECTION('',(0.,1.));
#1134 = ( GEOMETRIC_REPRESENTATION_CONTEXT(2) 
PARAMETRIC_REPRESENTATION_CONTEXT() REPRESENTATION_CONTEXT('2D SPACE',''
  ) );
#1135 = PCURVE('',#340,#1136);
#1136 = DEFINITIONAL_REPRESENTATION('',(#1137),#1141);
#1137 = LINE('',#1138,#1139);
#1138 = CARTESIAN_POINT('',(7.6,0.));
#1139 = VECTOR('',#1140,1.);
#1140 = DIRECTION('',(0.,-1.));
#1141 = ( GEOMETRIC_REPRESENTATION_CONTEXT(2) 
PARAMETRIC_REPRESENTATION_CONTEXT() REPRESENTATION_CONTEXT('2D SPACE',''
  ) );
#1142 = FACE_BOUND('',#1143,.F.);
#1143 = EDGE_LOOP('',(#1144));
#1144 = ORIENTED_EDGE('',*,*,#1145,.F.);
#1145 = EDGE_CURVE('',#1146,#1146,#1148,.T.);
#1146 = VERTEX_POINT('',#1147);
#1147 = CARTESIAN_POINT('',(10.,8.,10.));
#1148 = SURFACE_CURVE('',#1149,(#1154,#1161),.PCURVE_S1.);
#1149 = CIRCLE('',#1150,1.);
#1150 = AXIS2_PLACEMENT_3D('',#1151,#1152,#1153);
#1151 = CARTESIAN_POINT('',(9.,8.,10.));
#1152 = DIRECTION('',(0.,0.,1.));
#1153 = DIRECTION('',(1.,0.,-0.));
#1154 = PCURVE('',#697,#1155);
#1155 = DEFINITIONAL_REPRESENTATION('',(#1156),#1160);
#1156 = CIRCLE('',#1157,1.);
#1157 = AXIS2_PLACEMENT_2D('',#1158,#1159);
#1158 = CARTESIAN_POINT('',(6.5,5.5));
#1159 = DIRECTION('',(1.,0.));
#1160 = ( GEOMETRIC_REPRESENTATION_CONTEXT(2) 
PARAMETRIC_REPRESENTATION_CONTEXT() REPRESENTATION_CONTEXT('2D SPACE',''
  ) );
#1161 = PCURVE('',#1162,#1167);
#1162 = CYLINDRICAL_SURFACE('',#1163,1.);
#1163 = AXIS2_PLACEMENT_3D('',#1164,#1165,#1166);
#1164 = CARTESIAN_POINT('',(9.,8.,9.5));
#1165 = DIRECTION('',(0.,0.,1.));
#1166 = DIRECTION('',(1.,0.,-0.));
#1167 = DEFINITIONAL_REPRESENTATION('',(#1168),#1172);
#1168 = LINE('',#1169,#1170);
#1169 = CARTESIAN_POINT('',(0.,0.5));
#1170 = VECTOR('',#1171,1.);
#1171 = DIRECTION('',(1.,0.));
#1172 = ( GEOMETRIC_REPRESENTATION_CONTEXT(2) 
PARAMETRIC_REPRESENTATION_CONTEXT() REPRESENTATION_CONTEXT('2D SPACE',''
  ) );
#1173 = FACE_BOUND('',#1174,.F.);
#1174 = EDGE_LOOP('',(#1175));
#1175 = ORIENTED_EDGE('',*,*,#1176,.F.);
#1176 = EDGE_CURVE('',#1177,#1177,#1179,.T.);
#1177 = VERTEX_POINT('',#1178);
#1178 = CARTESIAN_POINT('',(61.5,20.,10.));
#1179 = SURFACE_CURVE('',#1180,(#1185,#1192),.PCURVE_S1.);
#1180 = CIRCLE('',#1181,1.);
#1181 = AXIS2_PLACEMENT_3D('',#1182,#1183,#1184);
#1182 = CARTESIAN_POINT('',(60.5,20.,10.));
#1183 = DIRECTION('',(0.,0.,1.));
#1184 = DIRECTION('',(1.,0.,-0.));
#1185 = PCURVE('',#697,#1186);
#1186 = DEFINITIONAL_REPRESENTATION('',(#1187),#1191);
#1187 = CIRCLE('',#1188,1.);
#1188 = AXIS2_PLACEMENT_2D('',#1189,#1190);
#1189 = CARTESIAN_POINT('',(58.,17.5));
#1190 = DIRECTION('',(1.,0.));
#1191 = ( GEOMETRIC_REPRESENTATION_CONTEXT(2) 
PARAMETRIC_REPRESENTATION_CONTEXT() REPRESENTATION_CONTEXT('2D SPACE',''
  ) );
#1192 = PCURVE('',#1193,#1198);
#1193 = CYLINDRICAL_SURFACE('',#1194,1.);
#1194 = AXIS2_PLACEMENT_3D('',#1195,#1196,#1197);
#1195 = CARTESIAN_POINT('',(60.5,20.,9.5));
#1196 = DIRECTION('',(0.,0.,1.));
#1197 = DIRECTION('',(1.,0.,-0.));
#1198 = DEFINITIONAL_REPRESENTATION('',(#1199),#1203);
#1199 = LINE('',#1200,#1201);
#1200 = CARTESIAN_POINT('',(0.,0.5));
#1201 = VECTOR('',#1202,1.);
#1202 = DIRECTION('',(1.,0.));
#1203 = ( GEOMETRIC_REPRESENTATION_CONTEXT(2) 
PARAMETRIC_REPRESENTATION_CONTEXT() REPRESENTATION_CONTEXT('2D SPACE',''
  ) );
#1204 = ADVANCED_FACE('',(#1205),#1193,.F.);
#1205 = FACE_BOUND('',#1206,.F.);
#1206 = EDGE_LOOP('',(#1207,#1230,#1269,#1308,#1342,#1374,#1375));
#1207 = ORIENTED_EDGE('',*,*,#1208,.T.);
#1208 = EDGE_CURVE('',#1177,#1209,#1211,.T.);
#1209 = VERTEX_POINT('',#1210);
#1210 = CARTESIAN_POINT('',(61.5,20.,18.5));
#1211 = SEAM_CURVE('',#1212,(#1216,#1223),.PCURVE_S1.);
#1212 = LINE('',#1213,#1214);
#1213 = CARTESIAN_POINT('',(61.5,20.,9.5));
#1214 = VECTOR('',#1215,1.);
#1215 = DIRECTION('',(0.,0.,1.));
#1216 = PCURVE('',#1193,#1217);
#1217 = DEFINITIONAL_REPRESENTATION('',(#1218),#1222);
#1218 = LINE('',#1219,#1220);
#1219 = CARTESIAN_POINT('',(6.28318530718,-0.));
#1220 = VECTOR('',#1221,1.);
#1221 = DIRECTION('',(0.,1.));
#1222 = ( GEOMETRIC_REPRESENTATION_CONTEXT(2) 
PARAMETRIC_REPRESENTATION_CONTEXT() REPRESENTATION_CONTEXT('2D SPACE',''
  ) );
#1223 = PCURVE('',#1193,#1224);
#1224 = DEFINITIONAL_REPRESENTATION('',(#1225),#1229);
#1225 = LINE('',#1226,#1227);
#1226 = CARTESIAN_POINT('',(0.,-0.));
#1227 = VECTOR('',#1228,1.);
#1228 = DIRECTION('',(0.,1.));
#1229 = ( GEOMETRIC_REPRESENTATION_CONTEXT(2) 
PARAMETRIC_REPRESENTATION_CONTEXT() REPRESENTATION_CONTEXT('2D SPACE',''
  ) );
#1230 = ORIENTED_EDGE('',*,*,#1231,.F.);
#1231 = EDGE_CURVE('',#1232,#1209,#1234,.T.);
#1232 = VERTEX_POINT('',#1233);
#1233 = CARTESIAN_POINT('',(60.5,19.,19.5));
#1234 = SURFACE_CURVE('',#1235,(#1240,#1252),.PCURVE_S1.);
#1235 = ELLIPSE('',#1236,1.414213562373,1.);
#1236 = AXIS2_PLACEMENT_3D('',#1237,#1238,#1239);
#1237 = CARTESIAN_POINT('',(60.5,20.,19.5));
#1238 = DIRECTION('',(0.707106781187,0.,0.707106781187));
#1239 = DIRECTION('',(0.707106781187,0.,-0.707106781187));
#1240 = PCURVE('',#1193,#1241);
#1241 = DEFINITIONAL_REPRESENTATION('',(#1242),#1251);
#1242 = B_SPLINE_CURVE_WITH_KNOTS('',7,(#1243,#1244,#1245,#1246,#1247,
    #1248,#1249,#1250),.UNSPECIFIED.,.F.,.F.,(8,8),(4.712388980385,
    6.28318530718),.PIECEWISE_BEZIER_KNOTS.);
#1243 = CARTESIAN_POINT('',(4.712388980385,10.));
#1244 = CARTESIAN_POINT('',(4.936788455641,9.775600524744));
#1245 = CARTESIAN_POINT('',(5.161187930898,9.551201960682));
#1246 = CARTESIAN_POINT('',(5.385587406154,9.345253174228));
#1247 = CARTESIAN_POINT('',(5.60998688141,9.176237495375));
#1248 = CARTESIAN_POINT('',(5.834386356667,9.058748672609));
#1249 = CARTESIAN_POINT('',(6.058785831923,9.));
#1250 = CARTESIAN_POINT('',(6.28318530718,9.));
#1251 = ( GEOMETRIC_REPRESENTATION_CONTEXT(2) 
PARAMETRIC_REPRESENTATION_CONTEXT() REPRESENTATION_CONTEXT('2D SPACE',''
  ) );
#1252 = PCURVE('',#1253,#1258);
#1253 = CYLINDRICAL_SURFACE('',#1254,1.);
#1254 = AXIS2_PLACEMENT_3D('',#1255,#1256,#1257);
#1255 = CARTESIAN_POINT('',(48.,20.,19.5));
#1256 = DIRECTION('',(1.,0.,0.));
#1257 = DIRECTION('',(0.,0.,-1.));
#1258 = DEFINITIONAL_REPRESENTATION('',(#1259),#1268);
#1259 = B_SPLINE_CURVE_WITH_KNOTS('',7,(#1260,#1261,#1262,#1263,#1264,
    #1265,#1266,#1267),.UNSPECIFIED.,.F.,.F.,(8,8),(4.712388980385,
    6.28318530718),.PIECEWISE_BEZIER_KNOTS.);
#1260 = CARTESIAN_POINT('',(4.712388980385,12.5));
#1261 = CARTESIAN_POINT('',(4.936788455641,12.724399475256));
#1262 = CARTESIAN_POINT('',(5.161187930897,12.94879803932));
#1263 = CARTESIAN_POINT('',(5.385587406154,13.154746825778));
#1264 = CARTESIAN_POINT('',(5.60998688141,13.323762504628));
#1265 = CARTESIAN_POINT('',(5.834386356667,13.441251327388));
#1266 = CARTESIAN_POINT('',(6.058785831923,13.5));
#1267 = CARTESIAN_POINT('',(6.28318530718,13.5));
#1268 = ( GEOMETRIC_REPRESENTATION_CONTEXT(2) 
PARAMETRIC_REPRESENTATION_CONTEXT() REPRESENTATION_CONTEXT('2D SPACE',''
  ) );
#1269 = ORIENTED_EDGE('',*,*,#1270,.T.);
#1270 = EDGE_CURVE('',#1232,#1271,#1273,.T.);
#1271 = VERTEX_POINT('',#1272);
#1272 = CARTESIAN_POINT('',(59.5,20.,18.5));
#1273 = SURFACE_CURVE('',#1274,(#1279,#1291),.PCURVE_S1.);
#1274 = ELLIPSE('',#1275,1.414213562373,1.);
#1275 = AXIS2_PLACEMENT_3D('',#1276,#1277,#1278);
#1276 = CARTESIAN_POINT('',(60.5,20.,19.5));
#1277 = DIRECTION('',(0.707106781187,0.,-0.707106781187));
#1278 = DIRECTION('',(0.707106781187,0.,0.707106781187));
#1279 = PCURVE('',#1193,#1280);
#1280 = DEFINITIONAL_REPRESENTATION('',(#1281),#1290);
#1281 = B_SPLINE_CURVE_WITH_KNOTS('',7,(#1282,#1283,#1284,#1285,#1286,
    #1287,#1288,#1289),.UNSPECIFIED.,.F.,.F.,(8,8),(1.570796326795,
    3.14159265359),.PIECEWISE_BEZIER_KNOTS.);
#1282 = CARTESIAN_POINT('',(4.712388980385,10.));
#1283 = CARTESIAN_POINT('',(4.487989505128,9.775600524744));
#1284 = CARTESIAN_POINT('',(4.263590029872,9.551201960682));
#1285 = CARTESIAN_POINT('',(4.039190554616,9.345253174228));
#1286 = CARTESIAN_POINT('',(3.814791079359,9.176237495375));
#1287 = CARTESIAN_POINT('',(3.590391604103,9.058748672609));
#1288 = CARTESIAN_POINT('',(3.365992128846,9.));
#1289 = CARTESIAN_POINT('',(3.14159265359,9.));
#1290 = ( GEOMETRIC_REPRESENTATION_CONTEXT(2) 
PARAMETRIC_REPRESENTATION_CONTEXT() REPRESENTATION_CONTEXT('2D SPACE',''
  ) );
#1291 = PCURVE('',#1292,#1297);
#1292 = CYLINDRICAL_SURFACE('',#1293,1.);
#1293 = AXIS2_PLACEMENT_3D('',#1294,#1295,#1296);
#1294 = CARTESIAN_POINT('',(48.,20.,19.5));
#1295 = DIRECTION('',(1.,0.,0.));
#1296 = DIRECTION('',(0.,0.,-1.));
#1297 = DEFINITIONAL_REPRESENTATION('',(#1298),#1307);
#1298 = B_SPLINE_CURVE_WITH_KNOTS('',7,(#1299,#1300,#1301,#1302,#1303,
    #1304,#1305,#1306),.UNSPECIFIED.,.F.,.F.,(8,8),(1.570796326795,
    3.14159265359),.PIECEWISE_BEZIER_KNOTS.);
#1299 = CARTESIAN_POINT('',(4.712388980385,12.5));
#1300 = CARTESIAN_POINT('',(4.936788455641,12.275600524744));
#1301 = CARTESIAN_POINT('',(5.161187930897,12.051201960681));
#1302 = CARTESIAN_POINT('',(5.385587406154,11.845253174225));
#1303 = CARTESIAN_POINT('',(5.60998688141,11.676237495374));
#1304 = CARTESIAN_POINT('',(5.834386356667,11.558748672609));
#1305 = CARTESIAN_POINT('',(6.058785831923,11.5));
#1306 = CARTESIAN_POINT('',(6.28318530718,11.5));
#1307 = ( GEOMETRIC_REPRESENTATION_CONTEXT(2) 
PARAMETRIC_REPRESENTATION_CONTEXT() REPRESENTATION_CONTEXT('2D SPACE',''
  ) );
#1308 = ORIENTED_EDGE('',*,*,#1309,.T.);
#1309 = EDGE_CURVE('',#1271,#1310,#1312,.T.);
#1310 = VERTEX_POINT('',#1311);
#1311 = CARTESIAN_POINT('',(60.5,21.,19.5));
#1312 = SURFACE_CURVE('',#1313,(#1318,#1330),.PCURVE_S1.);
#1313 = ELLIPSE('',#1314,1.414213562373,1.);
#1314 = AXIS2_PLACEMENT_3D('',#1315,#1316,#1317);
#1315 = CARTESIAN_POINT('',(60.5,20.,19.5));
#1316 = DIRECTION('',(0.707106781187,0.,-0.707106781187));
#1317 = DIRECTION('',(0.707106781187,0.,0.707106781187));
#1318 = PCURVE('',#1193,#1319);
#1319 = DEFINITIONAL_REPRESENTATION('',(#1320),#1329);
#1320 = B_SPLINE_CURVE_WITH_KNOTS('',7,(#1321,#1322,#1323,#1324,#1325,
    #1326,#1327,#1328),.UNSPECIFIED.,.F.,.F.,(8,8),(3.14159265359,
    4.712388980385),.PIECEWISE_BEZIER_KNOTS.);
#1321 = CARTESIAN_POINT('',(3.14159265359,9.));
#1322 = CARTESIAN_POINT('',(2.917193178333,9.));
#1323 = CARTESIAN_POINT('',(2.692793703077,9.058748672608));
#1324 = CARTESIAN_POINT('',(2.46839422782,9.176237495379));
#1325 = CARTESIAN_POINT('',(2.243994752565,9.345253174224));
#1326 = CARTESIAN_POINT('',(2.019595277308,9.551201960682));
#1327 = CARTESIAN_POINT('',(1.795195802051,9.775600524744));
#1328 = CARTESIAN_POINT('',(1.570796326795,10.));
#1329 = ( GEOMETRIC_REPRESENTATION_CONTEXT(2) 
PARAMETRIC_REPRESENTATION_CONTEXT() REPRESENTATION_CONTEXT('2D SPACE',''
  ) );
#1330 = PCURVE('',#1292,#1331);
#1331 = DEFINITIONAL_REPRESENTATION('',(#1332),#1341);
#1332 = B_SPLINE_CURVE_WITH_KNOTS('',7,(#1333,#1334,#1335,#1336,#1337,
    #1338,#1339,#1340),.UNSPECIFIED.,.F.,.F.,(8,8),(3.14159265359,
    4.712388980385),.PIECEWISE_BEZIER_KNOTS.);
#1333 = CARTESIAN_POINT('',(0.,11.5));
#1334 = CARTESIAN_POINT('',(0.224399475256,11.5));
#1335 = CARTESIAN_POINT('',(0.448798950513,11.558748672611));
#1336 = CARTESIAN_POINT('',(0.67319842577,11.676237495376));
#1337 = CARTESIAN_POINT('',(0.897597901025,11.845253174222));
#1338 = CARTESIAN_POINT('',(1.121997376282,12.051201960682));
#1339 = CARTESIAN_POINT('',(1.346396851538,12.275600524744));
#1340 = CARTESIAN_POINT('',(1.570796326795,12.5));
#1341 = ( GEOMETRIC_REPRESENTATION_CONTEXT(2) 
PARAMETRIC_REPRESENTATION_CONTEXT() REPRESENTATION_CONTEXT('2D SPACE',''
  ) );
#1342 = ORIENTED_EDGE('',*,*,#1343,.F.);
#1343 = EDGE_CURVE('',#1209,#1310,#1344,.T.);
#1344 = SURFACE_CURVE('',#1345,(#1350,#1362),.PCURVE_S1.);
#1345 = ELLIPSE('',#1346,1.414213562373,1.);
#1346 = AXIS2_PLACEMENT_3D('',#1347,#1348,#1349);
#1347 = CARTESIAN_POINT('',(60.5,20.,19.5));
#1348 = DIRECTION('',(0.707106781187,0.,0.707106781187));
#1349 = DIRECTION('',(0.707106781187,0.,-0.707106781187));
#1350 = PCURVE('',#1193,#1351);
#1351 = DEFINITIONAL_REPRESENTATION('',(#1352),#1361);
#1352 = B_SPLINE_CURVE_WITH_KNOTS('',7,(#1353,#1354,#1355,#1356,#1357,
    #1358,#1359,#1360),.UNSPECIFIED.,.F.,.F.,(8,8),(0.,1.570796326795),
  .PIECEWISE_BEZIER_KNOTS.);
#1353 = CARTESIAN_POINT('',(0.,9.));
#1354 = CARTESIAN_POINT('',(0.224399475256,9.));
#1355 = CARTESIAN_POINT('',(0.448798950513,9.05874867261));
#1356 = CARTESIAN_POINT('',(0.673198425769,9.176237495375));
#1357 = CARTESIAN_POINT('',(0.897597901026,9.34525317423));
#1358 = CARTESIAN_POINT('',(1.121997376282,9.551201960681));
#1359 = CARTESIAN_POINT('',(1.346396851538,9.775600524744));
#1360 = CARTESIAN_POINT('',(1.570796326795,10.));
#1361 = ( GEOMETRIC_REPRESENTATION_CONTEXT(2) 
PARAMETRIC_REPRESENTATION_CONTEXT() REPRESENTATION_CONTEXT('2D SPACE',''
  ) );
#1362 = PCURVE('',#1253,#1363);
#1363 = DEFINITIONAL_REPRESENTATION('',(#1364),#1373);
#1364 = B_SPLINE_CURVE_WITH_KNOTS('',7,(#1365,#1366,#1367,#1368,#1369,
    #1370,#1371,#1372),.UNSPECIFIED.,.F.,.F.,(8,8),(0.,1.570796326795),
  .PIECEWISE_BEZIER_KNOTS.);
#1365 = CARTESIAN_POINT('',(0.,13.5));
#1366 = CARTESIAN_POINT('',(0.224399475256,13.5));
#1367 = CARTESIAN_POINT('',(0.448798950513,13.441251327388));
#1368 = CARTESIAN_POINT('',(0.673198425769,13.323762504631));
#1369 = CARTESIAN_POINT('',(0.897597901026,13.154746825767));
#1370 = CARTESIAN_POINT('',(1.121997376282,12.948798039319));
#1371 = CARTESIAN_POINT('',(1.346396851538,12.724399475256));
#1372 = CARTESIAN_POINT('',(1.570796326795,12.5));
#1373 = ( GEOMETRIC_REPRESENTATION_CONTEXT(2) 
PARAMETRIC_REPRESENTATION_CONTEXT() REPRESENTATION_CONTEXT('2D SPACE',''
  ) );
#1374 = ORIENTED_EDGE('',*,*,#1208,.F.);
#1375 = ORIENTED_EDGE('',*,*,#1176,.T.);
#1376 = ADVANCED_FACE('',(#1377),#1292,.F.);
#1377 = FACE_BOUND('',#1378,.F.);
#1378 = EDGE_LOOP('',(#1379,#1380,#1403,#1573,#1574,#1575));
#1379 = ORIENTED_EDGE('',*,*,#1309,.F.);
#1380 = ORIENTED_EDGE('',*,*,#1381,.F.);
#1381 = EDGE_CURVE('',#1382,#1271,#1384,.T.);
#1382 = VERTEX_POINT('',#1383);
#1383 = CARTESIAN_POINT('',(53.872983346207,20.,18.5));
#1384 = SEAM_CURVE('',#1385,(#1389,#1396),.PCURVE_S1.);
#1385 = LINE('',#1386,#1387);
#1386 = CARTESIAN_POINT('',(48.,20.,18.5));
#1387 = VECTOR('',#1388,1.);
#1388 = DIRECTION('',(1.,0.,0.));
#1389 = PCURVE('',#1292,#1390);
#1390 = DEFINITIONAL_REPRESENTATION('',(#1391),#1395);
#1391 = LINE('',#1392,#1393);
#1392 = CARTESIAN_POINT('',(6.28318530718,-0.));
#1393 = VECTOR('',#1394,1.);
#1394 = DIRECTION('',(0.,1.));
#1395 = ( GEOMETRIC_REPRESENTATION_CONTEXT(2) 
PARAMETRIC_REPRESENTATION_CONTEXT() REPRESENTATION_CONTEXT('2D SPACE',''
  ) );
#1396 = PCURVE('',#1292,#1397);
#1397 = DEFINITIONAL_REPRESENTATION('',(#1398),#1402);
#1398 = LINE('',#1399,#1400);
#1399 = CARTESIAN_POINT('',(0.,-0.));
#1400 = VECTOR('',#1401,1.);
#1401 = DIRECTION('',(0.,1.));
#1402 = ( GEOMETRIC_REPRESENTATION_CONTEXT(2) 
PARAMETRIC_REPRESENTATION_CONTEXT() REPRESENTATION_CONTEXT('2D SPACE',''
  ) );
#1403 = ORIENTED_EDGE('',*,*,#1404,.T.);
#1404 = EDGE_CURVE('',#1382,#1382,#1405,.T.);
#1405 = SURFACE_CURVE('',#1406,(#1458,#1513),.PCURVE_S1.);
#1406 = B_SPLINE_CURVE_WITH_KNOTS('',8,(#1407,#1408,#1409,#1410,#1411,
    #1412,#1413,#1414,#1415,#1416,#1417,#1418,#1419,#1420,#1421,#1422,
    #1423,#1424,#1425,#1426,#1427,#1428,#1429,#1430,#1431,#1432,#1433,
    #1434,#1435,#1436,#1437,#1438,#1439,#1440,#1441,#1442,#1443,#1444,
    #1445,#1446,#1447,#1448,#1449,#1450,#1451,#1452,#1453,#1454,#1455,
    #1456,#1457),.UNSPECIFIED.,.T.,.F.,(9,7,7,7,7,7,7,9),(0.,
    0.138164769049,0.271042375972,0.42008918876,0.563310051044,
    0.711742253307,0.844752139339,1.),.UNSPECIFIED.);
#1407 = CARTESIAN_POINT('',(53.872983346207,20.,18.5));
#1408 = CARTESIAN_POINT('',(53.872983346207,20.10660284522,18.5));
#1409 = CARTESIAN_POINT('',(53.869629964501,20.213700412376,
    18.512987564674));
#1410 = CARTESIAN_POINT('',(53.862868677932,20.319640313739,
    18.539173956805));
#1411 = CARTESIAN_POINT('',(53.852431909242,20.422712459318,
    18.578588045253));
#1412 = CARTESIAN_POINT('',(53.837818813404,20.521164687647,
    18.631071001051));
#1413 = CARTESIAN_POINT('',(53.818304173796,20.613206601975,
    18.696281801918));
#1414 = CARTESIAN_POINT('',(53.792971999881,20.696984869693,
    18.773695475331));
#1415 = CARTESIAN_POINT('',(53.729799135103,20.841227899801,
    18.948055346725));
#1416 = CARTESIAN_POINT('',(53.692689776728,20.901969420905,
    19.043545723618));
#1417 = CARTESIAN_POINT('',(53.649061563098,20.950286449001,
    19.14702597274));
#1418 = CARTESIAN_POINT('',(53.598820877472,20.984643562266,
    19.255869610047));
#1419 = CARTESIAN_POINT('',(53.542341663694,21.004392592733,
    19.367178465083));
#1420 = CARTESIAN_POINT('',(53.480637287366,21.009731852066,
    19.478018623127));
#1421 = CARTESIAN_POINT('',(53.41541868238,21.00170449497,
    19.585592555635));
#1422 = CARTESIAN_POINT('',(53.274360414276,20.96050721996,
    19.801556234278));
#1423 = CARTESIAN_POINT('',(53.197623412001,20.92422999696,
    19.909326100075));
#1424 = CARTESIAN_POINT('',(53.120079040855,20.875346731899,
    20.00965658635));
#1425 = CARTESIAN_POINT('',(53.043191875175,20.81527925304,
    20.10187547914));
#1426 = CARTESIAN_POINT('',(52.968587748377,20.745118458717,
    20.185381840534));
#1427 = CARTESIAN_POINT('',(52.898187290091,20.66571187601,
    20.259529945635));
#1428 = CARTESIAN_POINT('',(52.834320625082,20.577731580824,
    20.323542379315));
#1429 = CARTESIAN_POINT('',(52.727259463829,20.38952735739,
    20.42700852671));
#1430 = CARTESIAN_POINT('',(52.682035095212,20.287598442825,
    20.468599358472));
#1431 = CARTESIAN_POINT('',(52.648914284052,20.178788831578,
    20.497547764405));
#1432 = CARTESIAN_POINT('',(52.631465897836,20.066174312735,
    20.512282016078));
#1433 = CARTESIAN_POINT('',(52.631476652064,19.952473204711,
    20.512399806559));
#1434 = CARTESIAN_POINT('',(52.648579419416,19.840265669569,
    20.497905185131));
#1435 = CARTESIAN_POINT('',(52.680474716999,19.732437379973,
    20.469591771646));
#1436 = CARTESIAN_POINT('',(52.767701072725,19.527654393971,
    20.388512451763));
#1437 = CARTESIAN_POINT('',(52.82392592425,19.431043363182,
    20.334817233873));
#1438 = CARTESIAN_POINT('',(52.888937100618,19.342566459414,
    20.270102935661));
#1439 = CARTESIAN_POINT('',(52.960053180487,19.262812543999,
    20.195309525358));
#1440 = CARTESIAN_POINT('',(53.035059281466,19.192501598259,
    20.11117855874));
#1441 = CARTESIAN_POINT('',(53.112128437628,19.132545468739,
    20.018332197285));
#1442 = CARTESIAN_POINT('',(53.189675658426,19.084142240405,
    19.9173476284));
#1443 = CARTESIAN_POINT('',(53.334883094683,19.017401927723,
    19.711942066793));
#1444 = CARTESIAN_POINT('',(53.403714532062,18.996012560636,
    19.607580569454));
#1445 = CARTESIAN_POINT('',(53.470375712423,18.987087826175,
    19.498042433726));
#1446 = CARTESIAN_POINT('',(53.532869474181,18.992111902963,
    19.38579873735));
#1447 = CARTESIAN_POINT('',(53.589819169442,19.011836667562,
    19.273553577185));
#1448 = CARTESIAN_POINT('',(53.640481735982,19.046291191162,
    19.164106287742));
#1449 = CARTESIAN_POINT('',(53.684628713877,19.094745843106,
    19.060177583754));
#1450 = CARTESIAN_POINT('',(53.766467379677,19.226784586236,
    18.852117816833));
#1451 = CARTESIAN_POINT('',(53.80085302482,19.313285621528,
    18.753380848763));
#1452 = CARTESIAN_POINT('',(53.827008997704,19.412318146685,
    18.669496036895));
#1453 = CARTESIAN_POINT('',(53.846318159948,19.521163584977,
    18.601612925418));
#1454 = CARTESIAN_POINT('',(53.859935735675,19.637098827678,
    18.550534121939));
#1455 = CARTESIAN_POINT('',(53.868677870034,19.757363637131,
    18.51667463142));
#1456 = CARTESIAN_POINT('',(53.872983346207,19.879209376391,18.5));
#1457 = CARTESIAN_POINT('',(53.872983346207,20.,18.5));
#1458 = PCURVE('',#1292,#1459);
#1459 = DEFINITIONAL_REPRESENTATION('',(#1460),#1512);
#1460 = B_SPLINE_CURVE_WITH_KNOTS('',8,(#1461,#1462,#1463,#1464,#1465,
    #1466,#1467,#1468,#1469,#1470,#1471,#1472,#1473,#1474,#1475,#1476,
    #1477,#1478,#1479,#1480,#1481,#1482,#1483,#1484,#1485,#1486,#1487,
    #1488,#1489,#1490,#1491,#1492,#1493,#1494,#1495,#1496,#1497,#1498,
    #1499,#1500,#1501,#1502,#1503,#1504,#1505,#1506,#1507,#1508,#1509,
    #1510,#1511),.UNSPECIFIED.,.F.,.F.,(9,7,7,7,7,7,7,9),(0.,
    0.138164769049,0.271042375972,0.42008918876,0.563310051044,
    0.711742253307,0.844752139339,1.),.UNSPECIFIED.);
#1461 = CARTESIAN_POINT('',(0.,5.872983346207));
#1462 = CARTESIAN_POINT('',(0.10660284522,5.872983346207));
#1463 = CARTESIAN_POINT('',(0.21370026416,5.869629964501));
#1464 = CARTESIAN_POINT('',(0.321486743374,5.862868677932));
#1465 = CARTESIAN_POINT('',(0.430168161302,5.852431909242));
#1466 = CARTESIAN_POINT('',(0.539989215803,5.837818813405));
#1467 = CARTESIAN_POINT('',(0.651242870148,5.818304173796));
#1468 = CARTESIAN_POINT('',(0.764293564893,5.792971999881));
#1469 = CARTESIAN_POINT('',(0.990584122556,5.729799135103));
#1470 = CARTESIAN_POINT('',(1.102878858888,5.692689776728));
#1471 = CARTESIAN_POINT('',(1.215490630267,5.649061563098));
#1472 = CARTESIAN_POINT('',(1.327711408915,5.598820877472));
#1473 = CARTESIAN_POINT('',(1.438923405306,5.542341663694));
#1474 = CARTESIAN_POINT('',(1.5484948474,5.480637287366));
#1475 = CARTESIAN_POINT('',(1.655667657074,5.41541868238));
#1476 = CARTESIAN_POINT('',(1.875525624774,5.274360414276));
#1477 = CARTESIAN_POINT('',(1.988184373337,5.197623412001));
#1478 = CARTESIAN_POINT('',(2.09828986742,5.120079040855));
#1479 = CARTESIAN_POINT('',(2.206692988138,5.043191875175));
#1480 = CARTESIAN_POINT('',(2.31416960055,4.968587748377));
#1481 = CARTESIAN_POINT('',(2.421476167366,4.898187290091));
#1482 = CARTESIAN_POINT('',(2.529412352481,4.834320625082));
#1483 = CARTESIAN_POINT('',(2.744182167341,4.727259463829));
#1484 = CARTESIAN_POINT('',(2.853540113084,4.682035095212));
#1485 = CARTESIAN_POINT('',(2.964610351498,4.648914284052));
#1486 = CARTESIAN_POINT('',(3.076315206076,4.631465897836));
#1487 = CARTESIAN_POINT('',(3.188158137569,4.631476652064));
#1488 = CARTESIAN_POINT('',(3.29974713177,4.648579419416));
#1489 = CARTESIAN_POINT('',(3.4104266674,4.680474716999));
#1490 = CARTESIAN_POINT('',(3.630676360859,4.767701072725));
#1491 = CARTESIAN_POINT('',(3.740270224455,4.82392592425));
#1492 = CARTESIAN_POINT('',(3.848499998036,4.888937100618));
#1493 = CARTESIAN_POINT('',(3.956229839718,4.960053180487));
#1494 = CARTESIAN_POINT('',(4.064242235456,5.035059281466));
#1495 = CARTESIAN_POINT('',(4.17332502055,5.112128437628));
#1496 = CARTESIAN_POINT('',(4.284324145621,5.189675658426));
#1497 = CARTESIAN_POINT('',(4.500300334298,5.334883094683));
#1498 = CARTESIAN_POINT('',(4.606163846042,5.403714532062));
#1499 = CARTESIAN_POINT('',(4.714718554111,5.470375712423));
#1500 = CARTESIAN_POINT('',(4.825284179453,5.532869474181));
#1501 = CARTESIAN_POINT('',(4.937346159239,5.589819169442));
#1502 = CARTESIAN_POINT('',(5.050457342158,5.640481735982));
#1503 = CARTESIAN_POINT('',(5.164170572799,5.684628713877));
#1504 = CARTESIAN_POINT('',(5.410591140729,5.766467379677));
#1505 = CARTESIAN_POINT('',(5.540307519781,5.80085302482));
#1506 = CARTESIAN_POINT('',(5.66775806262,5.827008997704));
#1507 = CARTESIAN_POINT('',(5.793410682151,5.846318159948));
#1508 = CARTESIAN_POINT('',(5.917597542121,5.859935735675));
#1509 = CARTESIAN_POINT('',(6.040549328223,5.868677870034));
#1510 = CARTESIAN_POINT('',(6.162394683571,5.872983346207));
#1511 = CARTESIAN_POINT('',(6.28318530718,5.872983346207));
#1512 = ( GEOMETRIC_REPRESENTATION_CONTEXT(2) 
PARAMETRIC_REPRESENTATION_CONTEXT() REPRESENTATION_CONTEXT('2D SPACE',''
  ) );
#1513 = PCURVE('',#1514,#1519);
#1514 = CYLINDRICAL_SURFACE('',#1515,4.);
#1515 = AXIS2_PLACEMENT_3D('',#1516,#1517,#1518);
#1516 = CARTESIAN_POINT('',(50.,25.,17.5));
#1517 = DIRECTION('',(0.,-1.,0.));
#1518 = DIRECTION('',(1.,0.,0.));
#1519 = DEFINITIONAL_REPRESENTATION('',(#1520),#1572);
#1520 = B_SPLINE_CURVE_WITH_KNOTS('',8,(#1521,#1522,#1523,#1524,#1525,
    #1526,#1527,#1528,#1529,#1530,#1531,#1532,#1533,#1534,#1535,#1536,
    #1537,#1538,#1539,#1540,#1541,#1542,#1543,#1544,#1545,#1546,#1547,
    #1548,#1549,#1550,#1551,#1552,#1553,#1554,#1555,#1556,#1557,#1558,
    #1559,#1560,#1561,#1562,#1563,#1564,#1565,#1566,#1567,#1568,#1569,
    #1570,#1571),.UNSPECIFIED.,.T.,.F.,(9,7,7,7,7,7,7,9),(0.,
    0.138164769049,0.271042375972,0.42008918876,0.563310051044,
    0.711742253307,0.844752139339,1.),.UNSPECIFIED.);
#1521 = CARTESIAN_POINT('',(0.252680255142,5.));
#1522 = CARTESIAN_POINT('',(0.252680255142,4.89339715478));
#1523 = CARTESIAN_POINT('',(0.256033638432,4.786299587624));
#1524 = CARTESIAN_POINT('',(0.262794900096,4.680359686261));
#1525 = CARTESIAN_POINT('',(0.272987898761,4.577287540682));
#1526 = CARTESIAN_POINT('',(0.286605234375,4.478835312353));
#1527 = CARTESIAN_POINT('',(0.303614934513,4.386793398025));
#1528 = CARTESIAN_POINT('',(0.323968177613,4.303015130307));
#1529 = CARTESIAN_POINT('',(0.370330996497,4.158772100199));
#1530 = CARTESIAN_POINT('',(0.395936009843,4.098030579095));
#1531 = CARTESIAN_POINT('',(0.423992531683,4.049713550999));
#1532 = CARTESIAN_POINT('',(0.453926564982,4.015356437734));
#1533 = CARTESIAN_POINT('',(0.485086982228,3.995607407267));
#1534 = CARTESIAN_POINT('',(0.516764909166,3.990268147934));
#1535 = CARTESIAN_POINT('',(0.548197240295,3.99829550503));
#1536 = CARTESIAN_POINT('',(0.612684518834,4.03949278004));
#1537 = CARTESIAN_POINT('',(0.645732408615,4.07577000304));
#1538 = CARTESIAN_POINT('',(0.677394287982,4.124653268101));
#1539 = CARTESIAN_POINT('',(0.707372901303,4.18472074696));
#1540 = CARTESIAN_POINT('',(0.735340537299,4.254881541283));
#1541 = CARTESIAN_POINT('',(0.760888519702,4.33428812399));
#1542 = CARTESIAN_POINT('',(0.783490883446,4.422268419176));
#1543 = CARTESIAN_POINT('',(0.820712631042,4.61047264261));
#1544 = CARTESIAN_POINT('',(0.83606830796,4.712401557175));
#1545 = CARTESIAN_POINT('',(0.847060653694,4.821211168422));
#1546 = CARTESIAN_POINT('',(0.852773656953,4.933825687265));
#1547 = CARTESIAN_POINT('',(0.852788272827,5.047526795289));
#1548 = CARTESIAN_POINT('',(0.847184673566,5.159734330431));
#1549 = CARTESIAN_POINT('',(0.836525170826,5.267562620027));
#1550 = CARTESIAN_POINT('',(0.806752812372,5.472345606029));
#1551 = CARTESIAN_POINT('',(0.787318091317,5.568956636818));
#1552 = CARTESIAN_POINT('',(0.76439386464,5.657433540586));
#1553 = CARTESIAN_POINT('',(0.738612698303,5.737187456001));
#1554 = CARTESIAN_POINT('',(0.710466607672,5.807498401741));
#1555 = CARTESIAN_POINT('',(0.680334858343,5.867454531261));
#1556 = CARTESIAN_POINT('',(0.64852870227,5.915857759595));
#1557 = CARTESIAN_POINT('',(0.585641579044,5.982598072277));
#1558 = CARTESIAN_POINT('',(0.554403746177,6.003987439364));
#1559 = CARTESIAN_POINT('',(0.522382596102,6.012912173825));
#1560 = CARTESIAN_POINT('',(0.490312840216,6.007888097037));
#1561 = CARTESIAN_POINT('',(0.458888976258,5.988163332438));
#1562 = CARTESIAN_POINT('',(0.42876353271,5.953708808838));
#1563 = CARTESIAN_POINT('',(0.400544714641,5.905254156894));
#1564 = CARTESIAN_POINT('',(0.344650599437,5.773215413764));
#1565 = CARTESIAN_POINT('',(0.318532854631,5.686714378472));
#1566 = CARTESIAN_POINT('',(0.296581914672,5.587681853315));
#1567 = CARTESIAN_POINT('',(0.278943564616,5.478836415023));
#1568 = CARTESIAN_POINT('',(0.26572799696,5.362901172322));
#1569 = CARTESIAN_POINT('',(0.256985661256,5.242636362869));
#1570 = CARTESIAN_POINT('',(0.252680255142,5.120790623609));
#1571 = CARTESIAN_POINT('',(0.252680255142,5.));
#1572 = ( GEOMETRIC_REPRESENTATION_CONTEXT(2) 
PARAMETRIC_REPRESENTATION_CONTEXT() REPRESENTATION_CONTEXT('2D SPACE',''
  ) );
#1573 = ORIENTED_EDGE('',*,*,#1381,.T.);
#1574 = ORIENTED_EDGE('',*,*,#1270,.F.);
#1575 = ORIENTED_EDGE('',*,*,#1576,.F.);
#1576 = EDGE_CURVE('',#1310,#1232,#1577,.T.);
#1577 = SURFACE_CURVE('',#1578,(#1583,#1601),.PCURVE_S1.);
#1578 = ELLIPSE('',#1579,1.414213562373,1.);
#1579 = AXIS2_PLACEMENT_3D('',#1580,#1581,#1582);
#1580 = CARTESIAN_POINT('',(60.5,20.,19.5));
#1581 = DIRECTION('',(0.707106781187,0.,0.707106781187));
#1582 = DIRECTION('',(0.707106781187,0.,-0.707106781187));
#1583 = PCURVE('',#1292,#1584);
#1584 = DEFINITIONAL_REPRESENTATION('',(#1585),#1600);
#1585 = B_SPLINE_CURVE_WITH_KNOTS('',7,(#1586,#1587,#1588,#1589,#1590,
    #1591,#1592,#1593,#1594,#1595,#1596,#1597,#1598,#1599),
  .UNSPECIFIED.,.F.,.F.,(8,6,8),(1.570796326795,3.14159265359,
    4.712388980385),.UNSPECIFIED.);
#1586 = CARTESIAN_POINT('',(1.570796326795,12.5));
#1587 = CARTESIAN_POINT('',(1.795195802051,12.275600524744));
#1588 = CARTESIAN_POINT('',(2.019595277308,12.051201960681));
#1589 = CARTESIAN_POINT('',(2.243994752564,11.845253174225));
#1590 = CARTESIAN_POINT('',(2.468394227821,11.676237495374));
#1591 = CARTESIAN_POINT('',(2.692793703077,11.558748672609));
#1592 = CARTESIAN_POINT('',(2.917193178333,11.5));
#1593 = CARTESIAN_POINT('',(3.365992128846,11.5));
#1594 = CARTESIAN_POINT('',(3.590391604103,11.558748672611));
#1595 = CARTESIAN_POINT('',(3.814791079358,11.676237495376));
#1596 = CARTESIAN_POINT('',(4.039190554617,11.845253174222));
#1597 = CARTESIAN_POINT('',(4.263590029871,12.051201960682));
#1598 = CARTESIAN_POINT('',(4.487989505128,12.275600524744));
#1599 = CARTESIAN_POINT('',(4.712388980385,12.5));
#1600 = ( GEOMETRIC_REPRESENTATION_CONTEXT(2) 
PARAMETRIC_REPRESENTATION_CONTEXT() REPRESENTATION_CONTEXT('2D SPACE',''
  ) );
#1601 = PCURVE('',#1602,#1607);
#1602 = CYLINDRICAL_SURFACE('',#1603,1.);
#1603 = AXIS2_PLACEMENT_3D('',#1604,#1605,#1606);
#1604 = CARTESIAN_POINT('',(60.5,20.,9.5));
#1605 = DIRECTION('',(0.,0.,1.));
#1606 = DIRECTION('',(1.,0.,-0.));
#1607 = DEFINITIONAL_REPRESENTATION('',(#1608),#1623);
#1608 = B_SPLINE_CURVE_WITH_KNOTS('',7,(#1609,#1610,#1611,#1612,#1613,
    #1614,#1615,#1616,#1617,#1618,#1619,#1620,#1621,#1622),
  .UNSPECIFIED.,.F.,.F.,(8,6,8),(1.570796326795,3.14159265359,
    4.712388980385),.UNSPECIFIED.);
#1609 = CARTESIAN_POINT('',(1.570796326795,10.));
#1610 = CARTESIAN_POINT('',(1.795195802051,10.224399475256));
#1611 = CARTESIAN_POINT('',(2.019595277307,10.448798039317));
#1612 = CARTESIAN_POINT('',(2.243994752565,10.654746825776));
#1613 = CARTESIAN_POINT('',(2.46839422782,10.823762504625));
#1614 = CARTESIAN_POINT('',(2.692793703078,10.94125132739));
#1615 = CARTESIAN_POINT('',(2.917193178333,11.));
#1616 = CARTESIAN_POINT('',(3.365992128846,11.));
#1617 = CARTESIAN_POINT('',(3.590391604102,10.94125132739));
#1618 = CARTESIAN_POINT('',(3.81479107936,10.823762504625));
#1619 = CARTESIAN_POINT('',(4.039190554614,10.654746825777));
#1620 = CARTESIAN_POINT('',(4.263590029872,10.448798039318));
#1621 = CARTESIAN_POINT('',(4.487989505128,10.224399475256));
#1622 = CARTESIAN_POINT('',(4.712388980385,10.));
#1623 = ( GEOMETRIC_REPRESENTATION_CONTEXT(2) 
PARAMETRIC_REPRESENTATION_CONTEXT() REPRESENTATION_CONTEXT('2D SPACE',''
  ) );
#1624 = ADVANCED_FACE('',(#1625,#1706,#1709),#1514,.F.);
#1625 = FACE_BOUND('',#1626,.F.);
#1626 = EDGE_LOOP('',(#1627,#1655,#1678,#1705));
#1627 = ORIENTED_EDGE('',*,*,#1628,.F.);
#1628 = EDGE_CURVE('',#1629,#1629,#1631,.T.);
#1629 = VERTEX_POINT('',#1630);
#1630 = CARTESIAN_POINT('',(54.,0.,17.5));
#1631 = SURFACE_CURVE('',#1632,(#1637,#1644),.PCURVE_S1.);
#1632 = CIRCLE('',#1633,4.);
#1633 = AXIS2_PLACEMENT_3D('',#1634,#1635,#1636);
#1634 = CARTESIAN_POINT('',(50.,0.,17.5));
#1635 = DIRECTION('',(0.,-1.,0.));
#1636 = DIRECTION('',(1.,0.,0.));
#1637 = PCURVE('',#1514,#1638);
#1638 = DEFINITIONAL_REPRESENTATION('',(#1639),#1643);
#1639 = LINE('',#1640,#1641);
#1640 = CARTESIAN_POINT('',(0.,25.));
#1641 = VECTOR('',#1642,1.);
#1642 = DIRECTION('',(1.,0.));
#1643 = ( GEOMETRIC_REPRESENTATION_CONTEXT(2) 
PARAMETRIC_REPRESENTATION_CONTEXT() REPRESENTATION_CONTEXT('2D SPACE',''
  ) );
#1644 = PCURVE('',#44,#1645);
#1645 = DEFINITIONAL_REPRESENTATION('',(#1646),#1654);
#1646 = ( BOUNDED_CURVE() B_SPLINE_CURVE(2,(#1647,#1648,#1649,#1650,
#1651,#1652,#1653),.UNSPECIFIED.,.T.,.F.) B_SPLINE_CURVE_WITH_KNOTS((1,2
    ,2,2,2,1),(-2.094395102393,0.,2.094395102393,4.188790204786,
6.28318530718,8.377580409573),.UNSPECIFIED.) CURVE() 
GEOMETRIC_REPRESENTATION_ITEM() RATIONAL_B_SPLINE_CURVE((1.,0.5,1.,0.5,
1.,0.5,1.)) REPRESENTATION_ITEM('') );
#1647 = CARTESIAN_POINT('',(15.,54.));
#1648 = CARTESIAN_POINT('',(21.928203230276,54.));
#1649 = CARTESIAN_POINT('',(18.464101615138,48.));
#1650 = CARTESIAN_POINT('',(15.,42.));
#1651 = CARTESIAN_POINT('',(11.535898384862,48.));
#1652 = CARTESIAN_POINT('',(8.071796769724,54.));
#1653 = CARTESIAN_POINT('',(15.,54.));
#1654 = ( GEOMETRIC_REPRESENTATION_CONTEXT(2) 
PARAMETRIC_REPRESENTATION_CONTEXT() REPRESENTATION_CONTEXT('2D SPACE',''
  ) );
#1655 = ORIENTED_EDGE('',*,*,#1656,.F.);
#1656 = EDGE_CURVE('',#1657,#1629,#1659,.T.);
#1657 = VERTEX_POINT('',#1658);
#1658 = CARTESIAN_POINT('',(54.,25.,17.5));
#1659 = SEAM_CURVE('',#1660,(#1664,#1671),.PCURVE_S1.);
#1660 = LINE('',#1661,#1662);
#1661 = CARTESIAN_POINT('',(54.,25.,17.5));
#1662 = VECTOR('',#1663,1.);
#1663 = DIRECTION('',(0.,-1.,0.));
#1664 = PCURVE('',#1514,#1665);
#1665 = DEFINITIONAL_REPRESENTATION('',(#1666),#1670);
#1666 = LINE('',#1667,#1668);
#1667 = CARTESIAN_POINT('',(6.28318530718,-0.));
#1668 = VECTOR('',#1669,1.);
#1669 = DIRECTION('',(0.,1.));
#1670 = ( GEOMETRIC_REPRESENTATION_CONTEXT(2) 
PARAMETRIC_REPRESENTATION_CONTEXT() REPRESENTATION_CONTEXT('2D SPACE',''
  ) );
#1671 = PCURVE('',#1514,#1672);
#1672 = DEFINITIONAL_REPRESENTATION('',(#1673),#1677);
#1673 = LINE('',#1674,#1675);
#1674 = CARTESIAN_POINT('',(0.,-0.));
#1675 = VECTOR('',#1676,1.);
#1676 = DIRECTION('',(0.,1.));
#1677 = ( GEOMETRIC_REPRESENTATION_CONTEXT(2) 
PARAMETRIC_REPRESENTATION_CONTEXT() REPRESENTATION_CONTEXT('2D SPACE',''
  ) );
#1678 = ORIENTED_EDGE('',*,*,#1679,.T.);
#1679 = EDGE_CURVE('',#1657,#1657,#1680,.T.);
#1680 = SURFACE_CURVE('',#1681,(#1686,#1693),.PCURVE_S1.);
#1681 = CIRCLE('',#1682,4.);
#1682 = AXIS2_PLACEMENT_3D('',#1683,#1684,#1685);
#1683 = CARTESIAN_POINT('',(50.,25.,17.5));
#1684 = DIRECTION('',(0.,-1.,0.));
#1685 = DIRECTION('',(1.,0.,0.));
#1686 = PCURVE('',#1514,#1687);
#1687 = DEFINITIONAL_REPRESENTATION('',(#1688),#1692);
#1688 = LINE('',#1689,#1690);
#1689 = CARTESIAN_POINT('',(0.,0.));
#1690 = VECTOR('',#1691,1.);
#1691 = DIRECTION('',(1.,0.));
#1692 = ( GEOMETRIC_REPRESENTATION_CONTEXT(2) 
PARAMETRIC_REPRESENTATION_CONTEXT() REPRESENTATION_CONTEXT('2D SPACE',''
  ) );
#1693 = PCURVE('',#1694,#1699);
#1694 = PLANE('',#1695);
#1695 = AXIS2_PLACEMENT_3D('',#1696,#1697,#1698);
#1696 = CARTESIAN_POINT('',(50.,25.,17.5));
#1697 = DIRECTION('',(0.,-1.,0.));
#1698 = DIRECTION('',(1.,0.,0.));
#1699 = DEFINITIONAL_REPRESENTATION('',(#1700),#1704);
#1700 = CIRCLE('',#1701,4.);
#1701 = AXIS2_PLACEMENT_2D('',#1702,#1703);
#1702 = CARTESIAN_POINT('',(0.,0.));
#1703 = DIRECTION('',(1.,0.));
#1704 = ( GEOMETRIC_REPRESENTATION_CONTEXT(2) 
PARAMETRIC_REPRESENTATION_CONTEXT() REPRESENTATION_CONTEXT('2D SPACE',''
  ) );
#1705 = ORIENTED_EDGE('',*,*,#1656,.T.);
#1706 = FACE_BOUND('',#1707,.F.);
#1707 = EDGE_LOOP('',(#1708));
#1708 = ORIENTED_EDGE('',*,*,#1404,.F.);
#1709 = FACE_BOUND('',#1710,.F.);
#1710 = EDGE_LOOP('',(#1711));
#1711 = ORIENTED_EDGE('',*,*,#1712,.T.);
#1712 = EDGE_CURVE('',#1713,#1713,#1715,.T.);
#1713 = VERTEX_POINT('',#1714);
#1714 = CARTESIAN_POINT('',(46.127016653793,8.,18.5));
#1715 = SURFACE_CURVE('',#1716,(#1768,#1823),.PCURVE_S1.);
#1716 = B_SPLINE_CURVE_WITH_KNOTS('',8,(#1717,#1718,#1719,#1720,#1721,
    #1722,#1723,#1724,#1725,#1726,#1727,#1728,#1729,#1730,#1731,#1732,
    #1733,#1734,#1735,#1736,#1737,#1738,#1739,#1740,#1741,#1742,#1743,
    #1744,#1745,#1746,#1747,#1748,#1749,#1750,#1751,#1752,#1753,#1754,
    #1755,#1756,#1757,#1758,#1759,#1760,#1761,#1762,#1763,#1764,#1765,
    #1766,#1767),.UNSPECIFIED.,.T.,.F.,(9,7,7,7,7,7,7,9),(0.,
    0.138164768955,0.271042375888,0.420089188687,0.563310050982,
    0.711742253255,0.844752139298,1.),.UNSPECIFIED.);
#1717 = CARTESIAN_POINT('',(46.127016653793,8.,18.5));
#1718 = CARTESIAN_POINT('',(46.127016653793,8.106602845313,18.5));
#1719 = CARTESIAN_POINT('',(46.130370035505,8.213700412403,
    18.512987564696));
#1720 = CARTESIAN_POINT('',(46.137131322068,8.319640313682,
    18.539173956805));
#1721 = CARTESIAN_POINT('',(46.147568090749,8.422712459242,
    18.578588045216));
#1722 = CARTESIAN_POINT('',(46.162181186584,8.521164687622,
    18.631071001013));
#1723 = CARTESIAN_POINT('',(46.181695826205,8.613206602017,
    18.696281801932));
#1724 = CARTESIAN_POINT('',(46.207028000143,8.696984869748,
    18.773695475397));
#1725 = CARTESIAN_POINT('',(46.270200864897,8.841227899801,
    18.948055346725));
#1726 = CARTESIAN_POINT('',(46.307310223272,8.901969420905,
    19.043545723618));
#1727 = CARTESIAN_POINT('',(46.350938436902,8.950286449002,
    19.14702597274));
#1728 = CARTESIAN_POINT('',(46.401179122528,8.984643562266,
    19.255869610047));
#1729 = CARTESIAN_POINT('',(46.457658336306,9.004392592733,
    19.367178465083));
#1730 = CARTESIAN_POINT('',(46.519362712634,9.009731852066,
    19.478018623127));
#1731 = CARTESIAN_POINT('',(46.58458131762,9.00170449497,19.585592555635
    ));
#1732 = CARTESIAN_POINT('',(46.725639585724,8.96050721996,
    19.801556234278));
#1733 = CARTESIAN_POINT('',(46.802376587999,8.92422999696,
    19.909326100075));
#1734 = CARTESIAN_POINT('',(46.879920959145,8.875346731899,
    20.00965658635));
#1735 = CARTESIAN_POINT('',(46.956808124825,8.81527925304,20.10187547914
    ));
#1736 = CARTESIAN_POINT('',(47.031412251623,8.745118458717,
    20.185381840534));
#1737 = CARTESIAN_POINT('',(47.101812709909,8.66571187601,
    20.259529945635));
#1738 = CARTESIAN_POINT('',(47.165679374918,8.577731580824,
    20.323542379315));
#1739 = CARTESIAN_POINT('',(47.272740536171,8.389527357391,
    20.42700852671));
#1740 = CARTESIAN_POINT('',(47.317964904788,8.287598442825,
    20.468599358472));
#1741 = CARTESIAN_POINT('',(47.351085715948,8.178788831579,
    20.497547764405));
#1742 = CARTESIAN_POINT('',(47.368534102164,8.066174312733,
    20.512282016078));
#1743 = CARTESIAN_POINT('',(47.368523347936,7.952473204712,
    20.51239980656));
#1744 = CARTESIAN_POINT('',(47.351420580584,7.840265669568,
    20.497905185131));
#1745 = CARTESIAN_POINT('',(47.319525283001,7.732437379973,
    20.469591771646));
#1746 = CARTESIAN_POINT('',(47.232298927275,7.527654393971,
    20.388512451763));
#1747 = CARTESIAN_POINT('',(47.17607407575,7.431043363182,
    20.334817233872));
#1748 = CARTESIAN_POINT('',(47.111062899382,7.342566459415,
    20.270102935661));
#1749 = CARTESIAN_POINT('',(47.039946819513,7.262812543999,
    20.195309525358));
#1750 = CARTESIAN_POINT('',(46.964940718534,7.192501598259,
    20.11117855874));
#1751 = CARTESIAN_POINT('',(46.887871562372,7.132545468739,
    20.018332197285));
#1752 = CARTESIAN_POINT('',(46.810324341574,7.084142240405,
    19.917347628399));
#1753 = CARTESIAN_POINT('',(46.665116905317,7.017401927723,
    19.711942066793));
#1754 = CARTESIAN_POINT('',(46.596285467938,6.996012560636,
    19.607580569454));
#1755 = CARTESIAN_POINT('',(46.529624287577,6.987087826175,
    19.498042433726));
#1756 = CARTESIAN_POINT('',(46.467130525819,6.992111902963,
    19.38579873735));
#1757 = CARTESIAN_POINT('',(46.410180830558,7.011836667562,
    19.273553577185));
#1758 = CARTESIAN_POINT('',(46.359518264018,7.046291191161,
    19.164106287743));
#1759 = CARTESIAN_POINT('',(46.315371286123,7.094745843106,
    19.060177583753));
#1760 = CARTESIAN_POINT('',(46.233532620314,7.22678458625,
    18.852117816811));
#1761 = CARTESIAN_POINT('',(46.19914697518,7.31328562154,18.753380848758
    ));
#1762 = CARTESIAN_POINT('',(46.1729910023,7.41231814668,18.669496036907)
  );
#1763 = CARTESIAN_POINT('',(46.153681840055,7.521163584956,
    18.60161292543));
#1764 = CARTESIAN_POINT('',(46.140064264325,7.637098827661,
    18.55053412194));
#1765 = CARTESIAN_POINT('',(46.131322129964,7.757363637139,
    18.516674631412));
#1766 = CARTESIAN_POINT('',(46.127016653793,7.879209376418,18.5));
#1767 = CARTESIAN_POINT('',(46.127016653793,8.,18.5));
#1768 = PCURVE('',#1514,#1769);
#1769 = DEFINITIONAL_REPRESENTATION('',(#1770),#1822);
#1770 = B_SPLINE_CURVE_WITH_KNOTS('',8,(#1771,#1772,#1773,#1774,#1775,
    #1776,#1777,#1778,#1779,#1780,#1781,#1782,#1783,#1784,#1785,#1786,
    #1787,#1788,#1789,#1790,#1791,#1792,#1793,#1794,#1795,#1796,#1797,
    #1798,#1799,#1800,#1801,#1802,#1803,#1804,#1805,#1806,#1807,#1808,
    #1809,#1810,#1811,#1812,#1813,#1814,#1815,#1816,#1817,#1818,#1819,
    #1820,#1821),.UNSPECIFIED.,.T.,.F.,(9,7,7,7,7,7,7,9),(0.,
    0.138164768955,0.271042375888,0.420089188687,0.563310050982,
    0.711742253255,0.844752139298,1.),.UNSPECIFIED.);
#1771 = CARTESIAN_POINT('',(2.888912398448,17.));
#1772 = CARTESIAN_POINT('',(2.888912398448,16.893397154687));
#1773 = CARTESIAN_POINT('',(2.885559015152,16.786299587597));
#1774 = CARTESIAN_POINT('',(2.878797753493,16.680359686318));
#1775 = CARTESIAN_POINT('',(2.868604754838,16.577287540758));
#1776 = CARTESIAN_POINT('',(2.854987419225,16.478835312379));
#1777 = CARTESIAN_POINT('',(2.837977719073,16.386793397983));
#1778 = CARTESIAN_POINT('',(2.817624475959,16.303015130252));
#1779 = CARTESIAN_POINT('',(2.771261657093,16.158772100199));
#1780 = CARTESIAN_POINT('',(2.745656643747,16.098030579095));
#1781 = CARTESIAN_POINT('',(2.717600121907,16.049713550998));
#1782 = CARTESIAN_POINT('',(2.687666088607,16.015356437734));
#1783 = CARTESIAN_POINT('',(2.656505671362,15.995607407267));
#1784 = CARTESIAN_POINT('',(2.624827744424,15.990268147934));
#1785 = CARTESIAN_POINT('',(2.593395413295,15.99829550503));
#1786 = CARTESIAN_POINT('',(2.528908134756,16.03949278004));
#1787 = CARTESIAN_POINT('',(2.495860244975,16.07577000304));
#1788 = CARTESIAN_POINT('',(2.464198365607,16.124653268101));
#1789 = CARTESIAN_POINT('',(2.434219752287,16.18472074696));
#1790 = CARTESIAN_POINT('',(2.406252116291,16.254881541283));
#1791 = CARTESIAN_POINT('',(2.380704133888,16.33428812399));
#1792 = CARTESIAN_POINT('',(2.358101770144,16.422268419176));
#1793 = CARTESIAN_POINT('',(2.320880022548,16.610472642609));
#1794 = CARTESIAN_POINT('',(2.30552434563,16.712401557175));
#1795 = CARTESIAN_POINT('',(2.294531999896,16.821211168421));
#1796 = CARTESIAN_POINT('',(2.288818996637,16.933825687267));
#1797 = CARTESIAN_POINT('',(2.288804380763,17.047526795288));
#1798 = CARTESIAN_POINT('',(2.294407980023,17.159734330432));
#1799 = CARTESIAN_POINT('',(2.305067482764,17.267562620027));
#1800 = CARTESIAN_POINT('',(2.334839841218,17.472345606029));
#1801 = CARTESIAN_POINT('',(2.354274562273,17.568956636818));
#1802 = CARTESIAN_POINT('',(2.37719878895,17.657433540585));
#1803 = CARTESIAN_POINT('',(2.402979955287,17.737187456001));
#1804 = CARTESIAN_POINT('',(2.431126045918,17.807498401741));
#1805 = CARTESIAN_POINT('',(2.461257795247,17.867454531261));
#1806 = CARTESIAN_POINT('',(2.49306395132,17.915857759595));
#1807 = CARTESIAN_POINT('',(2.555951074546,17.982598072277));
#1808 = CARTESIAN_POINT('',(2.587188907413,18.003987439364));
#1809 = CARTESIAN_POINT('',(2.619210057488,18.012912173825));
#1810 = CARTESIAN_POINT('',(2.651279813374,18.007888097037));
#1811 = CARTESIAN_POINT('',(2.682703677332,17.988163332438));
#1812 = CARTESIAN_POINT('',(2.71282912088,17.953708808839));
#1813 = CARTESIAN_POINT('',(2.741047938949,17.905254156894));
#1814 = CARTESIAN_POINT('',(2.796942054159,17.77321541375));
#1815 = CARTESIAN_POINT('',(2.82305979896,17.68671437846));
#1816 = CARTESIAN_POINT('',(2.845010738915,17.58768185332));
#1817 = CARTESIAN_POINT('',(2.86264908897,17.478836415044));
#1818 = CARTESIAN_POINT('',(2.87586465663,17.362901172339));
#1819 = CARTESIAN_POINT('',(2.884606992336,17.242636362861));
#1820 = CARTESIAN_POINT('',(2.888912398448,17.120790623582));
#1821 = CARTESIAN_POINT('',(2.888912398448,17.));
#1822 = ( GEOMETRIC_REPRESENTATION_CONTEXT(2) 
PARAMETRIC_REPRESENTATION_CONTEXT() REPRESENTATION_CONTEXT('2D SPACE',''
  ) );
#1823 = PCURVE('',#1824,#1829);
#1824 = CYLINDRICAL_SURFACE('',#1825,1.);
#1825 = AXIS2_PLACEMENT_3D('',#1826,#1827,#1828);
#1826 = CARTESIAN_POINT('',(33.,8.,19.5));
#1827 = DIRECTION('',(1.,0.,0.));
#1828 = DIRECTION('',(0.,0.,-1.));
#1829 = DEFINITIONAL_REPRESENTATION('',(#1830),#1882);
#1830 = B_SPLINE_CURVE_WITH_KNOTS('',8,(#1831,#1832,#1833,#1834,#1835,
    #1836,#1837,#1838,#1839,#1840,#1841,#1842,#1843,#1844,#1845,#1846,
    #1847,#1848,#1849,#1850,#1851,#1852,#1853,#1854,#1855,#1856,#1857,
    #1858,#1859,#1860,#1861,#1862,#1863,#1864,#1865,#1866,#1867,#1868,
    #1869,#1870,#1871,#1872,#1873,#1874,#1875,#1876,#1877,#1878,#1879,
    #1880,#1881),.UNSPECIFIED.,.F.,.F.,(9,7,7,7,7,7,7,9),(0.,
    0.138164768955,0.271042375888,0.420089188687,0.563310050982,
    0.711742253255,0.844752139298,1.),.UNSPECIFIED.);
#1831 = CARTESIAN_POINT('',(0.,13.127016653793));
#1832 = CARTESIAN_POINT('',(0.106602845313,13.127016653793));
#1833 = CARTESIAN_POINT('',(0.213700264187,13.130370035505));
#1834 = CARTESIAN_POINT('',(0.321486743322,13.137131322068));
#1835 = CARTESIAN_POINT('',(0.430168161223,13.147568090749));
#1836 = CARTESIAN_POINT('',(0.539989215762,13.162181186584));
#1837 = CARTESIAN_POINT('',(0.651242870186,13.181695826205));
#1838 = CARTESIAN_POINT('',(0.76429356498,13.207028000143));
#1839 = CARTESIAN_POINT('',(0.990584122556,13.270200864897));
#1840 = CARTESIAN_POINT('',(1.102878858887,13.307310223272));
#1841 = CARTESIAN_POINT('',(1.215490630267,13.350938436902));
#1842 = CARTESIAN_POINT('',(1.327711408915,13.401179122528));
#1843 = CARTESIAN_POINT('',(1.438923405306,13.457658336306));
#1844 = CARTESIAN_POINT('',(1.548494847401,13.519362712634));
#1845 = CARTESIAN_POINT('',(1.655667657074,13.58458131762));
#1846 = CARTESIAN_POINT('',(1.875525624774,13.725639585724));
#1847 = CARTESIAN_POINT('',(1.988184373337,13.802376587999));
#1848 = CARTESIAN_POINT('',(2.09828986742,13.879920959145));
#1849 = CARTESIAN_POINT('',(2.206692988138,13.956808124825));
#1850 = CARTESIAN_POINT('',(2.31416960055,14.031412251623));
#1851 = CARTESIAN_POINT('',(2.421476167367,14.101812709909));
#1852 = CARTESIAN_POINT('',(2.529412352481,14.165679374918));
#1853 = CARTESIAN_POINT('',(2.744182167341,14.272740536171));
#1854 = CARTESIAN_POINT('',(2.853540113084,14.317964904788));
#1855 = CARTESIAN_POINT('',(2.964610351497,14.351085715948));
#1856 = CARTESIAN_POINT('',(3.076315206079,14.368534102164));
#1857 = CARTESIAN_POINT('',(3.188158137567,14.368523347936));
#1858 = CARTESIAN_POINT('',(3.299747131771,14.351420580584));
#1859 = CARTESIAN_POINT('',(3.4104266674,14.319525283001));
#1860 = CARTESIAN_POINT('',(3.630676360859,14.232298927275));
#1861 = CARTESIAN_POINT('',(3.740270224455,14.17607407575));
#1862 = CARTESIAN_POINT('',(3.848499998036,14.111062899382));
#1863 = CARTESIAN_POINT('',(3.956229839718,14.039946819513));
#1864 = CARTESIAN_POINT('',(4.064242235456,13.964940718534));
#1865 = CARTESIAN_POINT('',(4.17332502055,13.887871562372));
#1866 = CARTESIAN_POINT('',(4.284324145621,13.810324341574));
#1867 = CARTESIAN_POINT('',(4.500300334298,13.665116905317));
#1868 = CARTESIAN_POINT('',(4.606163846042,13.596285467938));
#1869 = CARTESIAN_POINT('',(4.714718554111,13.529624287577));
#1870 = CARTESIAN_POINT('',(4.825284179453,13.467130525819));
#1871 = CARTESIAN_POINT('',(4.937346159239,13.410180830558));
#1872 = CARTESIAN_POINT('',(5.050457342158,13.359518264018));
#1873 = CARTESIAN_POINT('',(5.164170572799,13.315371286123));
#1874 = CARTESIAN_POINT('',(5.410591140755,13.233532620314));
#1875 = CARTESIAN_POINT('',(5.540307519791,13.19914697518));
#1876 = CARTESIAN_POINT('',(5.66775806261,13.1729910023));
#1877 = CARTESIAN_POINT('',(5.793410682128,13.153681840055));
#1878 = CARTESIAN_POINT('',(5.917597542104,13.140064264325));
#1879 = CARTESIAN_POINT('',(6.040549328231,13.131322129964));
#1880 = CARTESIAN_POINT('',(6.162394683597,13.127016653793));
#1881 = CARTESIAN_POINT('',(6.28318530718,13.127016653793));
#1882 = ( GEOMETRIC_REPRESENTATION_CONTEXT(2) 
PARAMETRIC_REPRESENTATION_CONTEXT() REPRESENTATION_CONTEXT('2D SPACE',''
  ) );
#1883 = ADVANCED_FACE('',(#1884),#1824,.F.);
#1884 = FACE_BOUND('',#1885,.F.);
#1885 = EDGE_LOOP('',(#1886,#1909,#1910,#1911,#1939,#1968,#2035));
#1886 = ORIENTED_EDGE('',*,*,#1887,.T.);
#1887 = EDGE_CURVE('',#1888,#1713,#1890,.T.);
#1888 = VERTEX_POINT('',#1889);
#1889 = CARTESIAN_POINT('',(37.828427124746,8.,18.5));
#1890 = SEAM_CURVE('',#1891,(#1895,#1902),.PCURVE_S1.);
#1891 = LINE('',#1892,#1893);
#1892 = CARTESIAN_POINT('',(33.,8.,18.5));
#1893 = VECTOR('',#1894,1.);
#1894 = DIRECTION('',(1.,0.,0.));
#1895 = PCURVE('',#1824,#1896);
#1896 = DEFINITIONAL_REPRESENTATION('',(#1897),#1901);
#1897 = LINE('',#1898,#1899);
#1898 = CARTESIAN_POINT('',(6.28318530718,-0.));
#1899 = VECTOR('',#1900,1.);
#1900 = DIRECTION('',(0.,1.));
#1901 = ( GEOMETRIC_REPRESENTATION_CONTEXT(2) 
PARAMETRIC_REPRESENTATION_CONTEXT() REPRESENTATION_CONTEXT('2D SPACE',''
  ) );
#1902 = PCURVE('',#1824,#1903);
#1903 = DEFINITIONAL_REPRESENTATION('',(#1904),#1908);
#1904 = LINE('',#1905,#1906);
#1905 = CARTESIAN_POINT('',(0.,-0.));
#1906 = VECTOR('',#1907,1.);
#1907 = DIRECTION('',(0.,1.));
#1908 = ( GEOMETRIC_REPRESENTATION_CONTEXT(2) 
PARAMETRIC_REPRESENTATION_CONTEXT() REPRESENTATION_CONTEXT('2D SPACE',''
  ) );
#1909 = ORIENTED_EDGE('',*,*,#1712,.F.);
#1910 = ORIENTED_EDGE('',*,*,#1887,.F.);
#1911 = ORIENTED_EDGE('',*,*,#1912,.F.);
#1912 = EDGE_CURVE('',#1913,#1888,#1915,.T.);
#1913 = VERTEX_POINT('',#1914);
#1914 = CARTESIAN_POINT('',(33.,8.,18.5));
#1915 = SURFACE_CURVE('',#1916,(#1920,#1927),.PCURVE_S1.);
#1916 = LINE('',#1917,#1918);
#1917 = CARTESIAN_POINT('',(33.,8.,18.5));
#1918 = VECTOR('',#1919,1.);
#1919 = DIRECTION('',(1.,0.,0.));
#1920 = PCURVE('',#1824,#1921);
#1921 = DEFINITIONAL_REPRESENTATION('',(#1922),#1926);
#1922 = LINE('',#1923,#1924);
#1923 = CARTESIAN_POINT('',(0.,-0.));
#1924 = VECTOR('',#1925,1.);
#1925 = DIRECTION('',(0.,1.));
#1926 = ( GEOMETRIC_REPRESENTATION_CONTEXT(2) 
PARAMETRIC_REPRESENTATION_CONTEXT() REPRESENTATION_CONTEXT('2D SPACE',''
  ) );
#1927 = PCURVE('',#1928,#1933);
#1928 = PLANE('',#1929);
#1929 = AXIS2_PLACEMENT_3D('',#1930,#1931,#1932);
#1930 = CARTESIAN_POINT('',(35.,8.,17.5));
#1931 = DIRECTION('',(0.,-1.,0.));
#1932 = DIRECTION('',(1.,0.,0.));
#1933 = DEFINITIONAL_REPRESENTATION('',(#1934),#1938);
#1934 = LINE('',#1935,#1936);
#1935 = CARTESIAN_POINT('',(-2.,1.));
#1936 = VECTOR('',#1937,1.);
#1937 = DIRECTION('',(1.,0.));
#1938 = ( GEOMETRIC_REPRESENTATION_CONTEXT(2) 
PARAMETRIC_REPRESENTATION_CONTEXT() REPRESENTATION_CONTEXT('2D SPACE',''
  ) );
#1939 = ORIENTED_EDGE('',*,*,#1940,.T.);
#1940 = EDGE_CURVE('',#1913,#1941,#1943,.T.);
#1941 = VERTEX_POINT('',#1942);
#1942 = CARTESIAN_POINT('',(33.,7.028263456487,19.7360679775));
#1943 = SURFACE_CURVE('',#1944,(#1949,#1956),.PCURVE_S1.);
#1944 = CIRCLE('',#1945,1.);
#1945 = AXIS2_PLACEMENT_3D('',#1946,#1947,#1948);
#1946 = CARTESIAN_POINT('',(33.,8.,19.5));
#1947 = DIRECTION('',(1.,-0.,0.));
#1948 = DIRECTION('',(0.,0.,-1.));
#1949 = PCURVE('',#1824,#1950);
#1950 = DEFINITIONAL_REPRESENTATION('',(#1951),#1955);
#1951 = LINE('',#1952,#1953);
#1952 = CARTESIAN_POINT('',(0.,0.));
#1953 = VECTOR('',#1954,1.);
#1954 = DIRECTION('',(1.,0.));
#1955 = ( GEOMETRIC_REPRESENTATION_CONTEXT(2) 
PARAMETRIC_REPRESENTATION_CONTEXT() REPRESENTATION_CONTEXT('2D SPACE',''
  ) );
#1956 = PCURVE('',#1957,#1962);
#1957 = PLANE('',#1958);
#1958 = AXIS2_PLACEMENT_3D('',#1959,#1960,#1961);
#1959 = CARTESIAN_POINT('',(33.,8.,19.5));
#1960 = DIRECTION('',(1.,0.,0.));
#1961 = DIRECTION('',(0.,0.,-1.));
#1962 = DEFINITIONAL_REPRESENTATION('',(#1963),#1967);
#1963 = CIRCLE('',#1964,1.);
#1964 = AXIS2_PLACEMENT_2D('',#1965,#1966);
#1965 = CARTESIAN_POINT('',(0.,0.));
#1966 = DIRECTION('',(1.,0.));
#1967 = ( GEOMETRIC_REPRESENTATION_CONTEXT(2) 
PARAMETRIC_REPRESENTATION_CONTEXT() REPRESENTATION_CONTEXT('2D SPACE',''
  ) );
#1968 = ORIENTED_EDGE('',*,*,#1969,.F.);
#1969 = EDGE_CURVE('',#1970,#1941,#1972,.T.);
#1970 = VERTEX_POINT('',#1971);
#1971 = CARTESIAN_POINT('',(35.,8.,20.5));
#1972 = SURFACE_CURVE('',#1973,(#1990,#2010),.PCURVE_S1.);
#1973 = B_SPLINE_CURVE_WITH_KNOTS('',8,(#1974,#1975,#1976,#1977,#1978,
    #1979,#1980,#1981,#1982,#1983,#1984,#1985,#1986,#1987,#1988,#1989),
  .UNSPECIFIED.,.F.,.F.,(9,7,9),(0.,0.867303477342,1.),.UNSPECIFIED.);
#1974 = CARTESIAN_POINT('',(35.,8.,20.5));
#1975 = CARTESIAN_POINT('',(34.775634619089,7.870462363671,
    20.499999876571));
#1976 = CARTESIAN_POINT('',(34.553799939856,7.7423875597,20.480823610343
    ));
#1977 = CARTESIAN_POINT('',(34.332890628323,7.616496505743,
    20.44322395605));
#1978 = CARTESIAN_POINT('',(34.1116849735,7.493606210438,20.386502070529
    ));
#1979 = CARTESIAN_POINT('',(33.890239777763,7.375670767443,
    20.308923825181));
#1980 = CARTESIAN_POINT('',(33.670127267717,7.266415528062,
    20.208571021397));
#1981 = CARTESIAN_POINT('',(33.454456430437,7.171469834757,
    20.083844761299));
#1982 = CARTESIAN_POINT('',(33.215939549713,7.088549879015,
    19.912187576977));
#1983 = CARTESIAN_POINT('',(33.184454281817,7.078071519008,
    19.888814376467));
#1984 = CARTESIAN_POINT('',(33.153150152401,7.068151518452,
    19.864844184635));
#1985 = CARTESIAN_POINT('',(33.122044573216,7.058825649685,
    19.840276168821));
#1986 = CARTESIAN_POINT('',(33.09115624339,7.05013203295,19.815111012255
    ));
#1987 = CARTESIAN_POINT('',(33.060505070762,7.042111241644,
    19.789351160348));
#1988 = CARTESIAN_POINT('',(33.030112093213,7.034806407557,
    19.763001066992));
#1989 = CARTESIAN_POINT('',(32.9999994,7.028263326115,19.736067440843));
#1990 = PCURVE('',#1824,#1991);
#1991 = DEFINITIONAL_REPRESENTATION('',(#1992),#2009);
#1992 = B_SPLINE_CURVE_WITH_KNOTS('',8,(#1993,#1994,#1995,#1996,#1997,
    #1998,#1999,#2000,#2001,#2002,#2003,#2004,#2005,#2006,#2007,#2008),
  .UNSPECIFIED.,.F.,.F.,(9,7,9),(0.,0.867303477342,1.),.UNSPECIFIED.);
#1993 = CARTESIAN_POINT('',(3.14159265359,2.));
#1994 = CARTESIAN_POINT('',(3.271129876293,1.775634619089));
#1995 = CARTESIAN_POINT('',(3.39920746797,1.553799939857));
#1996 = CARTESIAN_POINT('',(3.528401318214,1.332890628321));
#1997 = CARTESIAN_POINT('',(3.660935377261,1.111684973502));
#1998 = CARTESIAN_POINT('',(3.798677030764,0.890239777761));
#1999 = CARTESIAN_POINT('',(3.943441044988,0.670127267718));
#2000 = CARTESIAN_POINT('',(4.097049722702,0.454456430437));
#2001 = CARTESIAN_POINT('',(4.28768525976,0.215939549713));
#2002 = CARTESIAN_POINT('',(4.313289301967,0.184454281817));
#2003 = CARTESIAN_POINT('',(4.339212732738,0.153150152401));
#2004 = CARTESIAN_POINT('',(4.365467895639,0.122044573216));
#2005 = CARTESIAN_POINT('',(4.392067601065,9.115624339009E-02));
#2006 = CARTESIAN_POINT('',(4.419025268713,6.050507076227E-02));
#2007 = CARTESIAN_POINT('',(4.44635507006,3.011209321333E-02));
#2008 = CARTESIAN_POINT('',(4.47407207084,-6.E-07));
#2009 = ( GEOMETRIC_REPRESENTATION_CONTEXT(2) 
PARAMETRIC_REPRESENTATION_CONTEXT() REPRESENTATION_CONTEXT('2D SPACE',''
  ) );
#2010 = PCURVE('',#2011,#2016);
#2011 = CYLINDRICAL_SURFACE('',#2012,3.);
#2012 = AXIS2_PLACEMENT_3D('',#2013,#2014,#2015);
#2013 = CARTESIAN_POINT('',(35.,8.,17.5));
#2014 = DIRECTION('',(0.,-1.,0.));
#2015 = DIRECTION('',(1.,0.,0.));
#2016 = DEFINITIONAL_REPRESENTATION('',(#2017),#2034);
#2017 = B_SPLINE_CURVE_WITH_KNOTS('',8,(#2018,#2019,#2020,#2021,#2022,
    #2023,#2024,#2025,#2026,#2027,#2028,#2029,#2030,#2031,#2032,#2033),
  .UNSPECIFIED.,.F.,.F.,(9,7,9),(0.,0.867303477342,1.),.UNSPECIFIED.);
#2018 = CARTESIAN_POINT('',(1.570796326795,-1.224646799147E-16));
#2019 = CARTESIAN_POINT('',(1.645584844266,0.129537636329));
#2020 = CARTESIAN_POINT('',(1.719529353197,0.2576124403));
#2021 = CARTESIAN_POINT('',(1.793804512576,0.383503494256));
#2022 = CARTESIAN_POINT('',(1.869388774082,0.506393789563));
#2023 = CARTESIAN_POINT('',(1.94699325901,0.624329232556));
#2024 = CARTESIAN_POINT('',(2.027019929017,0.733584471938));
#2025 = CARTESIAN_POINT('',(2.10965570396,0.828530165243));
#2026 = CARTESIAN_POINT('',(2.207610620642,0.911450120985));
#2027 = CARTESIAN_POINT('',(2.220680065416,0.921928480992));
#2028 = CARTESIAN_POINT('',(2.233820086637,0.931848481548));
#2029 = CARTESIAN_POINT('',(2.247029640624,0.941174350315));
#2030 = CARTESIAN_POINT('',(2.260307191643,0.94986796705));
#2031 = CARTESIAN_POINT('',(2.27365067203,0.957888758356));
#2032 = CARTESIAN_POINT('',(2.287057442316,0.965193592443));
#2033 = CARTESIAN_POINT('',(2.30052425135,0.971736673885));
#2034 = ( GEOMETRIC_REPRESENTATION_CONTEXT(2) 
PARAMETRIC_REPRESENTATION_CONTEXT() REPRESENTATION_CONTEXT('2D SPACE',''
  ) );
#2035 = ORIENTED_EDGE('',*,*,#2036,.T.);
#2036 = EDGE_CURVE('',#1970,#1888,#2037,.T.);
#2037 = SURFACE_CURVE('',#2038,(#2083,#2131),.PCURVE_S1.);
#2038 = B_SPLINE_CURVE_WITH_KNOTS('',7,(#2039,#2040,#2041,#2042,#2043,
    #2044,#2045,#2046,#2047,#2048,#2049,#2050,#2051,#2052,#2053,#2054,
    #2055,#2056,#2057,#2058,#2059,#2060,#2061,#2062,#2063,#2064,#2065,
    #2066,#2067,#2068,#2069,#2070,#2071,#2072,#2073,#2074,#2075,#2076,
    #2077,#2078,#2079,#2080,#2081,#2082),.UNSPECIFIED.,.F.,.F.,(8,6,6,6,
    6,6,6,8),(0.,0.294676030043,0.527401286408,0.650582759849,
    0.734798011718,0.810685971434,0.85168563045,1.),.UNSPECIFIED.);
#2039 = CARTESIAN_POINT('',(35.,8.,20.5));
#2040 = CARTESIAN_POINT('',(35.163161618235,7.905798263299,
    20.499999810293));
#2041 = CARTESIAN_POINT('',(35.326011313598,7.811778457933,
    20.489647798532));
#2042 = CARTESIAN_POINT('',(35.488710178116,7.718523886729,
    20.469011470738));
#2043 = CARTESIAN_POINT('',(35.651267493342,7.626710988173,
    20.43788204461));
#2044 = CARTESIAN_POINT('',(35.813483500754,7.537222348503,
    20.395855296212));
#2045 = CARTESIAN_POINT('',(35.97490107447,7.451284075421,
    20.342427118065));
#2046 = CARTESIAN_POINT('',(36.261022492716,7.306927698665,
    20.225513611483));
#2047 = CARTESIAN_POINT('',(36.386282965809,7.246536402777,
    20.166515405668));
#2048 = CARTESIAN_POINT('',(36.510612343361,7.190086548069,
    20.09969552134));
#2049 = CARTESIAN_POINT('',(36.633729999005,7.138583224668,
    20.024577467191));
#2050 = CARTESIAN_POINT('',(36.755020226938,7.093472087817,
    19.940759558232));
#2051 = CARTESIAN_POINT('',(36.873533993355,7.056703810682,
    19.848031649419));
#2052 = CARTESIAN_POINT('',(37.048663565041,7.017254056249,
    19.693063686463));
#2053 = CARTESIAN_POINT('',(37.108314800281,7.006638730991,
    19.636878096632));
#2054 = CARTESIAN_POINT('',(37.166613612024,6.999525450462,
    19.578340757677));
#2055 = CARTESIAN_POINT('',(37.223207528028,6.996370836372,
    19.517703314893));
#2056 = CARTESIAN_POINT('',(37.277781687004,6.997625520941,
    19.455274138057));
#2057 = CARTESIAN_POINT('',(37.330059541371,7.003735727016,
    19.391427351846));
#2058 = CARTESIAN_POINT('',(37.413813432586,7.02294594518,
    19.282308775822));
#2059 = CARTESIAN_POINT('',(37.44660263717,7.033215058707,
    19.237597060495));
#2060 = CARTESIAN_POINT('',(37.478005538379,7.046063941018,
    19.192752329884));
#2061 = CARTESIAN_POINT('',(37.507896076796,7.061561868092,
    19.148056318693));
#2062 = CARTESIAN_POINT('',(37.536185402988,7.079735049044,
    19.10379550903));
#2063 = CARTESIAN_POINT('',(37.562818638037,7.100565415438,
    19.060254292224));
#2064 = CARTESIAN_POINT('',(37.610257251786,7.145097216608,
    18.979368978019));
#2065 = CARTESIAN_POINT('',(37.631353524131,7.168287756187,
    18.941880256787));
#2066 = CARTESIAN_POINT('',(37.651048340848,7.193507135889,
    18.905438911133));
#2067 = CARTESIAN_POINT('',(37.669347953158,7.220671111765,
    18.87023657775));
#2068 = CARTESIAN_POINT('',(37.686273954615,7.249665053615,
    18.836454098372));
#2069 = CARTESIAN_POINT('',(37.701860261954,7.280343909249,
    18.804256032283));
#2070 = CARTESIAN_POINT('',(37.723870402591,7.329922380172,
    18.757322807542));
#2071 = CARTESIAN_POINT('',(37.731214585451,7.34775847807,
    18.741359514604));
#2072 = CARTESIAN_POINT('',(37.738192105309,7.366019963936,
    18.725912137639));
#2073 = CARTESIAN_POINT('',(37.744812410151,7.384685167906,
    18.71099628882));
#2074 = CARTESIAN_POINT('',(37.751084935156,7.403731248765,
    18.69662634489));
#2075 = CARTESIAN_POINT('',(37.757019102694,7.423134193941,
    18.682815447155));
#2076 = CARTESIAN_POINT('',(37.782900945018,7.514257914453,
    18.621680610611));
#2077 = CARTESIAN_POINT('',(37.798828448593,7.589832162609,
    18.581360555408));
#2078 = CARTESIAN_POINT('',(37.810978480804,7.668709943366,
    18.548883269148));
#2079 = CARTESIAN_POINT('',(37.819787570707,7.750022097592,
    18.524436840022));
#2080 = CARTESIAN_POINT('',(37.825552191558,7.832908155453,
    18.508131327209));
#2081 = CARTESIAN_POINT('',(37.828427124746,7.916515290496,18.5));
#2082 = CARTESIAN_POINT('',(37.828427124746,8.,18.5));
#2083 = PCURVE('',#1824,#2084);
#2084 = DEFINITIONAL_REPRESENTATION('',(#2085),#2130);
#2085 = B_SPLINE_CURVE_WITH_KNOTS('',7,(#2086,#2087,#2088,#2089,#2090,
    #2091,#2092,#2093,#2094,#2095,#2096,#2097,#2098,#2099,#2100,#2101,
    #2102,#2103,#2104,#2105,#2106,#2107,#2108,#2109,#2110,#2111,#2112,
    #2113,#2114,#2115,#2116,#2117,#2118,#2119,#2120,#2121,#2122,#2123,
    #2124,#2125,#2126,#2127,#2128,#2129),.UNSPECIFIED.,.F.,.F.,(8,6,6,6,
    6,6,6,8),(0.,0.294676030043,0.527401286408,0.650582759849,
    0.734798011718,0.810685971434,0.85168563045,1.),.UNSPECIFIED.);
#2086 = CARTESIAN_POINT('',(3.14159265359,2.));
#2087 = CARTESIAN_POINT('',(3.235793803864,2.163161618235));
#2088 = CARTESIAN_POINT('',(3.329816276962,2.326011313598));
#2089 = CARTESIAN_POINT('',(3.424430856099,2.488710178116));
#2090 = CARTESIAN_POINT('',(3.520322294826,2.651267493342));
#2091 = CARTESIAN_POINT('',(3.618136579385,2.813483500754));
#2092 = CARTESIAN_POINT('',(3.718546863036,2.97490107447));
#2093 = CARTESIAN_POINT('',(3.904308892341,3.261022492716));
#2094 = CARTESIAN_POINT('',(3.988370870124,3.386282965809));
#2095 = CARTESIAN_POINT('',(4.075193361011,3.510612343361));
#2096 = CARTESIAN_POINT('',(4.165397090975,3.633729999005));
#2097 = CARTESIAN_POINT('',(4.259619130035,3.755020226938));
#2098 = CARTESIAN_POINT('',(4.358551976496,3.873533993355));
#2099 = CARTESIAN_POINT('',(4.518462428524,4.048663565041));
#2100 = CARTESIAN_POINT('',(4.575530291492,4.108314800281));
#2101 = CARTESIAN_POINT('',(4.634289913058,4.166613612024));
#2102 = CARTESIAN_POINT('',(4.69473993287,4.223207528028));
#2103 = CARTESIAN_POINT('',(4.756906345244,4.277781687004));
#2104 = CARTESIAN_POINT('',(4.820845613378,4.330059541371));
#2105 = CARTESIAN_POINT('',(4.931642256448,4.413813432586));
#2106 = CARTESIAN_POINT('',(4.977457406218,4.44660263717));
#2107 = CARTESIAN_POINT('',(5.023999230747,4.478005538379));
#2108 = CARTESIAN_POINT('',(5.071176140232,4.507896076796));
#2109 = CARTESIAN_POINT('',(5.118901222705,4.536185402988));
#2110 = CARTESIAN_POINT('',(5.167089981352,4.562818638037));
#2111 = CARTESIAN_POINT('',(5.259423698756,4.610257251786));
#2112 = CARTESIAN_POINT('',(5.303448930152,4.631353524131));
#2113 = CARTESIAN_POINT('',(5.347671753476,4.651048340848));
#2114 = CARTESIAN_POINT('',(5.392028406757,4.669347953158));
#2115 = CARTESIAN_POINT('',(5.436451062121,4.686273954615));
#2116 = CARTESIAN_POINT('',(5.480865509301,4.701860261954));
#2117 = CARTESIAN_POINT('',(5.549135212418,4.723870402591));
#2118 = CARTESIAN_POINT('',(5.573062220559,4.731214585451));
#2119 = CARTESIAN_POINT('',(5.596966014844,4.738192105309));
#2120 = CARTESIAN_POINT('',(5.620842349122,4.744812410151));
#2121 = CARTESIAN_POINT('',(5.644686579815,4.751084935156));
#2122 = CARTESIAN_POINT('',(5.668493665926,4.757019102694));
#2123 = CARTESIAN_POINT('',(5.778225159488,4.782900945018));
#2124 = CARTESIAN_POINT('',(5.86344749334,4.798828448593));
#2125 = CARTESIAN_POINT('',(5.948081089128,4.810978480804));
#2126 = CARTESIAN_POINT('',(6.032257177435,4.819787570707));
#2127 = CARTESIAN_POINT('',(6.116093399049,4.825552191558));
#2128 = CARTESIAN_POINT('',(6.199700597675,4.828427124746));
#2129 = CARTESIAN_POINT('',(6.28318530718,4.828427124746));
#2130 = ( GEOMETRIC_REPRESENTATION_CONTEXT(2) 
PARAMETRIC_REPRESENTATION_CONTEXT() REPRESENTATION_CONTEXT('2D SPACE',''
  ) );
#2131 = PCURVE('',#2011,#2132);
#2132 = DEFINITIONAL_REPRESENTATION('',(#2133),#2178);
#2133 = B_SPLINE_CURVE_WITH_KNOTS('',7,(#2134,#2135,#2136,#2137,#2138,
    #2139,#2140,#2141,#2142,#2143,#2144,#2145,#2146,#2147,#2148,#2149,
    #2150,#2151,#2152,#2153,#2154,#2155,#2156,#2157,#2158,#2159,#2160,
    #2161,#2162,#2163,#2164,#2165,#2166,#2167,#2168,#2169,#2170,#2171,
    #2172,#2173,#2174,#2175,#2176,#2177),.UNSPECIFIED.,.F.,.F.,(8,6,6,6,
    6,6,6,8),(0.,0.294676030043,0.527401286408,0.650582759849,
    0.734798011718,0.810685971434,0.85168563045,1.),.UNSPECIFIED.);
#2134 = CARTESIAN_POINT('',(1.570796326795,-1.224646799147E-16));
#2135 = CARTESIAN_POINT('',(1.516409119779,9.420173670128E-02));
#2136 = CARTESIAN_POINT('',(1.462125881909,0.188221542067));
#2137 = CARTESIAN_POINT('',(1.407630222416,0.281476113271));
#2138 = CARTESIAN_POINT('',(1.352660464731,0.373289011827));
#2139 = CARTESIAN_POINT('',(1.296995462383,0.462777651497));
#2140 = CARTESIAN_POINT('',(1.240450795548,0.548715924579));
#2141 = CARTESIAN_POINT('',(1.137422086497,0.693072301335));
#2142 = CARTESIAN_POINT('',(1.091331996339,0.753463597223));
#2143 = CARTESIAN_POINT('',(1.044389743696,0.809913451931));
#2144 = CARTESIAN_POINT('',(0.996448438579,0.861416775332));
#2145 = CARTESIAN_POINT('',(0.947438992136,0.906527912183));
#2146 = CARTESIAN_POINT('',(0.897370968178,0.943296189318));
#2147 = CARTESIAN_POINT('',(0.819421243339,0.982745943751));
#2148 = CARTESIAN_POINT('',(0.792119229921,0.993361269009));
#2149 = CARTESIAN_POINT('',(0.764603253297,1.000474549538));
#2150 = CARTESIAN_POINT('',(0.736981389141,1.003629163628));
#2151 = CARTESIAN_POINT('',(0.709364467459,1.002374479059));
#2152 = CARTESIAN_POINT('',(0.681871746907,0.996264272984));
#2153 = CARTESIAN_POINT('',(0.636019838032,0.97705405482));
#2154 = CARTESIAN_POINT('',(0.617542280944,0.966784941293));
#2155 = CARTESIAN_POINT('',(0.599300237734,0.953936058982));
#2156 = CARTESIAN_POINT('',(0.581384165636,0.938438131908));
#2157 = CARTESIAN_POINT('',(0.563880118702,0.920264950956));
#2158 = CARTESIAN_POINT('',(0.546869390234,0.899434584562));
#2159 = CARTESIAN_POINT('',(0.515612646734,0.854902783392));
#2160 = CARTESIAN_POINT('',(0.501275977552,0.831712243813));
#2161 = CARTESIAN_POINT('',(0.487471411981,0.806492864111));
#2162 = CARTESIAN_POINT('',(0.474249350893,0.779328888235));
#2163 = CARTESIAN_POINT('',(0.461656156722,0.750334946385));
#2164 = CARTESIAN_POINT('',(0.449732978435,0.719656090751));
#2165 = CARTESIAN_POINT('',(0.432453659147,0.670077619828));
#2166 = CARTESIAN_POINT('',(0.426596583738,0.65224152193));
#2167 = CARTESIAN_POINT('',(0.42094675001,0.633980036064));
#2168 = CARTESIAN_POINT('',(0.415507274929,0.615314832094));
#2169 = CARTESIAN_POINT('',(0.410280992713,0.596268751235));
#2170 = CARTESIAN_POINT('',(0.40527045483,0.576865806059));
#2171 = CARTESIAN_POINT('',(0.383141193153,0.485742085547));
#2172 = CARTESIAN_POINT('',(0.368694797332,0.410167837391));
#2173 = CARTESIAN_POINT('',(0.357138176958,0.331290056634));
#2174 = CARTESIAN_POINT('',(0.348476619814,0.249977902408));
#2175 = CARTESIAN_POINT('',(0.342711775171,0.167091844547));
#2176 = CARTESIAN_POINT('',(0.339836909454,8.348470950411E-02));
#2177 = CARTESIAN_POINT('',(0.339836909454,2.449293598295E-16));
#2178 = ( GEOMETRIC_REPRESENTATION_CONTEXT(2) 
PARAMETRIC_REPRESENTATION_CONTEXT() REPRESENTATION_CONTEXT('2D SPACE',''
  ) );
#2179 = ADVANCED_FACE('',(#2180),#1928,.T.);
#2180 = FACE_BOUND('',#2181,.T.);
#2181 = EDGE_LOOP('',(#2182,#2208,#2230,#2231));
#2182 = ORIENTED_EDGE('',*,*,#2183,.T.);
#2183 = EDGE_CURVE('',#2184,#2186,#2188,.T.);
#2184 = VERTEX_POINT('',#2185);
#2185 = CARTESIAN_POINT('',(33.,8.,19.7360679775));
#2186 = VERTEX_POINT('',#2187);
#2187 = CARTESIAN_POINT('',(38.,8.,17.5));
#2188 = SURFACE_CURVE('',#2189,(#2194,#2201),.PCURVE_S1.);
#2189 = CIRCLE('',#2190,3.);
#2190 = AXIS2_PLACEMENT_3D('',#2191,#2192,#2193);
#2191 = CARTESIAN_POINT('',(35.,8.,17.5));
#2192 = DIRECTION('',(0.,-1.,0.));
#2193 = DIRECTION('',(1.,0.,0.));
#2194 = PCURVE('',#1928,#2195);
#2195 = DEFINITIONAL_REPRESENTATION('',(#2196),#2200);
#2196 = CIRCLE('',#2197,3.);
#2197 = AXIS2_PLACEMENT_2D('',#2198,#2199);
#2198 = CARTESIAN_POINT('',(0.,0.));
#2199 = DIRECTION('',(1.,0.));
#2200 = ( GEOMETRIC_REPRESENTATION_CONTEXT(2) 
PARAMETRIC_REPRESENTATION_CONTEXT() REPRESENTATION_CONTEXT('2D SPACE',''
  ) );
#2201 = PCURVE('',#2011,#2202);
#2202 = DEFINITIONAL_REPRESENTATION('',(#2203),#2207);
#2203 = LINE('',#2204,#2205);
#2204 = CARTESIAN_POINT('',(0.,0.));
#2205 = VECTOR('',#2206,1.);
#2206 = DIRECTION('',(1.,0.));
#2207 = ( GEOMETRIC_REPRESENTATION_CONTEXT(2) 
PARAMETRIC_REPRESENTATION_CONTEXT() REPRESENTATION_CONTEXT('2D SPACE',''
  ) );
#2208 = ORIENTED_EDGE('',*,*,#2209,.T.);
#2209 = EDGE_CURVE('',#2186,#1888,#2210,.T.);
#2210 = SURFACE_CURVE('',#2211,(#2216,#2223),.PCURVE_S1.);
#2211 = CIRCLE('',#2212,3.);
#2212 = AXIS2_PLACEMENT_3D('',#2213,#2214,#2215);
#2213 = CARTESIAN_POINT('',(35.,8.,17.5));
#2214 = DIRECTION('',(0.,-1.,0.));
#2215 = DIRECTION('',(1.,0.,0.));
#2216 = PCURVE('',#1928,#2217);
#2217 = DEFINITIONAL_REPRESENTATION('',(#2218),#2222);
#2218 = CIRCLE('',#2219,3.);
#2219 = AXIS2_PLACEMENT_2D('',#2220,#2221);
#2220 = CARTESIAN_POINT('',(0.,0.));
#2221 = DIRECTION('',(1.,0.));
#2222 = ( GEOMETRIC_REPRESENTATION_CONTEXT(2) 
PARAMETRIC_REPRESENTATION_CONTEXT() REPRESENTATION_CONTEXT('2D SPACE',''
  ) );
#2223 = PCURVE('',#2011,#2224);
#2224 = DEFINITIONAL_REPRESENTATION('',(#2225),#2229);
#2225 = LINE('',#2226,#2227);
#2226 = CARTESIAN_POINT('',(0.,0.));
#2227 = VECTOR('',#2228,1.);
#2228 = DIRECTION('',(1.,0.));
#2229 = ( GEOMETRIC_REPRESENTATION_CONTEXT(2) 
PARAMETRIC_REPRESENTATION_CONTEXT() REPRESENTATION_CONTEXT('2D SPACE',''
  ) );
#2230 = ORIENTED_EDGE('',*,*,#1912,.F.);
#2231 = ORIENTED_EDGE('',*,*,#2232,.F.);
#2232 = EDGE_CURVE('',#2184,#1913,#2233,.T.);
#2233 = SURFACE_CURVE('',#2234,(#2238,#2244),.PCURVE_S1.);
#2234 = LINE('',#2235,#2236);
#2235 = CARTESIAN_POINT('',(33.,8.,18.5));
#2236 = VECTOR('',#2237,1.);
#2237 = DIRECTION('',(0.,0.,-1.));
#2238 = PCURVE('',#1928,#2239);
#2239 = DEFINITIONAL_REPRESENTATION('',(#2240),#2243);
#2240 = B_SPLINE_CURVE_WITH_KNOTS('',1,(#2241,#2242),.UNSPECIFIED.,.F.,
  .F.,(2,2),(-2.,0.),.PIECEWISE_BEZIER_KNOTS.);
#2241 = CARTESIAN_POINT('',(-2.,3.));
#2242 = CARTESIAN_POINT('',(-2.,1.));
#2243 = ( GEOMETRIC_REPRESENTATION_CONTEXT(2) 
PARAMETRIC_REPRESENTATION_CONTEXT() REPRESENTATION_CONTEXT('2D SPACE',''
  ) );
#2244 = PCURVE('',#1957,#2245);
#2245 = DEFINITIONAL_REPRESENTATION('',(#2246),#2249);
#2246 = B_SPLINE_CURVE_WITH_KNOTS('',1,(#2247,#2248),.UNSPECIFIED.,.F.,
  .F.,(2,2),(-2.,0.),.PIECEWISE_BEZIER_KNOTS.);
#2247 = CARTESIAN_POINT('',(-1.,0.));
#2248 = CARTESIAN_POINT('',(1.,0.));
#2249 = ( GEOMETRIC_REPRESENTATION_CONTEXT(2) 
PARAMETRIC_REPRESENTATION_CONTEXT() REPRESENTATION_CONTEXT('2D SPACE',''
  ) );
#2250 = ADVANCED_FACE('',(#2251),#1957,.T.);
#2251 = FACE_BOUND('',#2252,.T.);
#2252 = EDGE_LOOP('',(#2253,#2254,#2255));
#2253 = ORIENTED_EDGE('',*,*,#2232,.T.);
#2254 = ORIENTED_EDGE('',*,*,#1940,.T.);
#2255 = ORIENTED_EDGE('',*,*,#2256,.F.);
#2256 = EDGE_CURVE('',#2184,#1941,#2257,.T.);
#2257 = SURFACE_CURVE('',#2258,(#2262,#2268),.PCURVE_S1.);
#2258 = LINE('',#2259,#2260);
#2259 = CARTESIAN_POINT('',(33.,8.,19.7360679775));
#2260 = VECTOR('',#2261,1.);
#2261 = DIRECTION('',(0.,-1.,0.));
#2262 = PCURVE('',#1957,#2263);
#2263 = DEFINITIONAL_REPRESENTATION('',(#2264),#2267);
#2264 = B_SPLINE_CURVE_WITH_KNOTS('',1,(#2265,#2266),.UNSPECIFIED.,.F.,
  .F.,(2,2),(-5.999999999062E-07,1.2),.PIECEWISE_BEZIER_KNOTS.);
#2265 = CARTESIAN_POINT('',(-0.2360679775,5.999999999062E-07));
#2266 = CARTESIAN_POINT('',(-0.2360679775,-1.2));
#2267 = ( GEOMETRIC_REPRESENTATION_CONTEXT(2) 
PARAMETRIC_REPRESENTATION_CONTEXT() REPRESENTATION_CONTEXT('2D SPACE',''
  ) );
#2268 = PCURVE('',#2011,#2269);
#2269 = DEFINITIONAL_REPRESENTATION('',(#2270),#2273);
#2270 = B_SPLINE_CURVE_WITH_KNOTS('',1,(#2271,#2272),.UNSPECIFIED.,.F.,
  .F.,(2,2),(-5.999999999062E-07,1.2),.PIECEWISE_BEZIER_KNOTS.);
#2271 = CARTESIAN_POINT('',(2.300523983022,-5.999999999062E-07));
#2272 = CARTESIAN_POINT('',(2.300523983022,1.2));
#2273 = ( GEOMETRIC_REPRESENTATION_CONTEXT(2) 
PARAMETRIC_REPRESENTATION_CONTEXT() REPRESENTATION_CONTEXT('2D SPACE',''
  ) );
#2274 = ADVANCED_FACE('',(#2275),#2011,.F.);
#2275 = FACE_BOUND('',#2276,.F.);
#2276 = EDGE_LOOP('',(#2277,#2306,#2327,#2328,#2329,#2330,#2331,#2332));
#2277 = ORIENTED_EDGE('',*,*,#2278,.F.);
#2278 = EDGE_CURVE('',#2279,#2279,#2281,.T.);
#2279 = VERTEX_POINT('',#2280);
#2280 = CARTESIAN_POINT('',(38.,-4.,17.5));
#2281 = SURFACE_CURVE('',#2282,(#2287,#2294),.PCURVE_S1.);
#2282 = CIRCLE('',#2283,3.);
#2283 = AXIS2_PLACEMENT_3D('',#2284,#2285,#2286);
#2284 = CARTESIAN_POINT('',(35.,-4.,17.5));
#2285 = DIRECTION('',(0.,-1.,0.));
#2286 = DIRECTION('',(1.,0.,0.));
#2287 = PCURVE('',#2011,#2288);
#2288 = DEFINITIONAL_REPRESENTATION('',(#2289),#2293);
#2289 = LINE('',#2290,#2291);
#2290 = CARTESIAN_POINT('',(0.,12.));
#2291 = VECTOR('',#2292,1.);
#2292 = DIRECTION('',(1.,0.));
#2293 = ( GEOMETRIC_REPRESENTATION_CONTEXT(2) 
PARAMETRIC_REPRESENTATION_CONTEXT() REPRESENTATION_CONTEXT('2D SPACE',''
  ) );
#2294 = PCURVE('',#2295,#2300);
#2295 = PLANE('',#2296);
#2296 = AXIS2_PLACEMENT_3D('',#2297,#2298,#2299);
#2297 = CARTESIAN_POINT('',(35.,-4.,17.5));
#2298 = DIRECTION('',(0.,-1.,0.));
#2299 = DIRECTION('',(1.,0.,0.));
#2300 = DEFINITIONAL_REPRESENTATION('',(#2301),#2305);
#2301 = CIRCLE('',#2302,3.);
#2302 = AXIS2_PLACEMENT_2D('',#2303,#2304);
#2303 = CARTESIAN_POINT('',(0.,0.));
#2304 = DIRECTION('',(1.,0.));
#2305 = ( GEOMETRIC_REPRESENTATION_CONTEXT(2) 
PARAMETRIC_REPRESENTATION_CONTEXT() REPRESENTATION_CONTEXT('2D SPACE',''
  ) );
#2306 = ORIENTED_EDGE('',*,*,#2307,.F.);
#2307 = EDGE_CURVE('',#2186,#2279,#2308,.T.);
#2308 = SEAM_CURVE('',#2309,(#2313,#2320),.PCURVE_S1.);
#2309 = LINE('',#2310,#2311);
#2310 = CARTESIAN_POINT('',(38.,8.,17.5));
#2311 = VECTOR('',#2312,1.);
#2312 = DIRECTION('',(0.,-1.,0.));
#2313 = PCURVE('',#2011,#2314);
#2314 = DEFINITIONAL_REPRESENTATION('',(#2315),#2319);
#2315 = LINE('',#2316,#2317);
#2316 = CARTESIAN_POINT('',(0.,-0.));
#2317 = VECTOR('',#2318,1.);
#2318 = DIRECTION('',(0.,1.));
#2319 = ( GEOMETRIC_REPRESENTATION_CONTEXT(2) 
PARAMETRIC_REPRESENTATION_CONTEXT() REPRESENTATION_CONTEXT('2D SPACE',''
  ) );
#2320 = PCURVE('',#2011,#2321);
#2321 = DEFINITIONAL_REPRESENTATION('',(#2322),#2326);
#2322 = LINE('',#2323,#2324);
#2323 = CARTESIAN_POINT('',(6.28318530718,-0.));
#2324 = VECTOR('',#2325,1.);
#2325 = DIRECTION('',(0.,1.));
#2326 = ( GEOMETRIC_REPRESENTATION_CONTEXT(2) 
PARAMETRIC_REPRESENTATION_CONTEXT() REPRESENTATION_CONTEXT('2D SPACE',''
  ) );
#2327 = ORIENTED_EDGE('',*,*,#2209,.T.);
#2328 = ORIENTED_EDGE('',*,*,#2036,.F.);
#2329 = ORIENTED_EDGE('',*,*,#1969,.T.);
#2330 = ORIENTED_EDGE('',*,*,#2256,.F.);
#2331 = ORIENTED_EDGE('',*,*,#2183,.T.);
#2332 = ORIENTED_EDGE('',*,*,#2307,.T.);
#2333 = ADVANCED_FACE('',(#2334,#2365),#2295,.T.);
#2334 = FACE_BOUND('',#2335,.T.);
#2335 = EDGE_LOOP('',(#2336));
#2336 = ORIENTED_EDGE('',*,*,#2337,.T.);
#2337 = EDGE_CURVE('',#2338,#2338,#2340,.T.);
#2338 = VERTEX_POINT('',#2339);
#2339 = CARTESIAN_POINT('',(40.,-4.,17.5));
#2340 = SURFACE_CURVE('',#2341,(#2346,#2353),.PCURVE_S1.);
#2341 = CIRCLE('',#2342,5.);
#2342 = AXIS2_PLACEMENT_3D('',#2343,#2344,#2345);
#2343 = CARTESIAN_POINT('',(35.,-4.,17.5));
#2344 = DIRECTION('',(0.,-1.,0.));
#2345 = DIRECTION('',(1.,0.,0.));
#2346 = PCURVE('',#2295,#2347);
#2347 = DEFINITIONAL_REPRESENTATION('',(#2348),#2352);
#2348 = CIRCLE('',#2349,5.);
#2349 = AXIS2_PLACEMENT_2D('',#2350,#2351);
#2350 = CARTESIAN_POINT('',(0.,0.));
#2351 = DIRECTION('',(1.,0.));
#2352 = ( GEOMETRIC_REPRESENTATION_CONTEXT(2) 
PARAMETRIC_REPRESENTATION_CONTEXT() REPRESENTATION_CONTEXT('2D SPACE',''
  ) );
#2353 = PCURVE('',#2354,#2359);
#2354 = CYLINDRICAL_SURFACE('',#2355,5.);
#2355 = AXIS2_PLACEMENT_3D('',#2356,#2357,#2358);
#2356 = CARTESIAN_POINT('',(35.,0.,17.5));
#2357 = DIRECTION('',(0.,-1.,0.));
#2358 = DIRECTION('',(1.,0.,0.));
#2359 = DEFINITIONAL_REPRESENTATION('',(#2360),#2364);
#2360 = LINE('',#2361,#2362);
#2361 = CARTESIAN_POINT('',(0.,4.));
#2362 = VECTOR('',#2363,1.);
#2363 = DIRECTION('',(1.,0.));
#2364 = ( GEOMETRIC_REPRESENTATION_CONTEXT(2) 
PARAMETRIC_REPRESENTATION_CONTEXT() REPRESENTATION_CONTEXT('2D SPACE',''
  ) );
#2365 = FACE_BOUND('',#2366,.T.);
#2366 = EDGE_LOOP('',(#2367));
#2367 = ORIENTED_EDGE('',*,*,#2278,.F.);
#2368 = ADVANCED_FACE('',(#2369),#2354,.T.);
#2369 = FACE_BOUND('',#2370,.T.);
#2370 = EDGE_LOOP('',(#2371,#2372,#2395,#2421));
#2371 = ORIENTED_EDGE('',*,*,#2337,.F.);
#2372 = ORIENTED_EDGE('',*,*,#2373,.F.);
#2373 = EDGE_CURVE('',#2374,#2338,#2376,.T.);
#2374 = VERTEX_POINT('',#2375);
#2375 = CARTESIAN_POINT('',(40.,0.,17.5));
#2376 = SEAM_CURVE('',#2377,(#2381,#2388),.PCURVE_S1.);
#2377 = LINE('',#2378,#2379);
#2378 = CARTESIAN_POINT('',(40.,0.,17.5));
#2379 = VECTOR('',#2380,1.);
#2380 = DIRECTION('',(0.,-1.,0.));
#2381 = PCURVE('',#2354,#2382);
#2382 = DEFINITIONAL_REPRESENTATION('',(#2383),#2387);
#2383 = LINE('',#2384,#2385);
#2384 = CARTESIAN_POINT('',(6.28318530718,-0.));
#2385 = VECTOR('',#2386,1.);
#2386 = DIRECTION('',(0.,1.));
#2387 = ( GEOMETRIC_REPRESENTATION_CONTEXT(2) 
PARAMETRIC_REPRESENTATION_CONTEXT() REPRESENTATION_CONTEXT('2D SPACE',''
  ) );
#2388 = PCURVE('',#2354,#2389);
#2389 = DEFINITIONAL_REPRESENTATION('',(#2390),#2394);
#2390 = LINE('',#2391,#2392);
#2391 = CARTESIAN_POINT('',(0.,-0.));
#2392 = VECTOR('',#2393,1.);
#2393 = DIRECTION('',(0.,1.));
#2394 = ( GEOMETRIC_REPRESENTATION_CONTEXT(2) 
PARAMETRIC_REPRESENTATION_CONTEXT() REPRESENTATION_CONTEXT('2D SPACE',''
  ) );
#2395 = ORIENTED_EDGE('',*,*,#2396,.T.);
#2396 = EDGE_CURVE('',#2374,#2374,#2397,.T.);
#2397 = SURFACE_CURVE('',#2398,(#2403,#2410),.PCURVE_S1.);
#2398 = CIRCLE('',#2399,5.);
#2399 = AXIS2_PLACEMENT_3D('',#2400,#2401,#2402);
#2400 = CARTESIAN_POINT('',(35.,0.,17.5));
#2401 = DIRECTION('',(0.,-1.,0.));
#2402 = DIRECTION('',(1.,0.,0.));
#2403 = PCURVE('',#2354,#2404);
#2404 = DEFINITIONAL_REPRESENTATION('',(#2405),#2409);
#2405 = LINE('',#2406,#2407);
#2406 = CARTESIAN_POINT('',(0.,0.));
#2407 = VECTOR('',#2408,1.);
#2408 = DIRECTION('',(1.,0.));
#2409 = ( GEOMETRIC_REPRESENTATION_CONTEXT(2) 
PARAMETRIC_REPRESENTATION_CONTEXT() REPRESENTATION_CONTEXT('2D SPACE',''
  ) );
#2410 = PCURVE('',#44,#2411);
#2411 = DEFINITIONAL_REPRESENTATION('',(#2412),#2420);
#2412 = ( BOUNDED_CURVE() B_SPLINE_CURVE(2,(#2413,#2414,#2415,#2416,
#2417,#2418,#2419),.UNSPECIFIED.,.T.,.F.) B_SPLINE_CURVE_WITH_KNOTS((1,2
    ,2,2,2,1),(-2.094395102393,0.,2.094395102393,4.188790204786,
6.28318530718,8.377580409573),.UNSPECIFIED.) CURVE() 
GEOMETRIC_REPRESENTATION_ITEM() RATIONAL_B_SPLINE_CURVE((1.,0.5,1.,0.5,
1.,0.5,1.)) REPRESENTATION_ITEM('') );
#2413 = CARTESIAN_POINT('',(15.,40.));
#2414 = CARTESIAN_POINT('',(23.660254037844,40.));
#2415 = CARTESIAN_POINT('',(19.330127018922,32.5));
#2416 = CARTESIAN_POINT('',(15.,25.));
#2417 = CARTESIAN_POINT('',(10.669872981078,32.5));
#2418 = CARTESIAN_POINT('',(6.339745962156,40.));
#2419 = CARTESIAN_POINT('',(15.,40.));
#2420 = ( GEOMETRIC_REPRESENTATION_CONTEXT(2) 
PARAMETRIC_REPRESENTATION_CONTEXT() REPRESENTATION_CONTEXT('2D SPACE',''
  ) );
#2421 = ORIENTED_EDGE('',*,*,#2373,.T.);
#2422 = ADVANCED_FACE('',(#2423),#1694,.T.);
#2423 = FACE_BOUND('',#2424,.F.);
#2424 = EDGE_LOOP('',(#2425));
#2425 = ORIENTED_EDGE('',*,*,#1679,.F.);
#2426 = ADVANCED_FACE('',(#2427),#1602,.F.);
#2427 = FACE_BOUND('',#2428,.F.);
#2428 = EDGE_LOOP('',(#2429,#2463,#2486,#2513,#2514,#2546));
#2429 = ORIENTED_EDGE('',*,*,#2430,.F.);
#2430 = EDGE_CURVE('',#2431,#1232,#2433,.T.);
#2431 = VERTEX_POINT('',#2432);
#2432 = CARTESIAN_POINT('',(61.5,20.,20.5));
#2433 = SURFACE_CURVE('',#2434,(#2439,#2451),.PCURVE_S1.);
#2434 = ELLIPSE('',#2435,1.414213562373,1.);
#2435 = AXIS2_PLACEMENT_3D('',#2436,#2437,#2438);
#2436 = CARTESIAN_POINT('',(60.5,20.,19.5));
#2437 = DIRECTION('',(0.707106781187,0.,-0.707106781187));
#2438 = DIRECTION('',(0.707106781187,0.,0.707106781187));
#2439 = PCURVE('',#1602,#2440);
#2440 = DEFINITIONAL_REPRESENTATION('',(#2441),#2450);
#2441 = B_SPLINE_CURVE_WITH_KNOTS('',7,(#2442,#2443,#2444,#2445,#2446,
    #2447,#2448,#2449),.UNSPECIFIED.,.F.,.F.,(8,8),(0.,1.570796326795),
  .PIECEWISE_BEZIER_KNOTS.);
#2442 = CARTESIAN_POINT('',(6.28318530718,11.));
#2443 = CARTESIAN_POINT('',(6.058785831923,11.));
#2444 = CARTESIAN_POINT('',(5.834386356667,10.94125132739));
#2445 = CARTESIAN_POINT('',(5.60998688141,10.823762504625));
#2446 = CARTESIAN_POINT('',(5.385587406154,10.654746825777));
#2447 = CARTESIAN_POINT('',(5.161187930898,10.448798039318));
#2448 = CARTESIAN_POINT('',(4.936788455641,10.224399475256));
#2449 = CARTESIAN_POINT('',(4.712388980385,10.));
#2450 = ( GEOMETRIC_REPRESENTATION_CONTEXT(2) 
PARAMETRIC_REPRESENTATION_CONTEXT() REPRESENTATION_CONTEXT('2D SPACE',''
  ) );
#2451 = PCURVE('',#1253,#2452);
#2452 = DEFINITIONAL_REPRESENTATION('',(#2453),#2462);
#2453 = B_SPLINE_CURVE_WITH_KNOTS('',7,(#2454,#2455,#2456,#2457,#2458,
    #2459,#2460,#2461),.UNSPECIFIED.,.F.,.F.,(8,8),(0.,1.570796326795),
  .PIECEWISE_BEZIER_KNOTS.);
#2454 = CARTESIAN_POINT('',(3.14159265359,13.5));
#2455 = CARTESIAN_POINT('',(3.365992128846,13.5));
#2456 = CARTESIAN_POINT('',(3.590391604103,13.441251327388));
#2457 = CARTESIAN_POINT('',(3.814791079359,13.323762504631));
#2458 = CARTESIAN_POINT('',(4.039190554616,13.154746825767));
#2459 = CARTESIAN_POINT('',(4.263590029872,12.948798039319));
#2460 = CARTESIAN_POINT('',(4.487989505128,12.724399475256));
#2461 = CARTESIAN_POINT('',(4.712388980385,12.5));
#2462 = ( GEOMETRIC_REPRESENTATION_CONTEXT(2) 
PARAMETRIC_REPRESENTATION_CONTEXT() REPRESENTATION_CONTEXT('2D SPACE',''
  ) );
#2463 = ORIENTED_EDGE('',*,*,#2464,.T.);
#2464 = EDGE_CURVE('',#2431,#2465,#2467,.T.);
#2465 = VERTEX_POINT('',#2466);
#2466 = CARTESIAN_POINT('',(61.5,20.,24.));
#2467 = SEAM_CURVE('',#2468,(#2472,#2479),.PCURVE_S1.);
#2468 = LINE('',#2469,#2470);
#2469 = CARTESIAN_POINT('',(61.5,20.,9.5));
#2470 = VECTOR('',#2471,1.);
#2471 = DIRECTION('',(0.,0.,1.));
#2472 = PCURVE('',#1602,#2473);
#2473 = DEFINITIONAL_REPRESENTATION('',(#2474),#2478);
#2474 = LINE('',#2475,#2476);
#2475 = CARTESIAN_POINT('',(0.,-0.));
#2476 = VECTOR('',#2477,1.);
#2477 = DIRECTION('',(0.,1.));
#2478 = ( GEOMETRIC_REPRESENTATION_CONTEXT(2) 
PARAMETRIC_REPRESENTATION_CONTEXT() REPRESENTATION_CONTEXT('2D SPACE',''
  ) );
#2479 = PCURVE('',#1602,#2480);
#2480 = DEFINITIONAL_REPRESENTATION('',(#2481),#2485);
#2481 = LINE('',#2482,#2483);
#2482 = CARTESIAN_POINT('',(6.28318530718,-0.));
#2483 = VECTOR('',#2484,1.);
#2484 = DIRECTION('',(0.,1.));
#2485 = ( GEOMETRIC_REPRESENTATION_CONTEXT(2) 
PARAMETRIC_REPRESENTATION_CONTEXT() REPRESENTATION_CONTEXT('2D SPACE',''
  ) );
#2486 = ORIENTED_EDGE('',*,*,#2487,.F.);
#2487 = EDGE_CURVE('',#2465,#2465,#2488,.T.);
#2488 = SURFACE_CURVE('',#2489,(#2494,#2501),.PCURVE_S1.);
#2489 = CIRCLE('',#2490,1.);
#2490 = AXIS2_PLACEMENT_3D('',#2491,#2492,#2493);
#2491 = CARTESIAN_POINT('',(60.5,20.,24.));
#2492 = DIRECTION('',(0.,0.,1.));
#2493 = DIRECTION('',(1.,0.,-0.));
#2494 = PCURVE('',#1602,#2495);
#2495 = DEFINITIONAL_REPRESENTATION('',(#2496),#2500);
#2496 = LINE('',#2497,#2498);
#2497 = CARTESIAN_POINT('',(0.,14.5));
#2498 = VECTOR('',#2499,1.);
#2499 = DIRECTION('',(1.,0.));
#2500 = ( GEOMETRIC_REPRESENTATION_CONTEXT(2) 
PARAMETRIC_REPRESENTATION_CONTEXT() REPRESENTATION_CONTEXT('2D SPACE',''
  ) );
#2501 = PCURVE('',#2502,#2507);
#2502 = PLANE('',#2503);
#2503 = AXIS2_PLACEMENT_3D('',#2504,#2505,#2506);
#2504 = CARTESIAN_POINT('',(0.,0.,24.));
#2505 = DIRECTION('',(0.,0.,1.));
#2506 = DIRECTION('',(1.,0.,-0.));
#2507 = DEFINITIONAL_REPRESENTATION('',(#2508),#2512);
#2508 = CIRCLE('',#2509,1.);
#2509 = AXIS2_PLACEMENT_2D('',#2510,#2511);
#2510 = CARTESIAN_POINT('',(60.5,20.));
#2511 = DIRECTION('',(1.,0.));
#2512 = ( GEOMETRIC_REPRESENTATION_CONTEXT(2) 
PARAMETRIC_REPRESENTATION_CONTEXT() REPRESENTATION_CONTEXT('2D SPACE',''
  ) );
#2513 = ORIENTED_EDGE('',*,*,#2464,.F.);
#2514 = ORIENTED_EDGE('',*,*,#2515,.F.);
#2515 = EDGE_CURVE('',#1310,#2431,#2516,.T.);
#2516 = SURFACE_CURVE('',#2517,(#2522,#2534),.PCURVE_S1.);
#2517 = ELLIPSE('',#2518,1.414213562373,1.);
#2518 = AXIS2_PLACEMENT_3D('',#2519,#2520,#2521);
#2519 = CARTESIAN_POINT('',(60.5,20.,19.5));
#2520 = DIRECTION('',(0.707106781187,0.,-0.707106781187));
#2521 = DIRECTION('',(0.707106781187,0.,0.707106781187));
#2522 = PCURVE('',#1602,#2523);
#2523 = DEFINITIONAL_REPRESENTATION('',(#2524),#2533);
#2524 = B_SPLINE_CURVE_WITH_KNOTS('',7,(#2525,#2526,#2527,#2528,#2529,
    #2530,#2531,#2532),.UNSPECIFIED.,.F.,.F.,(8,8),(4.712388980385,
    6.28318530718),.PIECEWISE_BEZIER_KNOTS.);
#2525 = CARTESIAN_POINT('',(1.570796326795,10.));
#2526 = CARTESIAN_POINT('',(1.346396851538,10.224399475256));
#2527 = CARTESIAN_POINT('',(1.121997376282,10.448798039317));
#2528 = CARTESIAN_POINT('',(0.897597901026,10.654746825776));
#2529 = CARTESIAN_POINT('',(0.673198425769,10.823762504625));
#2530 = CARTESIAN_POINT('',(0.448798950513,10.94125132739));
#2531 = CARTESIAN_POINT('',(0.224399475256,11.));
#2532 = CARTESIAN_POINT('',(0.,11.));
#2533 = ( GEOMETRIC_REPRESENTATION_CONTEXT(2) 
PARAMETRIC_REPRESENTATION_CONTEXT() REPRESENTATION_CONTEXT('2D SPACE',''
  ) );
#2534 = PCURVE('',#1253,#2535);
#2535 = DEFINITIONAL_REPRESENTATION('',(#2536),#2545);
#2536 = B_SPLINE_CURVE_WITH_KNOTS('',7,(#2537,#2538,#2539,#2540,#2541,
    #2542,#2543,#2544),.UNSPECIFIED.,.F.,.F.,(8,8),(4.712388980385,
    6.28318530718),.PIECEWISE_BEZIER_KNOTS.);
#2537 = CARTESIAN_POINT('',(1.570796326795,12.5));
#2538 = CARTESIAN_POINT('',(1.795195802051,12.724399475256));
#2539 = CARTESIAN_POINT('',(2.019595277308,12.94879803932));
#2540 = CARTESIAN_POINT('',(2.243994752564,13.154746825778));
#2541 = CARTESIAN_POINT('',(2.468394227821,13.323762504628));
#2542 = CARTESIAN_POINT('',(2.692793703077,13.441251327388));
#2543 = CARTESIAN_POINT('',(2.917193178333,13.5));
#2544 = CARTESIAN_POINT('',(3.14159265359,13.5));
#2545 = ( GEOMETRIC_REPRESENTATION_CONTEXT(2) 
PARAMETRIC_REPRESENTATION_CONTEXT() REPRESENTATION_CONTEXT('2D SPACE',''
  ) );
#2546 = ORIENTED_EDGE('',*,*,#1576,.T.);
#2547 = ADVANCED_FACE('',(#2548,#2654),#2502,.T.);
#2548 = FACE_BOUND('',#2549,.T.);
#2549 = EDGE_LOOP('',(#2550,#2578,#2604,#2630));
#2550 = ORIENTED_EDGE('',*,*,#2551,.F.);
#2551 = EDGE_CURVE('',#2552,#2554,#2556,.T.);
#2552 = VERTEX_POINT('',#2553);
#2553 = CARTESIAN_POINT('',(64.,16.5,24.));
#2554 = VERTEX_POINT('',#2555);
#2555 = CARTESIAN_POINT('',(57.,16.5,24.));
#2556 = SURFACE_CURVE('',#2557,(#2561,#2567),.PCURVE_S1.);
#2557 = LINE('',#2558,#2559);
#2558 = CARTESIAN_POINT('',(28.5,16.5,24.));
#2559 = VECTOR('',#2560,1.);
#2560 = DIRECTION('',(-1.,-0.,0.));
#2561 = PCURVE('',#2502,#2562);
#2562 = DEFINITIONAL_REPRESENTATION('',(#2563),#2566);
#2563 = B_SPLINE_CURVE_WITH_KNOTS('',1,(#2564,#2565),.UNSPECIFIED.,.F.,
  .F.,(2,2),(-36.5,-28.),.PIECEWISE_BEZIER_KNOTS.);
#2564 = CARTESIAN_POINT('',(65.,16.5));
#2565 = CARTESIAN_POINT('',(56.5,16.5));
#2566 = ( GEOMETRIC_REPRESENTATION_CONTEXT(2) 
PARAMETRIC_REPRESENTATION_CONTEXT() REPRESENTATION_CONTEXT('2D SPACE',''
  ) );
#2567 = PCURVE('',#2568,#2573);
#2568 = PLANE('',#2569);
#2569 = AXIS2_PLACEMENT_3D('',#2570,#2571,#2572);
#2570 = CARTESIAN_POINT('',(57.,16.5,7.));
#2571 = DIRECTION('',(-0.,1.,0.));
#2572 = DIRECTION('',(0.,0.,1.));
#2573 = DEFINITIONAL_REPRESENTATION('',(#2574),#2577);
#2574 = B_SPLINE_CURVE_WITH_KNOTS('',1,(#2575,#2576),.UNSPECIFIED.,.F.,
  .F.,(2,2),(-36.5,-28.),.PIECEWISE_BEZIER_KNOTS.);
#2575 = CARTESIAN_POINT('',(17.,8.));
#2576 = CARTESIAN_POINT('',(17.,-0.5));
#2577 = ( GEOMETRIC_REPRESENTATION_CONTEXT(2) 
PARAMETRIC_REPRESENTATION_CONTEXT() REPRESENTATION_CONTEXT('2D SPACE',''
  ) );
#2578 = ORIENTED_EDGE('',*,*,#2579,.T.);
#2579 = EDGE_CURVE('',#2552,#2580,#2582,.T.);
#2580 = VERTEX_POINT('',#2581);
#2581 = CARTESIAN_POINT('',(64.,23.5,24.));
#2582 = SURFACE_CURVE('',#2583,(#2587,#2593),.PCURVE_S1.);
#2583 = LINE('',#2584,#2585);
#2584 = CARTESIAN_POINT('',(64.,8.25,24.));
#2585 = VECTOR('',#2586,1.);
#2586 = DIRECTION('',(-0.,1.,0.));
#2587 = PCURVE('',#2502,#2588);
#2588 = DEFINITIONAL_REPRESENTATION('',(#2589),#2592);
#2589 = B_SPLINE_CURVE_WITH_KNOTS('',1,(#2590,#2591),.UNSPECIFIED.,.F.,
  .F.,(2,2),(8.25,15.25),.PIECEWISE_BEZIER_KNOTS.);
#2590 = CARTESIAN_POINT('',(64.,16.5));
#2591 = CARTESIAN_POINT('',(64.,23.5));
#2592 = ( GEOMETRIC_REPRESENTATION_CONTEXT(2) 
PARAMETRIC_REPRESENTATION_CONTEXT() REPRESENTATION_CONTEXT('2D SPACE',''
  ) );
#2593 = PCURVE('',#2594,#2599);
#2594 = PLANE('',#2595);
#2595 = AXIS2_PLACEMENT_3D('',#2596,#2597,#2598);
#2596 = CARTESIAN_POINT('',(64.,16.5,7.));
#2597 = DIRECTION('',(1.,0.,-0.));
#2598 = DIRECTION('',(0.,0.,1.));
#2599 = DEFINITIONAL_REPRESENTATION('',(#2600),#2603);
#2600 = B_SPLINE_CURVE_WITH_KNOTS('',1,(#2601,#2602),.UNSPECIFIED.,.F.,
  .F.,(2,2),(8.25,15.25),.PIECEWISE_BEZIER_KNOTS.);
#2601 = CARTESIAN_POINT('',(17.,0.));
#2602 = CARTESIAN_POINT('',(17.,-7.));
#2603 = ( GEOMETRIC_REPRESENTATION_CONTEXT(2) 
PARAMETRIC_REPRESENTATION_CONTEXT() REPRESENTATION_CONTEXT('2D SPACE',''
  ) );
#2604 = ORIENTED_EDGE('',*,*,#2605,.T.);
#2605 = EDGE_CURVE('',#2580,#2606,#2608,.T.);
#2606 = VERTEX_POINT('',#2607);
#2607 = CARTESIAN_POINT('',(57.,23.5,24.));
#2608 = SURFACE_CURVE('',#2609,(#2613,#2619),.PCURVE_S1.);
#2609 = LINE('',#2610,#2611);
#2610 = CARTESIAN_POINT('',(28.5,23.5,24.));
#2611 = VECTOR('',#2612,1.);
#2612 = DIRECTION('',(-1.,-0.,0.));
#2613 = PCURVE('',#2502,#2614);
#2614 = DEFINITIONAL_REPRESENTATION('',(#2615),#2618);
#2615 = B_SPLINE_CURVE_WITH_KNOTS('',1,(#2616,#2617),.UNSPECIFIED.,.F.,
  .F.,(2,2),(-36.5,-28.),.PIECEWISE_BEZIER_KNOTS.);
#2616 = CARTESIAN_POINT('',(65.,23.5));
#2617 = CARTESIAN_POINT('',(56.5,23.5));
#2618 = ( GEOMETRIC_REPRESENTATION_CONTEXT(2) 
PARAMETRIC_REPRESENTATION_CONTEXT() REPRESENTATION_CONTEXT('2D SPACE',''
  ) );
#2619 = PCURVE('',#2620,#2625);
#2620 = PLANE('',#2621);
#2621 = AXIS2_PLACEMENT_3D('',#2622,#2623,#2624);
#2622 = CARTESIAN_POINT('',(57.,23.5,7.));
#2623 = DIRECTION('',(-0.,1.,0.));
#2624 = DIRECTION('',(0.,0.,1.));
#2625 = DEFINITIONAL_REPRESENTATION('',(#2626),#2629);
#2626 = B_SPLINE_CURVE_WITH_KNOTS('',1,(#2627,#2628),.UNSPECIFIED.,.F.,
  .F.,(2,2),(-36.5,-28.),.PIECEWISE_BEZIER_KNOTS.);
#2627 = CARTESIAN_POINT('',(17.,8.));
#2628 = CARTESIAN_POINT('',(17.,-0.5));
#2629 = ( GEOMETRIC_REPRESENTATION_CONTEXT(2) 
PARAMETRIC_REPRESENTATION_CONTEXT() REPRESENTATION_CONTEXT('2D SPACE',''
  ) );
#2630 = ORIENTED_EDGE('',*,*,#2631,.F.);
#2631 = EDGE_CURVE('',#2554,#2606,#2632,.T.);
#2632 = SURFACE_CURVE('',#2633,(#2637,#2643),.PCURVE_S1.);
#2633 = LINE('',#2634,#2635);
#2634 = CARTESIAN_POINT('',(57.,8.25,24.));
#2635 = VECTOR('',#2636,1.);
#2636 = DIRECTION('',(-0.,1.,0.));
#2637 = PCURVE('',#2502,#2638);
#2638 = DEFINITIONAL_REPRESENTATION('',(#2639),#2642);
#2639 = B_SPLINE_CURVE_WITH_KNOTS('',1,(#2640,#2641),.UNSPECIFIED.,.F.,
  .F.,(2,2),(8.25,15.25),.PIECEWISE_BEZIER_KNOTS.);
#2640 = CARTESIAN_POINT('',(57.,16.5));
#2641 = CARTESIAN_POINT('',(57.,23.5));
#2642 = ( GEOMETRIC_REPRESENTATION_CONTEXT(2) 
PARAMETRIC_REPRESENTATION_CONTEXT() REPRESENTATION_CONTEXT('2D SPACE',''
  ) );
#2643 = PCURVE('',#2644,#2649);
#2644 = PLANE('',#2645);
#2645 = AXIS2_PLACEMENT_3D('',#2646,#2647,#2648);
#2646 = CARTESIAN_POINT('',(57.,16.5,7.));
#2647 = DIRECTION('',(1.,0.,-0.));
#2648 = DIRECTION('',(0.,0.,1.));
#2649 = DEFINITIONAL_REPRESENTATION('',(#2650),#2653);
#2650 = B_SPLINE_CURVE_WITH_KNOTS('',1,(#2651,#2652),.UNSPECIFIED.,.F.,
  .F.,(2,2),(8.25,15.25),.PIECEWISE_BEZIER_KNOTS.);
#2651 = CARTESIAN_POINT('',(17.,0.));
#2652 = CARTESIAN_POINT('',(17.,-7.));
#2653 = ( GEOMETRIC_REPRESENTATION_CONTEXT(2) 
PARAMETRIC_REPRESENTATION_CONTEXT() REPRESENTATION_CONTEXT('2D SPACE',''
  ) );
#2654 = FACE_BOUND('',#2655,.T.);
#2655 = EDGE_LOOP('',(#2656));
#2656 = ORIENTED_EDGE('',*,*,#2487,.F.);
#2657 = ADVANCED_FACE('',(#2658),#2594,.T.);
#2658 = FACE_BOUND('',#2659,.T.);
#2659 = EDGE_LOOP('',(#2660,#2683,#2709,#2730));
#2660 = ORIENTED_EDGE('',*,*,#2661,.F.);
#2661 = EDGE_CURVE('',#2662,#2552,#2664,.T.);
#2662 = VERTEX_POINT('',#2663);
#2663 = CARTESIAN_POINT('',(64.,16.5,23.));
#2664 = SURFACE_CURVE('',#2665,(#2669,#2676),.PCURVE_S1.);
#2665 = LINE('',#2666,#2667);
#2666 = CARTESIAN_POINT('',(64.,16.5,7.));
#2667 = VECTOR('',#2668,1.);
#2668 = DIRECTION('',(0.,0.,1.));
#2669 = PCURVE('',#2594,#2670);
#2670 = DEFINITIONAL_REPRESENTATION('',(#2671),#2675);
#2671 = LINE('',#2672,#2673);
#2672 = CARTESIAN_POINT('',(0.,0.));
#2673 = VECTOR('',#2674,1.);
#2674 = DIRECTION('',(1.,0.));
#2675 = ( GEOMETRIC_REPRESENTATION_CONTEXT(2) 
PARAMETRIC_REPRESENTATION_CONTEXT() REPRESENTATION_CONTEXT('2D SPACE',''
  ) );
#2676 = PCURVE('',#2568,#2677);
#2677 = DEFINITIONAL_REPRESENTATION('',(#2678),#2682);
#2678 = LINE('',#2679,#2680);
#2679 = CARTESIAN_POINT('',(0.,7.));
#2680 = VECTOR('',#2681,1.);
#2681 = DIRECTION('',(1.,0.));
#2682 = ( GEOMETRIC_REPRESENTATION_CONTEXT(2) 
PARAMETRIC_REPRESENTATION_CONTEXT() REPRESENTATION_CONTEXT('2D SPACE',''
  ) );
#2683 = ORIENTED_EDGE('',*,*,#2684,.T.);
#2684 = EDGE_CURVE('',#2662,#2685,#2687,.T.);
#2685 = VERTEX_POINT('',#2686);
#2686 = CARTESIAN_POINT('',(64.,23.5,23.));
#2687 = SURFACE_CURVE('',#2688,(#2692,#2698),.PCURVE_S1.);
#2688 = LINE('',#2689,#2690);
#2689 = CARTESIAN_POINT('',(64.,16.5,23.));
#2690 = VECTOR('',#2691,1.);
#2691 = DIRECTION('',(-0.,1.,0.));
#2692 = PCURVE('',#2594,#2693);
#2693 = DEFINITIONAL_REPRESENTATION('',(#2694),#2697);
#2694 = B_SPLINE_CURVE_WITH_KNOTS('',1,(#2695,#2696),.UNSPECIFIED.,.F.,
  .F.,(2,2),(0.,7.),.PIECEWISE_BEZIER_KNOTS.);
#2695 = CARTESIAN_POINT('',(16.,0.));
#2696 = CARTESIAN_POINT('',(16.,-7.));
#2697 = ( GEOMETRIC_REPRESENTATION_CONTEXT(2) 
PARAMETRIC_REPRESENTATION_CONTEXT() REPRESENTATION_CONTEXT('2D SPACE',''
  ) );
#2698 = PCURVE('',#2699,#2704);
#2699 = PLANE('',#2700);
#2700 = AXIS2_PLACEMENT_3D('',#2701,#2702,#2703);
#2701 = CARTESIAN_POINT('',(45.5,16.5,23.));
#2702 = DIRECTION('',(0.,0.,1.));
#2703 = DIRECTION('',(1.,0.,-0.));
#2704 = DEFINITIONAL_REPRESENTATION('',(#2705),#2708);
#2705 = B_SPLINE_CURVE_WITH_KNOTS('',1,(#2706,#2707),.UNSPECIFIED.,.F.,
  .F.,(2,2),(0.,7.),.PIECEWISE_BEZIER_KNOTS.);
#2706 = CARTESIAN_POINT('',(18.5,0.));
#2707 = CARTESIAN_POINT('',(18.5,7.));
#2708 = ( GEOMETRIC_REPRESENTATION_CONTEXT(2) 
PARAMETRIC_REPRESENTATION_CONTEXT() REPRESENTATION_CONTEXT('2D SPACE',''
  ) );
#2709 = ORIENTED_EDGE('',*,*,#2710,.T.);
#2710 = EDGE_CURVE('',#2685,#2580,#2711,.T.);
#2711 = SURFACE_CURVE('',#2712,(#2716,#2723),.PCURVE_S1.);
#2712 = LINE('',#2713,#2714);
#2713 = CARTESIAN_POINT('',(64.,23.5,7.));
#2714 = VECTOR('',#2715,1.);
#2715 = DIRECTION('',(0.,0.,1.));
#2716 = PCURVE('',#2594,#2717);
#2717 = DEFINITIONAL_REPRESENTATION('',(#2718),#2722);
#2718 = LINE('',#2719,#2720);
#2719 = CARTESIAN_POINT('',(0.,-7.));
#2720 = VECTOR('',#2721,1.);
#2721 = DIRECTION('',(1.,0.));
#2722 = ( GEOMETRIC_REPRESENTATION_CONTEXT(2) 
PARAMETRIC_REPRESENTATION_CONTEXT() REPRESENTATION_CONTEXT('2D SPACE',''
  ) );
#2723 = PCURVE('',#2620,#2724);
#2724 = DEFINITIONAL_REPRESENTATION('',(#2725),#2729);
#2725 = LINE('',#2726,#2727);
#2726 = CARTESIAN_POINT('',(0.,7.));
#2727 = VECTOR('',#2728,1.);
#2728 = DIRECTION('',(1.,0.));
#2729 = ( GEOMETRIC_REPRESENTATION_CONTEXT(2) 
PARAMETRIC_REPRESENTATION_CONTEXT() REPRESENTATION_CONTEXT('2D SPACE',''
  ) );
#2730 = ORIENTED_EDGE('',*,*,#2579,.F.);
#2731 = ADVANCED_FACE('',(#2732),#2699,.T.);
#2732 = FACE_BOUND('',#2733,.T.);
#2733 = EDGE_LOOP('',(#2734,#2757,#2758,#2781));
#2734 = ORIENTED_EDGE('',*,*,#2735,.F.);
#2735 = EDGE_CURVE('',#2685,#2736,#2738,.T.);
#2736 = VERTEX_POINT('',#2737);
#2737 = CARTESIAN_POINT('',(65.,23.5,23.));
#2738 = SURFACE_CURVE('',#2739,(#2743,#2750),.PCURVE_S1.);
#2739 = LINE('',#2740,#2741);
#2740 = CARTESIAN_POINT('',(45.5,23.5,23.));
#2741 = VECTOR('',#2742,1.);
#2742 = DIRECTION('',(1.,0.,-0.));
#2743 = PCURVE('',#2699,#2744);
#2744 = DEFINITIONAL_REPRESENTATION('',(#2745),#2749);
#2745 = LINE('',#2746,#2747);
#2746 = CARTESIAN_POINT('',(0.,7.));
#2747 = VECTOR('',#2748,1.);
#2748 = DIRECTION('',(1.,0.));
#2749 = ( GEOMETRIC_REPRESENTATION_CONTEXT(2) 
PARAMETRIC_REPRESENTATION_CONTEXT() REPRESENTATION_CONTEXT('2D SPACE',''
  ) );
#2750 = PCURVE('',#2620,#2751);
#2751 = DEFINITIONAL_REPRESENTATION('',(#2752),#2756);
#2752 = LINE('',#2753,#2754);
#2753 = CARTESIAN_POINT('',(16.,-11.5));
#2754 = VECTOR('',#2755,1.);
#2755 = DIRECTION('',(0.,1.));
#2756 = ( GEOMETRIC_REPRESENTATION_CONTEXT(2) 
PARAMETRIC_REPRESENTATION_CONTEXT() REPRESENTATION_CONTEXT('2D SPACE',''
  ) );
#2757 = ORIENTED_EDGE('',*,*,#2684,.F.);
#2758 = ORIENTED_EDGE('',*,*,#2759,.T.);
#2759 = EDGE_CURVE('',#2662,#2760,#2762,.T.);
#2760 = VERTEX_POINT('',#2761);
#2761 = CARTESIAN_POINT('',(65.,16.5,23.));
#2762 = SURFACE_CURVE('',#2763,(#2767,#2774),.PCURVE_S1.);
#2763 = LINE('',#2764,#2765);
#2764 = CARTESIAN_POINT('',(45.5,16.5,23.));
#2765 = VECTOR('',#2766,1.);
#2766 = DIRECTION('',(1.,0.,-0.));
#2767 = PCURVE('',#2699,#2768);
#2768 = DEFINITIONAL_REPRESENTATION('',(#2769),#2773);
#2769 = LINE('',#2770,#2771);
#2770 = CARTESIAN_POINT('',(0.,0.));
#2771 = VECTOR('',#2772,1.);
#2772 = DIRECTION('',(1.,0.));
#2773 = ( GEOMETRIC_REPRESENTATION_CONTEXT(2) 
PARAMETRIC_REPRESENTATION_CONTEXT() REPRESENTATION_CONTEXT('2D SPACE',''
  ) );
#2774 = PCURVE('',#2568,#2775);
#2775 = DEFINITIONAL_REPRESENTATION('',(#2776),#2780);
#2776 = LINE('',#2777,#2778);
#2777 = CARTESIAN_POINT('',(16.,-11.5));
#2778 = VECTOR('',#2779,1.);
#2779 = DIRECTION('',(0.,1.));
#2780 = ( GEOMETRIC_REPRESENTATION_CONTEXT(2) 
PARAMETRIC_REPRESENTATION_CONTEXT() REPRESENTATION_CONTEXT('2D SPACE',''
  ) );
#2781 = ORIENTED_EDGE('',*,*,#2782,.T.);
#2782 = EDGE_CURVE('',#2760,#2736,#2783,.T.);
#2783 = SURFACE_CURVE('',#2784,(#2788,#2795),.PCURVE_S1.);
#2784 = LINE('',#2785,#2786);
#2785 = CARTESIAN_POINT('',(65.,16.5,23.));
#2786 = VECTOR('',#2787,1.);
#2787 = DIRECTION('',(-0.,1.,0.));
#2788 = PCURVE('',#2699,#2789);
#2789 = DEFINITIONAL_REPRESENTATION('',(#2790),#2794);
#2790 = LINE('',#2791,#2792);
#2791 = CARTESIAN_POINT('',(19.5,0.));
#2792 = VECTOR('',#2793,1.);
#2793 = DIRECTION('',(0.,1.));
#2794 = ( GEOMETRIC_REPRESENTATION_CONTEXT(2) 
PARAMETRIC_REPRESENTATION_CONTEXT() REPRESENTATION_CONTEXT('2D SPACE',''
  ) );
#2795 = PCURVE('',#2796,#2801);
#2796 = PLANE('',#2797);
#2797 = AXIS2_PLACEMENT_3D('',#2798,#2799,#2800);
#2798 = CARTESIAN_POINT('',(65.,16.5,16.));
#2799 = DIRECTION('',(1.,0.,-0.));
#2800 = DIRECTION('',(0.,0.,1.));
#2801 = DEFINITIONAL_REPRESENTATION('',(#2802),#2806);
#2802 = LINE('',#2803,#2804);
#2803 = CARTESIAN_POINT('',(7.,0.));
#2804 = VECTOR('',#2805,1.);
#2805 = DIRECTION('',(0.,-1.));
#2806 = ( GEOMETRIC_REPRESENTATION_CONTEXT(2) 
PARAMETRIC_REPRESENTATION_CONTEXT() REPRESENTATION_CONTEXT('2D SPACE',''
  ) );
#2807 = ADVANCED_FACE('',(#2808),#2796,.T.);
#2808 = FACE_BOUND('',#2809,.T.);
#2809 = EDGE_LOOP('',(#2810,#2833,#2859,#2880));
#2810 = ORIENTED_EDGE('',*,*,#2811,.F.);
#2811 = EDGE_CURVE('',#2812,#2760,#2814,.T.);
#2812 = VERTEX_POINT('',#2813);
#2813 = CARTESIAN_POINT('',(65.,16.5,20.1));
#2814 = SURFACE_CURVE('',#2815,(#2819,#2826),.PCURVE_S1.);
#2815 = LINE('',#2816,#2817);
#2816 = CARTESIAN_POINT('',(65.,16.5,16.));
#2817 = VECTOR('',#2818,1.);
#2818 = DIRECTION('',(0.,0.,1.));
#2819 = PCURVE('',#2796,#2820);
#2820 = DEFINITIONAL_REPRESENTATION('',(#2821),#2825);
#2821 = LINE('',#2822,#2823);
#2822 = CARTESIAN_POINT('',(0.,0.));
#2823 = VECTOR('',#2824,1.);
#2824 = DIRECTION('',(1.,0.));
#2825 = ( GEOMETRIC_REPRESENTATION_CONTEXT(2) 
PARAMETRIC_REPRESENTATION_CONTEXT() REPRESENTATION_CONTEXT('2D SPACE',''
  ) );
#2826 = PCURVE('',#2568,#2827);
#2827 = DEFINITIONAL_REPRESENTATION('',(#2828),#2832);
#2828 = LINE('',#2829,#2830);
#2829 = CARTESIAN_POINT('',(9.,8.));
#2830 = VECTOR('',#2831,1.);
#2831 = DIRECTION('',(1.,0.));
#2832 = ( GEOMETRIC_REPRESENTATION_CONTEXT(2) 
PARAMETRIC_REPRESENTATION_CONTEXT() REPRESENTATION_CONTEXT('2D SPACE',''
  ) );
#2833 = ORIENTED_EDGE('',*,*,#2834,.F.);
#2834 = EDGE_CURVE('',#2835,#2812,#2837,.T.);
#2835 = VERTEX_POINT('',#2836);
#2836 = CARTESIAN_POINT('',(65.,23.5,20.1));
#2837 = SURFACE_CURVE('',#2838,(#2842,#2848),.PCURVE_S1.);
#2838 = LINE('',#2839,#2840);
#2839 = CARTESIAN_POINT('',(65.,6.75,20.1));
#2840 = VECTOR('',#2841,1.);
#2841 = DIRECTION('',(0.,-1.,0.));
#2842 = PCURVE('',#2796,#2843);
#2843 = DEFINITIONAL_REPRESENTATION('',(#2844),#2847);
#2844 = B_SPLINE_CURVE_WITH_KNOTS('',1,(#2845,#2846),.UNSPECIFIED.,.F.,
  .F.,(2,2),(-16.75,-9.75),.PIECEWISE_BEZIER_KNOTS.);
#2845 = CARTESIAN_POINT('',(4.1,-7.));
#2846 = CARTESIAN_POINT('',(4.1,0.));
#2847 = ( GEOMETRIC_REPRESENTATION_CONTEXT(2) 
PARAMETRIC_REPRESENTATION_CONTEXT() REPRESENTATION_CONTEXT('2D SPACE',''
  ) );
#2848 = PCURVE('',#2849,#2854);
#2849 = PLANE('',#2850);
#2850 = AXIS2_PLACEMENT_3D('',#2851,#2852,#2853);
#2851 = CARTESIAN_POINT('',(61.4,-3.,20.1));
#2852 = DIRECTION('',(0.,0.,1.));
#2853 = DIRECTION('',(1.,0.,-0.));
#2854 = DEFINITIONAL_REPRESENTATION('',(#2855),#2858);
#2855 = B_SPLINE_CURVE_WITH_KNOTS('',1,(#2856,#2857),.UNSPECIFIED.,.F.,
  .F.,(2,2),(-16.75,-9.75),.PIECEWISE_BEZIER_KNOTS.);
#2856 = CARTESIAN_POINT('',(3.6,26.5));
#2857 = CARTESIAN_POINT('',(3.6,19.5));
#2858 = ( GEOMETRIC_REPRESENTATION_CONTEXT(2) 
PARAMETRIC_REPRESENTATION_CONTEXT() REPRESENTATION_CONTEXT('2D SPACE',''
  ) );
#2859 = ORIENTED_EDGE('',*,*,#2860,.T.);
#2860 = EDGE_CURVE('',#2835,#2736,#2861,.T.);
#2861 = SURFACE_CURVE('',#2862,(#2866,#2873),.PCURVE_S1.);
#2862 = LINE('',#2863,#2864);
#2863 = CARTESIAN_POINT('',(65.,23.5,16.));
#2864 = VECTOR('',#2865,1.);
#2865 = DIRECTION('',(0.,0.,1.));
#2866 = PCURVE('',#2796,#2867);
#2867 = DEFINITIONAL_REPRESENTATION('',(#2868),#2872);
#2868 = LINE('',#2869,#2870);
#2869 = CARTESIAN_POINT('',(0.,-7.));
#2870 = VECTOR('',#2871,1.);
#2871 = DIRECTION('',(1.,0.));
#2872 = ( GEOMETRIC_REPRESENTATION_CONTEXT(2) 
PARAMETRIC_REPRESENTATION_CONTEXT() REPRESENTATION_CONTEXT('2D SPACE',''
  ) );
#2873 = PCURVE('',#2620,#2874);
#2874 = DEFINITIONAL_REPRESENTATION('',(#2875),#2879);
#2875 = LINE('',#2876,#2877);
#2876 = CARTESIAN_POINT('',(9.,8.));
#2877 = VECTOR('',#2878,1.);
#2878 = DIRECTION('',(1.,0.));
#2879 = ( GEOMETRIC_REPRESENTATION_CONTEXT(2) 
PARAMETRIC_REPRESENTATION_CONTEXT() REPRESENTATION_CONTEXT('2D SPACE',''
  ) );
#2880 = ORIENTED_EDGE('',*,*,#2782,.F.);
#2881 = ADVANCED_FACE('',(#2882),#2849,.T.);
#2882 = FACE_BOUND('',#2883,.T.);
#2883 = EDGE_LOOP('',(#2884,#2914,#2940,#2966,#2992,#3020,#3041,#3042));
#2884 = ORIENTED_EDGE('',*,*,#2885,.F.);
#2885 = EDGE_CURVE('',#2886,#2888,#2890,.T.);
#2886 = VERTEX_POINT('',#2887);
#2887 = CARTESIAN_POINT('',(61.4,2.5,20.1));
#2888 = VERTEX_POINT('',#2889);
#2889 = CARTESIAN_POINT('',(61.4,16.5,20.1));
#2890 = SURFACE_CURVE('',#2891,(#2895,#2902),.PCURVE_S1.);
#2891 = LINE('',#2892,#2893);
#2892 = CARTESIAN_POINT('',(61.4,-3.,20.1));
#2893 = VECTOR('',#2894,1.);
#2894 = DIRECTION('',(-0.,1.,0.));
#2895 = PCURVE('',#2849,#2896);
#2896 = DEFINITIONAL_REPRESENTATION('',(#2897),#2901);
#2897 = LINE('',#2898,#2899);
#2898 = CARTESIAN_POINT('',(0.,0.));
#2899 = VECTOR('',#2900,1.);
#2900 = DIRECTION('',(0.,1.));
#2901 = ( GEOMETRIC_REPRESENTATION_CONTEXT(2) 
PARAMETRIC_REPRESENTATION_CONTEXT() REPRESENTATION_CONTEXT('2D SPACE',''
  ) );
#2902 = PCURVE('',#2903,#2908);
#2903 = PLANE('',#2904);
#2904 = AXIS2_PLACEMENT_3D('',#2905,#2906,#2907);
#2905 = CARTESIAN_POINT('',(61.4,-3.,11.9));
#2906 = DIRECTION('',(1.,0.,-0.));
#2907 = DIRECTION('',(0.,0.,1.));
#2908 = DEFINITIONAL_REPRESENTATION('',(#2909),#2913);
#2909 = LINE('',#2910,#2911);
#2910 = CARTESIAN_POINT('',(8.2,0.));
#2911 = VECTOR('',#2912,1.);
#2912 = DIRECTION('',(0.,-1.));
#2913 = ( GEOMETRIC_REPRESENTATION_CONTEXT(2) 
PARAMETRIC_REPRESENTATION_CONTEXT() REPRESENTATION_CONTEXT('2D SPACE',''
  ) );
#2914 = ORIENTED_EDGE('',*,*,#2915,.T.);
#2915 = EDGE_CURVE('',#2886,#2916,#2918,.T.);
#2916 = VERTEX_POINT('',#2917);
#2917 = CARTESIAN_POINT('',(67.5,2.5,20.1));
#2918 = SURFACE_CURVE('',#2919,(#2923,#2929),.PCURVE_S1.);
#2919 = LINE('',#2920,#2921);
#2920 = CARTESIAN_POINT('',(31.95,2.5,20.1));
#2921 = VECTOR('',#2922,1.);
#2922 = DIRECTION('',(1.,0.,-0.));
#2923 = PCURVE('',#2849,#2924);
#2924 = DEFINITIONAL_REPRESENTATION('',(#2925),#2928);
#2925 = B_SPLINE_CURVE_WITH_KNOTS('',1,(#2926,#2927),.UNSPECIFIED.,.F.,
  .F.,(2,2),(29.45,35.55),.PIECEWISE_BEZIER_KNOTS.);
#2926 = CARTESIAN_POINT('',(0.,5.5));
#2927 = CARTESIAN_POINT('',(6.1,5.5));
#2928 = ( GEOMETRIC_REPRESENTATION_CONTEXT(2) 
PARAMETRIC_REPRESENTATION_CONTEXT() REPRESENTATION_CONTEXT('2D SPACE',''
  ) );
#2929 = PCURVE('',#2930,#2935);
#2930 = PLANE('',#2931);
#2931 = AXIS2_PLACEMENT_3D('',#2932,#2933,#2934);
#2932 = CARTESIAN_POINT('',(2.5,2.5,13.));
#2933 = DIRECTION('',(-0.,1.,0.));
#2934 = DIRECTION('',(0.,0.,1.));
#2935 = DEFINITIONAL_REPRESENTATION('',(#2936),#2939);
#2936 = B_SPLINE_CURVE_WITH_KNOTS('',1,(#2937,#2938),.UNSPECIFIED.,.F.,
  .F.,(2,2),(29.45,35.55),.PIECEWISE_BEZIER_KNOTS.);
#2937 = CARTESIAN_POINT('',(7.1,58.9));
#2938 = CARTESIAN_POINT('',(7.1,65.));
#2939 = ( GEOMETRIC_REPRESENTATION_CONTEXT(2) 
PARAMETRIC_REPRESENTATION_CONTEXT() REPRESENTATION_CONTEXT('2D SPACE',''
  ) );
#2940 = ORIENTED_EDGE('',*,*,#2941,.F.);
#2941 = EDGE_CURVE('',#2942,#2916,#2944,.T.);
#2942 = VERTEX_POINT('',#2943);
#2943 = CARTESIAN_POINT('',(67.5,27.5,20.1));
#2944 = SURFACE_CURVE('',#2945,(#2949,#2955),.PCURVE_S1.);
#2945 = LINE('',#2946,#2947);
#2946 = CARTESIAN_POINT('',(67.5,-0.25,20.1));
#2947 = VECTOR('',#2948,1.);
#2948 = DIRECTION('',(0.,-1.,0.));
#2949 = PCURVE('',#2849,#2950);
#2950 = DEFINITIONAL_REPRESENTATION('',(#2951),#2954);
#2951 = B_SPLINE_CURVE_WITH_KNOTS('',1,(#2952,#2953),.UNSPECIFIED.,.F.,
  .F.,(2,2),(-27.75,-2.75),.PIECEWISE_BEZIER_KNOTS.);
#2952 = CARTESIAN_POINT('',(6.1,30.5));
#2953 = CARTESIAN_POINT('',(6.1,5.5));
#2954 = ( GEOMETRIC_REPRESENTATION_CONTEXT(2) 
PARAMETRIC_REPRESENTATION_CONTEXT() REPRESENTATION_CONTEXT('2D SPACE',''
  ) );
#2955 = PCURVE('',#2956,#2961);
#2956 = PLANE('',#2957);
#2957 = AXIS2_PLACEMENT_3D('',#2958,#2959,#2960);
#2958 = CARTESIAN_POINT('',(67.5,2.5,13.));
#2959 = DIRECTION('',(1.,0.,-0.));
#2960 = DIRECTION('',(0.,0.,1.));
#2961 = DEFINITIONAL_REPRESENTATION('',(#2962),#2965);
#2962 = B_SPLINE_CURVE_WITH_KNOTS('',1,(#2963,#2964),.UNSPECIFIED.,.F.,
  .F.,(2,2),(-27.75,-2.75),.PIECEWISE_BEZIER_KNOTS.);
#2963 = CARTESIAN_POINT('',(7.1,-25.));
#2964 = CARTESIAN_POINT('',(7.1,0.));
#2965 = ( GEOMETRIC_REPRESENTATION_CONTEXT(2) 
PARAMETRIC_REPRESENTATION_CONTEXT() REPRESENTATION_CONTEXT('2D SPACE',''
  ) );
#2966 = ORIENTED_EDGE('',*,*,#2967,.F.);
#2967 = EDGE_CURVE('',#2968,#2942,#2970,.T.);
#2968 = VERTEX_POINT('',#2969);
#2969 = CARTESIAN_POINT('',(61.4,27.5,20.1));
#2970 = SURFACE_CURVE('',#2971,(#2975,#2981),.PCURVE_S1.);
#2971 = LINE('',#2972,#2973);
#2972 = CARTESIAN_POINT('',(31.95,27.5,20.1));
#2973 = VECTOR('',#2974,1.);
#2974 = DIRECTION('',(1.,0.,-0.));
#2975 = PCURVE('',#2849,#2976);
#2976 = DEFINITIONAL_REPRESENTATION('',(#2977),#2980);
#2977 = B_SPLINE_CURVE_WITH_KNOTS('',1,(#2978,#2979),.UNSPECIFIED.,.F.,
  .F.,(2,2),(29.45,35.55),.PIECEWISE_BEZIER_KNOTS.);
#2978 = CARTESIAN_POINT('',(0.,30.5));
#2979 = CARTESIAN_POINT('',(6.1,30.5));
#2980 = ( GEOMETRIC_REPRESENTATION_CONTEXT(2) 
PARAMETRIC_REPRESENTATION_CONTEXT() REPRESENTATION_CONTEXT('2D SPACE',''
  ) );
#2981 = PCURVE('',#2982,#2987);
#2982 = PLANE('',#2983);
#2983 = AXIS2_PLACEMENT_3D('',#2984,#2985,#2986);
#2984 = CARTESIAN_POINT('',(2.5,27.5,13.));
#2985 = DIRECTION('',(-0.,1.,0.));
#2986 = DIRECTION('',(0.,0.,1.));
#2987 = DEFINITIONAL_REPRESENTATION('',(#2988),#2991);
#2988 = B_SPLINE_CURVE_WITH_KNOTS('',1,(#2989,#2990),.UNSPECIFIED.,.F.,
  .F.,(2,2),(29.45,35.55),.PIECEWISE_BEZIER_KNOTS.);
#2989 = CARTESIAN_POINT('',(7.1,58.9));
#2990 = CARTESIAN_POINT('',(7.1,65.));
#2991 = ( GEOMETRIC_REPRESENTATION_CONTEXT(2) 
PARAMETRIC_REPRESENTATION_CONTEXT() REPRESENTATION_CONTEXT('2D SPACE',''
  ) );
#2992 = ORIENTED_EDGE('',*,*,#2993,.F.);
#2993 = EDGE_CURVE('',#2994,#2968,#2996,.T.);
#2994 = VERTEX_POINT('',#2995);
#2995 = CARTESIAN_POINT('',(61.4,23.5,20.1));
#2996 = SURFACE_CURVE('',#2997,(#3001,#3008),.PCURVE_S1.);
#2997 = LINE('',#2998,#2999);
#2998 = CARTESIAN_POINT('',(61.4,-3.,20.1));
#2999 = VECTOR('',#3000,1.);
#3000 = DIRECTION('',(-0.,1.,0.));
#3001 = PCURVE('',#2849,#3002);
#3002 = DEFINITIONAL_REPRESENTATION('',(#3003),#3007);
#3003 = LINE('',#3004,#3005);
#3004 = CARTESIAN_POINT('',(0.,0.));
#3005 = VECTOR('',#3006,1.);
#3006 = DIRECTION('',(0.,1.));
#3007 = ( GEOMETRIC_REPRESENTATION_CONTEXT(2) 
PARAMETRIC_REPRESENTATION_CONTEXT() REPRESENTATION_CONTEXT('2D SPACE',''
  ) );
#3008 = PCURVE('',#3009,#3014);
#3009 = PLANE('',#3010);
#3010 = AXIS2_PLACEMENT_3D('',#3011,#3012,#3013);
#3011 = CARTESIAN_POINT('',(61.4,-3.,11.9));
#3012 = DIRECTION('',(1.,0.,-0.));
#3013 = DIRECTION('',(0.,0.,1.));
#3014 = DEFINITIONAL_REPRESENTATION('',(#3015),#3019);
#3015 = LINE('',#3016,#3017);
#3016 = CARTESIAN_POINT('',(8.2,0.));
#3017 = VECTOR('',#3018,1.);
#3018 = DIRECTION('',(0.,-1.));
#3019 = ( GEOMETRIC_REPRESENTATION_CONTEXT(2) 
PARAMETRIC_REPRESENTATION_CONTEXT() REPRESENTATION_CONTEXT('2D SPACE',''
  ) );
#3020 = ORIENTED_EDGE('',*,*,#3021,.F.);
#3021 = EDGE_CURVE('',#2835,#2994,#3022,.T.);
#3022 = SURFACE_CURVE('',#3023,(#3027,#3034),.PCURVE_S1.);
#3023 = LINE('',#3024,#3025);
#3024 = CARTESIAN_POINT('',(65.,23.5,20.1));
#3025 = VECTOR('',#3026,1.);
#3026 = DIRECTION('',(-1.,0.,0.));
#3027 = PCURVE('',#2849,#3028);
#3028 = DEFINITIONAL_REPRESENTATION('',(#3029),#3033);
#3029 = LINE('',#3030,#3031);
#3030 = CARTESIAN_POINT('',(3.6,26.5));
#3031 = VECTOR('',#3032,1.);
#3032 = DIRECTION('',(-1.,0.));
#3033 = ( GEOMETRIC_REPRESENTATION_CONTEXT(2) 
PARAMETRIC_REPRESENTATION_CONTEXT() REPRESENTATION_CONTEXT('2D SPACE',''
  ) );
#3034 = PCURVE('',#2620,#3035);
#3035 = DEFINITIONAL_REPRESENTATION('',(#3036),#3040);
#3036 = LINE('',#3037,#3038);
#3037 = CARTESIAN_POINT('',(13.1,8.));
#3038 = VECTOR('',#3039,1.);
#3039 = DIRECTION('',(0.,-1.));
#3040 = ( GEOMETRIC_REPRESENTATION_CONTEXT(2) 
PARAMETRIC_REPRESENTATION_CONTEXT() REPRESENTATION_CONTEXT('2D SPACE',''
  ) );
#3041 = ORIENTED_EDGE('',*,*,#2834,.T.);
#3042 = ORIENTED_EDGE('',*,*,#3043,.F.);
#3043 = EDGE_CURVE('',#2888,#2812,#3044,.T.);
#3044 = SURFACE_CURVE('',#3045,(#3049,#3056),.PCURVE_S1.);
#3045 = LINE('',#3046,#3047);
#3046 = CARTESIAN_POINT('',(61.4,16.5,20.1));
#3047 = VECTOR('',#3048,1.);
#3048 = DIRECTION('',(1.,0.,0.));
#3049 = PCURVE('',#2849,#3050);
#3050 = DEFINITIONAL_REPRESENTATION('',(#3051),#3055);
#3051 = LINE('',#3052,#3053);
#3052 = CARTESIAN_POINT('',(0.,19.5));
#3053 = VECTOR('',#3054,1.);
#3054 = DIRECTION('',(1.,0.));
#3055 = ( GEOMETRIC_REPRESENTATION_CONTEXT(2) 
PARAMETRIC_REPRESENTATION_CONTEXT() REPRESENTATION_CONTEXT('2D SPACE',''
  ) );
#3056 = PCURVE('',#2568,#3057);
#3057 = DEFINITIONAL_REPRESENTATION('',(#3058),#3062);
#3058 = LINE('',#3059,#3060);
#3059 = CARTESIAN_POINT('',(13.1,4.4));
#3060 = VECTOR('',#3061,1.);
#3061 = DIRECTION('',(0.,1.));
#3062 = ( GEOMETRIC_REPRESENTATION_CONTEXT(2) 
PARAMETRIC_REPRESENTATION_CONTEXT() REPRESENTATION_CONTEXT('2D SPACE',''
  ) );
#3063 = ADVANCED_FACE('',(#3064),#3009,.F.);
#3064 = FACE_BOUND('',#3065,.F.);
#3065 = EDGE_LOOP('',(#3066,#3067,#3090,#3116));
#3066 = ORIENTED_EDGE('',*,*,#2993,.F.);
#3067 = ORIENTED_EDGE('',*,*,#3068,.F.);
#3068 = EDGE_CURVE('',#3069,#2994,#3071,.T.);
#3069 = VERTEX_POINT('',#3070);
#3070 = CARTESIAN_POINT('',(61.4,23.5,13.));
#3071 = SURFACE_CURVE('',#3072,(#3076,#3083),.PCURVE_S1.);
#3072 = LINE('',#3073,#3074);
#3073 = CARTESIAN_POINT('',(61.4,23.5,13.));
#3074 = VECTOR('',#3075,1.);
#3075 = DIRECTION('',(0.,0.,1.));
#3076 = PCURVE('',#3009,#3077);
#3077 = DEFINITIONAL_REPRESENTATION('',(#3078),#3082);
#3078 = LINE('',#3079,#3080);
#3079 = CARTESIAN_POINT('',(1.1,-26.5));
#3080 = VECTOR('',#3081,1.);
#3081 = DIRECTION('',(1.,0.));
#3082 = ( GEOMETRIC_REPRESENTATION_CONTEXT(2) 
PARAMETRIC_REPRESENTATION_CONTEXT() REPRESENTATION_CONTEXT('2D SPACE',''
  ) );
#3083 = PCURVE('',#2620,#3084);
#3084 = DEFINITIONAL_REPRESENTATION('',(#3085),#3089);
#3085 = LINE('',#3086,#3087);
#3086 = CARTESIAN_POINT('',(6.,4.4));
#3087 = VECTOR('',#3088,1.);
#3088 = DIRECTION('',(1.,0.));
#3089 = ( GEOMETRIC_REPRESENTATION_CONTEXT(2) 
PARAMETRIC_REPRESENTATION_CONTEXT() REPRESENTATION_CONTEXT('2D SPACE',''
  ) );
#3090 = ORIENTED_EDGE('',*,*,#3091,.T.);
#3091 = EDGE_CURVE('',#3069,#3092,#3094,.T.);
#3092 = VERTEX_POINT('',#3093);
#3093 = CARTESIAN_POINT('',(61.4,27.5,13.));
#3094 = SURFACE_CURVE('',#3095,(#3099,#3105),.PCURVE_S1.);
#3095 = LINE('',#3096,#3097);
#3096 = CARTESIAN_POINT('',(61.4,-0.25,13.));
#3097 = VECTOR('',#3098,1.);
#3098 = DIRECTION('',(-0.,1.,0.));
#3099 = PCURVE('',#3009,#3100);
#3100 = DEFINITIONAL_REPRESENTATION('',(#3101),#3104);
#3101 = B_SPLINE_CURVE_WITH_KNOTS('',1,(#3102,#3103),.UNSPECIFIED.,.F.,
  .F.,(2,2),(2.75,27.75),.PIECEWISE_BEZIER_KNOTS.);
#3102 = CARTESIAN_POINT('',(1.1,-5.5));
#3103 = CARTESIAN_POINT('',(1.1,-30.5));
#3104 = ( GEOMETRIC_REPRESENTATION_CONTEXT(2) 
PARAMETRIC_REPRESENTATION_CONTEXT() REPRESENTATION_CONTEXT('2D SPACE',''
  ) );
#3105 = PCURVE('',#3106,#3111);
#3106 = PLANE('',#3107);
#3107 = AXIS2_PLACEMENT_3D('',#3108,#3109,#3110);
#3108 = CARTESIAN_POINT('',(2.5,2.5,13.));
#3109 = DIRECTION('',(0.,0.,1.));
#3110 = DIRECTION('',(1.,0.,-0.));
#3111 = DEFINITIONAL_REPRESENTATION('',(#3112),#3115);
#3112 = B_SPLINE_CURVE_WITH_KNOTS('',1,(#3113,#3114),.UNSPECIFIED.,.F.,
  .F.,(2,2),(2.75,27.75),.PIECEWISE_BEZIER_KNOTS.);
#3113 = CARTESIAN_POINT('',(58.9,0.));
#3114 = CARTESIAN_POINT('',(58.9,25.));
#3115 = ( GEOMETRIC_REPRESENTATION_CONTEXT(2) 
PARAMETRIC_REPRESENTATION_CONTEXT() REPRESENTATION_CONTEXT('2D SPACE',''
  ) );
#3116 = ORIENTED_EDGE('',*,*,#3117,.F.);
#3117 = EDGE_CURVE('',#2968,#3092,#3118,.T.);
#3118 = SURFACE_CURVE('',#3119,(#3123,#3129),.PCURVE_S1.);
#3119 = LINE('',#3120,#3121);
#3120 = CARTESIAN_POINT('',(61.4,27.5,12.45));
#3121 = VECTOR('',#3122,1.);
#3122 = DIRECTION('',(-0.,0.,-1.));
#3123 = PCURVE('',#3009,#3124);
#3124 = DEFINITIONAL_REPRESENTATION('',(#3125),#3128);
#3125 = B_SPLINE_CURVE_WITH_KNOTS('',1,(#3126,#3127),.UNSPECIFIED.,.F.,
  .F.,(2,2),(-7.65,-0.55),.PIECEWISE_BEZIER_KNOTS.);
#3126 = CARTESIAN_POINT('',(8.2,-30.5));
#3127 = CARTESIAN_POINT('',(1.1,-30.5));
#3128 = ( GEOMETRIC_REPRESENTATION_CONTEXT(2) 
PARAMETRIC_REPRESENTATION_CONTEXT() REPRESENTATION_CONTEXT('2D SPACE',''
  ) );
#3129 = PCURVE('',#2982,#3130);
#3130 = DEFINITIONAL_REPRESENTATION('',(#3131),#3134);
#3131 = B_SPLINE_CURVE_WITH_KNOTS('',1,(#3132,#3133),.UNSPECIFIED.,.F.,
  .F.,(2,2),(-7.65,-0.55),.PIECEWISE_BEZIER_KNOTS.);
#3132 = CARTESIAN_POINT('',(7.1,58.9));
#3133 = CARTESIAN_POINT('',(0.,58.9));
#3134 = ( GEOMETRIC_REPRESENTATION_CONTEXT(2) 
PARAMETRIC_REPRESENTATION_CONTEXT() REPRESENTATION_CONTEXT('2D SPACE',''
  ) );
#3135 = ADVANCED_FACE('',(#3136),#3106,.T.);
#3136 = FACE_BOUND('',#3137,.T.);
#3137 = EDGE_LOOP('',(#3138,#3166,#3186,#3187));
#3138 = ORIENTED_EDGE('',*,*,#3139,.F.);
#3139 = EDGE_CURVE('',#3140,#3142,#3144,.T.);
#3140 = VERTEX_POINT('',#3141);
#3141 = CARTESIAN_POINT('',(61.1,23.5,13.));
#3142 = VERTEX_POINT('',#3143);
#3143 = CARTESIAN_POINT('',(61.1,27.5,13.));
#3144 = SURFACE_CURVE('',#3145,(#3149,#3155),.PCURVE_S1.);
#3145 = LINE('',#3146,#3147);
#3146 = CARTESIAN_POINT('',(61.1,-0.25,13.));
#3147 = VECTOR('',#3148,1.);
#3148 = DIRECTION('',(-0.,1.,0.));
#3149 = PCURVE('',#3106,#3150);
#3150 = DEFINITIONAL_REPRESENTATION('',(#3151),#3154);
#3151 = B_SPLINE_CURVE_WITH_KNOTS('',1,(#3152,#3153),.UNSPECIFIED.,.F.,
  .F.,(2,2),(2.75,27.75),.PIECEWISE_BEZIER_KNOTS.);
#3152 = CARTESIAN_POINT('',(58.6,0.));
#3153 = CARTESIAN_POINT('',(58.6,25.));
#3154 = ( GEOMETRIC_REPRESENTATION_CONTEXT(2) 
PARAMETRIC_REPRESENTATION_CONTEXT() REPRESENTATION_CONTEXT('2D SPACE',''
  ) );
#3155 = PCURVE('',#3156,#3161);
#3156 = PLANE('',#3157);
#3157 = AXIS2_PLACEMENT_3D('',#3158,#3159,#3160);
#3158 = CARTESIAN_POINT('',(61.1,-3.,11.9));
#3159 = DIRECTION('',(1.,0.,-0.));
#3160 = DIRECTION('',(0.,0.,1.));
#3161 = DEFINITIONAL_REPRESENTATION('',(#3162),#3165);
#3162 = B_SPLINE_CURVE_WITH_KNOTS('',1,(#3163,#3164),.UNSPECIFIED.,.F.,
  .F.,(2,2),(2.75,27.75),.PIECEWISE_BEZIER_KNOTS.);
#3163 = CARTESIAN_POINT('',(1.1,-5.5));
#3164 = CARTESIAN_POINT('',(1.1,-30.5));
#3165 = ( GEOMETRIC_REPRESENTATION_CONTEXT(2) 
PARAMETRIC_REPRESENTATION_CONTEXT() REPRESENTATION_CONTEXT('2D SPACE',''
  ) );
#3166 = ORIENTED_EDGE('',*,*,#3167,.F.);
#3167 = EDGE_CURVE('',#3069,#3140,#3168,.T.);
#3168 = SURFACE_CURVE('',#3169,(#3173,#3179),.PCURVE_S1.);
#3169 = LINE('',#3170,#3171);
#3170 = CARTESIAN_POINT('',(29.75,23.5,13.));
#3171 = VECTOR('',#3172,1.);
#3172 = DIRECTION('',(-1.,-0.,0.));
#3173 = PCURVE('',#3106,#3174);
#3174 = DEFINITIONAL_REPRESENTATION('',(#3175),#3178);
#3175 = B_SPLINE_CURVE_WITH_KNOTS('',1,(#3176,#3177),.UNSPECIFIED.,.F.,
  .F.,(2,2),(-31.65,-31.35),.PIECEWISE_BEZIER_KNOTS.);
#3176 = CARTESIAN_POINT('',(58.9,21.));
#3177 = CARTESIAN_POINT('',(58.6,21.));
#3178 = ( GEOMETRIC_REPRESENTATION_CONTEXT(2) 
PARAMETRIC_REPRESENTATION_CONTEXT() REPRESENTATION_CONTEXT('2D SPACE',''
  ) );
#3179 = PCURVE('',#2620,#3180);
#3180 = DEFINITIONAL_REPRESENTATION('',(#3181),#3185);
#3181 = LINE('',#3182,#3183);
#3182 = CARTESIAN_POINT('',(6.,-27.25));
#3183 = VECTOR('',#3184,1.);
#3184 = DIRECTION('',(0.,-1.));
#3185 = ( GEOMETRIC_REPRESENTATION_CONTEXT(2) 
PARAMETRIC_REPRESENTATION_CONTEXT() REPRESENTATION_CONTEXT('2D SPACE',''
  ) );
#3186 = ORIENTED_EDGE('',*,*,#3091,.T.);
#3187 = ORIENTED_EDGE('',*,*,#3188,.F.);
#3188 = EDGE_CURVE('',#3142,#3092,#3189,.T.);
#3189 = SURFACE_CURVE('',#3190,(#3194,#3201),.PCURVE_S1.);
#3190 = LINE('',#3191,#3192);
#3191 = CARTESIAN_POINT('',(2.5,27.5,13.));
#3192 = VECTOR('',#3193,1.);
#3193 = DIRECTION('',(1.,0.,-0.));
#3194 = PCURVE('',#3106,#3195);
#3195 = DEFINITIONAL_REPRESENTATION('',(#3196),#3200);
#3196 = LINE('',#3197,#3198);
#3197 = CARTESIAN_POINT('',(0.,25.));
#3198 = VECTOR('',#3199,1.);
#3199 = DIRECTION('',(1.,0.));
#3200 = ( GEOMETRIC_REPRESENTATION_CONTEXT(2) 
PARAMETRIC_REPRESENTATION_CONTEXT() REPRESENTATION_CONTEXT('2D SPACE',''
  ) );
#3201 = PCURVE('',#2982,#3202);
#3202 = DEFINITIONAL_REPRESENTATION('',(#3203),#3207);
#3203 = LINE('',#3204,#3205);
#3204 = CARTESIAN_POINT('',(0.,0.));
#3205 = VECTOR('',#3206,1.);
#3206 = DIRECTION('',(0.,1.));
#3207 = ( GEOMETRIC_REPRESENTATION_CONTEXT(2) 
PARAMETRIC_REPRESENTATION_CONTEXT() REPRESENTATION_CONTEXT('2D SPACE',''
  ) );
#3208 = ADVANCED_FACE('',(#3209),#3156,.T.);
#3209 = FACE_BOUND('',#3210,.T.);
#3210 = EDGE_LOOP('',(#3211,#3234,#3235,#3256));
#3211 = ORIENTED_EDGE('',*,*,#3212,.T.);
#3212 = EDGE_CURVE('',#3213,#3140,#3215,.T.);
#3213 = VERTEX_POINT('',#3214);
#3214 = CARTESIAN_POINT('',(61.1,23.5,20.1));
#3215 = SURFACE_CURVE('',#3216,(#3220,#3227),.PCURVE_S1.);
#3216 = LINE('',#3217,#3218);
#3217 = CARTESIAN_POINT('',(61.1,23.5,20.1));
#3218 = VECTOR('',#3219,1.);
#3219 = DIRECTION('',(0.,0.,-1.));
#3220 = PCURVE('',#3156,#3221);
#3221 = DEFINITIONAL_REPRESENTATION('',(#3222),#3226);
#3222 = LINE('',#3223,#3224);
#3223 = CARTESIAN_POINT('',(8.2,-26.5));
#3224 = VECTOR('',#3225,1.);
#3225 = DIRECTION('',(-1.,0.));
#3226 = ( GEOMETRIC_REPRESENTATION_CONTEXT(2) 
PARAMETRIC_REPRESENTATION_CONTEXT() REPRESENTATION_CONTEXT('2D SPACE',''
  ) );
#3227 = PCURVE('',#2620,#3228);
#3228 = DEFINITIONAL_REPRESENTATION('',(#3229),#3233);
#3229 = LINE('',#3230,#3231);
#3230 = CARTESIAN_POINT('',(13.1,4.1));
#3231 = VECTOR('',#3232,1.);
#3232 = DIRECTION('',(-1.,0.));
#3233 = ( GEOMETRIC_REPRESENTATION_CONTEXT(2) 
PARAMETRIC_REPRESENTATION_CONTEXT() REPRESENTATION_CONTEXT('2D SPACE',''
  ) );
#3234 = ORIENTED_EDGE('',*,*,#3139,.T.);
#3235 = ORIENTED_EDGE('',*,*,#3236,.F.);
#3236 = EDGE_CURVE('',#3237,#3142,#3239,.T.);
#3237 = VERTEX_POINT('',#3238);
#3238 = CARTESIAN_POINT('',(61.1,27.5,20.1));
#3239 = SURFACE_CURVE('',#3240,(#3244,#3250),.PCURVE_S1.);
#3240 = LINE('',#3241,#3242);
#3241 = CARTESIAN_POINT('',(61.1,27.5,12.45));
#3242 = VECTOR('',#3243,1.);
#3243 = DIRECTION('',(-0.,0.,-1.));
#3244 = PCURVE('',#3156,#3245);
#3245 = DEFINITIONAL_REPRESENTATION('',(#3246),#3249);
#3246 = B_SPLINE_CURVE_WITH_KNOTS('',1,(#3247,#3248),.UNSPECIFIED.,.F.,
  .F.,(2,2),(-7.65,-0.55),.PIECEWISE_BEZIER_KNOTS.);
#3247 = CARTESIAN_POINT('',(8.2,-30.5));
#3248 = CARTESIAN_POINT('',(1.1,-30.5));
#3249 = ( GEOMETRIC_REPRESENTATION_CONTEXT(2) 
PARAMETRIC_REPRESENTATION_CONTEXT() REPRESENTATION_CONTEXT('2D SPACE',''
  ) );
#3250 = PCURVE('',#2982,#3251);
#3251 = DEFINITIONAL_REPRESENTATION('',(#3252),#3255);
#3252 = B_SPLINE_CURVE_WITH_KNOTS('',1,(#3253,#3254),.UNSPECIFIED.,.F.,
  .F.,(2,2),(-7.65,-0.55),.PIECEWISE_BEZIER_KNOTS.);
#3253 = CARTESIAN_POINT('',(7.1,58.6));
#3254 = CARTESIAN_POINT('',(0.,58.6));
#3255 = ( GEOMETRIC_REPRESENTATION_CONTEXT(2) 
PARAMETRIC_REPRESENTATION_CONTEXT() REPRESENTATION_CONTEXT('2D SPACE',''
  ) );
#3256 = ORIENTED_EDGE('',*,*,#3257,.F.);
#3257 = EDGE_CURVE('',#3213,#3237,#3258,.T.);
#3258 = SURFACE_CURVE('',#3259,(#3263,#3270),.PCURVE_S1.);
#3259 = LINE('',#3260,#3261);
#3260 = CARTESIAN_POINT('',(61.1,-3.,20.1));
#3261 = VECTOR('',#3262,1.);
#3262 = DIRECTION('',(-0.,1.,0.));
#3263 = PCURVE('',#3156,#3264);
#3264 = DEFINITIONAL_REPRESENTATION('',(#3265),#3269);
#3265 = LINE('',#3266,#3267);
#3266 = CARTESIAN_POINT('',(8.2,0.));
#3267 = VECTOR('',#3268,1.);
#3268 = DIRECTION('',(0.,-1.));
#3269 = ( GEOMETRIC_REPRESENTATION_CONTEXT(2) 
PARAMETRIC_REPRESENTATION_CONTEXT() REPRESENTATION_CONTEXT('2D SPACE',''
  ) );
#3270 = PCURVE('',#3271,#3276);
#3271 = PLANE('',#3272);
#3272 = AXIS2_PLACEMENT_3D('',#3273,#3274,#3275);
#3273 = CARTESIAN_POINT('',(52.9,-3.,20.1));
#3274 = DIRECTION('',(0.,0.,1.));
#3275 = DIRECTION('',(1.,0.,-0.));
#3276 = DEFINITIONAL_REPRESENTATION('',(#3277),#3281);
#3277 = LINE('',#3278,#3279);
#3278 = CARTESIAN_POINT('',(8.2,0.));
#3279 = VECTOR('',#3280,1.);
#3280 = DIRECTION('',(0.,1.));
#3281 = ( GEOMETRIC_REPRESENTATION_CONTEXT(2) 
PARAMETRIC_REPRESENTATION_CONTEXT() REPRESENTATION_CONTEXT('2D SPACE',''
  ) );
#3282 = ADVANCED_FACE('',(#3283),#3271,.T.);
#3283 = FACE_BOUND('',#3284,.T.);
#3284 = EDGE_LOOP('',(#3285,#3286,#3307,#3333));
#3285 = ORIENTED_EDGE('',*,*,#3257,.T.);
#3286 = ORIENTED_EDGE('',*,*,#3287,.F.);
#3287 = EDGE_CURVE('',#3288,#3237,#3290,.T.);
#3288 = VERTEX_POINT('',#3289);
#3289 = CARTESIAN_POINT('',(56.5,27.5,20.1));
#3290 = SURFACE_CURVE('',#3291,(#3295,#3301),.PCURVE_S1.);
#3291 = LINE('',#3292,#3293);
#3292 = CARTESIAN_POINT('',(27.7,27.5,20.1));
#3293 = VECTOR('',#3294,1.);
#3294 = DIRECTION('',(1.,0.,-0.));
#3295 = PCURVE('',#3271,#3296);
#3296 = DEFINITIONAL_REPRESENTATION('',(#3297),#3300);
#3297 = B_SPLINE_CURVE_WITH_KNOTS('',1,(#3298,#3299),.UNSPECIFIED.,.F.,
  .F.,(2,2),(25.2,33.4),.PIECEWISE_BEZIER_KNOTS.);
#3298 = CARTESIAN_POINT('',(0.,30.5));
#3299 = CARTESIAN_POINT('',(8.2,30.5));
#3300 = ( GEOMETRIC_REPRESENTATION_CONTEXT(2) 
PARAMETRIC_REPRESENTATION_CONTEXT() REPRESENTATION_CONTEXT('2D SPACE',''
  ) );
#3301 = PCURVE('',#2982,#3302);
#3302 = DEFINITIONAL_REPRESENTATION('',(#3303),#3306);
#3303 = B_SPLINE_CURVE_WITH_KNOTS('',1,(#3304,#3305),.UNSPECIFIED.,.F.,
  .F.,(2,2),(25.2,33.4),.PIECEWISE_BEZIER_KNOTS.);
#3304 = CARTESIAN_POINT('',(7.1,50.4));
#3305 = CARTESIAN_POINT('',(7.1,58.6));
#3306 = ( GEOMETRIC_REPRESENTATION_CONTEXT(2) 
PARAMETRIC_REPRESENTATION_CONTEXT() REPRESENTATION_CONTEXT('2D SPACE',''
  ) );
#3307 = ORIENTED_EDGE('',*,*,#3308,.T.);
#3308 = EDGE_CURVE('',#3288,#3309,#3311,.T.);
#3309 = VERTEX_POINT('',#3310);
#3310 = CARTESIAN_POINT('',(56.5,23.5,20.1));
#3311 = SURFACE_CURVE('',#3312,(#3316,#3322),.PCURVE_S1.);
#3312 = LINE('',#3313,#3314);
#3313 = CARTESIAN_POINT('',(56.5,-3.,20.1));
#3314 = VECTOR('',#3315,1.);
#3315 = DIRECTION('',(0.,-1.,0.));
#3316 = PCURVE('',#3271,#3317);
#3317 = DEFINITIONAL_REPRESENTATION('',(#3318),#3321);
#3318 = B_SPLINE_CURVE_WITH_KNOTS('',1,(#3319,#3320),.UNSPECIFIED.,.F.,
  .F.,(2,2),(-30.5,-5.5),.PIECEWISE_BEZIER_KNOTS.);
#3319 = CARTESIAN_POINT('',(3.6,30.5));
#3320 = CARTESIAN_POINT('',(3.6,5.5));
#3321 = ( GEOMETRIC_REPRESENTATION_CONTEXT(2) 
PARAMETRIC_REPRESENTATION_CONTEXT() REPRESENTATION_CONTEXT('2D SPACE',''
  ) );
#3322 = PCURVE('',#3323,#3328);
#3323 = PLANE('',#3324);
#3324 = AXIS2_PLACEMENT_3D('',#3325,#3326,#3327);
#3325 = CARTESIAN_POINT('',(56.5,-3.,11.));
#3326 = DIRECTION('',(1.,0.,-0.));
#3327 = DIRECTION('',(0.,0.,1.));
#3328 = DEFINITIONAL_REPRESENTATION('',(#3329),#3332);
#3329 = B_SPLINE_CURVE_WITH_KNOTS('',1,(#3330,#3331),.UNSPECIFIED.,.F.,
  .F.,(2,2),(-30.5,-5.5),.PIECEWISE_BEZIER_KNOTS.);
#3330 = CARTESIAN_POINT('',(9.1,-30.5));
#3331 = CARTESIAN_POINT('',(9.1,-5.5));
#3332 = ( GEOMETRIC_REPRESENTATION_CONTEXT(2) 
PARAMETRIC_REPRESENTATION_CONTEXT() REPRESENTATION_CONTEXT('2D SPACE',''
  ) );
#3333 = ORIENTED_EDGE('',*,*,#3334,.T.);
#3334 = EDGE_CURVE('',#3309,#3213,#3335,.T.);
#3335 = SURFACE_CURVE('',#3336,(#3340,#3347),.PCURVE_S1.);
#3336 = LINE('',#3337,#3338);
#3337 = CARTESIAN_POINT('',(56.5,23.5,20.1));
#3338 = VECTOR('',#3339,1.);
#3339 = DIRECTION('',(1.,0.,0.));
#3340 = PCURVE('',#3271,#3341);
#3341 = DEFINITIONAL_REPRESENTATION('',(#3342),#3346);
#3342 = LINE('',#3343,#3344);
#3343 = CARTESIAN_POINT('',(3.6,26.5));
#3344 = VECTOR('',#3345,1.);
#3345 = DIRECTION('',(1.,0.));
#3346 = ( GEOMETRIC_REPRESENTATION_CONTEXT(2) 
PARAMETRIC_REPRESENTATION_CONTEXT() REPRESENTATION_CONTEXT('2D SPACE',''
  ) );
#3347 = PCURVE('',#2620,#3348);
#3348 = DEFINITIONAL_REPRESENTATION('',(#3349),#3353);
#3349 = LINE('',#3350,#3351);
#3350 = CARTESIAN_POINT('',(13.1,-0.5));
#3351 = VECTOR('',#3352,1.);
#3352 = DIRECTION('',(0.,1.));
#3353 = ( GEOMETRIC_REPRESENTATION_CONTEXT(2) 
PARAMETRIC_REPRESENTATION_CONTEXT() REPRESENTATION_CONTEXT('2D SPACE',''
  ) );
#3354 = ADVANCED_FACE('',(#3355),#3323,.T.);
#3355 = FACE_BOUND('',#3356,.T.);
#3356 = EDGE_LOOP('',(#3357,#3382,#3403,#3429,#3451,#3477,#3497,#3498));
#3357 = ORIENTED_EDGE('',*,*,#3358,.F.);
#3358 = EDGE_CURVE('',#3359,#3361,#3363,.T.);
#3359 = VERTEX_POINT('',#3360);
#3360 = CARTESIAN_POINT('',(56.5,2.5,24.));
#3361 = VERTEX_POINT('',#3362);
#3362 = CARTESIAN_POINT('',(56.5,27.5,24.));
#3363 = SURFACE_CURVE('',#3364,(#3368,#3375),.PCURVE_S1.);
#3364 = LINE('',#3365,#3366);
#3365 = CARTESIAN_POINT('',(56.5,-3.,24.));
#3366 = VECTOR('',#3367,1.);
#3367 = DIRECTION('',(-0.,1.,0.));
#3368 = PCURVE('',#3323,#3369);
#3369 = DEFINITIONAL_REPRESENTATION('',(#3370),#3374);
#3370 = LINE('',#3371,#3372);
#3371 = CARTESIAN_POINT('',(13.,0.));
#3372 = VECTOR('',#3373,1.);
#3373 = DIRECTION('',(0.,-1.));
#3374 = ( GEOMETRIC_REPRESENTATION_CONTEXT(2) 
PARAMETRIC_REPRESENTATION_CONTEXT() REPRESENTATION_CONTEXT('2D SPACE',''
  ) );
#3375 = PCURVE('',#126,#3376);
#3376 = DEFINITIONAL_REPRESENTATION('',(#3377),#3381);
#3377 = LINE('',#3378,#3379);
#3378 = CARTESIAN_POINT('',(56.5,-3.));
#3379 = VECTOR('',#3380,1.);
#3380 = DIRECTION('',(0.,1.));
#3381 = ( GEOMETRIC_REPRESENTATION_CONTEXT(2) 
PARAMETRIC_REPRESENTATION_CONTEXT() REPRESENTATION_CONTEXT('2D SPACE',''
  ) );
#3382 = ORIENTED_EDGE('',*,*,#3383,.T.);
#3383 = EDGE_CURVE('',#3359,#3384,#3386,.T.);
#3384 = VERTEX_POINT('',#3385);
#3385 = CARTESIAN_POINT('',(56.5,2.5,20.1));
#3386 = SURFACE_CURVE('',#3387,(#3391,#3397),.PCURVE_S1.);
#3387 = LINE('',#3388,#3389);
#3388 = CARTESIAN_POINT('',(56.5,2.5,12.));
#3389 = VECTOR('',#3390,1.);
#3390 = DIRECTION('',(-0.,0.,-1.));
#3391 = PCURVE('',#3323,#3392);
#3392 = DEFINITIONAL_REPRESENTATION('',(#3393),#3396);
#3393 = B_SPLINE_CURVE_WITH_KNOTS('',1,(#3394,#3395),.UNSPECIFIED.,.F.,
  .F.,(2,2),(-12.,-1.),.PIECEWISE_BEZIER_KNOTS.);
#3394 = CARTESIAN_POINT('',(13.,-5.5));
#3395 = CARTESIAN_POINT('',(2.,-5.5));
#3396 = ( GEOMETRIC_REPRESENTATION_CONTEXT(2) 
PARAMETRIC_REPRESENTATION_CONTEXT() REPRESENTATION_CONTEXT('2D SPACE',''
  ) );
#3397 = PCURVE('',#2930,#3398);
#3398 = DEFINITIONAL_REPRESENTATION('',(#3399),#3402);
#3399 = B_SPLINE_CURVE_WITH_KNOTS('',1,(#3400,#3401),.UNSPECIFIED.,.F.,
  .F.,(2,2),(-12.,-1.),.PIECEWISE_BEZIER_KNOTS.);
#3400 = CARTESIAN_POINT('',(11.,54.));
#3401 = CARTESIAN_POINT('',(0.,54.));
#3402 = ( GEOMETRIC_REPRESENTATION_CONTEXT(2) 
PARAMETRIC_REPRESENTATION_CONTEXT() REPRESENTATION_CONTEXT('2D SPACE',''
  ) );
#3403 = ORIENTED_EDGE('',*,*,#3404,.F.);
#3404 = EDGE_CURVE('',#3405,#3384,#3407,.T.);
#3405 = VERTEX_POINT('',#3406);
#3406 = CARTESIAN_POINT('',(56.5,16.5,20.1));
#3407 = SURFACE_CURVE('',#3408,(#3412,#3418),.PCURVE_S1.);
#3408 = LINE('',#3409,#3410);
#3409 = CARTESIAN_POINT('',(56.5,-3.,20.1));
#3410 = VECTOR('',#3411,1.);
#3411 = DIRECTION('',(0.,-1.,0.));
#3412 = PCURVE('',#3323,#3413);
#3413 = DEFINITIONAL_REPRESENTATION('',(#3414),#3417);
#3414 = B_SPLINE_CURVE_WITH_KNOTS('',1,(#3415,#3416),.UNSPECIFIED.,.F.,
  .F.,(2,2),(-30.5,-5.5),.PIECEWISE_BEZIER_KNOTS.);
#3415 = CARTESIAN_POINT('',(9.1,-30.5));
#3416 = CARTESIAN_POINT('',(9.1,-5.5));
#3417 = ( GEOMETRIC_REPRESENTATION_CONTEXT(2) 
PARAMETRIC_REPRESENTATION_CONTEXT() REPRESENTATION_CONTEXT('2D SPACE',''
  ) );
#3418 = PCURVE('',#3419,#3424);
#3419 = PLANE('',#3420);
#3420 = AXIS2_PLACEMENT_3D('',#3421,#3422,#3423);
#3421 = CARTESIAN_POINT('',(52.9,-3.,20.1));
#3422 = DIRECTION('',(0.,0.,1.));
#3423 = DIRECTION('',(1.,0.,-0.));
#3424 = DEFINITIONAL_REPRESENTATION('',(#3425),#3428);
#3425 = B_SPLINE_CURVE_WITH_KNOTS('',1,(#3426,#3427),.UNSPECIFIED.,.F.,
  .F.,(2,2),(-30.5,-5.5),.PIECEWISE_BEZIER_KNOTS.);
#3426 = CARTESIAN_POINT('',(3.6,30.5));
#3427 = CARTESIAN_POINT('',(3.6,5.5));
#3428 = ( GEOMETRIC_REPRESENTATION_CONTEXT(2) 
PARAMETRIC_REPRESENTATION_CONTEXT() REPRESENTATION_CONTEXT('2D SPACE',''
  ) );
#3429 = ORIENTED_EDGE('',*,*,#3430,.F.);
#3430 = EDGE_CURVE('',#3431,#3405,#3433,.T.);
#3431 = VERTEX_POINT('',#3432);
#3432 = CARTESIAN_POINT('',(56.5,16.5,23.));
#3433 = SURFACE_CURVE('',#3434,(#3438,#3444),.PCURVE_S1.);
#3434 = LINE('',#3435,#3436);
#3435 = CARTESIAN_POINT('',(56.5,16.5,13.5));
#3436 = VECTOR('',#3437,1.);
#3437 = DIRECTION('',(-0.,0.,-1.));
#3438 = PCURVE('',#3323,#3439);
#3439 = DEFINITIONAL_REPRESENTATION('',(#3440),#3443);
#3440 = B_SPLINE_CURVE_WITH_KNOTS('',1,(#3441,#3442),.UNSPECIFIED.,.F.,
  .F.,(2,2),(-9.5,-2.5),.PIECEWISE_BEZIER_KNOTS.);
#3441 = CARTESIAN_POINT('',(12.,-19.5));
#3442 = CARTESIAN_POINT('',(5.,-19.5));
#3443 = ( GEOMETRIC_REPRESENTATION_CONTEXT(2) 
PARAMETRIC_REPRESENTATION_CONTEXT() REPRESENTATION_CONTEXT('2D SPACE',''
  ) );
#3444 = PCURVE('',#2568,#3445);
#3445 = DEFINITIONAL_REPRESENTATION('',(#3446),#3450);
#3446 = LINE('',#3447,#3448);
#3447 = CARTESIAN_POINT('',(6.5,-0.5));
#3448 = VECTOR('',#3449,1.);
#3449 = DIRECTION('',(-1.,0.));
#3450 = ( GEOMETRIC_REPRESENTATION_CONTEXT(2) 
PARAMETRIC_REPRESENTATION_CONTEXT() REPRESENTATION_CONTEXT('2D SPACE',''
  ) );
#3451 = ORIENTED_EDGE('',*,*,#3452,.T.);
#3452 = EDGE_CURVE('',#3431,#3453,#3455,.T.);
#3453 = VERTEX_POINT('',#3454);
#3454 = CARTESIAN_POINT('',(56.5,23.5,23.));
#3455 = SURFACE_CURVE('',#3456,(#3460,#3466),.PCURVE_S1.);
#3456 = LINE('',#3457,#3458);
#3457 = CARTESIAN_POINT('',(56.5,6.75,23.));
#3458 = VECTOR('',#3459,1.);
#3459 = DIRECTION('',(-0.,1.,0.));
#3460 = PCURVE('',#3323,#3461);
#3461 = DEFINITIONAL_REPRESENTATION('',(#3462),#3465);
#3462 = B_SPLINE_CURVE_WITH_KNOTS('',1,(#3463,#3464),.UNSPECIFIED.,.F.,
  .F.,(2,2),(9.75,16.75),.PIECEWISE_BEZIER_KNOTS.);
#3463 = CARTESIAN_POINT('',(12.,-19.5));
#3464 = CARTESIAN_POINT('',(12.,-26.5));
#3465 = ( GEOMETRIC_REPRESENTATION_CONTEXT(2) 
PARAMETRIC_REPRESENTATION_CONTEXT() REPRESENTATION_CONTEXT('2D SPACE',''
  ) );
#3466 = PCURVE('',#3467,#3472);
#3467 = PLANE('',#3468);
#3468 = AXIS2_PLACEMENT_3D('',#3469,#3470,#3471);
#3469 = CARTESIAN_POINT('',(45.5,16.5,23.));
#3470 = DIRECTION('',(0.,0.,1.));
#3471 = DIRECTION('',(1.,0.,-0.));
#3472 = DEFINITIONAL_REPRESENTATION('',(#3473),#3476);
#3473 = B_SPLINE_CURVE_WITH_KNOTS('',1,(#3474,#3475),.UNSPECIFIED.,.F.,
  .F.,(2,2),(9.75,16.75),.PIECEWISE_BEZIER_KNOTS.);
#3474 = CARTESIAN_POINT('',(11.,0.));
#3475 = CARTESIAN_POINT('',(11.,7.));
#3476 = ( GEOMETRIC_REPRESENTATION_CONTEXT(2) 
PARAMETRIC_REPRESENTATION_CONTEXT() REPRESENTATION_CONTEXT('2D SPACE',''
  ) );
#3477 = ORIENTED_EDGE('',*,*,#3478,.T.);
#3478 = EDGE_CURVE('',#3453,#3309,#3479,.T.);
#3479 = SURFACE_CURVE('',#3480,(#3484,#3490),.PCURVE_S1.);
#3480 = LINE('',#3481,#3482);
#3481 = CARTESIAN_POINT('',(56.5,23.5,13.5));
#3482 = VECTOR('',#3483,1.);
#3483 = DIRECTION('',(-0.,0.,-1.));
#3484 = PCURVE('',#3323,#3485);
#3485 = DEFINITIONAL_REPRESENTATION('',(#3486),#3489);
#3486 = B_SPLINE_CURVE_WITH_KNOTS('',1,(#3487,#3488),.UNSPECIFIED.,.F.,
  .F.,(2,2),(-9.5,-2.5),.PIECEWISE_BEZIER_KNOTS.);
#3487 = CARTESIAN_POINT('',(12.,-26.5));
#3488 = CARTESIAN_POINT('',(5.,-26.5));
#3489 = ( GEOMETRIC_REPRESENTATION_CONTEXT(2) 
PARAMETRIC_REPRESENTATION_CONTEXT() REPRESENTATION_CONTEXT('2D SPACE',''
  ) );
#3490 = PCURVE('',#2620,#3491);
#3491 = DEFINITIONAL_REPRESENTATION('',(#3492),#3496);
#3492 = LINE('',#3493,#3494);
#3493 = CARTESIAN_POINT('',(6.5,-0.5));
#3494 = VECTOR('',#3495,1.);
#3495 = DIRECTION('',(-1.,0.));
#3496 = ( GEOMETRIC_REPRESENTATION_CONTEXT(2) 
PARAMETRIC_REPRESENTATION_CONTEXT() REPRESENTATION_CONTEXT('2D SPACE',''
  ) );
#3497 = ORIENTED_EDGE('',*,*,#3308,.F.);
#3498 = ORIENTED_EDGE('',*,*,#3499,.T.);
#3499 = EDGE_CURVE('',#3288,#3361,#3500,.T.);
#3500 = SURFACE_CURVE('',#3501,(#3505,#3512),.PCURVE_S1.);
#3501 = LINE('',#3502,#3503);
#3502 = CARTESIAN_POINT('',(56.5,27.5,11.));
#3503 = VECTOR('',#3504,1.);
#3504 = DIRECTION('',(0.,0.,1.));
#3505 = PCURVE('',#3323,#3506);
#3506 = DEFINITIONAL_REPRESENTATION('',(#3507),#3511);
#3507 = LINE('',#3508,#3509);
#3508 = CARTESIAN_POINT('',(0.,-30.5));
#3509 = VECTOR('',#3510,1.);
#3510 = DIRECTION('',(1.,0.));
#3511 = ( GEOMETRIC_REPRESENTATION_CONTEXT(2) 
PARAMETRIC_REPRESENTATION_CONTEXT() REPRESENTATION_CONTEXT('2D SPACE',''
  ) );
#3512 = PCURVE('',#2982,#3513);
#3513 = DEFINITIONAL_REPRESENTATION('',(#3514),#3518);
#3514 = LINE('',#3515,#3516);
#3515 = CARTESIAN_POINT('',(-2.,54.));
#3516 = VECTOR('',#3517,1.);
#3517 = DIRECTION('',(1.,0.));
#3518 = ( GEOMETRIC_REPRESENTATION_CONTEXT(2) 
PARAMETRIC_REPRESENTATION_CONTEXT() REPRESENTATION_CONTEXT('2D SPACE',''
  ) );
#3519 = ADVANCED_FACE('',(#3520),#3419,.T.);
#3520 = FACE_BOUND('',#3521,.T.);
#3521 = EDGE_LOOP('',(#3522,#3543,#3571,#3592));
#3522 = ORIENTED_EDGE('',*,*,#3523,.T.);
#3523 = EDGE_CURVE('',#3384,#3524,#3526,.T.);
#3524 = VERTEX_POINT('',#3525);
#3525 = CARTESIAN_POINT('',(61.1,2.5,20.1));
#3526 = SURFACE_CURVE('',#3527,(#3531,#3537),.PCURVE_S1.);
#3527 = LINE('',#3528,#3529);
#3528 = CARTESIAN_POINT('',(27.7,2.5,20.1));
#3529 = VECTOR('',#3530,1.);
#3530 = DIRECTION('',(1.,0.,-0.));
#3531 = PCURVE('',#3419,#3532);
#3532 = DEFINITIONAL_REPRESENTATION('',(#3533),#3536);
#3533 = B_SPLINE_CURVE_WITH_KNOTS('',1,(#3534,#3535),.UNSPECIFIED.,.F.,
  .F.,(2,2),(25.2,33.4),.PIECEWISE_BEZIER_KNOTS.);
#3534 = CARTESIAN_POINT('',(0.,5.5));
#3535 = CARTESIAN_POINT('',(8.2,5.5));
#3536 = ( GEOMETRIC_REPRESENTATION_CONTEXT(2) 
PARAMETRIC_REPRESENTATION_CONTEXT() REPRESENTATION_CONTEXT('2D SPACE',''
  ) );
#3537 = PCURVE('',#2930,#3538);
#3538 = DEFINITIONAL_REPRESENTATION('',(#3539),#3542);
#3539 = B_SPLINE_CURVE_WITH_KNOTS('',1,(#3540,#3541),.UNSPECIFIED.,.F.,
  .F.,(2,2),(25.2,33.4),.PIECEWISE_BEZIER_KNOTS.);
#3540 = CARTESIAN_POINT('',(7.1,50.4));
#3541 = CARTESIAN_POINT('',(7.1,58.6));
#3542 = ( GEOMETRIC_REPRESENTATION_CONTEXT(2) 
PARAMETRIC_REPRESENTATION_CONTEXT() REPRESENTATION_CONTEXT('2D SPACE',''
  ) );
#3543 = ORIENTED_EDGE('',*,*,#3544,.T.);
#3544 = EDGE_CURVE('',#3524,#3545,#3547,.T.);
#3545 = VERTEX_POINT('',#3546);
#3546 = CARTESIAN_POINT('',(61.1,16.5,20.1));
#3547 = SURFACE_CURVE('',#3548,(#3552,#3559),.PCURVE_S1.);
#3548 = LINE('',#3549,#3550);
#3549 = CARTESIAN_POINT('',(61.1,-3.,20.1));
#3550 = VECTOR('',#3551,1.);
#3551 = DIRECTION('',(-0.,1.,0.));
#3552 = PCURVE('',#3419,#3553);
#3553 = DEFINITIONAL_REPRESENTATION('',(#3554),#3558);
#3554 = LINE('',#3555,#3556);
#3555 = CARTESIAN_POINT('',(8.2,0.));
#3556 = VECTOR('',#3557,1.);
#3557 = DIRECTION('',(0.,1.));
#3558 = ( GEOMETRIC_REPRESENTATION_CONTEXT(2) 
PARAMETRIC_REPRESENTATION_CONTEXT() REPRESENTATION_CONTEXT('2D SPACE',''
  ) );
#3559 = PCURVE('',#3560,#3565);
#3560 = PLANE('',#3561);
#3561 = AXIS2_PLACEMENT_3D('',#3562,#3563,#3564);
#3562 = CARTESIAN_POINT('',(61.1,-3.,11.9));
#3563 = DIRECTION('',(1.,0.,-0.));
#3564 = DIRECTION('',(0.,0.,1.));
#3565 = DEFINITIONAL_REPRESENTATION('',(#3566),#3570);
#3566 = LINE('',#3567,#3568);
#3567 = CARTESIAN_POINT('',(8.2,0.));
#3568 = VECTOR('',#3569,1.);
#3569 = DIRECTION('',(0.,-1.));
#3570 = ( GEOMETRIC_REPRESENTATION_CONTEXT(2) 
PARAMETRIC_REPRESENTATION_CONTEXT() REPRESENTATION_CONTEXT('2D SPACE',''
  ) );
#3571 = ORIENTED_EDGE('',*,*,#3572,.F.);
#3572 = EDGE_CURVE('',#3405,#3545,#3573,.T.);
#3573 = SURFACE_CURVE('',#3574,(#3578,#3585),.PCURVE_S1.);
#3574 = LINE('',#3575,#3576);
#3575 = CARTESIAN_POINT('',(56.5,16.5,20.1));
#3576 = VECTOR('',#3577,1.);
#3577 = DIRECTION('',(1.,0.,0.));
#3578 = PCURVE('',#3419,#3579);
#3579 = DEFINITIONAL_REPRESENTATION('',(#3580),#3584);
#3580 = LINE('',#3581,#3582);
#3581 = CARTESIAN_POINT('',(3.6,19.5));
#3582 = VECTOR('',#3583,1.);
#3583 = DIRECTION('',(1.,0.));
#3584 = ( GEOMETRIC_REPRESENTATION_CONTEXT(2) 
PARAMETRIC_REPRESENTATION_CONTEXT() REPRESENTATION_CONTEXT('2D SPACE',''
  ) );
#3585 = PCURVE('',#2568,#3586);
#3586 = DEFINITIONAL_REPRESENTATION('',(#3587),#3591);
#3587 = LINE('',#3588,#3589);
#3588 = CARTESIAN_POINT('',(13.1,-0.5));
#3589 = VECTOR('',#3590,1.);
#3590 = DIRECTION('',(0.,1.));
#3591 = ( GEOMETRIC_REPRESENTATION_CONTEXT(2) 
PARAMETRIC_REPRESENTATION_CONTEXT() REPRESENTATION_CONTEXT('2D SPACE',''
  ) );
#3592 = ORIENTED_EDGE('',*,*,#3404,.T.);
#3593 = ADVANCED_FACE('',(#3594),#3560,.T.);
#3594 = FACE_BOUND('',#3595,.T.);
#3595 = EDGE_LOOP('',(#3596,#3597,#3618,#3644));
#3596 = ORIENTED_EDGE('',*,*,#3544,.F.);
#3597 = ORIENTED_EDGE('',*,*,#3598,.T.);
#3598 = EDGE_CURVE('',#3524,#3599,#3601,.T.);
#3599 = VERTEX_POINT('',#3600);
#3600 = CARTESIAN_POINT('',(61.1,2.5,13.));
#3601 = SURFACE_CURVE('',#3602,(#3606,#3612),.PCURVE_S1.);
#3602 = LINE('',#3603,#3604);
#3603 = CARTESIAN_POINT('',(61.1,2.5,12.45));
#3604 = VECTOR('',#3605,1.);
#3605 = DIRECTION('',(-0.,0.,-1.));
#3606 = PCURVE('',#3560,#3607);
#3607 = DEFINITIONAL_REPRESENTATION('',(#3608),#3611);
#3608 = B_SPLINE_CURVE_WITH_KNOTS('',1,(#3609,#3610),.UNSPECIFIED.,.F.,
  .F.,(2,2),(-7.65,-0.55),.PIECEWISE_BEZIER_KNOTS.);
#3609 = CARTESIAN_POINT('',(8.2,-5.5));
#3610 = CARTESIAN_POINT('',(1.1,-5.5));
#3611 = ( GEOMETRIC_REPRESENTATION_CONTEXT(2) 
PARAMETRIC_REPRESENTATION_CONTEXT() REPRESENTATION_CONTEXT('2D SPACE',''
  ) );
#3612 = PCURVE('',#2930,#3613);
#3613 = DEFINITIONAL_REPRESENTATION('',(#3614),#3617);
#3614 = B_SPLINE_CURVE_WITH_KNOTS('',1,(#3615,#3616),.UNSPECIFIED.,.F.,
  .F.,(2,2),(-7.65,-0.55),.PIECEWISE_BEZIER_KNOTS.);
#3615 = CARTESIAN_POINT('',(7.1,58.6));
#3616 = CARTESIAN_POINT('',(0.,58.6));
#3617 = ( GEOMETRIC_REPRESENTATION_CONTEXT(2) 
PARAMETRIC_REPRESENTATION_CONTEXT() REPRESENTATION_CONTEXT('2D SPACE',''
  ) );
#3618 = ORIENTED_EDGE('',*,*,#3619,.T.);
#3619 = EDGE_CURVE('',#3599,#3620,#3622,.T.);
#3620 = VERTEX_POINT('',#3621);
#3621 = CARTESIAN_POINT('',(61.1,16.5,13.));
#3622 = SURFACE_CURVE('',#3623,(#3627,#3633),.PCURVE_S1.);
#3623 = LINE('',#3624,#3625);
#3624 = CARTESIAN_POINT('',(61.1,-0.25,13.));
#3625 = VECTOR('',#3626,1.);
#3626 = DIRECTION('',(-0.,1.,0.));
#3627 = PCURVE('',#3560,#3628);
#3628 = DEFINITIONAL_REPRESENTATION('',(#3629),#3632);
#3629 = B_SPLINE_CURVE_WITH_KNOTS('',1,(#3630,#3631),.UNSPECIFIED.,.F.,
  .F.,(2,2),(2.75,27.75),.PIECEWISE_BEZIER_KNOTS.);
#3630 = CARTESIAN_POINT('',(1.1,-5.5));
#3631 = CARTESIAN_POINT('',(1.1,-30.5));
#3632 = ( GEOMETRIC_REPRESENTATION_CONTEXT(2) 
PARAMETRIC_REPRESENTATION_CONTEXT() REPRESENTATION_CONTEXT('2D SPACE',''
  ) );
#3633 = PCURVE('',#3634,#3639);
#3634 = PLANE('',#3635);
#3635 = AXIS2_PLACEMENT_3D('',#3636,#3637,#3638);
#3636 = CARTESIAN_POINT('',(2.5,2.5,13.));
#3637 = DIRECTION('',(0.,0.,1.));
#3638 = DIRECTION('',(1.,0.,-0.));
#3639 = DEFINITIONAL_REPRESENTATION('',(#3640),#3643);
#3640 = B_SPLINE_CURVE_WITH_KNOTS('',1,(#3641,#3642),.UNSPECIFIED.,.F.,
  .F.,(2,2),(2.75,27.75),.PIECEWISE_BEZIER_KNOTS.);
#3641 = CARTESIAN_POINT('',(58.6,0.));
#3642 = CARTESIAN_POINT('',(58.6,25.));
#3643 = ( GEOMETRIC_REPRESENTATION_CONTEXT(2) 
PARAMETRIC_REPRESENTATION_CONTEXT() REPRESENTATION_CONTEXT('2D SPACE',''
  ) );
#3644 = ORIENTED_EDGE('',*,*,#3645,.F.);
#3645 = EDGE_CURVE('',#3545,#3620,#3646,.T.);
#3646 = SURFACE_CURVE('',#3647,(#3651,#3658),.PCURVE_S1.);
#3647 = LINE('',#3648,#3649);
#3648 = CARTESIAN_POINT('',(61.1,16.5,20.1));
#3649 = VECTOR('',#3650,1.);
#3650 = DIRECTION('',(0.,0.,-1.));
#3651 = PCURVE('',#3560,#3652);
#3652 = DEFINITIONAL_REPRESENTATION('',(#3653),#3657);
#3653 = LINE('',#3654,#3655);
#3654 = CARTESIAN_POINT('',(8.2,-19.5));
#3655 = VECTOR('',#3656,1.);
#3656 = DIRECTION('',(-1.,0.));
#3657 = ( GEOMETRIC_REPRESENTATION_CONTEXT(2) 
PARAMETRIC_REPRESENTATION_CONTEXT() REPRESENTATION_CONTEXT('2D SPACE',''
  ) );
#3658 = PCURVE('',#2568,#3659);
#3659 = DEFINITIONAL_REPRESENTATION('',(#3660),#3664);
#3660 = LINE('',#3661,#3662);
#3661 = CARTESIAN_POINT('',(13.1,4.1));
#3662 = VECTOR('',#3663,1.);
#3663 = DIRECTION('',(-1.,0.));
#3664 = ( GEOMETRIC_REPRESENTATION_CONTEXT(2) 
PARAMETRIC_REPRESENTATION_CONTEXT() REPRESENTATION_CONTEXT('2D SPACE',''
  ) );
#3665 = ADVANCED_FACE('',(#3666),#3634,.T.);
#3666 = FACE_BOUND('',#3667,.T.);
#3667 = EDGE_LOOP('',(#3668,#3669,#3692,#3713));
#3668 = ORIENTED_EDGE('',*,*,#3619,.F.);
#3669 = ORIENTED_EDGE('',*,*,#3670,.T.);
#3670 = EDGE_CURVE('',#3599,#3671,#3673,.T.);
#3671 = VERTEX_POINT('',#3672);
#3672 = CARTESIAN_POINT('',(61.4,2.5,13.));
#3673 = SURFACE_CURVE('',#3674,(#3678,#3685),.PCURVE_S1.);
#3674 = LINE('',#3675,#3676);
#3675 = CARTESIAN_POINT('',(2.5,2.5,13.));
#3676 = VECTOR('',#3677,1.);
#3677 = DIRECTION('',(1.,0.,-0.));
#3678 = PCURVE('',#3634,#3679);
#3679 = DEFINITIONAL_REPRESENTATION('',(#3680),#3684);
#3680 = LINE('',#3681,#3682);
#3681 = CARTESIAN_POINT('',(0.,0.));
#3682 = VECTOR('',#3683,1.);
#3683 = DIRECTION('',(1.,0.));
#3684 = ( GEOMETRIC_REPRESENTATION_CONTEXT(2) 
PARAMETRIC_REPRESENTATION_CONTEXT() REPRESENTATION_CONTEXT('2D SPACE',''
  ) );
#3685 = PCURVE('',#2930,#3686);
#3686 = DEFINITIONAL_REPRESENTATION('',(#3687),#3691);
#3687 = LINE('',#3688,#3689);
#3688 = CARTESIAN_POINT('',(0.,0.));
#3689 = VECTOR('',#3690,1.);
#3690 = DIRECTION('',(0.,1.));
#3691 = ( GEOMETRIC_REPRESENTATION_CONTEXT(2) 
PARAMETRIC_REPRESENTATION_CONTEXT() REPRESENTATION_CONTEXT('2D SPACE',''
  ) );
#3692 = ORIENTED_EDGE('',*,*,#3693,.T.);
#3693 = EDGE_CURVE('',#3671,#3694,#3696,.T.);
#3694 = VERTEX_POINT('',#3695);
#3695 = CARTESIAN_POINT('',(61.4,16.5,13.));
#3696 = SURFACE_CURVE('',#3697,(#3701,#3707),.PCURVE_S1.);
#3697 = LINE('',#3698,#3699);
#3698 = CARTESIAN_POINT('',(61.4,-0.25,13.));
#3699 = VECTOR('',#3700,1.);
#3700 = DIRECTION('',(-0.,1.,0.));
#3701 = PCURVE('',#3634,#3702);
#3702 = DEFINITIONAL_REPRESENTATION('',(#3703),#3706);
#3703 = B_SPLINE_CURVE_WITH_KNOTS('',1,(#3704,#3705),.UNSPECIFIED.,.F.,
  .F.,(2,2),(2.75,27.75),.PIECEWISE_BEZIER_KNOTS.);
#3704 = CARTESIAN_POINT('',(58.9,0.));
#3705 = CARTESIAN_POINT('',(58.9,25.));
#3706 = ( GEOMETRIC_REPRESENTATION_CONTEXT(2) 
PARAMETRIC_REPRESENTATION_CONTEXT() REPRESENTATION_CONTEXT('2D SPACE',''
  ) );
#3707 = PCURVE('',#2903,#3708);
#3708 = DEFINITIONAL_REPRESENTATION('',(#3709),#3712);
#3709 = B_SPLINE_CURVE_WITH_KNOTS('',1,(#3710,#3711),.UNSPECIFIED.,.F.,
  .F.,(2,2),(2.75,27.75),.PIECEWISE_BEZIER_KNOTS.);
#3710 = CARTESIAN_POINT('',(1.1,-5.5));
#3711 = CARTESIAN_POINT('',(1.1,-30.5));
#3712 = ( GEOMETRIC_REPRESENTATION_CONTEXT(2) 
PARAMETRIC_REPRESENTATION_CONTEXT() REPRESENTATION_CONTEXT('2D SPACE',''
  ) );
#3713 = ORIENTED_EDGE('',*,*,#3714,.T.);
#3714 = EDGE_CURVE('',#3694,#3620,#3715,.T.);
#3715 = SURFACE_CURVE('',#3716,(#3720,#3726),.PCURVE_S1.);
#3716 = LINE('',#3717,#3718);
#3717 = CARTESIAN_POINT('',(29.75,16.5,13.));
#3718 = VECTOR('',#3719,1.);
#3719 = DIRECTION('',(-1.,-0.,0.));
#3720 = PCURVE('',#3634,#3721);
#3721 = DEFINITIONAL_REPRESENTATION('',(#3722),#3725);
#3722 = B_SPLINE_CURVE_WITH_KNOTS('',1,(#3723,#3724),.UNSPECIFIED.,.F.,
  .F.,(2,2),(-31.65,-31.35),.PIECEWISE_BEZIER_KNOTS.);
#3723 = CARTESIAN_POINT('',(58.9,14.));
#3724 = CARTESIAN_POINT('',(58.6,14.));
#3725 = ( GEOMETRIC_REPRESENTATION_CONTEXT(2) 
PARAMETRIC_REPRESENTATION_CONTEXT() REPRESENTATION_CONTEXT('2D SPACE',''
  ) );
#3726 = PCURVE('',#2568,#3727);
#3727 = DEFINITIONAL_REPRESENTATION('',(#3728),#3732);
#3728 = LINE('',#3729,#3730);
#3729 = CARTESIAN_POINT('',(6.,-27.25));
#3730 = VECTOR('',#3731,1.);
#3731 = DIRECTION('',(0.,-1.));
#3732 = ( GEOMETRIC_REPRESENTATION_CONTEXT(2) 
PARAMETRIC_REPRESENTATION_CONTEXT() REPRESENTATION_CONTEXT('2D SPACE',''
  ) );
#3733 = ADVANCED_FACE('',(#3734),#3467,.T.);
#3734 = FACE_BOUND('',#3735,.T.);
#3735 = EDGE_LOOP('',(#3736,#3759,#3760,#3783));
#3736 = ORIENTED_EDGE('',*,*,#3737,.F.);
#3737 = EDGE_CURVE('',#3453,#3738,#3740,.T.);
#3738 = VERTEX_POINT('',#3739);
#3739 = CARTESIAN_POINT('',(57.,23.5,23.));
#3740 = SURFACE_CURVE('',#3741,(#3745,#3752),.PCURVE_S1.);
#3741 = LINE('',#3742,#3743);
#3742 = CARTESIAN_POINT('',(45.5,23.5,23.));
#3743 = VECTOR('',#3744,1.);
#3744 = DIRECTION('',(1.,0.,-0.));
#3745 = PCURVE('',#3467,#3746);
#3746 = DEFINITIONAL_REPRESENTATION('',(#3747),#3751);
#3747 = LINE('',#3748,#3749);
#3748 = CARTESIAN_POINT('',(0.,7.));
#3749 = VECTOR('',#3750,1.);
#3750 = DIRECTION('',(1.,0.));
#3751 = ( GEOMETRIC_REPRESENTATION_CONTEXT(2) 
PARAMETRIC_REPRESENTATION_CONTEXT() REPRESENTATION_CONTEXT('2D SPACE',''
  ) );
#3752 = PCURVE('',#2620,#3753);
#3753 = DEFINITIONAL_REPRESENTATION('',(#3754),#3758);
#3754 = LINE('',#3755,#3756);
#3755 = CARTESIAN_POINT('',(16.,-11.5));
#3756 = VECTOR('',#3757,1.);
#3757 = DIRECTION('',(0.,1.));
#3758 = ( GEOMETRIC_REPRESENTATION_CONTEXT(2) 
PARAMETRIC_REPRESENTATION_CONTEXT() REPRESENTATION_CONTEXT('2D SPACE',''
  ) );
#3759 = ORIENTED_EDGE('',*,*,#3452,.F.);
#3760 = ORIENTED_EDGE('',*,*,#3761,.T.);
#3761 = EDGE_CURVE('',#3431,#3762,#3764,.T.);
#3762 = VERTEX_POINT('',#3763);
#3763 = CARTESIAN_POINT('',(57.,16.5,23.));
#3764 = SURFACE_CURVE('',#3765,(#3769,#3776),.PCURVE_S1.);
#3765 = LINE('',#3766,#3767);
#3766 = CARTESIAN_POINT('',(45.5,16.5,23.));
#3767 = VECTOR('',#3768,1.);
#3768 = DIRECTION('',(1.,0.,-0.));
#3769 = PCURVE('',#3467,#3770);
#3770 = DEFINITIONAL_REPRESENTATION('',(#3771),#3775);
#3771 = LINE('',#3772,#3773);
#3772 = CARTESIAN_POINT('',(0.,0.));
#3773 = VECTOR('',#3774,1.);
#3774 = DIRECTION('',(1.,0.));
#3775 = ( GEOMETRIC_REPRESENTATION_CONTEXT(2) 
PARAMETRIC_REPRESENTATION_CONTEXT() REPRESENTATION_CONTEXT('2D SPACE',''
  ) );
#3776 = PCURVE('',#2568,#3777);
#3777 = DEFINITIONAL_REPRESENTATION('',(#3778),#3782);
#3778 = LINE('',#3779,#3780);
#3779 = CARTESIAN_POINT('',(16.,-11.5));
#3780 = VECTOR('',#3781,1.);
#3781 = DIRECTION('',(0.,1.));
#3782 = ( GEOMETRIC_REPRESENTATION_CONTEXT(2) 
PARAMETRIC_REPRESENTATION_CONTEXT() REPRESENTATION_CONTEXT('2D SPACE',''
  ) );
#3783 = ORIENTED_EDGE('',*,*,#3784,.T.);
#3784 = EDGE_CURVE('',#3762,#3738,#3785,.T.);
#3785 = SURFACE_CURVE('',#3786,(#3790,#3796),.PCURVE_S1.);
#3786 = LINE('',#3787,#3788);
#3787 = CARTESIAN_POINT('',(57.,16.5,23.));
#3788 = VECTOR('',#3789,1.);
#3789 = DIRECTION('',(-0.,1.,0.));
#3790 = PCURVE('',#3467,#3791);
#3791 = DEFINITIONAL_REPRESENTATION('',(#3792),#3795);
#3792 = B_SPLINE_CURVE_WITH_KNOTS('',1,(#3793,#3794),.UNSPECIFIED.,.F.,
  .F.,(2,2),(0.,7.),.PIECEWISE_BEZIER_KNOTS.);
#3793 = CARTESIAN_POINT('',(11.5,0.));
#3794 = CARTESIAN_POINT('',(11.5,7.));
#3795 = ( GEOMETRIC_REPRESENTATION_CONTEXT(2) 
PARAMETRIC_REPRESENTATION_CONTEXT() REPRESENTATION_CONTEXT('2D SPACE',''
  ) );
#3796 = PCURVE('',#2644,#3797);
#3797 = DEFINITIONAL_REPRESENTATION('',(#3798),#3801);
#3798 = B_SPLINE_CURVE_WITH_KNOTS('',1,(#3799,#3800),.UNSPECIFIED.,.F.,
  .F.,(2,2),(0.,7.),.PIECEWISE_BEZIER_KNOTS.);
#3799 = CARTESIAN_POINT('',(16.,0.));
#3800 = CARTESIAN_POINT('',(16.,-7.));
#3801 = ( GEOMETRIC_REPRESENTATION_CONTEXT(2) 
PARAMETRIC_REPRESENTATION_CONTEXT() REPRESENTATION_CONTEXT('2D SPACE',''
  ) );
#3802 = ADVANCED_FACE('',(#3803),#2982,.F.);
#3803 = FACE_BOUND('',#3804,.F.);
#3804 = EDGE_LOOP('',(#3805,#3827,#3848,#3849,#3850,#3851,#3852,#3853));
#3805 = ORIENTED_EDGE('',*,*,#3806,.F.);
#3806 = EDGE_CURVE('',#3807,#3361,#3809,.T.);
#3807 = VERTEX_POINT('',#3808);
#3808 = CARTESIAN_POINT('',(67.5,27.5,24.));
#3809 = SURFACE_CURVE('',#3810,(#3814,#3820),.PCURVE_S1.);
#3810 = LINE('',#3811,#3812);
#3811 = CARTESIAN_POINT('',(1.25,27.5,24.));
#3812 = VECTOR('',#3813,1.);
#3813 = DIRECTION('',(-1.,-0.,0.));
#3814 = PCURVE('',#2982,#3815);
#3815 = DEFINITIONAL_REPRESENTATION('',(#3816),#3819);
#3816 = B_SPLINE_CURVE_WITH_KNOTS('',1,(#3817,#3818),.UNSPECIFIED.,.F.,
  .F.,(2,2),(-66.25,-1.25),.PIECEWISE_BEZIER_KNOTS.);
#3817 = CARTESIAN_POINT('',(11.,65.));
#3818 = CARTESIAN_POINT('',(11.,0.));
#3819 = ( GEOMETRIC_REPRESENTATION_CONTEXT(2) 
PARAMETRIC_REPRESENTATION_CONTEXT() REPRESENTATION_CONTEXT('2D SPACE',''
  ) );
#3820 = PCURVE('',#126,#3821);
#3821 = DEFINITIONAL_REPRESENTATION('',(#3822),#3826);
#3822 = LINE('',#3823,#3824);
#3823 = CARTESIAN_POINT('',(1.25,27.5));
#3824 = VECTOR('',#3825,1.);
#3825 = DIRECTION('',(-1.,0.));
#3826 = ( GEOMETRIC_REPRESENTATION_CONTEXT(2) 
PARAMETRIC_REPRESENTATION_CONTEXT() REPRESENTATION_CONTEXT('2D SPACE',''
  ) );
#3827 = ORIENTED_EDGE('',*,*,#3828,.F.);
#3828 = EDGE_CURVE('',#2942,#3807,#3829,.T.);
#3829 = SURFACE_CURVE('',#3830,(#3834,#3841),.PCURVE_S1.);
#3830 = LINE('',#3831,#3832);
#3831 = CARTESIAN_POINT('',(67.5,27.5,13.));
#3832 = VECTOR('',#3833,1.);
#3833 = DIRECTION('',(0.,0.,1.));
#3834 = PCURVE('',#2982,#3835);
#3835 = DEFINITIONAL_REPRESENTATION('',(#3836),#3840);
#3836 = LINE('',#3837,#3838);
#3837 = CARTESIAN_POINT('',(0.,65.));
#3838 = VECTOR('',#3839,1.);
#3839 = DIRECTION('',(1.,0.));
#3840 = ( GEOMETRIC_REPRESENTATION_CONTEXT(2) 
PARAMETRIC_REPRESENTATION_CONTEXT() REPRESENTATION_CONTEXT('2D SPACE',''
  ) );
#3841 = PCURVE('',#2956,#3842);
#3842 = DEFINITIONAL_REPRESENTATION('',(#3843),#3847);
#3843 = LINE('',#3844,#3845);
#3844 = CARTESIAN_POINT('',(0.,-25.));
#3845 = VECTOR('',#3846,1.);
#3846 = DIRECTION('',(1.,0.));
#3847 = ( GEOMETRIC_REPRESENTATION_CONTEXT(2) 
PARAMETRIC_REPRESENTATION_CONTEXT() REPRESENTATION_CONTEXT('2D SPACE',''
  ) );
#3848 = ORIENTED_EDGE('',*,*,#2967,.F.);
#3849 = ORIENTED_EDGE('',*,*,#3117,.T.);
#3850 = ORIENTED_EDGE('',*,*,#3188,.F.);
#3851 = ORIENTED_EDGE('',*,*,#3236,.F.);
#3852 = ORIENTED_EDGE('',*,*,#3287,.F.);
#3853 = ORIENTED_EDGE('',*,*,#3499,.T.);
#3854 = ADVANCED_FACE('',(#3855),#2956,.F.);
#3855 = FACE_BOUND('',#3856,.F.);
#3856 = EDGE_LOOP('',(#3857,#3880,#3881,#3882));
#3857 = ORIENTED_EDGE('',*,*,#3858,.F.);
#3858 = EDGE_CURVE('',#2916,#3859,#3861,.T.);
#3859 = VERTEX_POINT('',#3860);
#3860 = CARTESIAN_POINT('',(67.5,2.5,24.));
#3861 = SURFACE_CURVE('',#3862,(#3866,#3873),.PCURVE_S1.);
#3862 = LINE('',#3863,#3864);
#3863 = CARTESIAN_POINT('',(67.5,2.5,13.));
#3864 = VECTOR('',#3865,1.);
#3865 = DIRECTION('',(0.,0.,1.));
#3866 = PCURVE('',#2956,#3867);
#3867 = DEFINITIONAL_REPRESENTATION('',(#3868),#3872);
#3868 = LINE('',#3869,#3870);
#3869 = CARTESIAN_POINT('',(0.,0.));
#3870 = VECTOR('',#3871,1.);
#3871 = DIRECTION('',(1.,0.));
#3872 = ( GEOMETRIC_REPRESENTATION_CONTEXT(2) 
PARAMETRIC_REPRESENTATION_CONTEXT() REPRESENTATION_CONTEXT('2D SPACE',''
  ) );
#3873 = PCURVE('',#2930,#3874);
#3874 = DEFINITIONAL_REPRESENTATION('',(#3875),#3879);
#3875 = LINE('',#3876,#3877);
#3876 = CARTESIAN_POINT('',(0.,65.));
#3877 = VECTOR('',#3878,1.);
#3878 = DIRECTION('',(1.,0.));
#3879 = ( GEOMETRIC_REPRESENTATION_CONTEXT(2) 
PARAMETRIC_REPRESENTATION_CONTEXT() REPRESENTATION_CONTEXT('2D SPACE',''
  ) );
#3880 = ORIENTED_EDGE('',*,*,#2941,.F.);
#3881 = ORIENTED_EDGE('',*,*,#3828,.T.);
#3882 = ORIENTED_EDGE('',*,*,#3883,.F.);
#3883 = EDGE_CURVE('',#3859,#3807,#3884,.T.);
#3884 = SURFACE_CURVE('',#3885,(#3889,#3895),.PCURVE_S1.);
#3885 = LINE('',#3886,#3887);
#3886 = CARTESIAN_POINT('',(67.5,1.25,24.));
#3887 = VECTOR('',#3888,1.);
#3888 = DIRECTION('',(-0.,1.,0.));
#3889 = PCURVE('',#2956,#3890);
#3890 = DEFINITIONAL_REPRESENTATION('',(#3891),#3894);
#3891 = B_SPLINE_CURVE_WITH_KNOTS('',1,(#3892,#3893),.UNSPECIFIED.,.F.,
  .F.,(2,2),(1.25,26.25),.PIECEWISE_BEZIER_KNOTS.);
#3892 = CARTESIAN_POINT('',(11.,0.));
#3893 = CARTESIAN_POINT('',(11.,-25.));
#3894 = ( GEOMETRIC_REPRESENTATION_CONTEXT(2) 
PARAMETRIC_REPRESENTATION_CONTEXT() REPRESENTATION_CONTEXT('2D SPACE',''
  ) );
#3895 = PCURVE('',#126,#3896);
#3896 = DEFINITIONAL_REPRESENTATION('',(#3897),#3901);
#3897 = LINE('',#3898,#3899);
#3898 = CARTESIAN_POINT('',(67.5,1.25));
#3899 = VECTOR('',#3900,1.);
#3900 = DIRECTION('',(0.,1.));
#3901 = ( GEOMETRIC_REPRESENTATION_CONTEXT(2) 
PARAMETRIC_REPRESENTATION_CONTEXT() REPRESENTATION_CONTEXT('2D SPACE',''
  ) );
#3902 = ADVANCED_FACE('',(#3903),#2930,.T.);
#3903 = FACE_BOUND('',#3904,.T.);
#3904 = EDGE_LOOP('',(#3905,#3925,#3926,#3927,#3946,#3947,#3948,#3949));
#3905 = ORIENTED_EDGE('',*,*,#3906,.F.);
#3906 = EDGE_CURVE('',#3859,#3359,#3907,.T.);
#3907 = SURFACE_CURVE('',#3908,(#3912,#3918),.PCURVE_S1.);
#3908 = LINE('',#3909,#3910);
#3909 = CARTESIAN_POINT('',(1.25,2.5,24.));
#3910 = VECTOR('',#3911,1.);
#3911 = DIRECTION('',(-1.,-0.,0.));
#3912 = PCURVE('',#2930,#3913);
#3913 = DEFINITIONAL_REPRESENTATION('',(#3914),#3917);
#3914 = B_SPLINE_CURVE_WITH_KNOTS('',1,(#3915,#3916),.UNSPECIFIED.,.F.,
  .F.,(2,2),(-66.25,-41.25),.PIECEWISE_BEZIER_KNOTS.);
#3915 = CARTESIAN_POINT('',(11.,65.));
#3916 = CARTESIAN_POINT('',(11.,40.));
#3917 = ( GEOMETRIC_REPRESENTATION_CONTEXT(2) 
PARAMETRIC_REPRESENTATION_CONTEXT() REPRESENTATION_CONTEXT('2D SPACE',''
  ) );
#3918 = PCURVE('',#126,#3919);
#3919 = DEFINITIONAL_REPRESENTATION('',(#3920),#3924);
#3920 = LINE('',#3921,#3922);
#3921 = CARTESIAN_POINT('',(1.25,2.5));
#3922 = VECTOR('',#3923,1.);
#3923 = DIRECTION('',(-1.,0.));
#3924 = ( GEOMETRIC_REPRESENTATION_CONTEXT(2) 
PARAMETRIC_REPRESENTATION_CONTEXT() REPRESENTATION_CONTEXT('2D SPACE',''
  ) );
#3925 = ORIENTED_EDGE('',*,*,#3858,.F.);
#3926 = ORIENTED_EDGE('',*,*,#2915,.F.);
#3927 = ORIENTED_EDGE('',*,*,#3928,.T.);
#3928 = EDGE_CURVE('',#2886,#3671,#3929,.T.);
#3929 = SURFACE_CURVE('',#3930,(#3934,#3940),.PCURVE_S1.);
#3930 = LINE('',#3931,#3932);
#3931 = CARTESIAN_POINT('',(61.4,2.5,12.45));
#3932 = VECTOR('',#3933,1.);
#3933 = DIRECTION('',(-0.,0.,-1.));
#3934 = PCURVE('',#2930,#3935);
#3935 = DEFINITIONAL_REPRESENTATION('',(#3936),#3939);
#3936 = B_SPLINE_CURVE_WITH_KNOTS('',1,(#3937,#3938),.UNSPECIFIED.,.F.,
  .F.,(2,2),(-7.65,-0.55),.PIECEWISE_BEZIER_KNOTS.);
#3937 = CARTESIAN_POINT('',(7.1,58.9));
#3938 = CARTESIAN_POINT('',(0.,58.9));
#3939 = ( GEOMETRIC_REPRESENTATION_CONTEXT(2) 
PARAMETRIC_REPRESENTATION_CONTEXT() REPRESENTATION_CONTEXT('2D SPACE',''
  ) );
#3940 = PCURVE('',#2903,#3941);
#3941 = DEFINITIONAL_REPRESENTATION('',(#3942),#3945);
#3942 = B_SPLINE_CURVE_WITH_KNOTS('',1,(#3943,#3944),.UNSPECIFIED.,.F.,
  .F.,(2,2),(-7.65,-0.55),.PIECEWISE_BEZIER_KNOTS.);
#3943 = CARTESIAN_POINT('',(8.2,-5.5));
#3944 = CARTESIAN_POINT('',(1.1,-5.5));
#3945 = ( GEOMETRIC_REPRESENTATION_CONTEXT(2) 
PARAMETRIC_REPRESENTATION_CONTEXT() REPRESENTATION_CONTEXT('2D SPACE',''
  ) );
#3946 = ORIENTED_EDGE('',*,*,#3670,.F.);
#3947 = ORIENTED_EDGE('',*,*,#3598,.F.);
#3948 = ORIENTED_EDGE('',*,*,#3523,.F.);
#3949 = ORIENTED_EDGE('',*,*,#3383,.F.);
#3950 = ADVANCED_FACE('',(#3951),#2903,.F.);
#3951 = FACE_BOUND('',#3952,.F.);
#3952 = EDGE_LOOP('',(#3953,#3954,#3955,#3956));
#3953 = ORIENTED_EDGE('',*,*,#2885,.F.);
#3954 = ORIENTED_EDGE('',*,*,#3928,.T.);
#3955 = ORIENTED_EDGE('',*,*,#3693,.T.);
#3956 = ORIENTED_EDGE('',*,*,#3957,.T.);
#3957 = EDGE_CURVE('',#3694,#2888,#3958,.T.);
#3958 = SURFACE_CURVE('',#3959,(#3963,#3970),.PCURVE_S1.);
#3959 = LINE('',#3960,#3961);
#3960 = CARTESIAN_POINT('',(61.4,16.5,13.));
#3961 = VECTOR('',#3962,1.);
#3962 = DIRECTION('',(0.,0.,1.));
#3963 = PCURVE('',#2903,#3964);
#3964 = DEFINITIONAL_REPRESENTATION('',(#3965),#3969);
#3965 = LINE('',#3966,#3967);
#3966 = CARTESIAN_POINT('',(1.1,-19.5));
#3967 = VECTOR('',#3968,1.);
#3968 = DIRECTION('',(1.,0.));
#3969 = ( GEOMETRIC_REPRESENTATION_CONTEXT(2) 
PARAMETRIC_REPRESENTATION_CONTEXT() REPRESENTATION_CONTEXT('2D SPACE',''
  ) );
#3970 = PCURVE('',#2568,#3971);
#3971 = DEFINITIONAL_REPRESENTATION('',(#3972),#3976);
#3972 = LINE('',#3973,#3974);
#3973 = CARTESIAN_POINT('',(6.,4.4));
#3974 = VECTOR('',#3975,1.);
#3975 = DIRECTION('',(1.,0.));
#3976 = ( GEOMETRIC_REPRESENTATION_CONTEXT(2) 
PARAMETRIC_REPRESENTATION_CONTEXT() REPRESENTATION_CONTEXT('2D SPACE',''
  ) );
#3977 = ADVANCED_FACE('',(#3978),#2620,.T.);
#3978 = FACE_BOUND('',#3979,.T.);
#3979 = EDGE_LOOP('',(#3980,#3981,#3982,#3983,#3984,#3985,#3986,#3987,
    #3988,#3989,#3990,#4011));
#3980 = ORIENTED_EDGE('',*,*,#2710,.F.);
#3981 = ORIENTED_EDGE('',*,*,#2735,.T.);
#3982 = ORIENTED_EDGE('',*,*,#2860,.F.);
#3983 = ORIENTED_EDGE('',*,*,#3021,.T.);
#3984 = ORIENTED_EDGE('',*,*,#3068,.F.);
#3985 = ORIENTED_EDGE('',*,*,#3167,.T.);
#3986 = ORIENTED_EDGE('',*,*,#3212,.F.);
#3987 = ORIENTED_EDGE('',*,*,#3334,.F.);
#3988 = ORIENTED_EDGE('',*,*,#3478,.F.);
#3989 = ORIENTED_EDGE('',*,*,#3737,.T.);
#3990 = ORIENTED_EDGE('',*,*,#3991,.T.);
#3991 = EDGE_CURVE('',#3738,#2606,#3992,.T.);
#3992 = SURFACE_CURVE('',#3993,(#3997,#4004),.PCURVE_S1.);
#3993 = LINE('',#3994,#3995);
#3994 = CARTESIAN_POINT('',(57.,23.5,7.));
#3995 = VECTOR('',#3996,1.);
#3996 = DIRECTION('',(0.,0.,1.));
#3997 = PCURVE('',#2620,#3998);
#3998 = DEFINITIONAL_REPRESENTATION('',(#3999),#4003);
#3999 = LINE('',#4000,#4001);
#4000 = CARTESIAN_POINT('',(0.,0.));
#4001 = VECTOR('',#4002,1.);
#4002 = DIRECTION('',(1.,0.));
#4003 = ( GEOMETRIC_REPRESENTATION_CONTEXT(2) 
PARAMETRIC_REPRESENTATION_CONTEXT() REPRESENTATION_CONTEXT('2D SPACE',''
  ) );
#4004 = PCURVE('',#2644,#4005);
#4005 = DEFINITIONAL_REPRESENTATION('',(#4006),#4010);
#4006 = LINE('',#4007,#4008);
#4007 = CARTESIAN_POINT('',(0.,-7.));
#4008 = VECTOR('',#4009,1.);
#4009 = DIRECTION('',(1.,0.));
#4010 = ( GEOMETRIC_REPRESENTATION_CONTEXT(2) 
PARAMETRIC_REPRESENTATION_CONTEXT() REPRESENTATION_CONTEXT('2D SPACE',''
  ) );
#4011 = ORIENTED_EDGE('',*,*,#2605,.F.);
#4012 = ADVANCED_FACE('',(#4013),#2644,.F.);
#4013 = FACE_BOUND('',#4014,.F.);
#4014 = EDGE_LOOP('',(#4015,#4036,#4037,#4038));
#4015 = ORIENTED_EDGE('',*,*,#4016,.F.);
#4016 = EDGE_CURVE('',#3762,#2554,#4017,.T.);
#4017 = SURFACE_CURVE('',#4018,(#4022,#4029),.PCURVE_S1.);
#4018 = LINE('',#4019,#4020);
#4019 = CARTESIAN_POINT('',(57.,16.5,7.));
#4020 = VECTOR('',#4021,1.);
#4021 = DIRECTION('',(0.,0.,1.));
#4022 = PCURVE('',#2644,#4023);
#4023 = DEFINITIONAL_REPRESENTATION('',(#4024),#4028);
#4024 = LINE('',#4025,#4026);
#4025 = CARTESIAN_POINT('',(0.,0.));
#4026 = VECTOR('',#4027,1.);
#4027 = DIRECTION('',(1.,0.));
#4028 = ( GEOMETRIC_REPRESENTATION_CONTEXT(2) 
PARAMETRIC_REPRESENTATION_CONTEXT() REPRESENTATION_CONTEXT('2D SPACE',''
  ) );
#4029 = PCURVE('',#2568,#4030);
#4030 = DEFINITIONAL_REPRESENTATION('',(#4031),#4035);
#4031 = LINE('',#4032,#4033);
#4032 = CARTESIAN_POINT('',(0.,0.));
#4033 = VECTOR('',#4034,1.);
#4034 = DIRECTION('',(1.,0.));
#4035 = ( GEOMETRIC_REPRESENTATION_CONTEXT(2) 
PARAMETRIC_REPRESENTATION_CONTEXT() REPRESENTATION_CONTEXT('2D SPACE',''
  ) );
#4036 = ORIENTED_EDGE('',*,*,#3784,.T.);
#4037 = ORIENTED_EDGE('',*,*,#3991,.T.);
#4038 = ORIENTED_EDGE('',*,*,#2631,.F.);
#4039 = ADVANCED_FACE('',(#4040),#2568,.F.);
#4040 = FACE_BOUND('',#4041,.F.);
#4041 = EDGE_LOOP('',(#4042,#4043,#4044,#4045,#4046,#4047,#4048,#4049,
    #4050,#4051,#4052,#4053));
#4042 = ORIENTED_EDGE('',*,*,#2661,.F.);
#4043 = ORIENTED_EDGE('',*,*,#2759,.T.);
#4044 = ORIENTED_EDGE('',*,*,#2811,.F.);
#4045 = ORIENTED_EDGE('',*,*,#3043,.F.);
#4046 = ORIENTED_EDGE('',*,*,#3957,.F.);
#4047 = ORIENTED_EDGE('',*,*,#3714,.T.);
#4048 = ORIENTED_EDGE('',*,*,#3645,.F.);
#4049 = ORIENTED_EDGE('',*,*,#3572,.F.);
#4050 = ORIENTED_EDGE('',*,*,#3430,.F.);
#4051 = ORIENTED_EDGE('',*,*,#3761,.T.);
#4052 = ORIENTED_EDGE('',*,*,#4016,.T.);
#4053 = ORIENTED_EDGE('',*,*,#2551,.F.);
#4054 = ADVANCED_FACE('',(#4055),#1253,.F.);
#4055 = FACE_BOUND('',#4056,.F.);
#4056 = EDGE_LOOP('',(#4057,#4058,#4081,#4108,#4109,#4110,#4111));
#4057 = ORIENTED_EDGE('',*,*,#1231,.T.);
#4058 = ORIENTED_EDGE('',*,*,#4059,.T.);
#4059 = EDGE_CURVE('',#1209,#4060,#4062,.T.);
#4060 = VERTEX_POINT('',#4061);
#4061 = CARTESIAN_POINT('',(62.5,20.,18.5));
#4062 = SEAM_CURVE('',#4063,(#4067,#4074),.PCURVE_S1.);
#4063 = LINE('',#4064,#4065);
#4064 = CARTESIAN_POINT('',(48.,20.,18.5));
#4065 = VECTOR('',#4066,1.);
#4066 = DIRECTION('',(1.,0.,0.));
#4067 = PCURVE('',#1253,#4068);
#4068 = DEFINITIONAL_REPRESENTATION('',(#4069),#4073);
#4069 = LINE('',#4070,#4071);
#4070 = CARTESIAN_POINT('',(0.,-0.));
#4071 = VECTOR('',#4072,1.);
#4072 = DIRECTION('',(0.,1.));
#4073 = ( GEOMETRIC_REPRESENTATION_CONTEXT(2) 
PARAMETRIC_REPRESENTATION_CONTEXT() REPRESENTATION_CONTEXT('2D SPACE',''
  ) );
#4074 = PCURVE('',#1253,#4075);
#4075 = DEFINITIONAL_REPRESENTATION('',(#4076),#4080);
#4076 = LINE('',#4077,#4078);
#4077 = CARTESIAN_POINT('',(6.28318530718,-0.));
#4078 = VECTOR('',#4079,1.);
#4079 = DIRECTION('',(0.,1.));
#4080 = ( GEOMETRIC_REPRESENTATION_CONTEXT(2) 
PARAMETRIC_REPRESENTATION_CONTEXT() REPRESENTATION_CONTEXT('2D SPACE',''
  ) );
#4081 = ORIENTED_EDGE('',*,*,#4082,.F.);
#4082 = EDGE_CURVE('',#4060,#4060,#4083,.T.);
#4083 = SURFACE_CURVE('',#4084,(#4089,#4096),.PCURVE_S1.);
#4084 = CIRCLE('',#4085,1.);
#4085 = AXIS2_PLACEMENT_3D('',#4086,#4087,#4088);
#4086 = CARTESIAN_POINT('',(62.5,20.,19.5));
#4087 = DIRECTION('',(1.,-0.,0.));
#4088 = DIRECTION('',(0.,0.,-1.));
#4089 = PCURVE('',#1253,#4090);
#4090 = DEFINITIONAL_REPRESENTATION('',(#4091),#4095);
#4091 = LINE('',#4092,#4093);
#4092 = CARTESIAN_POINT('',(0.,14.5));
#4093 = VECTOR('',#4094,1.);
#4094 = DIRECTION('',(1.,0.));
#4095 = ( GEOMETRIC_REPRESENTATION_CONTEXT(2) 
PARAMETRIC_REPRESENTATION_CONTEXT() REPRESENTATION_CONTEXT('2D SPACE',''
  ) );
#4096 = PCURVE('',#4097,#4102);
#4097 = PLANE('',#4098);
#4098 = AXIS2_PLACEMENT_3D('',#4099,#4100,#4101);
#4099 = CARTESIAN_POINT('',(62.5,20.,19.5));
#4100 = DIRECTION('',(1.,0.,0.));
#4101 = DIRECTION('',(0.,0.,-1.));
#4102 = DEFINITIONAL_REPRESENTATION('',(#4103),#4107);
#4103 = CIRCLE('',#4104,1.);
#4104 = AXIS2_PLACEMENT_2D('',#4105,#4106);
#4105 = CARTESIAN_POINT('',(0.,0.));
#4106 = DIRECTION('',(1.,0.));
#4107 = ( GEOMETRIC_REPRESENTATION_CONTEXT(2) 
PARAMETRIC_REPRESENTATION_CONTEXT() REPRESENTATION_CONTEXT('2D SPACE',''
  ) );
#4108 = ORIENTED_EDGE('',*,*,#4059,.F.);
#4109 = ORIENTED_EDGE('',*,*,#1343,.T.);
#4110 = ORIENTED_EDGE('',*,*,#2515,.T.);
#4111 = ORIENTED_EDGE('',*,*,#2430,.T.);
#4112 = ADVANCED_FACE('',(#4113),#4097,.F.);
#4113 = FACE_BOUND('',#4114,.F.);
#4114 = EDGE_LOOP('',(#4115));
#4115 = ORIENTED_EDGE('',*,*,#4082,.T.);
#4116 = ADVANCED_FACE('',(#4117),#1162,.F.);
#4117 = FACE_BOUND('',#4118,.F.);
#4118 = EDGE_LOOP('',(#4119,#4142,#4181,#4220,#4254,#4286,#4287));
#4119 = ORIENTED_EDGE('',*,*,#4120,.T.);
#4120 = EDGE_CURVE('',#1146,#4121,#4123,.T.);
#4121 = VERTEX_POINT('',#4122);
#4122 = CARTESIAN_POINT('',(10.,8.,18.5));
#4123 = SEAM_CURVE('',#4124,(#4128,#4135),.PCURVE_S1.);
#4124 = LINE('',#4125,#4126);
#4125 = CARTESIAN_POINT('',(10.,8.,9.5));
#4126 = VECTOR('',#4127,1.);
#4127 = DIRECTION('',(0.,0.,1.));
#4128 = PCURVE('',#1162,#4129);
#4129 = DEFINITIONAL_REPRESENTATION('',(#4130),#4134);
#4130 = LINE('',#4131,#4132);
#4131 = CARTESIAN_POINT('',(6.28318530718,-0.));
#4132 = VECTOR('',#4133,1.);
#4133 = DIRECTION('',(0.,1.));
#4134 = ( GEOMETRIC_REPRESENTATION_CONTEXT(2) 
PARAMETRIC_REPRESENTATION_CONTEXT() REPRESENTATION_CONTEXT('2D SPACE',''
  ) );
#4135 = PCURVE('',#1162,#4136);
#4136 = DEFINITIONAL_REPRESENTATION('',(#4137),#4141);
#4137 = LINE('',#4138,#4139);
#4138 = CARTESIAN_POINT('',(0.,-0.));
#4139 = VECTOR('',#4140,1.);
#4140 = DIRECTION('',(0.,1.));
#4141 = ( GEOMETRIC_REPRESENTATION_CONTEXT(2) 
PARAMETRIC_REPRESENTATION_CONTEXT() REPRESENTATION_CONTEXT('2D SPACE',''
  ) );
#4142 = ORIENTED_EDGE('',*,*,#4143,.F.);
#4143 = EDGE_CURVE('',#4144,#4121,#4146,.T.);
#4144 = VERTEX_POINT('',#4145);
#4145 = CARTESIAN_POINT('',(9.,7.,19.5));
#4146 = SURFACE_CURVE('',#4147,(#4152,#4164),.PCURVE_S1.);
#4147 = ELLIPSE('',#4148,1.414213562373,1.);
#4148 = AXIS2_PLACEMENT_3D('',#4149,#4150,#4151);
#4149 = CARTESIAN_POINT('',(9.,8.,19.5));
#4150 = DIRECTION('',(0.707106781187,0.,0.707106781187));
#4151 = DIRECTION('',(0.707106781187,0.,-0.707106781187));
#4152 = PCURVE('',#1162,#4153);
#4153 = DEFINITIONAL_REPRESENTATION('',(#4154),#4163);
#4154 = B_SPLINE_CURVE_WITH_KNOTS('',7,(#4155,#4156,#4157,#4158,#4159,
    #4160,#4161,#4162),.UNSPECIFIED.,.F.,.F.,(8,8),(4.712388980385,
    6.28318530718),.PIECEWISE_BEZIER_KNOTS.);
#4155 = CARTESIAN_POINT('',(4.712388980385,10.));
#4156 = CARTESIAN_POINT('',(4.936788455641,9.775600524744));
#4157 = CARTESIAN_POINT('',(5.161187930898,9.551201960682));
#4158 = CARTESIAN_POINT('',(5.385587406154,9.345253174228));
#4159 = CARTESIAN_POINT('',(5.60998688141,9.176237495375));
#4160 = CARTESIAN_POINT('',(5.834386356667,9.058748672609));
#4161 = CARTESIAN_POINT('',(6.058785831923,9.));
#4162 = CARTESIAN_POINT('',(6.28318530718,9.));
#4163 = ( GEOMETRIC_REPRESENTATION_CONTEXT(2) 
PARAMETRIC_REPRESENTATION_CONTEXT() REPRESENTATION_CONTEXT('2D SPACE',''
  ) );
#4164 = PCURVE('',#4165,#4170);
#4165 = CYLINDRICAL_SURFACE('',#4166,1.);
#4166 = AXIS2_PLACEMENT_3D('',#4167,#4168,#4169);
#4167 = CARTESIAN_POINT('',(7.,8.,19.5));
#4168 = DIRECTION('',(1.,0.,0.));
#4169 = DIRECTION('',(0.,0.,-1.));
#4170 = DEFINITIONAL_REPRESENTATION('',(#4171),#4180);
#4171 = B_SPLINE_CURVE_WITH_KNOTS('',7,(#4172,#4173,#4174,#4175,#4176,
    #4177,#4178,#4179),.UNSPECIFIED.,.F.,.F.,(8,8),(4.712388980385,
    6.28318530718),.PIECEWISE_BEZIER_KNOTS.);
#4172 = CARTESIAN_POINT('',(4.712388980385,2.));
#4173 = CARTESIAN_POINT('',(4.936788455641,2.224399475256));
#4174 = CARTESIAN_POINT('',(5.161187930898,2.448798039319));
#4175 = CARTESIAN_POINT('',(5.385587406154,2.654746825774));
#4176 = CARTESIAN_POINT('',(5.60998688141,2.823762504625));
#4177 = CARTESIAN_POINT('',(5.834386356667,2.94125132739));
#4178 = CARTESIAN_POINT('',(6.058785831923,3.));
#4179 = CARTESIAN_POINT('',(6.28318530718,3.));
#4180 = ( GEOMETRIC_REPRESENTATION_CONTEXT(2) 
PARAMETRIC_REPRESENTATION_CONTEXT() REPRESENTATION_CONTEXT('2D SPACE',''
  ) );
#4181 = ORIENTED_EDGE('',*,*,#4182,.T.);
#4182 = EDGE_CURVE('',#4144,#4183,#4185,.T.);
#4183 = VERTEX_POINT('',#4184);
#4184 = CARTESIAN_POINT('',(8.,8.,18.5));
#4185 = SURFACE_CURVE('',#4186,(#4191,#4203),.PCURVE_S1.);
#4186 = ELLIPSE('',#4187,1.414213562373,1.);
#4187 = AXIS2_PLACEMENT_3D('',#4188,#4189,#4190);
#4188 = CARTESIAN_POINT('',(9.,8.,19.5));
#4189 = DIRECTION('',(0.707106781187,0.,-0.707106781187));
#4190 = DIRECTION('',(0.707106781187,0.,0.707106781187));
#4191 = PCURVE('',#1162,#4192);
#4192 = DEFINITIONAL_REPRESENTATION('',(#4193),#4202);
#4193 = B_SPLINE_CURVE_WITH_KNOTS('',7,(#4194,#4195,#4196,#4197,#4198,
    #4199,#4200,#4201),.UNSPECIFIED.,.F.,.F.,(8,8),(1.570796326795,
    3.14159265359),.PIECEWISE_BEZIER_KNOTS.);
#4194 = CARTESIAN_POINT('',(4.712388980385,10.));
#4195 = CARTESIAN_POINT('',(4.487989505128,9.775600524744));
#4196 = CARTESIAN_POINT('',(4.263590029871,9.551201960682));
#4197 = CARTESIAN_POINT('',(4.039190554616,9.345253174228));
#4198 = CARTESIAN_POINT('',(3.814791079359,9.176237495375));
#4199 = CARTESIAN_POINT('',(3.590391604102,9.058748672609));
#4200 = CARTESIAN_POINT('',(3.365992128846,9.));
#4201 = CARTESIAN_POINT('',(3.14159265359,9.));
#4202 = ( GEOMETRIC_REPRESENTATION_CONTEXT(2) 
PARAMETRIC_REPRESENTATION_CONTEXT() REPRESENTATION_CONTEXT('2D SPACE',''
  ) );
#4203 = PCURVE('',#4204,#4209);
#4204 = CYLINDRICAL_SURFACE('',#4205,1.);
#4205 = AXIS2_PLACEMENT_3D('',#4206,#4207,#4208);
#4206 = CARTESIAN_POINT('',(7.,8.,19.5));
#4207 = DIRECTION('',(1.,0.,0.));
#4208 = DIRECTION('',(0.,0.,-1.));
#4209 = DEFINITIONAL_REPRESENTATION('',(#4210),#4219);
#4210 = B_SPLINE_CURVE_WITH_KNOTS('',7,(#4211,#4212,#4213,#4214,#4215,
    #4216,#4217,#4218),.UNSPECIFIED.,.F.,.F.,(8,8),(1.570796326795,
    3.14159265359),.PIECEWISE_BEZIER_KNOTS.);
#4211 = CARTESIAN_POINT('',(4.712388980385,2.));
#4212 = CARTESIAN_POINT('',(4.936788455641,1.775600524744));
#4213 = CARTESIAN_POINT('',(5.161187930898,1.551201960681));
#4214 = CARTESIAN_POINT('',(5.385587406154,1.345253174226));
#4215 = CARTESIAN_POINT('',(5.60998688141,1.176237495375));
#4216 = CARTESIAN_POINT('',(5.834386356667,1.05874867261));
#4217 = CARTESIAN_POINT('',(6.058785831923,1.));
#4218 = CARTESIAN_POINT('',(6.28318530718,1.));
#4219 = ( GEOMETRIC_REPRESENTATION_CONTEXT(2) 
PARAMETRIC_REPRESENTATION_CONTEXT() REPRESENTATION_CONTEXT('2D SPACE',''
  ) );
#4220 = ORIENTED_EDGE('',*,*,#4221,.T.);
#4221 = EDGE_CURVE('',#4183,#4222,#4224,.T.);
#4222 = VERTEX_POINT('',#4223);
#4223 = CARTESIAN_POINT('',(9.,9.,19.5));
#4224 = SURFACE_CURVE('',#4225,(#4230,#4242),.PCURVE_S1.);
#4225 = ELLIPSE('',#4226,1.414213562373,1.);
#4226 = AXIS2_PLACEMENT_3D('',#4227,#4228,#4229);
#4227 = CARTESIAN_POINT('',(9.,8.,19.5));
#4228 = DIRECTION('',(0.707106781187,0.,-0.707106781187));
#4229 = DIRECTION('',(0.707106781187,0.,0.707106781187));
#4230 = PCURVE('',#1162,#4231);
#4231 = DEFINITIONAL_REPRESENTATION('',(#4232),#4241);
#4232 = B_SPLINE_CURVE_WITH_KNOTS('',7,(#4233,#4234,#4235,#4236,#4237,
    #4238,#4239,#4240),.UNSPECIFIED.,.F.,.F.,(8,8),(3.14159265359,
    4.712388980385),.PIECEWISE_BEZIER_KNOTS.);
#4233 = CARTESIAN_POINT('',(3.14159265359,9.));
#4234 = CARTESIAN_POINT('',(2.917193178333,9.));
#4235 = CARTESIAN_POINT('',(2.692793703077,9.058748672608));
#4236 = CARTESIAN_POINT('',(2.468394227821,9.176237495379));
#4237 = CARTESIAN_POINT('',(2.243994752564,9.345253174224));
#4238 = CARTESIAN_POINT('',(2.019595277308,9.551201960682));
#4239 = CARTESIAN_POINT('',(1.795195802051,9.775600524744));
#4240 = CARTESIAN_POINT('',(1.570796326795,10.));
#4241 = ( GEOMETRIC_REPRESENTATION_CONTEXT(2) 
PARAMETRIC_REPRESENTATION_CONTEXT() REPRESENTATION_CONTEXT('2D SPACE',''
  ) );
#4242 = PCURVE('',#4204,#4243);
#4243 = DEFINITIONAL_REPRESENTATION('',(#4244),#4253);
#4244 = B_SPLINE_CURVE_WITH_KNOTS('',7,(#4245,#4246,#4247,#4248,#4249,
    #4250,#4251,#4252),.UNSPECIFIED.,.F.,.F.,(8,8),(3.14159265359,
    4.712388980385),.PIECEWISE_BEZIER_KNOTS.);
#4245 = CARTESIAN_POINT('',(0.,1.));
#4246 = CARTESIAN_POINT('',(0.224399475256,1.));
#4247 = CARTESIAN_POINT('',(0.448798950513,1.05874867261));
#4248 = CARTESIAN_POINT('',(0.673198425769,1.176237495375));
#4249 = CARTESIAN_POINT('',(0.897597901026,1.345253174227));
#4250 = CARTESIAN_POINT('',(1.121997376282,1.551201960681));
#4251 = CARTESIAN_POINT('',(1.346396851538,1.775600524744));
#4252 = CARTESIAN_POINT('',(1.570796326795,2.));
#4253 = ( GEOMETRIC_REPRESENTATION_CONTEXT(2) 
PARAMETRIC_REPRESENTATION_CONTEXT() REPRESENTATION_CONTEXT('2D SPACE',''
  ) );
#4254 = ORIENTED_EDGE('',*,*,#4255,.F.);
#4255 = EDGE_CURVE('',#4121,#4222,#4256,.T.);
#4256 = SURFACE_CURVE('',#4257,(#4262,#4274),.PCURVE_S1.);
#4257 = ELLIPSE('',#4258,1.414213562373,1.);
#4258 = AXIS2_PLACEMENT_3D('',#4259,#4260,#4261);
#4259 = CARTESIAN_POINT('',(9.,8.,19.5));
#4260 = DIRECTION('',(0.707106781187,0.,0.707106781187));
#4261 = DIRECTION('',(0.707106781187,0.,-0.707106781187));
#4262 = PCURVE('',#1162,#4263);
#4263 = DEFINITIONAL_REPRESENTATION('',(#4264),#4273);
#4264 = B_SPLINE_CURVE_WITH_KNOTS('',7,(#4265,#4266,#4267,#4268,#4269,
    #4270,#4271,#4272),.UNSPECIFIED.,.F.,.F.,(8,8),(0.,1.570796326795),
  .PIECEWISE_BEZIER_KNOTS.);
#4265 = CARTESIAN_POINT('',(0.,9.));
#4266 = CARTESIAN_POINT('',(0.224399475256,9.));
#4267 = CARTESIAN_POINT('',(0.448798950513,9.05874867261));
#4268 = CARTESIAN_POINT('',(0.673198425769,9.176237495375));
#4269 = CARTESIAN_POINT('',(0.897597901026,9.34525317423));
#4270 = CARTESIAN_POINT('',(1.121997376282,9.551201960681));
#4271 = CARTESIAN_POINT('',(1.346396851538,9.775600524744));
#4272 = CARTESIAN_POINT('',(1.570796326795,10.));
#4273 = ( GEOMETRIC_REPRESENTATION_CONTEXT(2) 
PARAMETRIC_REPRESENTATION_CONTEXT() REPRESENTATION_CONTEXT('2D SPACE',''
  ) );
#4274 = PCURVE('',#4165,#4275);
#4275 = DEFINITIONAL_REPRESENTATION('',(#4276),#4285);
#4276 = B_SPLINE_CURVE_WITH_KNOTS('',7,(#4277,#4278,#4279,#4280,#4281,
    #4282,#4283,#4284),.UNSPECIFIED.,.F.,.F.,(8,8),(0.,1.570796326795),
  .PIECEWISE_BEZIER_KNOTS.);
#4277 = CARTESIAN_POINT('',(0.,3.));
#4278 = CARTESIAN_POINT('',(0.224399475256,3.));
#4279 = CARTESIAN_POINT('',(0.448798950513,2.94125132739));
#4280 = CARTESIAN_POINT('',(0.673198425769,2.823762504624));
#4281 = CARTESIAN_POINT('',(0.897597901026,2.654746825775));
#4282 = CARTESIAN_POINT('',(1.121997376282,2.448798039319));
#4283 = CARTESIAN_POINT('',(1.346396851538,2.224399475256));
#4284 = CARTESIAN_POINT('',(1.570796326795,2.));
#4285 = ( GEOMETRIC_REPRESENTATION_CONTEXT(2) 
PARAMETRIC_REPRESENTATION_CONTEXT() REPRESENTATION_CONTEXT('2D SPACE',''
  ) );
#4286 = ORIENTED_EDGE('',*,*,#4120,.F.);
#4287 = ORIENTED_EDGE('',*,*,#1145,.T.);
#4288 = ADVANCED_FACE('',(#4289),#4204,.F.);
#4289 = FACE_BOUND('',#4290,.F.);
#4290 = EDGE_LOOP('',(#4291,#4292,#4315,#4342,#4343,#4344));
#4291 = ORIENTED_EDGE('',*,*,#4221,.F.);
#4292 = ORIENTED_EDGE('',*,*,#4293,.F.);
#4293 = EDGE_CURVE('',#4294,#4183,#4296,.T.);
#4294 = VERTEX_POINT('',#4295);
#4295 = CARTESIAN_POINT('',(7.,8.,18.5));
#4296 = SEAM_CURVE('',#4297,(#4301,#4308),.PCURVE_S1.);
#4297 = LINE('',#4298,#4299);
#4298 = CARTESIAN_POINT('',(7.,8.,18.5));
#4299 = VECTOR('',#4300,1.);
#4300 = DIRECTION('',(1.,0.,0.));
#4301 = PCURVE('',#4204,#4302);
#4302 = DEFINITIONAL_REPRESENTATION('',(#4303),#4307);
#4303 = LINE('',#4304,#4305);
#4304 = CARTESIAN_POINT('',(6.28318530718,-0.));
#4305 = VECTOR('',#4306,1.);
#4306 = DIRECTION('',(0.,1.));
#4307 = ( GEOMETRIC_REPRESENTATION_CONTEXT(2) 
PARAMETRIC_REPRESENTATION_CONTEXT() REPRESENTATION_CONTEXT('2D SPACE',''
  ) );
#4308 = PCURVE('',#4204,#4309);
#4309 = DEFINITIONAL_REPRESENTATION('',(#4310),#4314);
#4310 = LINE('',#4311,#4312);
#4311 = CARTESIAN_POINT('',(0.,-0.));
#4312 = VECTOR('',#4313,1.);
#4313 = DIRECTION('',(0.,1.));
#4314 = ( GEOMETRIC_REPRESENTATION_CONTEXT(2) 
PARAMETRIC_REPRESENTATION_CONTEXT() REPRESENTATION_CONTEXT('2D SPACE',''
  ) );
#4315 = ORIENTED_EDGE('',*,*,#4316,.T.);
#4316 = EDGE_CURVE('',#4294,#4294,#4317,.T.);
#4317 = SURFACE_CURVE('',#4318,(#4323,#4330),.PCURVE_S1.);
#4318 = CIRCLE('',#4319,1.);
#4319 = AXIS2_PLACEMENT_3D('',#4320,#4321,#4322);
#4320 = CARTESIAN_POINT('',(7.,8.,19.5));
#4321 = DIRECTION('',(1.,-0.,0.));
#4322 = DIRECTION('',(0.,0.,-1.));
#4323 = PCURVE('',#4204,#4324);
#4324 = DEFINITIONAL_REPRESENTATION('',(#4325),#4329);
#4325 = LINE('',#4326,#4327);
#4326 = CARTESIAN_POINT('',(0.,0.));
#4327 = VECTOR('',#4328,1.);
#4328 = DIRECTION('',(1.,0.));
#4329 = ( GEOMETRIC_REPRESENTATION_CONTEXT(2) 
PARAMETRIC_REPRESENTATION_CONTEXT() REPRESENTATION_CONTEXT('2D SPACE',''
  ) );
#4330 = PCURVE('',#4331,#4336);
#4331 = PLANE('',#4332);
#4332 = AXIS2_PLACEMENT_3D('',#4333,#4334,#4335);
#4333 = CARTESIAN_POINT('',(7.,8.,19.5));
#4334 = DIRECTION('',(1.,0.,0.));
#4335 = DIRECTION('',(0.,0.,-1.));
#4336 = DEFINITIONAL_REPRESENTATION('',(#4337),#4341);
#4337 = CIRCLE('',#4338,1.);
#4338 = AXIS2_PLACEMENT_2D('',#4339,#4340);
#4339 = CARTESIAN_POINT('',(0.,0.));
#4340 = DIRECTION('',(1.,0.));
#4341 = ( GEOMETRIC_REPRESENTATION_CONTEXT(2) 
PARAMETRIC_REPRESENTATION_CONTEXT() REPRESENTATION_CONTEXT('2D SPACE',''
  ) );
#4342 = ORIENTED_EDGE('',*,*,#4293,.T.);
#4343 = ORIENTED_EDGE('',*,*,#4182,.F.);
#4344 = ORIENTED_EDGE('',*,*,#4345,.F.);
#4345 = EDGE_CURVE('',#4222,#4144,#4346,.T.);
#4346 = SURFACE_CURVE('',#4347,(#4352,#4370),.PCURVE_S1.);
#4347 = ELLIPSE('',#4348,1.414213562373,1.);
#4348 = AXIS2_PLACEMENT_3D('',#4349,#4350,#4351);
#4349 = CARTESIAN_POINT('',(9.,8.,19.5));
#4350 = DIRECTION('',(0.707106781187,0.,0.707106781187));
#4351 = DIRECTION('',(0.707106781187,0.,-0.707106781187));
#4352 = PCURVE('',#4204,#4353);
#4353 = DEFINITIONAL_REPRESENTATION('',(#4354),#4369);
#4354 = B_SPLINE_CURVE_WITH_KNOTS('',7,(#4355,#4356,#4357,#4358,#4359,
    #4360,#4361,#4362,#4363,#4364,#4365,#4366,#4367,#4368),
  .UNSPECIFIED.,.F.,.F.,(8,6,8),(1.570796326795,3.14159265359,
    4.712388980385),.UNSPECIFIED.);
#4355 = CARTESIAN_POINT('',(1.570796326795,2.));
#4356 = CARTESIAN_POINT('',(1.795195802051,1.775600524744));
#4357 = CARTESIAN_POINT('',(2.019595277307,1.551201960681));
#4358 = CARTESIAN_POINT('',(2.243994752565,1.345253174226));
#4359 = CARTESIAN_POINT('',(2.468394227819,1.176237495375));
#4360 = CARTESIAN_POINT('',(2.692793703077,1.05874867261));
#4361 = CARTESIAN_POINT('',(2.917193178333,1.));
#4362 = CARTESIAN_POINT('',(3.365992128846,1.));
#4363 = CARTESIAN_POINT('',(3.590391604103,1.05874867261));
#4364 = CARTESIAN_POINT('',(3.814791079359,1.176237495375));
#4365 = CARTESIAN_POINT('',(4.039190554616,1.345253174227));
#4366 = CARTESIAN_POINT('',(4.263590029872,1.551201960681));
#4367 = CARTESIAN_POINT('',(4.487989505128,1.775600524744));
#4368 = CARTESIAN_POINT('',(4.712388980385,2.));
#4369 = ( GEOMETRIC_REPRESENTATION_CONTEXT(2) 
PARAMETRIC_REPRESENTATION_CONTEXT() REPRESENTATION_CONTEXT('2D SPACE',''
  ) );
#4370 = PCURVE('',#4371,#4376);
#4371 = CYLINDRICAL_SURFACE('',#4372,1.);
#4372 = AXIS2_PLACEMENT_3D('',#4373,#4374,#4375);
#4373 = CARTESIAN_POINT('',(9.,8.,9.5));
#4374 = DIRECTION('',(0.,0.,1.));
#4375 = DIRECTION('',(1.,0.,-0.));
#4376 = DEFINITIONAL_REPRESENTATION('',(#4377),#4392);
#4377 = B_SPLINE_CURVE_WITH_KNOTS('',7,(#4378,#4379,#4380,#4381,#4382,
    #4383,#4384,#4385,#4386,#4387,#4388,#4389,#4390,#4391),
  .UNSPECIFIED.,.F.,.F.,(8,6,8),(1.570796326795,3.14159265359,
    4.712388980385),.UNSPECIFIED.);
#4378 = CARTESIAN_POINT('',(1.570796326795,10.));
#4379 = CARTESIAN_POINT('',(1.795195802051,10.224399475256));
#4380 = CARTESIAN_POINT('',(2.019595277307,10.448798039317));
#4381 = CARTESIAN_POINT('',(2.243994752565,10.654746825776));
#4382 = CARTESIAN_POINT('',(2.46839422782,10.823762504625));
#4383 = CARTESIAN_POINT('',(2.692793703077,10.94125132739));
#4384 = CARTESIAN_POINT('',(2.917193178333,11.));
#4385 = CARTESIAN_POINT('',(3.365992128846,11.));
#4386 = CARTESIAN_POINT('',(3.590391604102,10.94125132739));
#4387 = CARTESIAN_POINT('',(3.81479107936,10.823762504625));
#4388 = CARTESIAN_POINT('',(4.039190554615,10.654746825777));
#4389 = CARTESIAN_POINT('',(4.263590029871,10.448798039318));
#4390 = CARTESIAN_POINT('',(4.487989505128,10.224399475256));
#4391 = CARTESIAN_POINT('',(4.712388980385,10.));
#4392 = ( GEOMETRIC_REPRESENTATION_CONTEXT(2) 
PARAMETRIC_REPRESENTATION_CONTEXT() REPRESENTATION_CONTEXT('2D SPACE',''
  ) );
#4393 = ADVANCED_FACE('',(#4394),#4331,.T.);
#4394 = FACE_BOUND('',#4395,.F.);
#4395 = EDGE_LOOP('',(#4396));
#4396 = ORIENTED_EDGE('',*,*,#4316,.F.);
#4397 = ADVANCED_FACE('',(#4398),#4371,.F.);
#4398 = FACE_BOUND('',#4399,.F.);
#4399 = EDGE_LOOP('',(#4400,#4434,#4457,#4484,#4485,#4517));
#4400 = ORIENTED_EDGE('',*,*,#4401,.F.);
#4401 = EDGE_CURVE('',#4402,#4144,#4404,.T.);
#4402 = VERTEX_POINT('',#4403);
#4403 = CARTESIAN_POINT('',(10.,8.,20.5));
#4404 = SURFACE_CURVE('',#4405,(#4410,#4422),.PCURVE_S1.);
#4405 = ELLIPSE('',#4406,1.414213562373,1.);
#4406 = AXIS2_PLACEMENT_3D('',#4407,#4408,#4409);
#4407 = CARTESIAN_POINT('',(9.,8.,19.5));
#4408 = DIRECTION('',(0.707106781187,0.,-0.707106781187));
#4409 = DIRECTION('',(0.707106781187,0.,0.707106781187));
#4410 = PCURVE('',#4371,#4411);
#4411 = DEFINITIONAL_REPRESENTATION('',(#4412),#4421);
#4412 = B_SPLINE_CURVE_WITH_KNOTS('',7,(#4413,#4414,#4415,#4416,#4417,
    #4418,#4419,#4420),.UNSPECIFIED.,.F.,.F.,(8,8),(0.,1.570796326795),
  .PIECEWISE_BEZIER_KNOTS.);
#4413 = CARTESIAN_POINT('',(6.28318530718,11.));
#4414 = CARTESIAN_POINT('',(6.058785831923,11.));
#4415 = CARTESIAN_POINT('',(5.834386356667,10.94125132739));
#4416 = CARTESIAN_POINT('',(5.60998688141,10.823762504625));
#4417 = CARTESIAN_POINT('',(5.385587406153,10.654746825777));
#4418 = CARTESIAN_POINT('',(5.161187930898,10.448798039318));
#4419 = CARTESIAN_POINT('',(4.936788455641,10.224399475256));
#4420 = CARTESIAN_POINT('',(4.712388980385,10.));
#4421 = ( GEOMETRIC_REPRESENTATION_CONTEXT(2) 
PARAMETRIC_REPRESENTATION_CONTEXT() REPRESENTATION_CONTEXT('2D SPACE',''
  ) );
#4422 = PCURVE('',#4165,#4423);
#4423 = DEFINITIONAL_REPRESENTATION('',(#4424),#4433);
#4424 = B_SPLINE_CURVE_WITH_KNOTS('',7,(#4425,#4426,#4427,#4428,#4429,
    #4430,#4431,#4432),.UNSPECIFIED.,.F.,.F.,(8,8),(0.,1.570796326795),
  .PIECEWISE_BEZIER_KNOTS.);
#4425 = CARTESIAN_POINT('',(3.14159265359,3.));
#4426 = CARTESIAN_POINT('',(3.365992128846,3.));
#4427 = CARTESIAN_POINT('',(3.590391604103,2.94125132739));
#4428 = CARTESIAN_POINT('',(3.814791079359,2.823762504624));
#4429 = CARTESIAN_POINT('',(4.039190554616,2.654746825775));
#4430 = CARTESIAN_POINT('',(4.263590029872,2.448798039319));
#4431 = CARTESIAN_POINT('',(4.487989505128,2.224399475256));
#4432 = CARTESIAN_POINT('',(4.712388980385,2.));
#4433 = ( GEOMETRIC_REPRESENTATION_CONTEXT(2) 
PARAMETRIC_REPRESENTATION_CONTEXT() REPRESENTATION_CONTEXT('2D SPACE',''
  ) );
#4434 = ORIENTED_EDGE('',*,*,#4435,.T.);
#4435 = EDGE_CURVE('',#4402,#4436,#4438,.T.);
#4436 = VERTEX_POINT('',#4437);
#4437 = CARTESIAN_POINT('',(10.,8.,24.));
#4438 = SEAM_CURVE('',#4439,(#4443,#4450),.PCURVE_S1.);
#4439 = LINE('',#4440,#4441);
#4440 = CARTESIAN_POINT('',(10.,8.,9.5));
#4441 = VECTOR('',#4442,1.);
#4442 = DIRECTION('',(0.,0.,1.));
#4443 = PCURVE('',#4371,#4444);
#4444 = DEFINITIONAL_REPRESENTATION('',(#4445),#4449);
#4445 = LINE('',#4446,#4447);
#4446 = CARTESIAN_POINT('',(0.,-0.));
#4447 = VECTOR('',#4448,1.);
#4448 = DIRECTION('',(0.,1.));
#4449 = ( GEOMETRIC_REPRESENTATION_CONTEXT(2) 
PARAMETRIC_REPRESENTATION_CONTEXT() REPRESENTATION_CONTEXT('2D SPACE',''
  ) );
#4450 = PCURVE('',#4371,#4451);
#4451 = DEFINITIONAL_REPRESENTATION('',(#4452),#4456);
#4452 = LINE('',#4453,#4454);
#4453 = CARTESIAN_POINT('',(6.28318530718,-0.));
#4454 = VECTOR('',#4455,1.);
#4455 = DIRECTION('',(0.,1.));
#4456 = ( GEOMETRIC_REPRESENTATION_CONTEXT(2) 
PARAMETRIC_REPRESENTATION_CONTEXT() REPRESENTATION_CONTEXT('2D SPACE',''
  ) );
#4457 = ORIENTED_EDGE('',*,*,#4458,.F.);
#4458 = EDGE_CURVE('',#4436,#4436,#4459,.T.);
#4459 = SURFACE_CURVE('',#4460,(#4465,#4472),.PCURVE_S1.);
#4460 = CIRCLE('',#4461,1.);
#4461 = AXIS2_PLACEMENT_3D('',#4462,#4463,#4464);
#4462 = CARTESIAN_POINT('',(9.,8.,24.));
#4463 = DIRECTION('',(0.,0.,1.));
#4464 = DIRECTION('',(1.,0.,-0.));
#4465 = PCURVE('',#4371,#4466);
#4466 = DEFINITIONAL_REPRESENTATION('',(#4467),#4471);
#4467 = LINE('',#4468,#4469);
#4468 = CARTESIAN_POINT('',(0.,14.5));
#4469 = VECTOR('',#4470,1.);
#4470 = DIRECTION('',(1.,0.));
#4471 = ( GEOMETRIC_REPRESENTATION_CONTEXT(2) 
PARAMETRIC_REPRESENTATION_CONTEXT() REPRESENTATION_CONTEXT('2D SPACE',''
  ) );
#4472 = PCURVE('',#4473,#4478);
#4473 = PLANE('',#4474);
#4474 = AXIS2_PLACEMENT_3D('',#4475,#4476,#4477);
#4475 = CARTESIAN_POINT('',(0.,0.,24.));
#4476 = DIRECTION('',(0.,0.,1.));
#4477 = DIRECTION('',(1.,0.,-0.));
#4478 = DEFINITIONAL_REPRESENTATION('',(#4479),#4483);
#4479 = CIRCLE('',#4480,1.);
#4480 = AXIS2_PLACEMENT_2D('',#4481,#4482);
#4481 = CARTESIAN_POINT('',(9.,8.));
#4482 = DIRECTION('',(1.,0.));
#4483 = ( GEOMETRIC_REPRESENTATION_CONTEXT(2) 
PARAMETRIC_REPRESENTATION_CONTEXT() REPRESENTATION_CONTEXT('2D SPACE',''
  ) );
#4484 = ORIENTED_EDGE('',*,*,#4435,.F.);
#4485 = ORIENTED_EDGE('',*,*,#4486,.F.);
#4486 = EDGE_CURVE('',#4222,#4402,#4487,.T.);
#4487 = SURFACE_CURVE('',#4488,(#4493,#4505),.PCURVE_S1.);
#4488 = ELLIPSE('',#4489,1.414213562373,1.);
#4489 = AXIS2_PLACEMENT_3D('',#4490,#4491,#4492);
#4490 = CARTESIAN_POINT('',(9.,8.,19.5));
#4491 = DIRECTION('',(0.707106781187,0.,-0.707106781187));
#4492 = DIRECTION('',(0.707106781187,0.,0.707106781187));
#4493 = PCURVE('',#4371,#4494);
#4494 = DEFINITIONAL_REPRESENTATION('',(#4495),#4504);
#4495 = B_SPLINE_CURVE_WITH_KNOTS('',7,(#4496,#4497,#4498,#4499,#4500,
    #4501,#4502,#4503),.UNSPECIFIED.,.F.,.F.,(8,8),(4.712388980385,
    6.28318530718),.PIECEWISE_BEZIER_KNOTS.);
#4496 = CARTESIAN_POINT('',(1.570796326795,10.));
#4497 = CARTESIAN_POINT('',(1.346396851538,10.224399475256));
#4498 = CARTESIAN_POINT('',(1.121997376282,10.448798039317));
#4499 = CARTESIAN_POINT('',(0.897597901026,10.654746825776));
#4500 = CARTESIAN_POINT('',(0.673198425769,10.823762504625));
#4501 = CARTESIAN_POINT('',(0.448798950513,10.94125132739));
#4502 = CARTESIAN_POINT('',(0.224399475256,11.));
#4503 = CARTESIAN_POINT('',(0.,11.));
#4504 = ( GEOMETRIC_REPRESENTATION_CONTEXT(2) 
PARAMETRIC_REPRESENTATION_CONTEXT() REPRESENTATION_CONTEXT('2D SPACE',''
  ) );
#4505 = PCURVE('',#4165,#4506);
#4506 = DEFINITIONAL_REPRESENTATION('',(#4507),#4516);
#4507 = B_SPLINE_CURVE_WITH_KNOTS('',7,(#4508,#4509,#4510,#4511,#4512,
    #4513,#4514,#4515),.UNSPECIFIED.,.F.,.F.,(8,8),(4.712388980385,
    6.28318530718),.PIECEWISE_BEZIER_KNOTS.);
#4508 = CARTESIAN_POINT('',(1.570796326795,2.));
#4509 = CARTESIAN_POINT('',(1.795195802051,2.224399475256));
#4510 = CARTESIAN_POINT('',(2.019595277307,2.448798039319));
#4511 = CARTESIAN_POINT('',(2.243994752565,2.654746825774));
#4512 = CARTESIAN_POINT('',(2.468394227819,2.823762504625));
#4513 = CARTESIAN_POINT('',(2.692793703077,2.94125132739));
#4514 = CARTESIAN_POINT('',(2.917193178333,3.));
#4515 = CARTESIAN_POINT('',(3.14159265359,3.));
#4516 = ( GEOMETRIC_REPRESENTATION_CONTEXT(2) 
PARAMETRIC_REPRESENTATION_CONTEXT() REPRESENTATION_CONTEXT('2D SPACE',''
  ) );
#4517 = ORIENTED_EDGE('',*,*,#4345,.T.);
#4518 = ADVANCED_FACE('',(#4519,#4625),#4473,.T.);
#4519 = FACE_BOUND('',#4520,.T.);
#4520 = EDGE_LOOP('',(#4521,#4549,#4575,#4601));
#4521 = ORIENTED_EDGE('',*,*,#4522,.T.);
#4522 = EDGE_CURVE('',#4523,#4525,#4527,.T.);
#4523 = VERTEX_POINT('',#4524);
#4524 = CARTESIAN_POINT('',(12.5,4.5,24.));
#4525 = VERTEX_POINT('',#4526);
#4526 = CARTESIAN_POINT('',(12.5,11.5,24.));
#4527 = SURFACE_CURVE('',#4528,(#4532,#4538),.PCURVE_S1.);
#4528 = LINE('',#4529,#4530);
#4529 = CARTESIAN_POINT('',(12.5,2.25,24.));
#4530 = VECTOR('',#4531,1.);
#4531 = DIRECTION('',(-0.,1.,0.));
#4532 = PCURVE('',#4473,#4533);
#4533 = DEFINITIONAL_REPRESENTATION('',(#4534),#4537);
#4534 = B_SPLINE_CURVE_WITH_KNOTS('',1,(#4535,#4536),.UNSPECIFIED.,.F.,
  .F.,(2,2),(2.25,9.25),.PIECEWISE_BEZIER_KNOTS.);
#4535 = CARTESIAN_POINT('',(12.5,4.5));
#4536 = CARTESIAN_POINT('',(12.5,11.5));
#4537 = ( GEOMETRIC_REPRESENTATION_CONTEXT(2) 
PARAMETRIC_REPRESENTATION_CONTEXT() REPRESENTATION_CONTEXT('2D SPACE',''
  ) );
#4538 = PCURVE('',#4539,#4544);
#4539 = PLANE('',#4540);
#4540 = AXIS2_PLACEMENT_3D('',#4541,#4542,#4543);
#4541 = CARTESIAN_POINT('',(12.5,4.5,7.));
#4542 = DIRECTION('',(1.,0.,-0.));
#4543 = DIRECTION('',(0.,0.,1.));
#4544 = DEFINITIONAL_REPRESENTATION('',(#4545),#4548);
#4545 = B_SPLINE_CURVE_WITH_KNOTS('',1,(#4546,#4547),.UNSPECIFIED.,.F.,
  .F.,(2,2),(2.25,9.25),.PIECEWISE_BEZIER_KNOTS.);
#4546 = CARTESIAN_POINT('',(17.,0.));
#4547 = CARTESIAN_POINT('',(17.,-7.));
#4548 = ( GEOMETRIC_REPRESENTATION_CONTEXT(2) 
PARAMETRIC_REPRESENTATION_CONTEXT() REPRESENTATION_CONTEXT('2D SPACE',''
  ) );
#4549 = ORIENTED_EDGE('',*,*,#4550,.T.);
#4550 = EDGE_CURVE('',#4525,#4551,#4553,.T.);
#4551 = VERTEX_POINT('',#4552);
#4552 = CARTESIAN_POINT('',(5.5,11.5,24.));
#4553 = SURFACE_CURVE('',#4554,(#4558,#4564),.PCURVE_S1.);
#4554 = LINE('',#4555,#4556);
#4555 = CARTESIAN_POINT('',(2.75,11.5,24.));
#4556 = VECTOR('',#4557,1.);
#4557 = DIRECTION('',(-1.,-0.,0.));
#4558 = PCURVE('',#4473,#4559);
#4559 = DEFINITIONAL_REPRESENTATION('',(#4560),#4563);
#4560 = B_SPLINE_CURVE_WITH_KNOTS('',1,(#4561,#4562),.UNSPECIFIED.,.F.,
  .F.,(2,2),(-10.75,-1.75),.PIECEWISE_BEZIER_KNOTS.);
#4561 = CARTESIAN_POINT('',(13.5,11.5));
#4562 = CARTESIAN_POINT('',(4.5,11.5));
#4563 = ( GEOMETRIC_REPRESENTATION_CONTEXT(2) 
PARAMETRIC_REPRESENTATION_CONTEXT() REPRESENTATION_CONTEXT('2D SPACE',''
  ) );
#4564 = PCURVE('',#4565,#4570);
#4565 = PLANE('',#4566);
#4566 = AXIS2_PLACEMENT_3D('',#4567,#4568,#4569);
#4567 = CARTESIAN_POINT('',(5.5,11.5,7.));
#4568 = DIRECTION('',(-0.,1.,0.));
#4569 = DIRECTION('',(0.,0.,1.));
#4570 = DEFINITIONAL_REPRESENTATION('',(#4571),#4574);
#4571 = B_SPLINE_CURVE_WITH_KNOTS('',1,(#4572,#4573),.UNSPECIFIED.,.F.,
  .F.,(2,2),(-10.75,-1.75),.PIECEWISE_BEZIER_KNOTS.);
#4572 = CARTESIAN_POINT('',(17.,8.));
#4573 = CARTESIAN_POINT('',(17.,-1.));
#4574 = ( GEOMETRIC_REPRESENTATION_CONTEXT(2) 
PARAMETRIC_REPRESENTATION_CONTEXT() REPRESENTATION_CONTEXT('2D SPACE',''
  ) );
#4575 = ORIENTED_EDGE('',*,*,#4576,.F.);
#4576 = EDGE_CURVE('',#4577,#4551,#4579,.T.);
#4577 = VERTEX_POINT('',#4578);
#4578 = CARTESIAN_POINT('',(5.5,4.5,24.));
#4579 = SURFACE_CURVE('',#4580,(#4584,#4590),.PCURVE_S1.);
#4580 = LINE('',#4581,#4582);
#4581 = CARTESIAN_POINT('',(5.5,2.25,24.));
#4582 = VECTOR('',#4583,1.);
#4583 = DIRECTION('',(-0.,1.,0.));
#4584 = PCURVE('',#4473,#4585);
#4585 = DEFINITIONAL_REPRESENTATION('',(#4586),#4589);
#4586 = B_SPLINE_CURVE_WITH_KNOTS('',1,(#4587,#4588),.UNSPECIFIED.,.F.,
  .F.,(2,2),(2.25,9.25),.PIECEWISE_BEZIER_KNOTS.);
#4587 = CARTESIAN_POINT('',(5.5,4.5));
#4588 = CARTESIAN_POINT('',(5.5,11.5));
#4589 = ( GEOMETRIC_REPRESENTATION_CONTEXT(2) 
PARAMETRIC_REPRESENTATION_CONTEXT() REPRESENTATION_CONTEXT('2D SPACE',''
  ) );
#4590 = PCURVE('',#4591,#4596);
#4591 = PLANE('',#4592);
#4592 = AXIS2_PLACEMENT_3D('',#4593,#4594,#4595);
#4593 = CARTESIAN_POINT('',(5.5,4.5,7.));
#4594 = DIRECTION('',(1.,0.,-0.));
#4595 = DIRECTION('',(0.,0.,1.));
#4596 = DEFINITIONAL_REPRESENTATION('',(#4597),#4600);
#4597 = B_SPLINE_CURVE_WITH_KNOTS('',1,(#4598,#4599),.UNSPECIFIED.,.F.,
  .F.,(2,2),(2.25,9.25),.PIECEWISE_BEZIER_KNOTS.);
#4598 = CARTESIAN_POINT('',(17.,0.));
#4599 = CARTESIAN_POINT('',(17.,-7.));
#4600 = ( GEOMETRIC_REPRESENTATION_CONTEXT(2) 
PARAMETRIC_REPRESENTATION_CONTEXT() REPRESENTATION_CONTEXT('2D SPACE',''
  ) );
#4601 = ORIENTED_EDGE('',*,*,#4602,.F.);
#4602 = EDGE_CURVE('',#4523,#4577,#4603,.T.);
#4603 = SURFACE_CURVE('',#4604,(#4608,#4614),.PCURVE_S1.);
#4604 = LINE('',#4605,#4606);
#4605 = CARTESIAN_POINT('',(2.75,4.5,24.));
#4606 = VECTOR('',#4607,1.);
#4607 = DIRECTION('',(-1.,-0.,0.));
#4608 = PCURVE('',#4473,#4609);
#4609 = DEFINITIONAL_REPRESENTATION('',(#4610),#4613);
#4610 = B_SPLINE_CURVE_WITH_KNOTS('',1,(#4611,#4612),.UNSPECIFIED.,.F.,
  .F.,(2,2),(-10.75,-1.75),.PIECEWISE_BEZIER_KNOTS.);
#4611 = CARTESIAN_POINT('',(13.5,4.5));
#4612 = CARTESIAN_POINT('',(4.5,4.5));
#4613 = ( GEOMETRIC_REPRESENTATION_CONTEXT(2) 
PARAMETRIC_REPRESENTATION_CONTEXT() REPRESENTATION_CONTEXT('2D SPACE',''
  ) );
#4614 = PCURVE('',#4615,#4620);
#4615 = PLANE('',#4616);
#4616 = AXIS2_PLACEMENT_3D('',#4617,#4618,#4619);
#4617 = CARTESIAN_POINT('',(5.5,4.5,7.));
#4618 = DIRECTION('',(-0.,1.,0.));
#4619 = DIRECTION('',(0.,0.,1.));
#4620 = DEFINITIONAL_REPRESENTATION('',(#4621),#4624);
#4621 = B_SPLINE_CURVE_WITH_KNOTS('',1,(#4622,#4623),.UNSPECIFIED.,.F.,
  .F.,(2,2),(-10.75,-1.75),.PIECEWISE_BEZIER_KNOTS.);
#4622 = CARTESIAN_POINT('',(17.,8.));
#4623 = CARTESIAN_POINT('',(17.,-1.));
#4624 = ( GEOMETRIC_REPRESENTATION_CONTEXT(2) 
PARAMETRIC_REPRESENTATION_CONTEXT() REPRESENTATION_CONTEXT('2D SPACE',''
  ) );
#4625 = FACE_BOUND('',#4626,.T.);
#4626 = EDGE_LOOP('',(#4627));
#4627 = ORIENTED_EDGE('',*,*,#4458,.F.);
#4628 = ADVANCED_FACE('',(#4629),#4565,.T.);
#4629 = FACE_BOUND('',#4630,.T.);
#4630 = EDGE_LOOP('',(#4631,#4654,#4682,#4709,#4737,#4765,#4792,#4820,
    #4848,#4876,#4904,#4925));
#4631 = ORIENTED_EDGE('',*,*,#4632,.F.);
#4632 = EDGE_CURVE('',#4633,#4525,#4635,.T.);
#4633 = VERTEX_POINT('',#4634);
#4634 = CARTESIAN_POINT('',(12.5,11.5,23.));
#4635 = SURFACE_CURVE('',#4636,(#4640,#4647),.PCURVE_S1.);
#4636 = LINE('',#4637,#4638);
#4637 = CARTESIAN_POINT('',(12.5,11.5,7.));
#4638 = VECTOR('',#4639,1.);
#4639 = DIRECTION('',(0.,0.,1.));
#4640 = PCURVE('',#4565,#4641);
#4641 = DEFINITIONAL_REPRESENTATION('',(#4642),#4646);
#4642 = LINE('',#4643,#4644);
#4643 = CARTESIAN_POINT('',(0.,7.));
#4644 = VECTOR('',#4645,1.);
#4645 = DIRECTION('',(1.,0.));
#4646 = ( GEOMETRIC_REPRESENTATION_CONTEXT(2) 
PARAMETRIC_REPRESENTATION_CONTEXT() REPRESENTATION_CONTEXT('2D SPACE',''
  ) );
#4647 = PCURVE('',#4539,#4648);
#4648 = DEFINITIONAL_REPRESENTATION('',(#4649),#4653);
#4649 = LINE('',#4650,#4651);
#4650 = CARTESIAN_POINT('',(0.,-7.));
#4651 = VECTOR('',#4652,1.);
#4652 = DIRECTION('',(1.,0.));
#4653 = ( GEOMETRIC_REPRESENTATION_CONTEXT(2) 
PARAMETRIC_REPRESENTATION_CONTEXT() REPRESENTATION_CONTEXT('2D SPACE',''
  ) );
#4654 = ORIENTED_EDGE('',*,*,#4655,.T.);
#4655 = EDGE_CURVE('',#4633,#4656,#4658,.T.);
#4656 = VERTEX_POINT('',#4657);
#4657 = CARTESIAN_POINT('',(13.5,11.5,23.));
#4658 = SURFACE_CURVE('',#4659,(#4663,#4670),.PCURVE_S1.);
#4659 = LINE('',#4660,#4661);
#4660 = CARTESIAN_POINT('',(4.5,11.5,23.));
#4661 = VECTOR('',#4662,1.);
#4662 = DIRECTION('',(1.,0.,-0.));
#4663 = PCURVE('',#4565,#4664);
#4664 = DEFINITIONAL_REPRESENTATION('',(#4665),#4669);
#4665 = LINE('',#4666,#4667);
#4666 = CARTESIAN_POINT('',(16.,-1.));
#4667 = VECTOR('',#4668,1.);
#4668 = DIRECTION('',(0.,1.));
#4669 = ( GEOMETRIC_REPRESENTATION_CONTEXT(2) 
PARAMETRIC_REPRESENTATION_CONTEXT() REPRESENTATION_CONTEXT('2D SPACE',''
  ) );
#4670 = PCURVE('',#4671,#4676);
#4671 = PLANE('',#4672);
#4672 = AXIS2_PLACEMENT_3D('',#4673,#4674,#4675);
#4673 = CARTESIAN_POINT('',(4.5,4.5,23.));
#4674 = DIRECTION('',(0.,0.,1.));
#4675 = DIRECTION('',(1.,0.,-0.));
#4676 = DEFINITIONAL_REPRESENTATION('',(#4677),#4681);
#4677 = LINE('',#4678,#4679);
#4678 = CARTESIAN_POINT('',(0.,7.));
#4679 = VECTOR('',#4680,1.);
#4680 = DIRECTION('',(1.,0.));
#4681 = ( GEOMETRIC_REPRESENTATION_CONTEXT(2) 
PARAMETRIC_REPRESENTATION_CONTEXT() REPRESENTATION_CONTEXT('2D SPACE',''
  ) );
#4682 = ORIENTED_EDGE('',*,*,#4683,.F.);
#4683 = EDGE_CURVE('',#4684,#4656,#4686,.T.);
#4684 = VERTEX_POINT('',#4685);
#4685 = CARTESIAN_POINT('',(13.5,11.5,20.1));
#4686 = SURFACE_CURVE('',#4687,(#4691,#4698),.PCURVE_S1.);
#4687 = LINE('',#4688,#4689);
#4688 = CARTESIAN_POINT('',(13.5,11.5,13.5));
#4689 = VECTOR('',#4690,1.);
#4690 = DIRECTION('',(0.,0.,1.));
#4691 = PCURVE('',#4565,#4692);
#4692 = DEFINITIONAL_REPRESENTATION('',(#4693),#4697);
#4693 = LINE('',#4694,#4695);
#4694 = CARTESIAN_POINT('',(6.5,8.));
#4695 = VECTOR('',#4696,1.);
#4696 = DIRECTION('',(1.,0.));
#4697 = ( GEOMETRIC_REPRESENTATION_CONTEXT(2) 
PARAMETRIC_REPRESENTATION_CONTEXT() REPRESENTATION_CONTEXT('2D SPACE',''
  ) );
#4698 = PCURVE('',#4699,#4704);
#4699 = PLANE('',#4700);
#4700 = AXIS2_PLACEMENT_3D('',#4701,#4702,#4703);
#4701 = CARTESIAN_POINT('',(13.5,-3.,11.));
#4702 = DIRECTION('',(1.,0.,-0.));
#4703 = DIRECTION('',(0.,0.,1.));
#4704 = DEFINITIONAL_REPRESENTATION('',(#4705),#4708);
#4705 = B_SPLINE_CURVE_WITH_KNOTS('',1,(#4706,#4707),.UNSPECIFIED.,.F.,
  .F.,(2,2),(2.5,9.5),.PIECEWISE_BEZIER_KNOTS.);
#4706 = CARTESIAN_POINT('',(5.,-14.5));
#4707 = CARTESIAN_POINT('',(12.,-14.5));
#4708 = ( GEOMETRIC_REPRESENTATION_CONTEXT(2) 
PARAMETRIC_REPRESENTATION_CONTEXT() REPRESENTATION_CONTEXT('2D SPACE',''
  ) );
#4709 = ORIENTED_EDGE('',*,*,#4710,.F.);
#4710 = EDGE_CURVE('',#4711,#4684,#4713,.T.);
#4711 = VERTEX_POINT('',#4712);
#4712 = CARTESIAN_POINT('',(9.4,11.5,20.1));
#4713 = SURFACE_CURVE('',#4714,(#4718,#4725),.PCURVE_S1.);
#4714 = LINE('',#4715,#4716);
#4715 = CARTESIAN_POINT('',(9.4,11.5,20.1));
#4716 = VECTOR('',#4717,1.);
#4717 = DIRECTION('',(1.,0.,0.));
#4718 = PCURVE('',#4565,#4719);
#4719 = DEFINITIONAL_REPRESENTATION('',(#4720),#4724);
#4720 = LINE('',#4721,#4722);
#4721 = CARTESIAN_POINT('',(13.1,3.9));
#4722 = VECTOR('',#4723,1.);
#4723 = DIRECTION('',(0.,1.));
#4724 = ( GEOMETRIC_REPRESENTATION_CONTEXT(2) 
PARAMETRIC_REPRESENTATION_CONTEXT() REPRESENTATION_CONTEXT('2D SPACE',''
  ) );
#4725 = PCURVE('',#4726,#4731);
#4726 = PLANE('',#4727);
#4727 = AXIS2_PLACEMENT_3D('',#4728,#4729,#4730);
#4728 = CARTESIAN_POINT('',(9.4,-3.,20.1));
#4729 = DIRECTION('',(0.,0.,1.));
#4730 = DIRECTION('',(1.,0.,-0.));
#4731 = DEFINITIONAL_REPRESENTATION('',(#4732),#4736);
#4732 = LINE('',#4733,#4734);
#4733 = CARTESIAN_POINT('',(0.,14.5));
#4734 = VECTOR('',#4735,1.);
#4735 = DIRECTION('',(1.,0.));
#4736 = ( GEOMETRIC_REPRESENTATION_CONTEXT(2) 
PARAMETRIC_REPRESENTATION_CONTEXT() REPRESENTATION_CONTEXT('2D SPACE',''
  ) );
#4737 = ORIENTED_EDGE('',*,*,#4738,.F.);
#4738 = EDGE_CURVE('',#4739,#4711,#4741,.T.);
#4739 = VERTEX_POINT('',#4740);
#4740 = CARTESIAN_POINT('',(9.4,11.5,13.));
#4741 = SURFACE_CURVE('',#4742,(#4746,#4753),.PCURVE_S1.);
#4742 = LINE('',#4743,#4744);
#4743 = CARTESIAN_POINT('',(9.4,11.5,13.));
#4744 = VECTOR('',#4745,1.);
#4745 = DIRECTION('',(0.,0.,1.));
#4746 = PCURVE('',#4565,#4747);
#4747 = DEFINITIONAL_REPRESENTATION('',(#4748),#4752);
#4748 = LINE('',#4749,#4750);
#4749 = CARTESIAN_POINT('',(6.,3.9));
#4750 = VECTOR('',#4751,1.);
#4751 = DIRECTION('',(1.,0.));
#4752 = ( GEOMETRIC_REPRESENTATION_CONTEXT(2) 
PARAMETRIC_REPRESENTATION_CONTEXT() REPRESENTATION_CONTEXT('2D SPACE',''
  ) );
#4753 = PCURVE('',#4754,#4759);
#4754 = PLANE('',#4755);
#4755 = AXIS2_PLACEMENT_3D('',#4756,#4757,#4758);
#4756 = CARTESIAN_POINT('',(9.4,-3.,11.9));
#4757 = DIRECTION('',(1.,0.,-0.));
#4758 = DIRECTION('',(0.,0.,1.));
#4759 = DEFINITIONAL_REPRESENTATION('',(#4760),#4764);
#4760 = LINE('',#4761,#4762);
#4761 = CARTESIAN_POINT('',(1.1,-14.5));
#4762 = VECTOR('',#4763,1.);
#4763 = DIRECTION('',(1.,0.));
#4764 = ( GEOMETRIC_REPRESENTATION_CONTEXT(2) 
PARAMETRIC_REPRESENTATION_CONTEXT() REPRESENTATION_CONTEXT('2D SPACE',''
  ) );
#4765 = ORIENTED_EDGE('',*,*,#4766,.T.);
#4766 = EDGE_CURVE('',#4739,#4767,#4769,.T.);
#4767 = VERTEX_POINT('',#4768);
#4768 = CARTESIAN_POINT('',(8.6,11.5,13.));
#4769 = SURFACE_CURVE('',#4770,(#4774,#4781),.PCURVE_S1.);
#4770 = LINE('',#4771,#4772);
#4771 = CARTESIAN_POINT('',(4.,11.5,13.));
#4772 = VECTOR('',#4773,1.);
#4773 = DIRECTION('',(-1.,-0.,0.));
#4774 = PCURVE('',#4565,#4775);
#4775 = DEFINITIONAL_REPRESENTATION('',(#4776),#4780);
#4776 = LINE('',#4777,#4778);
#4777 = CARTESIAN_POINT('',(6.,-1.5));
#4778 = VECTOR('',#4779,1.);
#4779 = DIRECTION('',(0.,-1.));
#4780 = ( GEOMETRIC_REPRESENTATION_CONTEXT(2) 
PARAMETRIC_REPRESENTATION_CONTEXT() REPRESENTATION_CONTEXT('2D SPACE',''
  ) );
#4781 = PCURVE('',#4782,#4787);
#4782 = PLANE('',#4783);
#4783 = AXIS2_PLACEMENT_3D('',#4784,#4785,#4786);
#4784 = CARTESIAN_POINT('',(2.5,2.5,13.));
#4785 = DIRECTION('',(0.,0.,1.));
#4786 = DIRECTION('',(1.,0.,-0.));
#4787 = DEFINITIONAL_REPRESENTATION('',(#4788),#4791);
#4788 = B_SPLINE_CURVE_WITH_KNOTS('',1,(#4789,#4790),.UNSPECIFIED.,.F.,
  .F.,(2,2),(-5.4,-4.6),.PIECEWISE_BEZIER_KNOTS.);
#4789 = CARTESIAN_POINT('',(6.9,9.));
#4790 = CARTESIAN_POINT('',(6.1,9.));
#4791 = ( GEOMETRIC_REPRESENTATION_CONTEXT(2) 
PARAMETRIC_REPRESENTATION_CONTEXT() REPRESENTATION_CONTEXT('2D SPACE',''
  ) );
#4792 = ORIENTED_EDGE('',*,*,#4793,.F.);
#4793 = EDGE_CURVE('',#4794,#4767,#4796,.T.);
#4794 = VERTEX_POINT('',#4795);
#4795 = CARTESIAN_POINT('',(8.6,11.5,20.1));
#4796 = SURFACE_CURVE('',#4797,(#4801,#4808),.PCURVE_S1.);
#4797 = LINE('',#4798,#4799);
#4798 = CARTESIAN_POINT('',(8.6,11.5,20.1));
#4799 = VECTOR('',#4800,1.);
#4800 = DIRECTION('',(0.,0.,-1.));
#4801 = PCURVE('',#4565,#4802);
#4802 = DEFINITIONAL_REPRESENTATION('',(#4803),#4807);
#4803 = LINE('',#4804,#4805);
#4804 = CARTESIAN_POINT('',(13.1,3.1));
#4805 = VECTOR('',#4806,1.);
#4806 = DIRECTION('',(-1.,0.));
#4807 = ( GEOMETRIC_REPRESENTATION_CONTEXT(2) 
PARAMETRIC_REPRESENTATION_CONTEXT() REPRESENTATION_CONTEXT('2D SPACE',''
  ) );
#4808 = PCURVE('',#4809,#4814);
#4809 = PLANE('',#4810);
#4810 = AXIS2_PLACEMENT_3D('',#4811,#4812,#4813);
#4811 = CARTESIAN_POINT('',(8.6,-3.,11.9));
#4812 = DIRECTION('',(1.,0.,-0.));
#4813 = DIRECTION('',(0.,0.,1.));
#4814 = DEFINITIONAL_REPRESENTATION('',(#4815),#4819);
#4815 = LINE('',#4816,#4817);
#4816 = CARTESIAN_POINT('',(8.2,-14.5));
#4817 = VECTOR('',#4818,1.);
#4818 = DIRECTION('',(-1.,0.));
#4819 = ( GEOMETRIC_REPRESENTATION_CONTEXT(2) 
PARAMETRIC_REPRESENTATION_CONTEXT() REPRESENTATION_CONTEXT('2D SPACE',''
  ) );
#4820 = ORIENTED_EDGE('',*,*,#4821,.T.);
#4821 = EDGE_CURVE('',#4794,#4822,#4824,.T.);
#4822 = VERTEX_POINT('',#4823);
#4823 = CARTESIAN_POINT('',(4.5,11.5,20.1));
#4824 = SURFACE_CURVE('',#4825,(#4829,#4836),.PCURVE_S1.);
#4825 = LINE('',#4826,#4827);
#4826 = CARTESIAN_POINT('',(8.6,11.5,20.1));
#4827 = VECTOR('',#4828,1.);
#4828 = DIRECTION('',(-1.,0.,0.));
#4829 = PCURVE('',#4565,#4830);
#4830 = DEFINITIONAL_REPRESENTATION('',(#4831),#4835);
#4831 = LINE('',#4832,#4833);
#4832 = CARTESIAN_POINT('',(13.1,3.1));
#4833 = VECTOR('',#4834,1.);
#4834 = DIRECTION('',(0.,-1.));
#4835 = ( GEOMETRIC_REPRESENTATION_CONTEXT(2) 
PARAMETRIC_REPRESENTATION_CONTEXT() REPRESENTATION_CONTEXT('2D SPACE',''
  ) );
#4836 = PCURVE('',#4837,#4842);
#4837 = PLANE('',#4838);
#4838 = AXIS2_PLACEMENT_3D('',#4839,#4840,#4841);
#4839 = CARTESIAN_POINT('',(0.4,-3.,20.1));
#4840 = DIRECTION('',(0.,0.,1.));
#4841 = DIRECTION('',(1.,0.,-0.));
#4842 = DEFINITIONAL_REPRESENTATION('',(#4843),#4847);
#4843 = LINE('',#4844,#4845);
#4844 = CARTESIAN_POINT('',(8.2,14.5));
#4845 = VECTOR('',#4846,1.);
#4846 = DIRECTION('',(-1.,0.));
#4847 = ( GEOMETRIC_REPRESENTATION_CONTEXT(2) 
PARAMETRIC_REPRESENTATION_CONTEXT() REPRESENTATION_CONTEXT('2D SPACE',''
  ) );
#4848 = ORIENTED_EDGE('',*,*,#4849,.T.);
#4849 = EDGE_CURVE('',#4822,#4850,#4852,.T.);
#4850 = VERTEX_POINT('',#4851);
#4851 = CARTESIAN_POINT('',(4.5,11.5,23.));
#4852 = SURFACE_CURVE('',#4853,(#4857,#4864),.PCURVE_S1.);
#4853 = LINE('',#4854,#4855);
#4854 = CARTESIAN_POINT('',(4.5,11.5,16.));
#4855 = VECTOR('',#4856,1.);
#4856 = DIRECTION('',(0.,0.,1.));
#4857 = PCURVE('',#4565,#4858);
#4858 = DEFINITIONAL_REPRESENTATION('',(#4859),#4863);
#4859 = LINE('',#4860,#4861);
#4860 = CARTESIAN_POINT('',(9.,-1.));
#4861 = VECTOR('',#4862,1.);
#4862 = DIRECTION('',(1.,0.));
#4863 = ( GEOMETRIC_REPRESENTATION_CONTEXT(2) 
PARAMETRIC_REPRESENTATION_CONTEXT() REPRESENTATION_CONTEXT('2D SPACE',''
  ) );
#4864 = PCURVE('',#4865,#4870);
#4865 = PLANE('',#4866);
#4866 = AXIS2_PLACEMENT_3D('',#4867,#4868,#4869);
#4867 = CARTESIAN_POINT('',(4.5,4.5,16.));
#4868 = DIRECTION('',(1.,0.,-0.));
#4869 = DIRECTION('',(0.,0.,1.));
#4870 = DEFINITIONAL_REPRESENTATION('',(#4871),#4875);
#4871 = LINE('',#4872,#4873);
#4872 = CARTESIAN_POINT('',(0.,-7.));
#4873 = VECTOR('',#4874,1.);
#4874 = DIRECTION('',(1.,0.));
#4875 = ( GEOMETRIC_REPRESENTATION_CONTEXT(2) 
PARAMETRIC_REPRESENTATION_CONTEXT() REPRESENTATION_CONTEXT('2D SPACE',''
  ) );
#4876 = ORIENTED_EDGE('',*,*,#4877,.T.);
#4877 = EDGE_CURVE('',#4850,#4878,#4880,.T.);
#4878 = VERTEX_POINT('',#4879);
#4879 = CARTESIAN_POINT('',(5.5,11.5,23.));
#4880 = SURFACE_CURVE('',#4881,(#4885,#4892),.PCURVE_S1.);
#4881 = LINE('',#4882,#4883);
#4882 = CARTESIAN_POINT('',(4.5,11.5,23.));
#4883 = VECTOR('',#4884,1.);
#4884 = DIRECTION('',(1.,0.,-0.));
#4885 = PCURVE('',#4565,#4886);
#4886 = DEFINITIONAL_REPRESENTATION('',(#4887),#4891);
#4887 = LINE('',#4888,#4889);
#4888 = CARTESIAN_POINT('',(16.,-1.));
#4889 = VECTOR('',#4890,1.);
#4890 = DIRECTION('',(0.,1.));
#4891 = ( GEOMETRIC_REPRESENTATION_CONTEXT(2) 
PARAMETRIC_REPRESENTATION_CONTEXT() REPRESENTATION_CONTEXT('2D SPACE',''
  ) );
#4892 = PCURVE('',#4893,#4898);
#4893 = PLANE('',#4894);
#4894 = AXIS2_PLACEMENT_3D('',#4895,#4896,#4897);
#4895 = CARTESIAN_POINT('',(4.5,4.5,23.));
#4896 = DIRECTION('',(0.,0.,1.));
#4897 = DIRECTION('',(1.,0.,-0.));
#4898 = DEFINITIONAL_REPRESENTATION('',(#4899),#4903);
#4899 = LINE('',#4900,#4901);
#4900 = CARTESIAN_POINT('',(0.,7.));
#4901 = VECTOR('',#4902,1.);
#4902 = DIRECTION('',(1.,0.));
#4903 = ( GEOMETRIC_REPRESENTATION_CONTEXT(2) 
PARAMETRIC_REPRESENTATION_CONTEXT() REPRESENTATION_CONTEXT('2D SPACE',''
  ) );
#4904 = ORIENTED_EDGE('',*,*,#4905,.T.);
#4905 = EDGE_CURVE('',#4878,#4551,#4906,.T.);
#4906 = SURFACE_CURVE('',#4907,(#4911,#4918),.PCURVE_S1.);
#4907 = LINE('',#4908,#4909);
#4908 = CARTESIAN_POINT('',(5.5,11.5,7.));
#4909 = VECTOR('',#4910,1.);
#4910 = DIRECTION('',(0.,0.,1.));
#4911 = PCURVE('',#4565,#4912);
#4912 = DEFINITIONAL_REPRESENTATION('',(#4913),#4917);
#4913 = LINE('',#4914,#4915);
#4914 = CARTESIAN_POINT('',(0.,0.));
#4915 = VECTOR('',#4916,1.);
#4916 = DIRECTION('',(1.,0.));
#4917 = ( GEOMETRIC_REPRESENTATION_CONTEXT(2) 
PARAMETRIC_REPRESENTATION_CONTEXT() REPRESENTATION_CONTEXT('2D SPACE',''
  ) );
#4918 = PCURVE('',#4591,#4919);
#4919 = DEFINITIONAL_REPRESENTATION('',(#4920),#4924);
#4920 = LINE('',#4921,#4922);
#4921 = CARTESIAN_POINT('',(0.,-7.));
#4922 = VECTOR('',#4923,1.);
#4923 = DIRECTION('',(1.,0.));
#4924 = ( GEOMETRIC_REPRESENTATION_CONTEXT(2) 
PARAMETRIC_REPRESENTATION_CONTEXT() REPRESENTATION_CONTEXT('2D SPACE',''
  ) );
#4925 = ORIENTED_EDGE('',*,*,#4550,.F.);
#4926 = ADVANCED_FACE('',(#4927),#4671,.T.);
#4927 = FACE_BOUND('',#4928,.T.);
#4928 = EDGE_LOOP('',(#4929,#4930,#4951,#4974));
#4929 = ORIENTED_EDGE('',*,*,#4655,.F.);
#4930 = ORIENTED_EDGE('',*,*,#4931,.F.);
#4931 = EDGE_CURVE('',#4932,#4633,#4934,.T.);
#4932 = VERTEX_POINT('',#4933);
#4933 = CARTESIAN_POINT('',(12.5,4.5,23.));
#4934 = SURFACE_CURVE('',#4935,(#4939,#4945),.PCURVE_S1.);
#4935 = LINE('',#4936,#4937);
#4936 = CARTESIAN_POINT('',(12.5,4.5,23.));
#4937 = VECTOR('',#4938,1.);
#4938 = DIRECTION('',(-0.,1.,0.));
#4939 = PCURVE('',#4671,#4940);
#4940 = DEFINITIONAL_REPRESENTATION('',(#4941),#4944);
#4941 = B_SPLINE_CURVE_WITH_KNOTS('',1,(#4942,#4943),.UNSPECIFIED.,.F.,
  .F.,(2,2),(0.,7.),.PIECEWISE_BEZIER_KNOTS.);
#4942 = CARTESIAN_POINT('',(8.,0.));
#4943 = CARTESIAN_POINT('',(8.,7.));
#4944 = ( GEOMETRIC_REPRESENTATION_CONTEXT(2) 
PARAMETRIC_REPRESENTATION_CONTEXT() REPRESENTATION_CONTEXT('2D SPACE',''
  ) );
#4945 = PCURVE('',#4539,#4946);
#4946 = DEFINITIONAL_REPRESENTATION('',(#4947),#4950);
#4947 = B_SPLINE_CURVE_WITH_KNOTS('',1,(#4948,#4949),.UNSPECIFIED.,.F.,
  .F.,(2,2),(0.,7.),.PIECEWISE_BEZIER_KNOTS.);
#4948 = CARTESIAN_POINT('',(16.,0.));
#4949 = CARTESIAN_POINT('',(16.,-7.));
#4950 = ( GEOMETRIC_REPRESENTATION_CONTEXT(2) 
PARAMETRIC_REPRESENTATION_CONTEXT() REPRESENTATION_CONTEXT('2D SPACE',''
  ) );
#4951 = ORIENTED_EDGE('',*,*,#4952,.T.);
#4952 = EDGE_CURVE('',#4932,#4953,#4955,.T.);
#4953 = VERTEX_POINT('',#4954);
#4954 = CARTESIAN_POINT('',(13.5,4.5,23.));
#4955 = SURFACE_CURVE('',#4956,(#4960,#4967),.PCURVE_S1.);
#4956 = LINE('',#4957,#4958);
#4957 = CARTESIAN_POINT('',(4.5,4.5,23.));
#4958 = VECTOR('',#4959,1.);
#4959 = DIRECTION('',(1.,0.,-0.));
#4960 = PCURVE('',#4671,#4961);
#4961 = DEFINITIONAL_REPRESENTATION('',(#4962),#4966);
#4962 = LINE('',#4963,#4964);
#4963 = CARTESIAN_POINT('',(0.,0.));
#4964 = VECTOR('',#4965,1.);
#4965 = DIRECTION('',(1.,0.));
#4966 = ( GEOMETRIC_REPRESENTATION_CONTEXT(2) 
PARAMETRIC_REPRESENTATION_CONTEXT() REPRESENTATION_CONTEXT('2D SPACE',''
  ) );
#4967 = PCURVE('',#4615,#4968);
#4968 = DEFINITIONAL_REPRESENTATION('',(#4969),#4973);
#4969 = LINE('',#4970,#4971);
#4970 = CARTESIAN_POINT('',(16.,-1.));
#4971 = VECTOR('',#4972,1.);
#4972 = DIRECTION('',(0.,1.));
#4973 = ( GEOMETRIC_REPRESENTATION_CONTEXT(2) 
PARAMETRIC_REPRESENTATION_CONTEXT() REPRESENTATION_CONTEXT('2D SPACE',''
  ) );
#4974 = ORIENTED_EDGE('',*,*,#4975,.F.);
#4975 = EDGE_CURVE('',#4656,#4953,#4976,.T.);
#4976 = SURFACE_CURVE('',#4977,(#4981,#4987),.PCURVE_S1.);
#4977 = LINE('',#4978,#4979);
#4978 = CARTESIAN_POINT('',(13.5,0.75,23.));
#4979 = VECTOR('',#4980,1.);
#4980 = DIRECTION('',(0.,-1.,0.));
#4981 = PCURVE('',#4671,#4982);
#4982 = DEFINITIONAL_REPRESENTATION('',(#4983),#4986);
#4983 = B_SPLINE_CURVE_WITH_KNOTS('',1,(#4984,#4985),.UNSPECIFIED.,.F.,
  .F.,(2,2),(-10.75,-3.75),.PIECEWISE_BEZIER_KNOTS.);
#4984 = CARTESIAN_POINT('',(9.,7.));
#4985 = CARTESIAN_POINT('',(9.,0.));
#4986 = ( GEOMETRIC_REPRESENTATION_CONTEXT(2) 
PARAMETRIC_REPRESENTATION_CONTEXT() REPRESENTATION_CONTEXT('2D SPACE',''
  ) );
#4987 = PCURVE('',#4699,#4988);
#4988 = DEFINITIONAL_REPRESENTATION('',(#4989),#4992);
#4989 = B_SPLINE_CURVE_WITH_KNOTS('',1,(#4990,#4991),.UNSPECIFIED.,.F.,
  .F.,(2,2),(-10.75,-3.75),.PIECEWISE_BEZIER_KNOTS.);
#4990 = CARTESIAN_POINT('',(12.,-14.5));
#4991 = CARTESIAN_POINT('',(12.,-7.5));
#4992 = ( GEOMETRIC_REPRESENTATION_CONTEXT(2) 
PARAMETRIC_REPRESENTATION_CONTEXT() REPRESENTATION_CONTEXT('2D SPACE',''
  ) );
#4993 = ADVANCED_FACE('',(#4994),#4699,.F.);
#4994 = FACE_BOUND('',#4995,.F.);
#4995 = EDGE_LOOP('',(#4996,#5021,#5047,#5073,#5093,#5094,#5095,#5116));
#4996 = ORIENTED_EDGE('',*,*,#4997,.F.);
#4997 = EDGE_CURVE('',#4998,#5000,#5002,.T.);
#4998 = VERTEX_POINT('',#4999);
#4999 = CARTESIAN_POINT('',(13.5,2.5,24.));
#5000 = VERTEX_POINT('',#5001);
#5001 = CARTESIAN_POINT('',(13.5,27.5,24.));
#5002 = SURFACE_CURVE('',#5003,(#5007,#5014),.PCURVE_S1.);
#5003 = LINE('',#5004,#5005);
#5004 = CARTESIAN_POINT('',(13.5,-3.,24.));
#5005 = VECTOR('',#5006,1.);
#5006 = DIRECTION('',(-0.,1.,0.));
#5007 = PCURVE('',#4699,#5008);
#5008 = DEFINITIONAL_REPRESENTATION('',(#5009),#5013);
#5009 = LINE('',#5010,#5011);
#5010 = CARTESIAN_POINT('',(13.,0.));
#5011 = VECTOR('',#5012,1.);
#5012 = DIRECTION('',(0.,-1.));
#5013 = ( GEOMETRIC_REPRESENTATION_CONTEXT(2) 
PARAMETRIC_REPRESENTATION_CONTEXT() REPRESENTATION_CONTEXT('2D SPACE',''
  ) );
#5014 = PCURVE('',#126,#5015);
#5015 = DEFINITIONAL_REPRESENTATION('',(#5016),#5020);
#5016 = LINE('',#5017,#5018);
#5017 = CARTESIAN_POINT('',(13.5,-3.));
#5018 = VECTOR('',#5019,1.);
#5019 = DIRECTION('',(0.,1.));
#5020 = ( GEOMETRIC_REPRESENTATION_CONTEXT(2) 
PARAMETRIC_REPRESENTATION_CONTEXT() REPRESENTATION_CONTEXT('2D SPACE',''
  ) );
#5021 = ORIENTED_EDGE('',*,*,#5022,.T.);
#5022 = EDGE_CURVE('',#4998,#5023,#5025,.T.);
#5023 = VERTEX_POINT('',#5024);
#5024 = CARTESIAN_POINT('',(13.5,2.5,20.1));
#5025 = SURFACE_CURVE('',#5026,(#5030,#5036),.PCURVE_S1.);
#5026 = LINE('',#5027,#5028);
#5027 = CARTESIAN_POINT('',(13.5,2.5,12.));
#5028 = VECTOR('',#5029,1.);
#5029 = DIRECTION('',(-0.,0.,-1.));
#5030 = PCURVE('',#4699,#5031);
#5031 = DEFINITIONAL_REPRESENTATION('',(#5032),#5035);
#5032 = B_SPLINE_CURVE_WITH_KNOTS('',1,(#5033,#5034),.UNSPECIFIED.,.F.,
  .F.,(2,2),(-12.,-1.),.PIECEWISE_BEZIER_KNOTS.);
#5033 = CARTESIAN_POINT('',(13.,-5.5));
#5034 = CARTESIAN_POINT('',(2.,-5.5));
#5035 = ( GEOMETRIC_REPRESENTATION_CONTEXT(2) 
PARAMETRIC_REPRESENTATION_CONTEXT() REPRESENTATION_CONTEXT('2D SPACE',''
  ) );
#5036 = PCURVE('',#5037,#5042);
#5037 = PLANE('',#5038);
#5038 = AXIS2_PLACEMENT_3D('',#5039,#5040,#5041);
#5039 = CARTESIAN_POINT('',(2.5,2.5,13.));
#5040 = DIRECTION('',(-0.,1.,0.));
#5041 = DIRECTION('',(0.,0.,1.));
#5042 = DEFINITIONAL_REPRESENTATION('',(#5043),#5046);
#5043 = B_SPLINE_CURVE_WITH_KNOTS('',1,(#5044,#5045),.UNSPECIFIED.,.F.,
  .F.,(2,2),(-12.,-1.),.PIECEWISE_BEZIER_KNOTS.);
#5044 = CARTESIAN_POINT('',(11.,11.));
#5045 = CARTESIAN_POINT('',(0.,11.));
#5046 = ( GEOMETRIC_REPRESENTATION_CONTEXT(2) 
PARAMETRIC_REPRESENTATION_CONTEXT() REPRESENTATION_CONTEXT('2D SPACE',''
  ) );
#5047 = ORIENTED_EDGE('',*,*,#5048,.F.);
#5048 = EDGE_CURVE('',#5049,#5023,#5051,.T.);
#5049 = VERTEX_POINT('',#5050);
#5050 = CARTESIAN_POINT('',(13.5,4.5,20.1));
#5051 = SURFACE_CURVE('',#5052,(#5056,#5062),.PCURVE_S1.);
#5052 = LINE('',#5053,#5054);
#5053 = CARTESIAN_POINT('',(13.5,-3.,20.1));
#5054 = VECTOR('',#5055,1.);
#5055 = DIRECTION('',(0.,-1.,0.));
#5056 = PCURVE('',#4699,#5057);
#5057 = DEFINITIONAL_REPRESENTATION('',(#5058),#5061);
#5058 = B_SPLINE_CURVE_WITH_KNOTS('',1,(#5059,#5060),.UNSPECIFIED.,.F.,
  .F.,(2,2),(-30.5,-5.5),.PIECEWISE_BEZIER_KNOTS.);
#5059 = CARTESIAN_POINT('',(9.1,-30.5));
#5060 = CARTESIAN_POINT('',(9.1,-5.5));
#5061 = ( GEOMETRIC_REPRESENTATION_CONTEXT(2) 
PARAMETRIC_REPRESENTATION_CONTEXT() REPRESENTATION_CONTEXT('2D SPACE',''
  ) );
#5062 = PCURVE('',#5063,#5068);
#5063 = PLANE('',#5064);
#5064 = AXIS2_PLACEMENT_3D('',#5065,#5066,#5067);
#5065 = CARTESIAN_POINT('',(9.4,-3.,20.1));
#5066 = DIRECTION('',(0.,0.,1.));
#5067 = DIRECTION('',(1.,0.,-0.));
#5068 = DEFINITIONAL_REPRESENTATION('',(#5069),#5072);
#5069 = B_SPLINE_CURVE_WITH_KNOTS('',1,(#5070,#5071),.UNSPECIFIED.,.F.,
  .F.,(2,2),(-30.5,-5.5),.PIECEWISE_BEZIER_KNOTS.);
#5070 = CARTESIAN_POINT('',(4.1,30.5));
#5071 = CARTESIAN_POINT('',(4.1,5.5));
#5072 = ( GEOMETRIC_REPRESENTATION_CONTEXT(2) 
PARAMETRIC_REPRESENTATION_CONTEXT() REPRESENTATION_CONTEXT('2D SPACE',''
  ) );
#5073 = ORIENTED_EDGE('',*,*,#5074,.T.);
#5074 = EDGE_CURVE('',#5049,#4953,#5075,.T.);
#5075 = SURFACE_CURVE('',#5076,(#5080,#5086),.PCURVE_S1.);
#5076 = LINE('',#5077,#5078);
#5077 = CARTESIAN_POINT('',(13.5,4.5,13.5));
#5078 = VECTOR('',#5079,1.);
#5079 = DIRECTION('',(0.,0.,1.));
#5080 = PCURVE('',#4699,#5081);
#5081 = DEFINITIONAL_REPRESENTATION('',(#5082),#5085);
#5082 = B_SPLINE_CURVE_WITH_KNOTS('',1,(#5083,#5084),.UNSPECIFIED.,.F.,
  .F.,(2,2),(2.5,9.5),.PIECEWISE_BEZIER_KNOTS.);
#5083 = CARTESIAN_POINT('',(5.,-7.5));
#5084 = CARTESIAN_POINT('',(12.,-7.5));
#5085 = ( GEOMETRIC_REPRESENTATION_CONTEXT(2) 
PARAMETRIC_REPRESENTATION_CONTEXT() REPRESENTATION_CONTEXT('2D SPACE',''
  ) );
#5086 = PCURVE('',#4615,#5087);
#5087 = DEFINITIONAL_REPRESENTATION('',(#5088),#5092);
#5088 = LINE('',#5089,#5090);
#5089 = CARTESIAN_POINT('',(6.5,8.));
#5090 = VECTOR('',#5091,1.);
#5091 = DIRECTION('',(1.,0.));
#5092 = ( GEOMETRIC_REPRESENTATION_CONTEXT(2) 
PARAMETRIC_REPRESENTATION_CONTEXT() REPRESENTATION_CONTEXT('2D SPACE',''
  ) );
#5093 = ORIENTED_EDGE('',*,*,#4975,.F.);
#5094 = ORIENTED_EDGE('',*,*,#4683,.F.);
#5095 = ORIENTED_EDGE('',*,*,#5096,.F.);
#5096 = EDGE_CURVE('',#5097,#4684,#5099,.T.);
#5097 = VERTEX_POINT('',#5098);
#5098 = CARTESIAN_POINT('',(13.5,27.5,20.1));
#5099 = SURFACE_CURVE('',#5100,(#5104,#5110),.PCURVE_S1.);
#5100 = LINE('',#5101,#5102);
#5101 = CARTESIAN_POINT('',(13.5,-3.,20.1));
#5102 = VECTOR('',#5103,1.);
#5103 = DIRECTION('',(0.,-1.,0.));
#5104 = PCURVE('',#4699,#5105);
#5105 = DEFINITIONAL_REPRESENTATION('',(#5106),#5109);
#5106 = B_SPLINE_CURVE_WITH_KNOTS('',1,(#5107,#5108),.UNSPECIFIED.,.F.,
  .F.,(2,2),(-30.5,-5.5),.PIECEWISE_BEZIER_KNOTS.);
#5107 = CARTESIAN_POINT('',(9.1,-30.5));
#5108 = CARTESIAN_POINT('',(9.1,-5.5));
#5109 = ( GEOMETRIC_REPRESENTATION_CONTEXT(2) 
PARAMETRIC_REPRESENTATION_CONTEXT() REPRESENTATION_CONTEXT('2D SPACE',''
  ) );
#5110 = PCURVE('',#4726,#5111);
#5111 = DEFINITIONAL_REPRESENTATION('',(#5112),#5115);
#5112 = B_SPLINE_CURVE_WITH_KNOTS('',1,(#5113,#5114),.UNSPECIFIED.,.F.,
  .F.,(2,2),(-30.5,-5.5),.PIECEWISE_BEZIER_KNOTS.);
#5113 = CARTESIAN_POINT('',(4.1,30.5));
#5114 = CARTESIAN_POINT('',(4.1,5.5));
#5115 = ( GEOMETRIC_REPRESENTATION_CONTEXT(2) 
PARAMETRIC_REPRESENTATION_CONTEXT() REPRESENTATION_CONTEXT('2D SPACE',''
  ) );
#5116 = ORIENTED_EDGE('',*,*,#5117,.T.);
#5117 = EDGE_CURVE('',#5097,#5000,#5118,.T.);
#5118 = SURFACE_CURVE('',#5119,(#5123,#5130),.PCURVE_S1.);
#5119 = LINE('',#5120,#5121);
#5120 = CARTESIAN_POINT('',(13.5,27.5,11.));
#5121 = VECTOR('',#5122,1.);
#5122 = DIRECTION('',(0.,0.,1.));
#5123 = PCURVE('',#4699,#5124);
#5124 = DEFINITIONAL_REPRESENTATION('',(#5125),#5129);
#5125 = LINE('',#5126,#5127);
#5126 = CARTESIAN_POINT('',(0.,-30.5));
#5127 = VECTOR('',#5128,1.);
#5128 = DIRECTION('',(1.,0.));
#5129 = ( GEOMETRIC_REPRESENTATION_CONTEXT(2) 
PARAMETRIC_REPRESENTATION_CONTEXT() REPRESENTATION_CONTEXT('2D SPACE',''
  ) );
#5130 = PCURVE('',#5131,#5136);
#5131 = PLANE('',#5132);
#5132 = AXIS2_PLACEMENT_3D('',#5133,#5134,#5135);
#5133 = CARTESIAN_POINT('',(2.5,27.5,13.));
#5134 = DIRECTION('',(-0.,1.,0.));
#5135 = DIRECTION('',(0.,0.,1.));
#5136 = DEFINITIONAL_REPRESENTATION('',(#5137),#5141);
#5137 = LINE('',#5138,#5139);
#5138 = CARTESIAN_POINT('',(-2.,11.));
#5139 = VECTOR('',#5140,1.);
#5140 = DIRECTION('',(1.,0.));
#5141 = ( GEOMETRIC_REPRESENTATION_CONTEXT(2) 
PARAMETRIC_REPRESENTATION_CONTEXT() REPRESENTATION_CONTEXT('2D SPACE',''
  ) );
#5142 = ADVANCED_FACE('',(#5143),#5037,.T.);
#5143 = FACE_BOUND('',#5144,.T.);
#5144 = EDGE_LOOP('',(#5145,#5175,#5201,#5222,#5250,#5270,#5271,#5292));
#5145 = ORIENTED_EDGE('',*,*,#5146,.F.);
#5146 = EDGE_CURVE('',#5147,#5149,#5151,.T.);
#5147 = VERTEX_POINT('',#5148);
#5148 = CARTESIAN_POINT('',(8.6,2.5,13.));
#5149 = VERTEX_POINT('',#5150);
#5150 = CARTESIAN_POINT('',(9.4,2.5,13.));
#5151 = SURFACE_CURVE('',#5152,(#5156,#5163),.PCURVE_S1.);
#5152 = LINE('',#5153,#5154);
#5153 = CARTESIAN_POINT('',(2.5,2.5,13.));
#5154 = VECTOR('',#5155,1.);
#5155 = DIRECTION('',(1.,0.,-0.));
#5156 = PCURVE('',#5037,#5157);
#5157 = DEFINITIONAL_REPRESENTATION('',(#5158),#5162);
#5158 = LINE('',#5159,#5160);
#5159 = CARTESIAN_POINT('',(0.,0.));
#5160 = VECTOR('',#5161,1.);
#5161 = DIRECTION('',(0.,1.));
#5162 = ( GEOMETRIC_REPRESENTATION_CONTEXT(2) 
PARAMETRIC_REPRESENTATION_CONTEXT() REPRESENTATION_CONTEXT('2D SPACE',''
  ) );
#5163 = PCURVE('',#5164,#5169);
#5164 = PLANE('',#5165);
#5165 = AXIS2_PLACEMENT_3D('',#5166,#5167,#5168);
#5166 = CARTESIAN_POINT('',(2.5,2.5,13.));
#5167 = DIRECTION('',(0.,0.,1.));
#5168 = DIRECTION('',(1.,0.,-0.));
#5169 = DEFINITIONAL_REPRESENTATION('',(#5170),#5174);
#5170 = LINE('',#5171,#5172);
#5171 = CARTESIAN_POINT('',(0.,0.));
#5172 = VECTOR('',#5173,1.);
#5173 = DIRECTION('',(1.,0.));
#5174 = ( GEOMETRIC_REPRESENTATION_CONTEXT(2) 
PARAMETRIC_REPRESENTATION_CONTEXT() REPRESENTATION_CONTEXT('2D SPACE',''
  ) );
#5175 = ORIENTED_EDGE('',*,*,#5176,.F.);
#5176 = EDGE_CURVE('',#5177,#5147,#5179,.T.);
#5177 = VERTEX_POINT('',#5178);
#5178 = CARTESIAN_POINT('',(8.6,2.5,20.1));
#5179 = SURFACE_CURVE('',#5180,(#5184,#5190),.PCURVE_S1.);
#5180 = LINE('',#5181,#5182);
#5181 = CARTESIAN_POINT('',(8.6,2.5,12.45));
#5182 = VECTOR('',#5183,1.);
#5183 = DIRECTION('',(-0.,0.,-1.));
#5184 = PCURVE('',#5037,#5185);
#5185 = DEFINITIONAL_REPRESENTATION('',(#5186),#5189);
#5186 = B_SPLINE_CURVE_WITH_KNOTS('',1,(#5187,#5188),.UNSPECIFIED.,.F.,
  .F.,(2,2),(-7.65,-0.55),.PIECEWISE_BEZIER_KNOTS.);
#5187 = CARTESIAN_POINT('',(7.1,6.1));
#5188 = CARTESIAN_POINT('',(0.,6.1));
#5189 = ( GEOMETRIC_REPRESENTATION_CONTEXT(2) 
PARAMETRIC_REPRESENTATION_CONTEXT() REPRESENTATION_CONTEXT('2D SPACE',''
  ) );
#5190 = PCURVE('',#5191,#5196);
#5191 = PLANE('',#5192);
#5192 = AXIS2_PLACEMENT_3D('',#5193,#5194,#5195);
#5193 = CARTESIAN_POINT('',(8.6,-3.,11.9));
#5194 = DIRECTION('',(1.,0.,-0.));
#5195 = DIRECTION('',(0.,0.,1.));
#5196 = DEFINITIONAL_REPRESENTATION('',(#5197),#5200);
#5197 = B_SPLINE_CURVE_WITH_KNOTS('',1,(#5198,#5199),.UNSPECIFIED.,.F.,
  .F.,(2,2),(-7.65,-0.55),.PIECEWISE_BEZIER_KNOTS.);
#5198 = CARTESIAN_POINT('',(8.2,-5.5));
#5199 = CARTESIAN_POINT('',(1.1,-5.5));
#5200 = ( GEOMETRIC_REPRESENTATION_CONTEXT(2) 
PARAMETRIC_REPRESENTATION_CONTEXT() REPRESENTATION_CONTEXT('2D SPACE',''
  ) );
#5201 = ORIENTED_EDGE('',*,*,#5202,.F.);
#5202 = EDGE_CURVE('',#5203,#5177,#5205,.T.);
#5203 = VERTEX_POINT('',#5204);
#5204 = CARTESIAN_POINT('',(2.5,2.5,20.1));
#5205 = SURFACE_CURVE('',#5206,(#5210,#5216),.PCURVE_S1.);
#5206 = LINE('',#5207,#5208);
#5207 = CARTESIAN_POINT('',(1.45,2.5,20.1));
#5208 = VECTOR('',#5209,1.);
#5209 = DIRECTION('',(1.,0.,-0.));
#5210 = PCURVE('',#5037,#5211);
#5211 = DEFINITIONAL_REPRESENTATION('',(#5212),#5215);
#5212 = B_SPLINE_CURVE_WITH_KNOTS('',1,(#5213,#5214),.UNSPECIFIED.,.F.,
  .F.,(2,2),(1.05,7.15),.PIECEWISE_BEZIER_KNOTS.);
#5213 = CARTESIAN_POINT('',(7.1,0.));
#5214 = CARTESIAN_POINT('',(7.1,6.1));
#5215 = ( GEOMETRIC_REPRESENTATION_CONTEXT(2) 
PARAMETRIC_REPRESENTATION_CONTEXT() REPRESENTATION_CONTEXT('2D SPACE',''
  ) );
#5216 = PCURVE('',#4837,#5217);
#5217 = DEFINITIONAL_REPRESENTATION('',(#5218),#5221);
#5218 = B_SPLINE_CURVE_WITH_KNOTS('',1,(#5219,#5220),.UNSPECIFIED.,.F.,
  .F.,(2,2),(1.05,7.15),.PIECEWISE_BEZIER_KNOTS.);
#5219 = CARTESIAN_POINT('',(2.1,5.5));
#5220 = CARTESIAN_POINT('',(8.2,5.5));
#5221 = ( GEOMETRIC_REPRESENTATION_CONTEXT(2) 
PARAMETRIC_REPRESENTATION_CONTEXT() REPRESENTATION_CONTEXT('2D SPACE',''
  ) );
#5222 = ORIENTED_EDGE('',*,*,#5223,.T.);
#5223 = EDGE_CURVE('',#5203,#5224,#5226,.T.);
#5224 = VERTEX_POINT('',#5225);
#5225 = CARTESIAN_POINT('',(2.5,2.5,24.));
#5226 = SURFACE_CURVE('',#5227,(#5231,#5238),.PCURVE_S1.);
#5227 = LINE('',#5228,#5229);
#5228 = CARTESIAN_POINT('',(2.5,2.5,13.));
#5229 = VECTOR('',#5230,1.);
#5230 = DIRECTION('',(0.,0.,1.));
#5231 = PCURVE('',#5037,#5232);
#5232 = DEFINITIONAL_REPRESENTATION('',(#5233),#5237);
#5233 = LINE('',#5234,#5235);
#5234 = CARTESIAN_POINT('',(0.,0.));
#5235 = VECTOR('',#5236,1.);
#5236 = DIRECTION('',(1.,0.));
#5237 = ( GEOMETRIC_REPRESENTATION_CONTEXT(2) 
PARAMETRIC_REPRESENTATION_CONTEXT() REPRESENTATION_CONTEXT('2D SPACE',''
  ) );
#5238 = PCURVE('',#5239,#5244);
#5239 = PLANE('',#5240);
#5240 = AXIS2_PLACEMENT_3D('',#5241,#5242,#5243);
#5241 = CARTESIAN_POINT('',(2.5,2.5,13.));
#5242 = DIRECTION('',(1.,0.,-0.));
#5243 = DIRECTION('',(0.,0.,1.));
#5244 = DEFINITIONAL_REPRESENTATION('',(#5245),#5249);
#5245 = LINE('',#5246,#5247);
#5246 = CARTESIAN_POINT('',(0.,0.));
#5247 = VECTOR('',#5248,1.);
#5248 = DIRECTION('',(1.,0.));
#5249 = ( GEOMETRIC_REPRESENTATION_CONTEXT(2) 
PARAMETRIC_REPRESENTATION_CONTEXT() REPRESENTATION_CONTEXT('2D SPACE',''
  ) );
#5250 = ORIENTED_EDGE('',*,*,#5251,.F.);
#5251 = EDGE_CURVE('',#4998,#5224,#5252,.T.);
#5252 = SURFACE_CURVE('',#5253,(#5257,#5263),.PCURVE_S1.);
#5253 = LINE('',#5254,#5255);
#5254 = CARTESIAN_POINT('',(1.25,2.5,24.));
#5255 = VECTOR('',#5256,1.);
#5256 = DIRECTION('',(-1.,-0.,0.));
#5257 = PCURVE('',#5037,#5258);
#5258 = DEFINITIONAL_REPRESENTATION('',(#5259),#5262);
#5259 = B_SPLINE_CURVE_WITH_KNOTS('',1,(#5260,#5261),.UNSPECIFIED.,.F.,
  .F.,(2,2),(-26.25,-1.25),.PIECEWISE_BEZIER_KNOTS.);
#5260 = CARTESIAN_POINT('',(11.,25.));
#5261 = CARTESIAN_POINT('',(11.,0.));
#5262 = ( GEOMETRIC_REPRESENTATION_CONTEXT(2) 
PARAMETRIC_REPRESENTATION_CONTEXT() REPRESENTATION_CONTEXT('2D SPACE',''
  ) );
#5263 = PCURVE('',#126,#5264);
#5264 = DEFINITIONAL_REPRESENTATION('',(#5265),#5269);
#5265 = LINE('',#5266,#5267);
#5266 = CARTESIAN_POINT('',(1.25,2.5));
#5267 = VECTOR('',#5268,1.);
#5268 = DIRECTION('',(-1.,0.));
#5269 = ( GEOMETRIC_REPRESENTATION_CONTEXT(2) 
PARAMETRIC_REPRESENTATION_CONTEXT() REPRESENTATION_CONTEXT('2D SPACE',''
  ) );
#5270 = ORIENTED_EDGE('',*,*,#5022,.T.);
#5271 = ORIENTED_EDGE('',*,*,#5272,.F.);
#5272 = EDGE_CURVE('',#5273,#5023,#5275,.T.);
#5273 = VERTEX_POINT('',#5274);
#5274 = CARTESIAN_POINT('',(9.4,2.5,20.1));
#5275 = SURFACE_CURVE('',#5276,(#5280,#5286),.PCURVE_S1.);
#5276 = LINE('',#5277,#5278);
#5277 = CARTESIAN_POINT('',(5.95,2.5,20.1));
#5278 = VECTOR('',#5279,1.);
#5279 = DIRECTION('',(1.,0.,-0.));
#5280 = PCURVE('',#5037,#5281);
#5281 = DEFINITIONAL_REPRESENTATION('',(#5282),#5285);
#5282 = B_SPLINE_CURVE_WITH_KNOTS('',1,(#5283,#5284),.UNSPECIFIED.,.F.,
  .F.,(2,2),(3.45,11.65),.PIECEWISE_BEZIER_KNOTS.);
#5283 = CARTESIAN_POINT('',(7.1,6.9));
#5284 = CARTESIAN_POINT('',(7.1,15.1));
#5285 = ( GEOMETRIC_REPRESENTATION_CONTEXT(2) 
PARAMETRIC_REPRESENTATION_CONTEXT() REPRESENTATION_CONTEXT('2D SPACE',''
  ) );
#5286 = PCURVE('',#5063,#5287);
#5287 = DEFINITIONAL_REPRESENTATION('',(#5288),#5291);
#5288 = B_SPLINE_CURVE_WITH_KNOTS('',1,(#5289,#5290),.UNSPECIFIED.,.F.,
  .F.,(2,2),(3.45,11.65),.PIECEWISE_BEZIER_KNOTS.);
#5289 = CARTESIAN_POINT('',(0.,5.5));
#5290 = CARTESIAN_POINT('',(8.2,5.5));
#5291 = ( GEOMETRIC_REPRESENTATION_CONTEXT(2) 
PARAMETRIC_REPRESENTATION_CONTEXT() REPRESENTATION_CONTEXT('2D SPACE',''
  ) );
#5292 = ORIENTED_EDGE('',*,*,#5293,.T.);
#5293 = EDGE_CURVE('',#5273,#5149,#5294,.T.);
#5294 = SURFACE_CURVE('',#5295,(#5299,#5305),.PCURVE_S1.);
#5295 = LINE('',#5296,#5297);
#5296 = CARTESIAN_POINT('',(9.4,2.5,12.45));
#5297 = VECTOR('',#5298,1.);
#5298 = DIRECTION('',(-0.,0.,-1.));
#5299 = PCURVE('',#5037,#5300);
#5300 = DEFINITIONAL_REPRESENTATION('',(#5301),#5304);
#5301 = B_SPLINE_CURVE_WITH_KNOTS('',1,(#5302,#5303),.UNSPECIFIED.,.F.,
  .F.,(2,2),(-7.65,-0.55),.PIECEWISE_BEZIER_KNOTS.);
#5302 = CARTESIAN_POINT('',(7.1,6.9));
#5303 = CARTESIAN_POINT('',(0.,6.9));
#5304 = ( GEOMETRIC_REPRESENTATION_CONTEXT(2) 
PARAMETRIC_REPRESENTATION_CONTEXT() REPRESENTATION_CONTEXT('2D SPACE',''
  ) );
#5305 = PCURVE('',#5306,#5311);
#5306 = PLANE('',#5307);
#5307 = AXIS2_PLACEMENT_3D('',#5308,#5309,#5310);
#5308 = CARTESIAN_POINT('',(9.4,-3.,11.9));
#5309 = DIRECTION('',(1.,0.,-0.));
#5310 = DIRECTION('',(0.,0.,1.));
#5311 = DEFINITIONAL_REPRESENTATION('',(#5312),#5315);
#5312 = B_SPLINE_CURVE_WITH_KNOTS('',1,(#5313,#5314),.UNSPECIFIED.,.F.,
  .F.,(2,2),(-7.65,-0.55),.PIECEWISE_BEZIER_KNOTS.);
#5313 = CARTESIAN_POINT('',(8.2,-5.5));
#5314 = CARTESIAN_POINT('',(1.1,-5.5));
#5315 = ( GEOMETRIC_REPRESENTATION_CONTEXT(2) 
PARAMETRIC_REPRESENTATION_CONTEXT() REPRESENTATION_CONTEXT('2D SPACE',''
  ) );
#5316 = ADVANCED_FACE('',(#5317),#5191,.T.);
#5317 = FACE_BOUND('',#5318,.T.);
#5318 = EDGE_LOOP('',(#5319,#5342,#5343,#5364));
#5319 = ORIENTED_EDGE('',*,*,#5320,.F.);
#5320 = EDGE_CURVE('',#5177,#5321,#5323,.T.);
#5321 = VERTEX_POINT('',#5322);
#5322 = CARTESIAN_POINT('',(8.6,4.5,20.1));
#5323 = SURFACE_CURVE('',#5324,(#5328,#5335),.PCURVE_S1.);
#5324 = LINE('',#5325,#5326);
#5325 = CARTESIAN_POINT('',(8.6,-3.,20.1));
#5326 = VECTOR('',#5327,1.);
#5327 = DIRECTION('',(-0.,1.,0.));
#5328 = PCURVE('',#5191,#5329);
#5329 = DEFINITIONAL_REPRESENTATION('',(#5330),#5334);
#5330 = LINE('',#5331,#5332);
#5331 = CARTESIAN_POINT('',(8.2,0.));
#5332 = VECTOR('',#5333,1.);
#5333 = DIRECTION('',(0.,-1.));
#5334 = ( GEOMETRIC_REPRESENTATION_CONTEXT(2) 
PARAMETRIC_REPRESENTATION_CONTEXT() REPRESENTATION_CONTEXT('2D SPACE',''
  ) );
#5335 = PCURVE('',#4837,#5336);
#5336 = DEFINITIONAL_REPRESENTATION('',(#5337),#5341);
#5337 = LINE('',#5338,#5339);
#5338 = CARTESIAN_POINT('',(8.2,0.));
#5339 = VECTOR('',#5340,1.);
#5340 = DIRECTION('',(0.,1.));
#5341 = ( GEOMETRIC_REPRESENTATION_CONTEXT(2) 
PARAMETRIC_REPRESENTATION_CONTEXT() REPRESENTATION_CONTEXT('2D SPACE',''
  ) );
#5342 = ORIENTED_EDGE('',*,*,#5176,.T.);
#5343 = ORIENTED_EDGE('',*,*,#5344,.T.);
#5344 = EDGE_CURVE('',#5147,#5345,#5347,.T.);
#5345 = VERTEX_POINT('',#5346);
#5346 = CARTESIAN_POINT('',(8.6,4.5,13.));
#5347 = SURFACE_CURVE('',#5348,(#5352,#5358),.PCURVE_S1.);
#5348 = LINE('',#5349,#5350);
#5349 = CARTESIAN_POINT('',(8.6,-0.25,13.));
#5350 = VECTOR('',#5351,1.);
#5351 = DIRECTION('',(-0.,1.,0.));
#5352 = PCURVE('',#5191,#5353);
#5353 = DEFINITIONAL_REPRESENTATION('',(#5354),#5357);
#5354 = B_SPLINE_CURVE_WITH_KNOTS('',1,(#5355,#5356),.UNSPECIFIED.,.F.,
  .F.,(2,2),(2.75,27.75),.PIECEWISE_BEZIER_KNOTS.);
#5355 = CARTESIAN_POINT('',(1.1,-5.5));
#5356 = CARTESIAN_POINT('',(1.1,-30.5));
#5357 = ( GEOMETRIC_REPRESENTATION_CONTEXT(2) 
PARAMETRIC_REPRESENTATION_CONTEXT() REPRESENTATION_CONTEXT('2D SPACE',''
  ) );
#5358 = PCURVE('',#5164,#5359);
#5359 = DEFINITIONAL_REPRESENTATION('',(#5360),#5363);
#5360 = B_SPLINE_CURVE_WITH_KNOTS('',1,(#5361,#5362),.UNSPECIFIED.,.F.,
  .F.,(2,2),(2.75,27.75),.PIECEWISE_BEZIER_KNOTS.);
#5361 = CARTESIAN_POINT('',(6.1,0.));
#5362 = CARTESIAN_POINT('',(6.1,25.));
#5363 = ( GEOMETRIC_REPRESENTATION_CONTEXT(2) 
PARAMETRIC_REPRESENTATION_CONTEXT() REPRESENTATION_CONTEXT('2D SPACE',''
  ) );
#5364 = ORIENTED_EDGE('',*,*,#5365,.F.);
#5365 = EDGE_CURVE('',#5321,#5345,#5366,.T.);
#5366 = SURFACE_CURVE('',#5367,(#5371,#5378),.PCURVE_S1.);
#5367 = LINE('',#5368,#5369);
#5368 = CARTESIAN_POINT('',(8.6,4.5,20.1));
#5369 = VECTOR('',#5370,1.);
#5370 = DIRECTION('',(0.,0.,-1.));
#5371 = PCURVE('',#5191,#5372);
#5372 = DEFINITIONAL_REPRESENTATION('',(#5373),#5377);
#5373 = LINE('',#5374,#5375);
#5374 = CARTESIAN_POINT('',(8.2,-7.5));
#5375 = VECTOR('',#5376,1.);
#5376 = DIRECTION('',(-1.,0.));
#5377 = ( GEOMETRIC_REPRESENTATION_CONTEXT(2) 
PARAMETRIC_REPRESENTATION_CONTEXT() REPRESENTATION_CONTEXT('2D SPACE',''
  ) );
#5378 = PCURVE('',#4615,#5379);
#5379 = DEFINITIONAL_REPRESENTATION('',(#5380),#5384);
#5380 = LINE('',#5381,#5382);
#5381 = CARTESIAN_POINT('',(13.1,3.1));
#5382 = VECTOR('',#5383,1.);
#5383 = DIRECTION('',(-1.,0.));
#5384 = ( GEOMETRIC_REPRESENTATION_CONTEXT(2) 
PARAMETRIC_REPRESENTATION_CONTEXT() REPRESENTATION_CONTEXT('2D SPACE',''
  ) );
#5385 = ADVANCED_FACE('',(#5386),#5239,.T.);
#5386 = FACE_BOUND('',#5387,.T.);
#5387 = EDGE_LOOP('',(#5388,#5389,#5410,#5433));
#5388 = ORIENTED_EDGE('',*,*,#5223,.F.);
#5389 = ORIENTED_EDGE('',*,*,#5390,.F.);
#5390 = EDGE_CURVE('',#5391,#5203,#5393,.T.);
#5391 = VERTEX_POINT('',#5392);
#5392 = CARTESIAN_POINT('',(2.5,27.5,20.1));
#5393 = SURFACE_CURVE('',#5394,(#5398,#5404),.PCURVE_S1.);
#5394 = LINE('',#5395,#5396);
#5395 = CARTESIAN_POINT('',(2.5,-0.25,20.1));
#5396 = VECTOR('',#5397,1.);
#5397 = DIRECTION('',(0.,-1.,0.));
#5398 = PCURVE('',#5239,#5399);
#5399 = DEFINITIONAL_REPRESENTATION('',(#5400),#5403);
#5400 = B_SPLINE_CURVE_WITH_KNOTS('',1,(#5401,#5402),.UNSPECIFIED.,.F.,
  .F.,(2,2),(-27.75,-2.75),.PIECEWISE_BEZIER_KNOTS.);
#5401 = CARTESIAN_POINT('',(7.1,-25.));
#5402 = CARTESIAN_POINT('',(7.1,0.));
#5403 = ( GEOMETRIC_REPRESENTATION_CONTEXT(2) 
PARAMETRIC_REPRESENTATION_CONTEXT() REPRESENTATION_CONTEXT('2D SPACE',''
  ) );
#5404 = PCURVE('',#4837,#5405);
#5405 = DEFINITIONAL_REPRESENTATION('',(#5406),#5409);
#5406 = B_SPLINE_CURVE_WITH_KNOTS('',1,(#5407,#5408),.UNSPECIFIED.,.F.,
  .F.,(2,2),(-27.75,-2.75),.PIECEWISE_BEZIER_KNOTS.);
#5407 = CARTESIAN_POINT('',(2.1,30.5));
#5408 = CARTESIAN_POINT('',(2.1,5.5));
#5409 = ( GEOMETRIC_REPRESENTATION_CONTEXT(2) 
PARAMETRIC_REPRESENTATION_CONTEXT() REPRESENTATION_CONTEXT('2D SPACE',''
  ) );
#5410 = ORIENTED_EDGE('',*,*,#5411,.T.);
#5411 = EDGE_CURVE('',#5391,#5412,#5414,.T.);
#5412 = VERTEX_POINT('',#5413);
#5413 = CARTESIAN_POINT('',(2.5,27.5,24.));
#5414 = SURFACE_CURVE('',#5415,(#5419,#5426),.PCURVE_S1.);
#5415 = LINE('',#5416,#5417);
#5416 = CARTESIAN_POINT('',(2.5,27.5,13.));
#5417 = VECTOR('',#5418,1.);
#5418 = DIRECTION('',(0.,0.,1.));
#5419 = PCURVE('',#5239,#5420);
#5420 = DEFINITIONAL_REPRESENTATION('',(#5421),#5425);
#5421 = LINE('',#5422,#5423);
#5422 = CARTESIAN_POINT('',(0.,-25.));
#5423 = VECTOR('',#5424,1.);
#5424 = DIRECTION('',(1.,0.));
#5425 = ( GEOMETRIC_REPRESENTATION_CONTEXT(2) 
PARAMETRIC_REPRESENTATION_CONTEXT() REPRESENTATION_CONTEXT('2D SPACE',''
  ) );
#5426 = PCURVE('',#5131,#5427);
#5427 = DEFINITIONAL_REPRESENTATION('',(#5428),#5432);
#5428 = LINE('',#5429,#5430);
#5429 = CARTESIAN_POINT('',(0.,0.));
#5430 = VECTOR('',#5431,1.);
#5431 = DIRECTION('',(1.,0.));
#5432 = ( GEOMETRIC_REPRESENTATION_CONTEXT(2) 
PARAMETRIC_REPRESENTATION_CONTEXT() REPRESENTATION_CONTEXT('2D SPACE',''
  ) );
#5433 = ORIENTED_EDGE('',*,*,#5434,.F.);
#5434 = EDGE_CURVE('',#5224,#5412,#5435,.T.);
#5435 = SURFACE_CURVE('',#5436,(#5440,#5446),.PCURVE_S1.);
#5436 = LINE('',#5437,#5438);
#5437 = CARTESIAN_POINT('',(2.5,1.25,24.));
#5438 = VECTOR('',#5439,1.);
#5439 = DIRECTION('',(-0.,1.,0.));
#5440 = PCURVE('',#5239,#5441);
#5441 = DEFINITIONAL_REPRESENTATION('',(#5442),#5445);
#5442 = B_SPLINE_CURVE_WITH_KNOTS('',1,(#5443,#5444),.UNSPECIFIED.,.F.,
  .F.,(2,2),(1.25,26.25),.PIECEWISE_BEZIER_KNOTS.);
#5443 = CARTESIAN_POINT('',(11.,0.));
#5444 = CARTESIAN_POINT('',(11.,-25.));
#5445 = ( GEOMETRIC_REPRESENTATION_CONTEXT(2) 
PARAMETRIC_REPRESENTATION_CONTEXT() REPRESENTATION_CONTEXT('2D SPACE',''
  ) );
#5446 = PCURVE('',#126,#5447);
#5447 = DEFINITIONAL_REPRESENTATION('',(#5448),#5452);
#5448 = LINE('',#5449,#5450);
#5449 = CARTESIAN_POINT('',(2.5,1.25));
#5450 = VECTOR('',#5451,1.);
#5451 = DIRECTION('',(0.,1.));
#5452 = ( GEOMETRIC_REPRESENTATION_CONTEXT(2) 
PARAMETRIC_REPRESENTATION_CONTEXT() REPRESENTATION_CONTEXT('2D SPACE',''
  ) );
#5453 = ADVANCED_FACE('',(#5454),#5306,.F.);
#5454 = FACE_BOUND('',#5455,.F.);
#5455 = EDGE_LOOP('',(#5456,#5479,#5480,#5501));
#5456 = ORIENTED_EDGE('',*,*,#5457,.F.);
#5457 = EDGE_CURVE('',#5273,#5458,#5460,.T.);
#5458 = VERTEX_POINT('',#5459);
#5459 = CARTESIAN_POINT('',(9.4,4.5,20.1));
#5460 = SURFACE_CURVE('',#5461,(#5465,#5472),.PCURVE_S1.);
#5461 = LINE('',#5462,#5463);
#5462 = CARTESIAN_POINT('',(9.4,-3.,20.1));
#5463 = VECTOR('',#5464,1.);
#5464 = DIRECTION('',(-0.,1.,0.));
#5465 = PCURVE('',#5306,#5466);
#5466 = DEFINITIONAL_REPRESENTATION('',(#5467),#5471);
#5467 = LINE('',#5468,#5469);
#5468 = CARTESIAN_POINT('',(8.2,0.));
#5469 = VECTOR('',#5470,1.);
#5470 = DIRECTION('',(0.,-1.));
#5471 = ( GEOMETRIC_REPRESENTATION_CONTEXT(2) 
PARAMETRIC_REPRESENTATION_CONTEXT() REPRESENTATION_CONTEXT('2D SPACE',''
  ) );
#5472 = PCURVE('',#5063,#5473);
#5473 = DEFINITIONAL_REPRESENTATION('',(#5474),#5478);
#5474 = LINE('',#5475,#5476);
#5475 = CARTESIAN_POINT('',(0.,0.));
#5476 = VECTOR('',#5477,1.);
#5477 = DIRECTION('',(0.,1.));
#5478 = ( GEOMETRIC_REPRESENTATION_CONTEXT(2) 
PARAMETRIC_REPRESENTATION_CONTEXT() REPRESENTATION_CONTEXT('2D SPACE',''
  ) );
#5479 = ORIENTED_EDGE('',*,*,#5293,.T.);
#5480 = ORIENTED_EDGE('',*,*,#5481,.T.);
#5481 = EDGE_CURVE('',#5149,#5482,#5484,.T.);
#5482 = VERTEX_POINT('',#5483);
#5483 = CARTESIAN_POINT('',(9.4,4.5,13.));
#5484 = SURFACE_CURVE('',#5485,(#5489,#5495),.PCURVE_S1.);
#5485 = LINE('',#5486,#5487);
#5486 = CARTESIAN_POINT('',(9.4,-0.25,13.));
#5487 = VECTOR('',#5488,1.);
#5488 = DIRECTION('',(-0.,1.,0.));
#5489 = PCURVE('',#5306,#5490);
#5490 = DEFINITIONAL_REPRESENTATION('',(#5491),#5494);
#5491 = B_SPLINE_CURVE_WITH_KNOTS('',1,(#5492,#5493),.UNSPECIFIED.,.F.,
  .F.,(2,2),(2.75,27.75),.PIECEWISE_BEZIER_KNOTS.);
#5492 = CARTESIAN_POINT('',(1.1,-5.5));
#5493 = CARTESIAN_POINT('',(1.1,-30.5));
#5494 = ( GEOMETRIC_REPRESENTATION_CONTEXT(2) 
PARAMETRIC_REPRESENTATION_CONTEXT() REPRESENTATION_CONTEXT('2D SPACE',''
  ) );
#5495 = PCURVE('',#5164,#5496);
#5496 = DEFINITIONAL_REPRESENTATION('',(#5497),#5500);
#5497 = B_SPLINE_CURVE_WITH_KNOTS('',1,(#5498,#5499),.UNSPECIFIED.,.F.,
  .F.,(2,2),(2.75,27.75),.PIECEWISE_BEZIER_KNOTS.);
#5498 = CARTESIAN_POINT('',(6.9,0.));
#5499 = CARTESIAN_POINT('',(6.9,25.));
#5500 = ( GEOMETRIC_REPRESENTATION_CONTEXT(2) 
PARAMETRIC_REPRESENTATION_CONTEXT() REPRESENTATION_CONTEXT('2D SPACE',''
  ) );
#5501 = ORIENTED_EDGE('',*,*,#5502,.T.);
#5502 = EDGE_CURVE('',#5482,#5458,#5503,.T.);
#5503 = SURFACE_CURVE('',#5504,(#5508,#5515),.PCURVE_S1.);
#5504 = LINE('',#5505,#5506);
#5505 = CARTESIAN_POINT('',(9.4,4.5,13.));
#5506 = VECTOR('',#5507,1.);
#5507 = DIRECTION('',(0.,0.,1.));
#5508 = PCURVE('',#5306,#5509);
#5509 = DEFINITIONAL_REPRESENTATION('',(#5510),#5514);
#5510 = LINE('',#5511,#5512);
#5511 = CARTESIAN_POINT('',(1.1,-7.5));
#5512 = VECTOR('',#5513,1.);
#5513 = DIRECTION('',(1.,0.));
#5514 = ( GEOMETRIC_REPRESENTATION_CONTEXT(2) 
PARAMETRIC_REPRESENTATION_CONTEXT() REPRESENTATION_CONTEXT('2D SPACE',''
  ) );
#5515 = PCURVE('',#4615,#5516);
#5516 = DEFINITIONAL_REPRESENTATION('',(#5517),#5521);
#5517 = LINE('',#5518,#5519);
#5518 = CARTESIAN_POINT('',(6.,3.9));
#5519 = VECTOR('',#5520,1.);
#5520 = DIRECTION('',(1.,0.));
#5521 = ( GEOMETRIC_REPRESENTATION_CONTEXT(2) 
PARAMETRIC_REPRESENTATION_CONTEXT() REPRESENTATION_CONTEXT('2D SPACE',''
  ) );
#5522 = ADVANCED_FACE('',(#5523),#5164,.T.);
#5523 = FACE_BOUND('',#5524,.T.);
#5524 = EDGE_LOOP('',(#5525,#5545,#5546,#5547));
#5525 = ORIENTED_EDGE('',*,*,#5526,.T.);
#5526 = EDGE_CURVE('',#5482,#5345,#5527,.T.);
#5527 = SURFACE_CURVE('',#5528,(#5532,#5538),.PCURVE_S1.);
#5528 = LINE('',#5529,#5530);
#5529 = CARTESIAN_POINT('',(4.,4.5,13.));
#5530 = VECTOR('',#5531,1.);
#5531 = DIRECTION('',(-1.,-0.,0.));
#5532 = PCURVE('',#5164,#5533);
#5533 = DEFINITIONAL_REPRESENTATION('',(#5534),#5537);
#5534 = B_SPLINE_CURVE_WITH_KNOTS('',1,(#5535,#5536),.UNSPECIFIED.,.F.,
  .F.,(2,2),(-5.4,-4.6),.PIECEWISE_BEZIER_KNOTS.);
#5535 = CARTESIAN_POINT('',(6.9,2.));
#5536 = CARTESIAN_POINT('',(6.1,2.));
#5537 = ( GEOMETRIC_REPRESENTATION_CONTEXT(2) 
PARAMETRIC_REPRESENTATION_CONTEXT() REPRESENTATION_CONTEXT('2D SPACE',''
  ) );
#5538 = PCURVE('',#4615,#5539);
#5539 = DEFINITIONAL_REPRESENTATION('',(#5540),#5544);
#5540 = LINE('',#5541,#5542);
#5541 = CARTESIAN_POINT('',(6.,-1.5));
#5542 = VECTOR('',#5543,1.);
#5543 = DIRECTION('',(0.,-1.));
#5544 = ( GEOMETRIC_REPRESENTATION_CONTEXT(2) 
PARAMETRIC_REPRESENTATION_CONTEXT() REPRESENTATION_CONTEXT('2D SPACE',''
  ) );
#5545 = ORIENTED_EDGE('',*,*,#5344,.F.);
#5546 = ORIENTED_EDGE('',*,*,#5146,.T.);
#5547 = ORIENTED_EDGE('',*,*,#5481,.T.);
#5548 = ADVANCED_FACE('',(#5549),#5063,.T.);
#5549 = FACE_BOUND('',#5550,.T.);
#5550 = EDGE_LOOP('',(#5551,#5552,#5553,#5554));
#5551 = ORIENTED_EDGE('',*,*,#5457,.F.);
#5552 = ORIENTED_EDGE('',*,*,#5272,.T.);
#5553 = ORIENTED_EDGE('',*,*,#5048,.F.);
#5554 = ORIENTED_EDGE('',*,*,#5555,.F.);
#5555 = EDGE_CURVE('',#5458,#5049,#5556,.T.);
#5556 = SURFACE_CURVE('',#5557,(#5561,#5568),.PCURVE_S1.);
#5557 = LINE('',#5558,#5559);
#5558 = CARTESIAN_POINT('',(9.4,4.5,20.1));
#5559 = VECTOR('',#5560,1.);
#5560 = DIRECTION('',(1.,0.,0.));
#5561 = PCURVE('',#5063,#5562);
#5562 = DEFINITIONAL_REPRESENTATION('',(#5563),#5567);
#5563 = LINE('',#5564,#5565);
#5564 = CARTESIAN_POINT('',(0.,7.5));
#5565 = VECTOR('',#5566,1.);
#5566 = DIRECTION('',(1.,0.));
#5567 = ( GEOMETRIC_REPRESENTATION_CONTEXT(2) 
PARAMETRIC_REPRESENTATION_CONTEXT() REPRESENTATION_CONTEXT('2D SPACE',''
  ) );
#5568 = PCURVE('',#4615,#5569);
#5569 = DEFINITIONAL_REPRESENTATION('',(#5570),#5574);
#5570 = LINE('',#5571,#5572);
#5571 = CARTESIAN_POINT('',(13.1,3.9));
#5572 = VECTOR('',#5573,1.);
#5573 = DIRECTION('',(0.,1.));
#5574 = ( GEOMETRIC_REPRESENTATION_CONTEXT(2) 
PARAMETRIC_REPRESENTATION_CONTEXT() REPRESENTATION_CONTEXT('2D SPACE',''
  ) );
#5575 = ADVANCED_FACE('',(#5576),#5131,.F.);
#5576 = FACE_BOUND('',#5577,.F.);
#5577 = EDGE_LOOP('',(#5578,#5603,#5624,#5643,#5644,#5664,#5665,#5686));
#5578 = ORIENTED_EDGE('',*,*,#5579,.F.);
#5579 = EDGE_CURVE('',#5580,#5582,#5584,.T.);
#5580 = VERTEX_POINT('',#5581);
#5581 = CARTESIAN_POINT('',(8.6,27.5,13.));
#5582 = VERTEX_POINT('',#5583);
#5583 = CARTESIAN_POINT('',(9.4,27.5,13.));
#5584 = SURFACE_CURVE('',#5585,(#5589,#5596),.PCURVE_S1.);
#5585 = LINE('',#5586,#5587);
#5586 = CARTESIAN_POINT('',(2.5,27.5,13.));
#5587 = VECTOR('',#5588,1.);
#5588 = DIRECTION('',(1.,0.,-0.));
#5589 = PCURVE('',#5131,#5590);
#5590 = DEFINITIONAL_REPRESENTATION('',(#5591),#5595);
#5591 = LINE('',#5592,#5593);
#5592 = CARTESIAN_POINT('',(0.,0.));
#5593 = VECTOR('',#5594,1.);
#5594 = DIRECTION('',(0.,1.));
#5595 = ( GEOMETRIC_REPRESENTATION_CONTEXT(2) 
PARAMETRIC_REPRESENTATION_CONTEXT() REPRESENTATION_CONTEXT('2D SPACE',''
  ) );
#5596 = PCURVE('',#4782,#5597);
#5597 = DEFINITIONAL_REPRESENTATION('',(#5598),#5602);
#5598 = LINE('',#5599,#5600);
#5599 = CARTESIAN_POINT('',(0.,25.));
#5600 = VECTOR('',#5601,1.);
#5601 = DIRECTION('',(1.,0.));
#5602 = ( GEOMETRIC_REPRESENTATION_CONTEXT(2) 
PARAMETRIC_REPRESENTATION_CONTEXT() REPRESENTATION_CONTEXT('2D SPACE',''
  ) );
#5603 = ORIENTED_EDGE('',*,*,#5604,.F.);
#5604 = EDGE_CURVE('',#5605,#5580,#5607,.T.);
#5605 = VERTEX_POINT('',#5606);
#5606 = CARTESIAN_POINT('',(8.6,27.5,20.1));
#5607 = SURFACE_CURVE('',#5608,(#5612,#5618),.PCURVE_S1.);
#5608 = LINE('',#5609,#5610);
#5609 = CARTESIAN_POINT('',(8.6,27.5,12.45));
#5610 = VECTOR('',#5611,1.);
#5611 = DIRECTION('',(-0.,0.,-1.));
#5612 = PCURVE('',#5131,#5613);
#5613 = DEFINITIONAL_REPRESENTATION('',(#5614),#5617);
#5614 = B_SPLINE_CURVE_WITH_KNOTS('',1,(#5615,#5616),.UNSPECIFIED.,.F.,
  .F.,(2,2),(-7.65,-0.55),.PIECEWISE_BEZIER_KNOTS.);
#5615 = CARTESIAN_POINT('',(7.1,6.1));
#5616 = CARTESIAN_POINT('',(0.,6.1));
#5617 = ( GEOMETRIC_REPRESENTATION_CONTEXT(2) 
PARAMETRIC_REPRESENTATION_CONTEXT() REPRESENTATION_CONTEXT('2D SPACE',''
  ) );
#5618 = PCURVE('',#4809,#5619);
#5619 = DEFINITIONAL_REPRESENTATION('',(#5620),#5623);
#5620 = B_SPLINE_CURVE_WITH_KNOTS('',1,(#5621,#5622),.UNSPECIFIED.,.F.,
  .F.,(2,2),(-7.65,-0.55),.PIECEWISE_BEZIER_KNOTS.);
#5621 = CARTESIAN_POINT('',(8.2,-30.5));
#5622 = CARTESIAN_POINT('',(1.1,-30.5));
#5623 = ( GEOMETRIC_REPRESENTATION_CONTEXT(2) 
PARAMETRIC_REPRESENTATION_CONTEXT() REPRESENTATION_CONTEXT('2D SPACE',''
  ) );
#5624 = ORIENTED_EDGE('',*,*,#5625,.F.);
#5625 = EDGE_CURVE('',#5391,#5605,#5626,.T.);
#5626 = SURFACE_CURVE('',#5627,(#5631,#5637),.PCURVE_S1.);
#5627 = LINE('',#5628,#5629);
#5628 = CARTESIAN_POINT('',(1.45,27.5,20.1));
#5629 = VECTOR('',#5630,1.);
#5630 = DIRECTION('',(1.,0.,-0.));
#5631 = PCURVE('',#5131,#5632);
#5632 = DEFINITIONAL_REPRESENTATION('',(#5633),#5636);
#5633 = B_SPLINE_CURVE_WITH_KNOTS('',1,(#5634,#5635),.UNSPECIFIED.,.F.,
  .F.,(2,2),(1.05,7.15),.PIECEWISE_BEZIER_KNOTS.);
#5634 = CARTESIAN_POINT('',(7.1,0.));
#5635 = CARTESIAN_POINT('',(7.1,6.1));
#5636 = ( GEOMETRIC_REPRESENTATION_CONTEXT(2) 
PARAMETRIC_REPRESENTATION_CONTEXT() REPRESENTATION_CONTEXT('2D SPACE',''
  ) );
#5637 = PCURVE('',#4837,#5638);
#5638 = DEFINITIONAL_REPRESENTATION('',(#5639),#5642);
#5639 = B_SPLINE_CURVE_WITH_KNOTS('',1,(#5640,#5641),.UNSPECIFIED.,.F.,
  .F.,(2,2),(1.05,7.15),.PIECEWISE_BEZIER_KNOTS.);
#5640 = CARTESIAN_POINT('',(2.1,30.5));
#5641 = CARTESIAN_POINT('',(8.2,30.5));
#5642 = ( GEOMETRIC_REPRESENTATION_CONTEXT(2) 
PARAMETRIC_REPRESENTATION_CONTEXT() REPRESENTATION_CONTEXT('2D SPACE',''
  ) );
#5643 = ORIENTED_EDGE('',*,*,#5411,.T.);
#5644 = ORIENTED_EDGE('',*,*,#5645,.F.);
#5645 = EDGE_CURVE('',#5000,#5412,#5646,.T.);
#5646 = SURFACE_CURVE('',#5647,(#5651,#5657),.PCURVE_S1.);
#5647 = LINE('',#5648,#5649);
#5648 = CARTESIAN_POINT('',(1.25,27.5,24.));
#5649 = VECTOR('',#5650,1.);
#5650 = DIRECTION('',(-1.,-0.,0.));
#5651 = PCURVE('',#5131,#5652);
#5652 = DEFINITIONAL_REPRESENTATION('',(#5653),#5656);
#5653 = B_SPLINE_CURVE_WITH_KNOTS('',1,(#5654,#5655),.UNSPECIFIED.,.F.,
  .F.,(2,2),(-66.25,-1.25),.PIECEWISE_BEZIER_KNOTS.);
#5654 = CARTESIAN_POINT('',(11.,65.));
#5655 = CARTESIAN_POINT('',(11.,0.));
#5656 = ( GEOMETRIC_REPRESENTATION_CONTEXT(2) 
PARAMETRIC_REPRESENTATION_CONTEXT() REPRESENTATION_CONTEXT('2D SPACE',''
  ) );
#5657 = PCURVE('',#126,#5658);
#5658 = DEFINITIONAL_REPRESENTATION('',(#5659),#5663);
#5659 = LINE('',#5660,#5661);
#5660 = CARTESIAN_POINT('',(1.25,27.5));
#5661 = VECTOR('',#5662,1.);
#5662 = DIRECTION('',(-1.,0.));
#5663 = ( GEOMETRIC_REPRESENTATION_CONTEXT(2) 
PARAMETRIC_REPRESENTATION_CONTEXT() REPRESENTATION_CONTEXT('2D SPACE',''
  ) );
#5664 = ORIENTED_EDGE('',*,*,#5117,.F.);
#5665 = ORIENTED_EDGE('',*,*,#5666,.F.);
#5666 = EDGE_CURVE('',#5667,#5097,#5669,.T.);
#5667 = VERTEX_POINT('',#5668);
#5668 = CARTESIAN_POINT('',(9.4,27.5,20.1));
#5669 = SURFACE_CURVE('',#5670,(#5674,#5680),.PCURVE_S1.);
#5670 = LINE('',#5671,#5672);
#5671 = CARTESIAN_POINT('',(5.95,27.5,20.1));
#5672 = VECTOR('',#5673,1.);
#5673 = DIRECTION('',(1.,0.,-0.));
#5674 = PCURVE('',#5131,#5675);
#5675 = DEFINITIONAL_REPRESENTATION('',(#5676),#5679);
#5676 = B_SPLINE_CURVE_WITH_KNOTS('',1,(#5677,#5678),.UNSPECIFIED.,.F.,
  .F.,(2,2),(3.45,11.65),.PIECEWISE_BEZIER_KNOTS.);
#5677 = CARTESIAN_POINT('',(7.1,6.9));
#5678 = CARTESIAN_POINT('',(7.1,15.1));
#5679 = ( GEOMETRIC_REPRESENTATION_CONTEXT(2) 
PARAMETRIC_REPRESENTATION_CONTEXT() REPRESENTATION_CONTEXT('2D SPACE',''
  ) );
#5680 = PCURVE('',#4726,#5681);
#5681 = DEFINITIONAL_REPRESENTATION('',(#5682),#5685);
#5682 = B_SPLINE_CURVE_WITH_KNOTS('',1,(#5683,#5684),.UNSPECIFIED.,.F.,
  .F.,(2,2),(3.45,11.65),.PIECEWISE_BEZIER_KNOTS.);
#5683 = CARTESIAN_POINT('',(0.,30.5));
#5684 = CARTESIAN_POINT('',(8.2,30.5));
#5685 = ( GEOMETRIC_REPRESENTATION_CONTEXT(2) 
PARAMETRIC_REPRESENTATION_CONTEXT() REPRESENTATION_CONTEXT('2D SPACE',''
  ) );
#5686 = ORIENTED_EDGE('',*,*,#5687,.T.);
#5687 = EDGE_CURVE('',#5667,#5582,#5688,.T.);
#5688 = SURFACE_CURVE('',#5689,(#5693,#5699),.PCURVE_S1.);
#5689 = LINE('',#5690,#5691);
#5690 = CARTESIAN_POINT('',(9.4,27.5,12.45));
#5691 = VECTOR('',#5692,1.);
#5692 = DIRECTION('',(-0.,0.,-1.));
#5693 = PCURVE('',#5131,#5694);
#5694 = DEFINITIONAL_REPRESENTATION('',(#5695),#5698);
#5695 = B_SPLINE_CURVE_WITH_KNOTS('',1,(#5696,#5697),.UNSPECIFIED.,.F.,
  .F.,(2,2),(-7.65,-0.55),.PIECEWISE_BEZIER_KNOTS.);
#5696 = CARTESIAN_POINT('',(7.1,6.9));
#5697 = CARTESIAN_POINT('',(0.,6.9));
#5698 = ( GEOMETRIC_REPRESENTATION_CONTEXT(2) 
PARAMETRIC_REPRESENTATION_CONTEXT() REPRESENTATION_CONTEXT('2D SPACE',''
  ) );
#5699 = PCURVE('',#4754,#5700);
#5700 = DEFINITIONAL_REPRESENTATION('',(#5701),#5704);
#5701 = B_SPLINE_CURVE_WITH_KNOTS('',1,(#5702,#5703),.UNSPECIFIED.,.F.,
  .F.,(2,2),(-7.65,-0.55),.PIECEWISE_BEZIER_KNOTS.);
#5702 = CARTESIAN_POINT('',(8.2,-30.5));
#5703 = CARTESIAN_POINT('',(1.1,-30.5));
#5704 = ( GEOMETRIC_REPRESENTATION_CONTEXT(2) 
PARAMETRIC_REPRESENTATION_CONTEXT() REPRESENTATION_CONTEXT('2D SPACE',''
  ) );
#5705 = ADVANCED_FACE('',(#5706),#4726,.T.);
#5706 = FACE_BOUND('',#5707,.T.);
#5707 = EDGE_LOOP('',(#5708,#5729,#5730,#5731));
#5708 = ORIENTED_EDGE('',*,*,#5709,.F.);
#5709 = EDGE_CURVE('',#4711,#5667,#5710,.T.);
#5710 = SURFACE_CURVE('',#5711,(#5715,#5722),.PCURVE_S1.);
#5711 = LINE('',#5712,#5713);
#5712 = CARTESIAN_POINT('',(9.4,-3.,20.1));
#5713 = VECTOR('',#5714,1.);
#5714 = DIRECTION('',(-0.,1.,0.));
#5715 = PCURVE('',#4726,#5716);
#5716 = DEFINITIONAL_REPRESENTATION('',(#5717),#5721);
#5717 = LINE('',#5718,#5719);
#5718 = CARTESIAN_POINT('',(0.,0.));
#5719 = VECTOR('',#5720,1.);
#5720 = DIRECTION('',(0.,1.));
#5721 = ( GEOMETRIC_REPRESENTATION_CONTEXT(2) 
PARAMETRIC_REPRESENTATION_CONTEXT() REPRESENTATION_CONTEXT('2D SPACE',''
  ) );
#5722 = PCURVE('',#4754,#5723);
#5723 = DEFINITIONAL_REPRESENTATION('',(#5724),#5728);
#5724 = LINE('',#5725,#5726);
#5725 = CARTESIAN_POINT('',(8.2,0.));
#5726 = VECTOR('',#5727,1.);
#5727 = DIRECTION('',(0.,-1.));
#5728 = ( GEOMETRIC_REPRESENTATION_CONTEXT(2) 
PARAMETRIC_REPRESENTATION_CONTEXT() REPRESENTATION_CONTEXT('2D SPACE',''
  ) );
#5729 = ORIENTED_EDGE('',*,*,#4710,.T.);
#5730 = ORIENTED_EDGE('',*,*,#5096,.F.);
#5731 = ORIENTED_EDGE('',*,*,#5666,.F.);
#5732 = ADVANCED_FACE('',(#5733),#4754,.F.);
#5733 = FACE_BOUND('',#5734,.F.);
#5734 = EDGE_LOOP('',(#5735,#5736,#5737,#5756));
#5735 = ORIENTED_EDGE('',*,*,#5709,.F.);
#5736 = ORIENTED_EDGE('',*,*,#4738,.F.);
#5737 = ORIENTED_EDGE('',*,*,#5738,.T.);
#5738 = EDGE_CURVE('',#4739,#5582,#5739,.T.);
#5739 = SURFACE_CURVE('',#5740,(#5744,#5750),.PCURVE_S1.);
#5740 = LINE('',#5741,#5742);
#5741 = CARTESIAN_POINT('',(9.4,-0.25,13.));
#5742 = VECTOR('',#5743,1.);
#5743 = DIRECTION('',(-0.,1.,0.));
#5744 = PCURVE('',#4754,#5745);
#5745 = DEFINITIONAL_REPRESENTATION('',(#5746),#5749);
#5746 = B_SPLINE_CURVE_WITH_KNOTS('',1,(#5747,#5748),.UNSPECIFIED.,.F.,
  .F.,(2,2),(2.75,27.75),.PIECEWISE_BEZIER_KNOTS.);
#5747 = CARTESIAN_POINT('',(1.1,-5.5));
#5748 = CARTESIAN_POINT('',(1.1,-30.5));
#5749 = ( GEOMETRIC_REPRESENTATION_CONTEXT(2) 
PARAMETRIC_REPRESENTATION_CONTEXT() REPRESENTATION_CONTEXT('2D SPACE',''
  ) );
#5750 = PCURVE('',#4782,#5751);
#5751 = DEFINITIONAL_REPRESENTATION('',(#5752),#5755);
#5752 = B_SPLINE_CURVE_WITH_KNOTS('',1,(#5753,#5754),.UNSPECIFIED.,.F.,
  .F.,(2,2),(2.75,27.75),.PIECEWISE_BEZIER_KNOTS.);
#5753 = CARTESIAN_POINT('',(6.9,0.));
#5754 = CARTESIAN_POINT('',(6.9,25.));
#5755 = ( GEOMETRIC_REPRESENTATION_CONTEXT(2) 
PARAMETRIC_REPRESENTATION_CONTEXT() REPRESENTATION_CONTEXT('2D SPACE',''
  ) );
#5756 = ORIENTED_EDGE('',*,*,#5687,.F.);
#5757 = ADVANCED_FACE('',(#5758),#4782,.T.);
#5758 = FACE_BOUND('',#5759,.T.);
#5759 = EDGE_LOOP('',(#5760,#5761,#5780,#5781));
#5760 = ORIENTED_EDGE('',*,*,#5579,.F.);
#5761 = ORIENTED_EDGE('',*,*,#5762,.F.);
#5762 = EDGE_CURVE('',#4767,#5580,#5763,.T.);
#5763 = SURFACE_CURVE('',#5764,(#5768,#5774),.PCURVE_S1.);
#5764 = LINE('',#5765,#5766);
#5765 = CARTESIAN_POINT('',(8.6,-0.25,13.));
#5766 = VECTOR('',#5767,1.);
#5767 = DIRECTION('',(-0.,1.,0.));
#5768 = PCURVE('',#4782,#5769);
#5769 = DEFINITIONAL_REPRESENTATION('',(#5770),#5773);
#5770 = B_SPLINE_CURVE_WITH_KNOTS('',1,(#5771,#5772),.UNSPECIFIED.,.F.,
  .F.,(2,2),(2.75,27.75),.PIECEWISE_BEZIER_KNOTS.);
#5771 = CARTESIAN_POINT('',(6.1,0.));
#5772 = CARTESIAN_POINT('',(6.1,25.));
#5773 = ( GEOMETRIC_REPRESENTATION_CONTEXT(2) 
PARAMETRIC_REPRESENTATION_CONTEXT() REPRESENTATION_CONTEXT('2D SPACE',''
  ) );
#5774 = PCURVE('',#4809,#5775);
#5775 = DEFINITIONAL_REPRESENTATION('',(#5776),#5779);
#5776 = B_SPLINE_CURVE_WITH_KNOTS('',1,(#5777,#5778),.UNSPECIFIED.,.F.,
  .F.,(2,2),(2.75,27.75),.PIECEWISE_BEZIER_KNOTS.);
#5777 = CARTESIAN_POINT('',(1.1,-5.5));
#5778 = CARTESIAN_POINT('',(1.1,-30.5));
#5779 = ( GEOMETRIC_REPRESENTATION_CONTEXT(2) 
PARAMETRIC_REPRESENTATION_CONTEXT() REPRESENTATION_CONTEXT('2D SPACE',''
  ) );
#5780 = ORIENTED_EDGE('',*,*,#4766,.F.);
#5781 = ORIENTED_EDGE('',*,*,#5738,.T.);
#5782 = ADVANCED_FACE('',(#5783),#4809,.T.);
#5783 = FACE_BOUND('',#5784,.T.);
#5784 = EDGE_LOOP('',(#5785,#5786,#5787,#5788));
#5785 = ORIENTED_EDGE('',*,*,#4793,.T.);
#5786 = ORIENTED_EDGE('',*,*,#5762,.T.);
#5787 = ORIENTED_EDGE('',*,*,#5604,.F.);
#5788 = ORIENTED_EDGE('',*,*,#5789,.F.);
#5789 = EDGE_CURVE('',#4794,#5605,#5790,.T.);
#5790 = SURFACE_CURVE('',#5791,(#5795,#5802),.PCURVE_S1.);
#5791 = LINE('',#5792,#5793);
#5792 = CARTESIAN_POINT('',(8.6,-3.,20.1));
#5793 = VECTOR('',#5794,1.);
#5794 = DIRECTION('',(-0.,1.,0.));
#5795 = PCURVE('',#4809,#5796);
#5796 = DEFINITIONAL_REPRESENTATION('',(#5797),#5801);
#5797 = LINE('',#5798,#5799);
#5798 = CARTESIAN_POINT('',(8.2,0.));
#5799 = VECTOR('',#5800,1.);
#5800 = DIRECTION('',(0.,-1.));
#5801 = ( GEOMETRIC_REPRESENTATION_CONTEXT(2) 
PARAMETRIC_REPRESENTATION_CONTEXT() REPRESENTATION_CONTEXT('2D SPACE',''
  ) );
#5802 = PCURVE('',#4837,#5803);
#5803 = DEFINITIONAL_REPRESENTATION('',(#5804),#5808);
#5804 = LINE('',#5805,#5806);
#5805 = CARTESIAN_POINT('',(8.2,0.));
#5806 = VECTOR('',#5807,1.);
#5807 = DIRECTION('',(0.,1.));
#5808 = ( GEOMETRIC_REPRESENTATION_CONTEXT(2) 
PARAMETRIC_REPRESENTATION_CONTEXT() REPRESENTATION_CONTEXT('2D SPACE',''
  ) );
#5809 = ADVANCED_FACE('',(#5810),#4837,.T.);
#5810 = FACE_BOUND('',#5811,.T.);
#5811 = EDGE_LOOP('',(#5812,#5813,#5814,#5815,#5816,#5817,#5840,#5859));
#5812 = ORIENTED_EDGE('',*,*,#5789,.T.);
#5813 = ORIENTED_EDGE('',*,*,#5625,.F.);
#5814 = ORIENTED_EDGE('',*,*,#5390,.T.);
#5815 = ORIENTED_EDGE('',*,*,#5202,.T.);
#5816 = ORIENTED_EDGE('',*,*,#5320,.T.);
#5817 = ORIENTED_EDGE('',*,*,#5818,.F.);
#5818 = EDGE_CURVE('',#5819,#5321,#5821,.T.);
#5819 = VERTEX_POINT('',#5820);
#5820 = CARTESIAN_POINT('',(4.5,4.5,20.1));
#5821 = SURFACE_CURVE('',#5822,(#5826,#5833),.PCURVE_S1.);
#5822 = LINE('',#5823,#5824);
#5823 = CARTESIAN_POINT('',(4.5,4.5,20.1));
#5824 = VECTOR('',#5825,1.);
#5825 = DIRECTION('',(1.,0.,0.));
#5826 = PCURVE('',#4837,#5827);
#5827 = DEFINITIONAL_REPRESENTATION('',(#5828),#5832);
#5828 = LINE('',#5829,#5830);
#5829 = CARTESIAN_POINT('',(4.1,7.5));
#5830 = VECTOR('',#5831,1.);
#5831 = DIRECTION('',(1.,0.));
#5832 = ( GEOMETRIC_REPRESENTATION_CONTEXT(2) 
PARAMETRIC_REPRESENTATION_CONTEXT() REPRESENTATION_CONTEXT('2D SPACE',''
  ) );
#5833 = PCURVE('',#4615,#5834);
#5834 = DEFINITIONAL_REPRESENTATION('',(#5835),#5839);
#5835 = LINE('',#5836,#5837);
#5836 = CARTESIAN_POINT('',(13.1,-1.));
#5837 = VECTOR('',#5838,1.);
#5838 = DIRECTION('',(0.,1.));
#5839 = ( GEOMETRIC_REPRESENTATION_CONTEXT(2) 
PARAMETRIC_REPRESENTATION_CONTEXT() REPRESENTATION_CONTEXT('2D SPACE',''
  ) );
#5840 = ORIENTED_EDGE('',*,*,#5841,.F.);
#5841 = EDGE_CURVE('',#4822,#5819,#5842,.T.);
#5842 = SURFACE_CURVE('',#5843,(#5847,#5853),.PCURVE_S1.);
#5843 = LINE('',#5844,#5845);
#5844 = CARTESIAN_POINT('',(4.5,0.75,20.1));
#5845 = VECTOR('',#5846,1.);
#5846 = DIRECTION('',(0.,-1.,0.));
#5847 = PCURVE('',#4837,#5848);
#5848 = DEFINITIONAL_REPRESENTATION('',(#5849),#5852);
#5849 = B_SPLINE_CURVE_WITH_KNOTS('',1,(#5850,#5851),.UNSPECIFIED.,.F.,
  .F.,(2,2),(-10.75,-3.75),.PIECEWISE_BEZIER_KNOTS.);
#5850 = CARTESIAN_POINT('',(4.1,14.5));
#5851 = CARTESIAN_POINT('',(4.1,7.5));
#5852 = ( GEOMETRIC_REPRESENTATION_CONTEXT(2) 
PARAMETRIC_REPRESENTATION_CONTEXT() REPRESENTATION_CONTEXT('2D SPACE',''
  ) );
#5853 = PCURVE('',#4865,#5854);
#5854 = DEFINITIONAL_REPRESENTATION('',(#5855),#5858);
#5855 = B_SPLINE_CURVE_WITH_KNOTS('',1,(#5856,#5857),.UNSPECIFIED.,.F.,
  .F.,(2,2),(-10.75,-3.75),.PIECEWISE_BEZIER_KNOTS.);
#5856 = CARTESIAN_POINT('',(4.1,-7.));
#5857 = CARTESIAN_POINT('',(4.1,0.));
#5858 = ( GEOMETRIC_REPRESENTATION_CONTEXT(2) 
PARAMETRIC_REPRESENTATION_CONTEXT() REPRESENTATION_CONTEXT('2D SPACE',''
  ) );
#5859 = ORIENTED_EDGE('',*,*,#4821,.F.);
#5860 = ADVANCED_FACE('',(#5861),#4865,.F.);
#5861 = FACE_BOUND('',#5862,.F.);
#5862 = EDGE_LOOP('',(#5863,#5886,#5887,#5888));
#5863 = ORIENTED_EDGE('',*,*,#5864,.F.);
#5864 = EDGE_CURVE('',#5819,#5865,#5867,.T.);
#5865 = VERTEX_POINT('',#5866);
#5866 = CARTESIAN_POINT('',(4.5,4.5,23.));
#5867 = SURFACE_CURVE('',#5868,(#5872,#5879),.PCURVE_S1.);
#5868 = LINE('',#5869,#5870);
#5869 = CARTESIAN_POINT('',(4.5,4.5,16.));
#5870 = VECTOR('',#5871,1.);
#5871 = DIRECTION('',(0.,0.,1.));
#5872 = PCURVE('',#4865,#5873);
#5873 = DEFINITIONAL_REPRESENTATION('',(#5874),#5878);
#5874 = LINE('',#5875,#5876);
#5875 = CARTESIAN_POINT('',(0.,0.));
#5876 = VECTOR('',#5877,1.);
#5877 = DIRECTION('',(1.,0.));
#5878 = ( GEOMETRIC_REPRESENTATION_CONTEXT(2) 
PARAMETRIC_REPRESENTATION_CONTEXT() REPRESENTATION_CONTEXT('2D SPACE',''
  ) );
#5879 = PCURVE('',#4615,#5880);
#5880 = DEFINITIONAL_REPRESENTATION('',(#5881),#5885);
#5881 = LINE('',#5882,#5883);
#5882 = CARTESIAN_POINT('',(9.,-1.));
#5883 = VECTOR('',#5884,1.);
#5884 = DIRECTION('',(1.,0.));
#5885 = ( GEOMETRIC_REPRESENTATION_CONTEXT(2) 
PARAMETRIC_REPRESENTATION_CONTEXT() REPRESENTATION_CONTEXT('2D SPACE',''
  ) );
#5886 = ORIENTED_EDGE('',*,*,#5841,.F.);
#5887 = ORIENTED_EDGE('',*,*,#4849,.T.);
#5888 = ORIENTED_EDGE('',*,*,#5889,.F.);
#5889 = EDGE_CURVE('',#5865,#4850,#5890,.T.);
#5890 = SURFACE_CURVE('',#5891,(#5895,#5902),.PCURVE_S1.);
#5891 = LINE('',#5892,#5893);
#5892 = CARTESIAN_POINT('',(4.5,4.5,23.));
#5893 = VECTOR('',#5894,1.);
#5894 = DIRECTION('',(-0.,1.,0.));
#5895 = PCURVE('',#4865,#5896);
#5896 = DEFINITIONAL_REPRESENTATION('',(#5897),#5901);
#5897 = LINE('',#5898,#5899);
#5898 = CARTESIAN_POINT('',(7.,0.));
#5899 = VECTOR('',#5900,1.);
#5900 = DIRECTION('',(0.,-1.));
#5901 = ( GEOMETRIC_REPRESENTATION_CONTEXT(2) 
PARAMETRIC_REPRESENTATION_CONTEXT() REPRESENTATION_CONTEXT('2D SPACE',''
  ) );
#5902 = PCURVE('',#4893,#5903);
#5903 = DEFINITIONAL_REPRESENTATION('',(#5904),#5908);
#5904 = LINE('',#5905,#5906);
#5905 = CARTESIAN_POINT('',(0.,0.));
#5906 = VECTOR('',#5907,1.);
#5907 = DIRECTION('',(0.,1.));
#5908 = ( GEOMETRIC_REPRESENTATION_CONTEXT(2) 
PARAMETRIC_REPRESENTATION_CONTEXT() REPRESENTATION_CONTEXT('2D SPACE',''
  ) );
#5909 = ADVANCED_FACE('',(#5910),#4893,.T.);
#5910 = FACE_BOUND('',#5911,.T.);
#5911 = EDGE_LOOP('',(#5912,#5913,#5914,#5937));
#5912 = ORIENTED_EDGE('',*,*,#4877,.F.);
#5913 = ORIENTED_EDGE('',*,*,#5889,.F.);
#5914 = ORIENTED_EDGE('',*,*,#5915,.T.);
#5915 = EDGE_CURVE('',#5865,#5916,#5918,.T.);
#5916 = VERTEX_POINT('',#5917);
#5917 = CARTESIAN_POINT('',(5.5,4.5,23.));
#5918 = SURFACE_CURVE('',#5919,(#5923,#5930),.PCURVE_S1.);
#5919 = LINE('',#5920,#5921);
#5920 = CARTESIAN_POINT('',(4.5,4.5,23.));
#5921 = VECTOR('',#5922,1.);
#5922 = DIRECTION('',(1.,0.,-0.));
#5923 = PCURVE('',#4893,#5924);
#5924 = DEFINITIONAL_REPRESENTATION('',(#5925),#5929);
#5925 = LINE('',#5926,#5927);
#5926 = CARTESIAN_POINT('',(0.,0.));
#5927 = VECTOR('',#5928,1.);
#5928 = DIRECTION('',(1.,0.));
#5929 = ( GEOMETRIC_REPRESENTATION_CONTEXT(2) 
PARAMETRIC_REPRESENTATION_CONTEXT() REPRESENTATION_CONTEXT('2D SPACE',''
  ) );
#5930 = PCURVE('',#4615,#5931);
#5931 = DEFINITIONAL_REPRESENTATION('',(#5932),#5936);
#5932 = LINE('',#5933,#5934);
#5933 = CARTESIAN_POINT('',(16.,-1.));
#5934 = VECTOR('',#5935,1.);
#5935 = DIRECTION('',(0.,1.));
#5936 = ( GEOMETRIC_REPRESENTATION_CONTEXT(2) 
PARAMETRIC_REPRESENTATION_CONTEXT() REPRESENTATION_CONTEXT('2D SPACE',''
  ) );
#5937 = ORIENTED_EDGE('',*,*,#5938,.T.);
#5938 = EDGE_CURVE('',#5916,#4878,#5939,.T.);
#5939 = SURFACE_CURVE('',#5940,(#5944,#5950),.PCURVE_S1.);
#5940 = LINE('',#5941,#5942);
#5941 = CARTESIAN_POINT('',(5.5,4.5,23.));
#5942 = VECTOR('',#5943,1.);
#5943 = DIRECTION('',(-0.,1.,0.));
#5944 = PCURVE('',#4893,#5945);
#5945 = DEFINITIONAL_REPRESENTATION('',(#5946),#5949);
#5946 = B_SPLINE_CURVE_WITH_KNOTS('',1,(#5947,#5948),.UNSPECIFIED.,.F.,
  .F.,(2,2),(0.,7.),.PIECEWISE_BEZIER_KNOTS.);
#5947 = CARTESIAN_POINT('',(1.,0.));
#5948 = CARTESIAN_POINT('',(1.,7.));
#5949 = ( GEOMETRIC_REPRESENTATION_CONTEXT(2) 
PARAMETRIC_REPRESENTATION_CONTEXT() REPRESENTATION_CONTEXT('2D SPACE',''
  ) );
#5950 = PCURVE('',#4591,#5951);
#5951 = DEFINITIONAL_REPRESENTATION('',(#5952),#5955);
#5952 = B_SPLINE_CURVE_WITH_KNOTS('',1,(#5953,#5954),.UNSPECIFIED.,.F.,
  .F.,(2,2),(0.,7.),.PIECEWISE_BEZIER_KNOTS.);
#5953 = CARTESIAN_POINT('',(16.,0.));
#5954 = CARTESIAN_POINT('',(16.,-7.));
#5955 = ( GEOMETRIC_REPRESENTATION_CONTEXT(2) 
PARAMETRIC_REPRESENTATION_CONTEXT() REPRESENTATION_CONTEXT('2D SPACE',''
  ) );
#5956 = ADVANCED_FACE('',(#5957),#4591,.F.);
#5957 = FACE_BOUND('',#5958,.F.);
#5958 = EDGE_LOOP('',(#5959,#5980,#5981,#5982));
#5959 = ORIENTED_EDGE('',*,*,#5960,.F.);
#5960 = EDGE_CURVE('',#5916,#4577,#5961,.T.);
#5961 = SURFACE_CURVE('',#5962,(#5966,#5973),.PCURVE_S1.);
#5962 = LINE('',#5963,#5964);
#5963 = CARTESIAN_POINT('',(5.5,4.5,7.));
#5964 = VECTOR('',#5965,1.);
#5965 = DIRECTION('',(0.,0.,1.));
#5966 = PCURVE('',#4591,#5967);
#5967 = DEFINITIONAL_REPRESENTATION('',(#5968),#5972);
#5968 = LINE('',#5969,#5970);
#5969 = CARTESIAN_POINT('',(0.,0.));
#5970 = VECTOR('',#5971,1.);
#5971 = DIRECTION('',(1.,0.));
#5972 = ( GEOMETRIC_REPRESENTATION_CONTEXT(2) 
PARAMETRIC_REPRESENTATION_CONTEXT() REPRESENTATION_CONTEXT('2D SPACE',''
  ) );
#5973 = PCURVE('',#4615,#5974);
#5974 = DEFINITIONAL_REPRESENTATION('',(#5975),#5979);
#5975 = LINE('',#5976,#5977);
#5976 = CARTESIAN_POINT('',(0.,0.));
#5977 = VECTOR('',#5978,1.);
#5978 = DIRECTION('',(1.,0.));
#5979 = ( GEOMETRIC_REPRESENTATION_CONTEXT(2) 
PARAMETRIC_REPRESENTATION_CONTEXT() REPRESENTATION_CONTEXT('2D SPACE',''
  ) );
#5980 = ORIENTED_EDGE('',*,*,#5938,.T.);
#5981 = ORIENTED_EDGE('',*,*,#4905,.T.);
#5982 = ORIENTED_EDGE('',*,*,#4576,.F.);
#5983 = ADVANCED_FACE('',(#5984),#4615,.F.);
#5984 = FACE_BOUND('',#5985,.F.);
#5985 = EDGE_LOOP('',(#5986,#6007,#6008,#6009,#6010,#6011,#6012,#6013,
    #6014,#6015,#6016,#6017));
#5986 = ORIENTED_EDGE('',*,*,#5987,.F.);
#5987 = EDGE_CURVE('',#4932,#4523,#5988,.T.);
#5988 = SURFACE_CURVE('',#5989,(#5993,#6000),.PCURVE_S1.);
#5989 = LINE('',#5990,#5991);
#5990 = CARTESIAN_POINT('',(12.5,4.5,7.));
#5991 = VECTOR('',#5992,1.);
#5992 = DIRECTION('',(0.,0.,1.));
#5993 = PCURVE('',#4615,#5994);
#5994 = DEFINITIONAL_REPRESENTATION('',(#5995),#5999);
#5995 = LINE('',#5996,#5997);
#5996 = CARTESIAN_POINT('',(0.,7.));
#5997 = VECTOR('',#5998,1.);
#5998 = DIRECTION('',(1.,0.));
#5999 = ( GEOMETRIC_REPRESENTATION_CONTEXT(2) 
PARAMETRIC_REPRESENTATION_CONTEXT() REPRESENTATION_CONTEXT('2D SPACE',''
  ) );
#6000 = PCURVE('',#4539,#6001);
#6001 = DEFINITIONAL_REPRESENTATION('',(#6002),#6006);
#6002 = LINE('',#6003,#6004);
#6003 = CARTESIAN_POINT('',(0.,0.));
#6004 = VECTOR('',#6005,1.);
#6005 = DIRECTION('',(1.,0.));
#6006 = ( GEOMETRIC_REPRESENTATION_CONTEXT(2) 
PARAMETRIC_REPRESENTATION_CONTEXT() REPRESENTATION_CONTEXT('2D SPACE',''
  ) );
#6007 = ORIENTED_EDGE('',*,*,#4952,.T.);
#6008 = ORIENTED_EDGE('',*,*,#5074,.F.);
#6009 = ORIENTED_EDGE('',*,*,#5555,.F.);
#6010 = ORIENTED_EDGE('',*,*,#5502,.F.);
#6011 = ORIENTED_EDGE('',*,*,#5526,.T.);
#6012 = ORIENTED_EDGE('',*,*,#5365,.F.);
#6013 = ORIENTED_EDGE('',*,*,#5818,.F.);
#6014 = ORIENTED_EDGE('',*,*,#5864,.T.);
#6015 = ORIENTED_EDGE('',*,*,#5915,.T.);
#6016 = ORIENTED_EDGE('',*,*,#5960,.T.);
#6017 = ORIENTED_EDGE('',*,*,#4602,.F.);
#6018 = ADVANCED_FACE('',(#6019),#4539,.T.);
#6019 = FACE_BOUND('',#6020,.T.);
#6020 = EDGE_LOOP('',(#6021,#6022,#6023,#6024));
#6021 = ORIENTED_EDGE('',*,*,#5987,.F.);
#6022 = ORIENTED_EDGE('',*,*,#4931,.T.);
#6023 = ORIENTED_EDGE('',*,*,#4632,.T.);
#6024 = ORIENTED_EDGE('',*,*,#4522,.F.);
#6025 = ADVANCED_FACE('',(#6026),#4165,.F.);
#6026 = FACE_BOUND('',#6027,.F.);
#6027 = EDGE_LOOP('',(#6028,#6051,#6221,#6222,#6223,#6224,#6225));
#6028 = ORIENTED_EDGE('',*,*,#6029,.T.);
#6029 = EDGE_CURVE('',#4121,#6030,#6032,.T.);
#6030 = VERTEX_POINT('',#6031);
#6031 = CARTESIAN_POINT('',(16.127016653793,8.,18.5));
#6032 = SEAM_CURVE('',#6033,(#6037,#6044),.PCURVE_S1.);
#6033 = LINE('',#6034,#6035);
#6034 = CARTESIAN_POINT('',(7.,8.,18.5));
#6035 = VECTOR('',#6036,1.);
#6036 = DIRECTION('',(1.,0.,0.));
#6037 = PCURVE('',#4165,#6038);
#6038 = DEFINITIONAL_REPRESENTATION('',(#6039),#6043);
#6039 = LINE('',#6040,#6041);
#6040 = CARTESIAN_POINT('',(6.28318530718,-0.));
#6041 = VECTOR('',#6042,1.);
#6042 = DIRECTION('',(0.,1.));
#6043 = ( GEOMETRIC_REPRESENTATION_CONTEXT(2) 
PARAMETRIC_REPRESENTATION_CONTEXT() REPRESENTATION_CONTEXT('2D SPACE',''
  ) );
#6044 = PCURVE('',#4165,#6045);
#6045 = DEFINITIONAL_REPRESENTATION('',(#6046),#6050);
#6046 = LINE('',#6047,#6048);
#6047 = CARTESIAN_POINT('',(0.,-0.));
#6048 = VECTOR('',#6049,1.);
#6049 = DIRECTION('',(0.,1.));
#6050 = ( GEOMETRIC_REPRESENTATION_CONTEXT(2) 
PARAMETRIC_REPRESENTATION_CONTEXT() REPRESENTATION_CONTEXT('2D SPACE',''
  ) );
#6051 = ORIENTED_EDGE('',*,*,#6052,.F.);
#6052 = EDGE_CURVE('',#6030,#6030,#6053,.T.);
#6053 = SURFACE_CURVE('',#6054,(#6106,#6161),.PCURVE_S1.);
#6054 = B_SPLINE_CURVE_WITH_KNOTS('',8,(#6055,#6056,#6057,#6058,#6059,
    #6060,#6061,#6062,#6063,#6064,#6065,#6066,#6067,#6068,#6069,#6070,
    #6071,#6072,#6073,#6074,#6075,#6076,#6077,#6078,#6079,#6080,#6081,
    #6082,#6083,#6084,#6085,#6086,#6087,#6088,#6089,#6090,#6091,#6092,
    #6093,#6094,#6095,#6096,#6097,#6098,#6099,#6100,#6101,#6102,#6103,
    #6104,#6105),.UNSPECIFIED.,.T.,.F.,(9,7,7,7,7,7,7,9),(0.,
    0.138164768956,0.27104237589,0.420089188691,0.563310050987,
    0.711742253261,0.844752139305,1.),.UNSPECIFIED.);
#6055 = CARTESIAN_POINT('',(16.127016653793,8.,18.5));
#6056 = CARTESIAN_POINT('',(16.127016653793,8.106602845313,18.5));
#6057 = CARTESIAN_POINT('',(16.130370035505,8.213700412403,
    18.512987564696));
#6058 = CARTESIAN_POINT('',(16.137131322068,8.319640313682,
    18.539173956805));
#6059 = CARTESIAN_POINT('',(16.147568090749,8.422712459242,
    18.578588045216));
#6060 = CARTESIAN_POINT('',(16.162181186584,8.521164687622,
    18.631071001013));
#6061 = CARTESIAN_POINT('',(16.181695826205,8.613206602017,
    18.696281801932));
#6062 = CARTESIAN_POINT('',(16.207028000143,8.696984869748,
    18.773695475397));
#6063 = CARTESIAN_POINT('',(16.270200864897,8.841227899801,
    18.948055346725));
#6064 = CARTESIAN_POINT('',(16.307310223272,8.901969420905,
    19.043545723618));
#6065 = CARTESIAN_POINT('',(16.350938436902,8.950286449001,
    19.14702597274));
#6066 = CARTESIAN_POINT('',(16.401179122528,8.984643562266,
    19.255869610047));
#6067 = CARTESIAN_POINT('',(16.457658336306,9.004392592733,
    19.367178465083));
#6068 = CARTESIAN_POINT('',(16.519362712634,9.009731852066,
    19.478018623127));
#6069 = CARTESIAN_POINT('',(16.58458131762,9.00170449497,19.585592555635
    ));
#6070 = CARTESIAN_POINT('',(16.725639585724,8.96050721996,
    19.801556234278));
#6071 = CARTESIAN_POINT('',(16.802376587999,8.92422999696,
    19.909326100075));
#6072 = CARTESIAN_POINT('',(16.879920959145,8.875346731899,
    20.00965658635));
#6073 = CARTESIAN_POINT('',(16.956808124825,8.81527925304,20.10187547914
    ));
#6074 = CARTESIAN_POINT('',(17.031412251623,8.745118458717,
    20.185381840534));
#6075 = CARTESIAN_POINT('',(17.101812709908,8.66571187601,
    20.259529945635));
#6076 = CARTESIAN_POINT('',(17.165679374918,8.577731580824,
    20.323542379315));
#6077 = CARTESIAN_POINT('',(17.272740536171,8.38952735739,
    20.427008526711));
#6078 = CARTESIAN_POINT('',(17.317964904788,8.287598442825,
    20.468599358472));
#6079 = CARTESIAN_POINT('',(17.351085715949,8.178788831579,
    20.497547764406));
#6080 = CARTESIAN_POINT('',(17.368534102164,8.066174312733,
    20.512282016077));
#6081 = CARTESIAN_POINT('',(17.368523347936,7.952473204712,
    20.51239980656));
#6082 = CARTESIAN_POINT('',(17.351420580584,7.840265669568,
    20.497905185131));
#6083 = CARTESIAN_POINT('',(17.319525283001,7.732437379973,
    20.469591771646));
#6084 = CARTESIAN_POINT('',(17.232298927275,7.527654393971,
    20.388512451763));
#6085 = CARTESIAN_POINT('',(17.17607407575,7.431043363182,
    20.334817233873));
#6086 = CARTESIAN_POINT('',(17.111062899382,7.342566459415,
    20.270102935661));
#6087 = CARTESIAN_POINT('',(17.039946819513,7.262812543999,
    20.195309525358));
#6088 = CARTESIAN_POINT('',(16.964940718534,7.192501598259,
    20.11117855874));
#6089 = CARTESIAN_POINT('',(16.887871562372,7.132545468739,
    20.018332197285));
#6090 = CARTESIAN_POINT('',(16.810324341574,7.084142240405,
    19.917347628399));
#6091 = CARTESIAN_POINT('',(16.665116905317,7.017401927723,
    19.711942066793));
#6092 = CARTESIAN_POINT('',(16.596285467938,6.996012560636,
    19.607580569453));
#6093 = CARTESIAN_POINT('',(16.529624287577,6.987087826175,
    19.498042433726));
#6094 = CARTESIAN_POINT('',(16.467130525819,6.992111902963,
    19.38579873735));
#6095 = CARTESIAN_POINT('',(16.410180830558,7.011836667562,
    19.273553577185));
#6096 = CARTESIAN_POINT('',(16.359518264018,7.046291191161,
    19.164106287743));
#6097 = CARTESIAN_POINT('',(16.315371286123,7.094745843106,
    19.060177583753));
#6098 = CARTESIAN_POINT('',(16.233532620316,7.226784586246,
    18.852117816817));
#6099 = CARTESIAN_POINT('',(16.19914697518,7.313285621537,
    18.753380848759));
#6100 = CARTESIAN_POINT('',(16.172991002299,7.412318146681,
    18.669496036904));
#6101 = CARTESIAN_POINT('',(16.153681840054,7.521163584961,
    18.601612925427));
#6102 = CARTESIAN_POINT('',(16.140064264325,7.637098827666,
    18.550534121939));
#6103 = CARTESIAN_POINT('',(16.131322129965,7.757363637136,
    18.516674631414));
#6104 = CARTESIAN_POINT('',(16.127016653793,7.879209376411,18.5));
#6105 = CARTESIAN_POINT('',(16.127016653793,8.,18.5));
#6106 = PCURVE('',#4165,#6107);
#6107 = DEFINITIONAL_REPRESENTATION('',(#6108),#6160);
#6108 = B_SPLINE_CURVE_WITH_KNOTS('',8,(#6109,#6110,#6111,#6112,#6113,
    #6114,#6115,#6116,#6117,#6118,#6119,#6120,#6121,#6122,#6123,#6124,
    #6125,#6126,#6127,#6128,#6129,#6130,#6131,#6132,#6133,#6134,#6135,
    #6136,#6137,#6138,#6139,#6140,#6141,#6142,#6143,#6144,#6145,#6146,
    #6147,#6148,#6149,#6150,#6151,#6152,#6153,#6154,#6155,#6156,#6157,
    #6158,#6159),.UNSPECIFIED.,.F.,.F.,(9,7,7,7,7,7,7,9),(0.,
    0.138164768956,0.27104237589,0.420089188691,0.563310050987,
    0.711742253261,0.844752139305,1.),.UNSPECIFIED.);
#6109 = CARTESIAN_POINT('',(0.,9.127016653793));
#6110 = CARTESIAN_POINT('',(0.106602845313,9.127016653793));
#6111 = CARTESIAN_POINT('',(0.213700264187,9.130370035505));
#6112 = CARTESIAN_POINT('',(0.321486743322,9.137131322068));
#6113 = CARTESIAN_POINT('',(0.430168161223,9.147568090749));
#6114 = CARTESIAN_POINT('',(0.539989215762,9.162181186584));
#6115 = CARTESIAN_POINT('',(0.651242870186,9.181695826205));
#6116 = CARTESIAN_POINT('',(0.76429356498,9.207028000143));
#6117 = CARTESIAN_POINT('',(0.990584122556,9.270200864897));
#6118 = CARTESIAN_POINT('',(1.102878858888,9.307310223272));
#6119 = CARTESIAN_POINT('',(1.215490630267,9.350938436902));
#6120 = CARTESIAN_POINT('',(1.327711408915,9.401179122528));
#6121 = CARTESIAN_POINT('',(1.438923405306,9.457658336306));
#6122 = CARTESIAN_POINT('',(1.5484948474,9.519362712634));
#6123 = CARTESIAN_POINT('',(1.655667657074,9.58458131762));
#6124 = CARTESIAN_POINT('',(1.875525624774,9.725639585724));
#6125 = CARTESIAN_POINT('',(1.988184373337,9.802376587999));
#6126 = CARTESIAN_POINT('',(2.09828986742,9.879920959145));
#6127 = CARTESIAN_POINT('',(2.206692988138,9.956808124825));
#6128 = CARTESIAN_POINT('',(2.31416960055,10.031412251623));
#6129 = CARTESIAN_POINT('',(2.421476167366,10.101812709908));
#6130 = CARTESIAN_POINT('',(2.529412352481,10.165679374918));
#6131 = CARTESIAN_POINT('',(2.744182167341,10.272740536171));
#6132 = CARTESIAN_POINT('',(2.853540113084,10.317964904788));
#6133 = CARTESIAN_POINT('',(2.964610351497,10.351085715949));
#6134 = CARTESIAN_POINT('',(3.076315206078,10.368534102164));
#6135 = CARTESIAN_POINT('',(3.188158137568,10.368523347936));
#6136 = CARTESIAN_POINT('',(3.299747131771,10.351420580584));
#6137 = CARTESIAN_POINT('',(3.4104266674,10.319525283001));
#6138 = CARTESIAN_POINT('',(3.630676360859,10.232298927275));
#6139 = CARTESIAN_POINT('',(3.740270224455,10.17607407575));
#6140 = CARTESIAN_POINT('',(3.848499998036,10.111062899382));
#6141 = CARTESIAN_POINT('',(3.956229839718,10.039946819513));
#6142 = CARTESIAN_POINT('',(4.064242235457,9.964940718534));
#6143 = CARTESIAN_POINT('',(4.17332502055,9.887871562372));
#6144 = CARTESIAN_POINT('',(4.284324145621,9.810324341574));
#6145 = CARTESIAN_POINT('',(4.500300334298,9.665116905317));
#6146 = CARTESIAN_POINT('',(4.606163846042,9.596285467938));
#6147 = CARTESIAN_POINT('',(4.714718554111,9.529624287577));
#6148 = CARTESIAN_POINT('',(4.825284179453,9.467130525819));
#6149 = CARTESIAN_POINT('',(4.937346159239,9.410180830558));
#6150 = CARTESIAN_POINT('',(5.050457342158,9.359518264018));
#6151 = CARTESIAN_POINT('',(5.164170572799,9.315371286123));
#6152 = CARTESIAN_POINT('',(5.410591140748,9.233532620316));
#6153 = CARTESIAN_POINT('',(5.540307519789,9.19914697518));
#6154 = CARTESIAN_POINT('',(5.667758062612,9.172991002299));
#6155 = CARTESIAN_POINT('',(5.793410682134,9.153681840054));
#6156 = CARTESIAN_POINT('',(5.917597542109,9.140064264325));
#6157 = CARTESIAN_POINT('',(6.040549328229,9.131322129965));
#6158 = CARTESIAN_POINT('',(6.16239468359,9.127016653793));
#6159 = CARTESIAN_POINT('',(6.28318530718,9.127016653793));
#6160 = ( GEOMETRIC_REPRESENTATION_CONTEXT(2) 
PARAMETRIC_REPRESENTATION_CONTEXT() REPRESENTATION_CONTEXT('2D SPACE',''
  ) );
#6161 = PCURVE('',#6162,#6167);
#6162 = CYLINDRICAL_SURFACE('',#6163,4.);
#6163 = AXIS2_PLACEMENT_3D('',#6164,#6165,#6166);
#6164 = CARTESIAN_POINT('',(20.,25.,17.5));
#6165 = DIRECTION('',(0.,-1.,0.));
#6166 = DIRECTION('',(1.,0.,0.));
#6167 = DEFINITIONAL_REPRESENTATION('',(#6168),#6220);
#6168 = B_SPLINE_CURVE_WITH_KNOTS('',8,(#6169,#6170,#6171,#6172,#6173,
    #6174,#6175,#6176,#6177,#6178,#6179,#6180,#6181,#6182,#6183,#6184,
    #6185,#6186,#6187,#6188,#6189,#6190,#6191,#6192,#6193,#6194,#6195,
    #6196,#6197,#6198,#6199,#6200,#6201,#6202,#6203,#6204,#6205,#6206,
    #6207,#6208,#6209,#6210,#6211,#6212,#6213,#6214,#6215,#6216,#6217,
    #6218,#6219),.UNSPECIFIED.,.T.,.F.,(9,7,7,7,7,7,7,9),(0.,
    0.138164768956,0.27104237589,0.420089188691,0.563310050987,
    0.711742253261,0.844752139305,1.),.UNSPECIFIED.);
#6169 = CARTESIAN_POINT('',(2.888912398448,17.));
#6170 = CARTESIAN_POINT('',(2.888912398448,16.893397154687));
#6171 = CARTESIAN_POINT('',(2.885559015152,16.786299587597));
#6172 = CARTESIAN_POINT('',(2.878797753493,16.680359686318));
#6173 = CARTESIAN_POINT('',(2.868604754838,16.577287540758));
#6174 = CARTESIAN_POINT('',(2.854987419225,16.478835312378));
#6175 = CARTESIAN_POINT('',(2.837977719073,16.386793397983));
#6176 = CARTESIAN_POINT('',(2.817624475959,16.303015130252));
#6177 = CARTESIAN_POINT('',(2.771261657093,16.158772100199));
#6178 = CARTESIAN_POINT('',(2.745656643747,16.098030579095));
#6179 = CARTESIAN_POINT('',(2.717600121907,16.049713550998));
#6180 = CARTESIAN_POINT('',(2.687666088607,16.015356437734));
#6181 = CARTESIAN_POINT('',(2.656505671362,15.995607407267));
#6182 = CARTESIAN_POINT('',(2.624827744424,15.990268147934));
#6183 = CARTESIAN_POINT('',(2.593395413295,15.99829550503));
#6184 = CARTESIAN_POINT('',(2.528908134756,16.03949278004));
#6185 = CARTESIAN_POINT('',(2.495860244975,16.07577000304));
#6186 = CARTESIAN_POINT('',(2.464198365607,16.124653268101));
#6187 = CARTESIAN_POINT('',(2.434219752287,16.18472074696));
#6188 = CARTESIAN_POINT('',(2.406252116291,16.254881541283));
#6189 = CARTESIAN_POINT('',(2.380704133888,16.33428812399));
#6190 = CARTESIAN_POINT('',(2.358101770144,16.422268419176));
#6191 = CARTESIAN_POINT('',(2.320880022548,16.61047264261));
#6192 = CARTESIAN_POINT('',(2.30552434563,16.712401557175));
#6193 = CARTESIAN_POINT('',(2.294531999896,16.821211168421));
#6194 = CARTESIAN_POINT('',(2.288818996637,16.933825687267));
#6195 = CARTESIAN_POINT('',(2.288804380763,17.047526795288));
#6196 = CARTESIAN_POINT('',(2.294407980023,17.159734330432));
#6197 = CARTESIAN_POINT('',(2.305067482764,17.267562620027));
#6198 = CARTESIAN_POINT('',(2.334839841218,17.472345606029));
#6199 = CARTESIAN_POINT('',(2.354274562273,17.568956636818));
#6200 = CARTESIAN_POINT('',(2.37719878895,17.657433540585));
#6201 = CARTESIAN_POINT('',(2.402979955287,17.737187456001));
#6202 = CARTESIAN_POINT('',(2.431126045918,17.807498401741));
#6203 = CARTESIAN_POINT('',(2.461257795247,17.867454531261));
#6204 = CARTESIAN_POINT('',(2.49306395132,17.915857759595));
#6205 = CARTESIAN_POINT('',(2.555951074546,17.982598072277));
#6206 = CARTESIAN_POINT('',(2.587188907413,18.003987439364));
#6207 = CARTESIAN_POINT('',(2.619210057488,18.012912173825));
#6208 = CARTESIAN_POINT('',(2.651279813374,18.007888097037));
#6209 = CARTESIAN_POINT('',(2.682703677332,17.988163332438));
#6210 = CARTESIAN_POINT('',(2.71282912088,17.953708808839));
#6211 = CARTESIAN_POINT('',(2.741047938949,17.905254156894));
#6212 = CARTESIAN_POINT('',(2.796942054157,17.773215413754));
#6213 = CARTESIAN_POINT('',(2.823059798959,17.686714378463));
#6214 = CARTESIAN_POINT('',(2.845010738915,17.587681853319));
#6215 = CARTESIAN_POINT('',(2.862649088971,17.478836415039));
#6216 = CARTESIAN_POINT('',(2.87586465663,17.362901172334));
#6217 = CARTESIAN_POINT('',(2.884606992335,17.242636362864));
#6218 = CARTESIAN_POINT('',(2.888912398448,17.120790623589));
#6219 = CARTESIAN_POINT('',(2.888912398448,17.));
#6220 = ( GEOMETRIC_REPRESENTATION_CONTEXT(2) 
PARAMETRIC_REPRESENTATION_CONTEXT() REPRESENTATION_CONTEXT('2D SPACE',''
  ) );
#6221 = ORIENTED_EDGE('',*,*,#6029,.F.);
#6222 = ORIENTED_EDGE('',*,*,#4255,.T.);
#6223 = ORIENTED_EDGE('',*,*,#4486,.T.);
#6224 = ORIENTED_EDGE('',*,*,#4401,.T.);
#6225 = ORIENTED_EDGE('',*,*,#4143,.T.);
#6226 = ADVANCED_FACE('',(#6227,#6308,#6741),#6162,.F.);
#6227 = FACE_BOUND('',#6228,.F.);
#6228 = EDGE_LOOP('',(#6229,#6257,#6280,#6307));
#6229 = ORIENTED_EDGE('',*,*,#6230,.F.);
#6230 = EDGE_CURVE('',#6231,#6231,#6233,.T.);
#6231 = VERTEX_POINT('',#6232);
#6232 = CARTESIAN_POINT('',(24.,0.,17.5));
#6233 = SURFACE_CURVE('',#6234,(#6239,#6246),.PCURVE_S1.);
#6234 = CIRCLE('',#6235,4.);
#6235 = AXIS2_PLACEMENT_3D('',#6236,#6237,#6238);
#6236 = CARTESIAN_POINT('',(20.,0.,17.5));
#6237 = DIRECTION('',(0.,-1.,0.));
#6238 = DIRECTION('',(1.,0.,0.));
#6239 = PCURVE('',#6162,#6240);
#6240 = DEFINITIONAL_REPRESENTATION('',(#6241),#6245);
#6241 = LINE('',#6242,#6243);
#6242 = CARTESIAN_POINT('',(0.,25.));
#6243 = VECTOR('',#6244,1.);
#6244 = DIRECTION('',(1.,0.));
#6245 = ( GEOMETRIC_REPRESENTATION_CONTEXT(2) 
PARAMETRIC_REPRESENTATION_CONTEXT() REPRESENTATION_CONTEXT('2D SPACE',''
  ) );
#6246 = PCURVE('',#44,#6247);
#6247 = DEFINITIONAL_REPRESENTATION('',(#6248),#6256);
#6248 = ( BOUNDED_CURVE() B_SPLINE_CURVE(2,(#6249,#6250,#6251,#6252,
#6253,#6254,#6255),.UNSPECIFIED.,.T.,.F.) B_SPLINE_CURVE_WITH_KNOTS((1,2
    ,2,2,2,1),(-2.094395102393,0.,2.094395102393,4.188790204786,
6.28318530718,8.377580409573),.UNSPECIFIED.) CURVE() 
GEOMETRIC_REPRESENTATION_ITEM() RATIONAL_B_SPLINE_CURVE((1.,0.5,1.,0.5,
1.,0.5,1.)) REPRESENTATION_ITEM('') );
#6249 = CARTESIAN_POINT('',(15.,24.));
#6250 = CARTESIAN_POINT('',(21.928203230276,24.));
#6251 = CARTESIAN_POINT('',(18.464101615138,18.));
#6252 = CARTESIAN_POINT('',(15.,12.));
#6253 = CARTESIAN_POINT('',(11.535898384862,18.));
#6254 = CARTESIAN_POINT('',(8.071796769724,24.));
#6255 = CARTESIAN_POINT('',(15.,24.));
#6256 = ( GEOMETRIC_REPRESENTATION_CONTEXT(2) 
PARAMETRIC_REPRESENTATION_CONTEXT() REPRESENTATION_CONTEXT('2D SPACE',''
  ) );
#6257 = ORIENTED_EDGE('',*,*,#6258,.F.);
#6258 = EDGE_CURVE('',#6259,#6231,#6261,.T.);
#6259 = VERTEX_POINT('',#6260);
#6260 = CARTESIAN_POINT('',(24.,25.,17.5));
#6261 = SEAM_CURVE('',#6262,(#6266,#6273),.PCURVE_S1.);
#6262 = LINE('',#6263,#6264);
#6263 = CARTESIAN_POINT('',(24.,25.,17.5));
#6264 = VECTOR('',#6265,1.);
#6265 = DIRECTION('',(0.,-1.,0.));
#6266 = PCURVE('',#6162,#6267);
#6267 = DEFINITIONAL_REPRESENTATION('',(#6268),#6272);
#6268 = LINE('',#6269,#6270);
#6269 = CARTESIAN_POINT('',(6.28318530718,-0.));
#6270 = VECTOR('',#6271,1.);
#6271 = DIRECTION('',(0.,1.));
#6272 = ( GEOMETRIC_REPRESENTATION_CONTEXT(2) 
PARAMETRIC_REPRESENTATION_CONTEXT() REPRESENTATION_CONTEXT('2D SPACE',''
  ) );
#6273 = PCURVE('',#6162,#6274);
#6274 = DEFINITIONAL_REPRESENTATION('',(#6275),#6279);
#6275 = LINE('',#6276,#6277);
#6276 = CARTESIAN_POINT('',(0.,-0.));
#6277 = VECTOR('',#6278,1.);
#6278 = DIRECTION('',(0.,1.));
#6279 = ( GEOMETRIC_REPRESENTATION_CONTEXT(2) 
PARAMETRIC_REPRESENTATION_CONTEXT() REPRESENTATION_CONTEXT('2D SPACE',''
  ) );
#6280 = ORIENTED_EDGE('',*,*,#6281,.T.);
#6281 = EDGE_CURVE('',#6259,#6259,#6282,.T.);
#6282 = SURFACE_CURVE('',#6283,(#6288,#6295),.PCURVE_S1.);
#6283 = CIRCLE('',#6284,4.);
#6284 = AXIS2_PLACEMENT_3D('',#6285,#6286,#6287);
#6285 = CARTESIAN_POINT('',(20.,25.,17.5));
#6286 = DIRECTION('',(0.,-1.,0.));
#6287 = DIRECTION('',(1.,0.,0.));
#6288 = PCURVE('',#6162,#6289);
#6289 = DEFINITIONAL_REPRESENTATION('',(#6290),#6294);
#6290 = LINE('',#6291,#6292);
#6291 = CARTESIAN_POINT('',(0.,0.));
#6292 = VECTOR('',#6293,1.);
#6293 = DIRECTION('',(1.,0.));
#6294 = ( GEOMETRIC_REPRESENTATION_CONTEXT(2) 
PARAMETRIC_REPRESENTATION_CONTEXT() REPRESENTATION_CONTEXT('2D SPACE',''
  ) );
#6295 = PCURVE('',#6296,#6301);
#6296 = PLANE('',#6297);
#6297 = AXIS2_PLACEMENT_3D('',#6298,#6299,#6300);
#6298 = CARTESIAN_POINT('',(20.,25.,17.5));
#6299 = DIRECTION('',(0.,-1.,0.));
#6300 = DIRECTION('',(1.,0.,0.));
#6301 = DEFINITIONAL_REPRESENTATION('',(#6302),#6306);
#6302 = CIRCLE('',#6303,4.);
#6303 = AXIS2_PLACEMENT_2D('',#6304,#6305);
#6304 = CARTESIAN_POINT('',(0.,0.));
#6305 = DIRECTION('',(1.,0.));
#6306 = ( GEOMETRIC_REPRESENTATION_CONTEXT(2) 
PARAMETRIC_REPRESENTATION_CONTEXT() REPRESENTATION_CONTEXT('2D SPACE',''
  ) );
#6307 = ORIENTED_EDGE('',*,*,#6258,.T.);
#6308 = FACE_BOUND('',#6309,.F.);
#6309 = EDGE_LOOP('',(#6310,#6517,#6717));
#6310 = ORIENTED_EDGE('',*,*,#6311,.F.);
#6311 = EDGE_CURVE('',#6312,#6314,#6316,.T.);
#6312 = VERTEX_POINT('',#6313);
#6313 = CARTESIAN_POINT('',(23.122498999199,22.,20.));
#6314 = VERTEX_POINT('',#6315);
#6315 = CARTESIAN_POINT('',(18.,22.999355445257,20.964101615138));
#6316 = SURFACE_CURVE('',#6317,(#6380,#6446),.PCURVE_S1.);
#6317 = B_SPLINE_CURVE_WITH_KNOTS('',7,(#6318,#6319,#6320,#6321,#6322,
    #6323,#6324,#6325,#6326,#6327,#6328,#6329,#6330,#6331,#6332,#6333,
    #6334,#6335,#6336,#6337,#6338,#6339,#6340,#6341,#6342,#6343,#6344,
    #6345,#6346,#6347,#6348,#6349,#6350,#6351,#6352,#6353,#6354,#6355,
    #6356,#6357,#6358,#6359,#6360,#6361,#6362,#6363,#6364,#6365,#6366,
    #6367,#6368,#6369,#6370,#6371,#6372,#6373,#6374,#6375,#6376,#6377,
    #6378,#6379),.UNSPECIFIED.,.F.,.F.,(8,6,6,6,6,6,6,6,6,6,8),(0.,
    5.899125125273E-02,0.111555710255,0.161761952942,0.21246099306,
    0.266586992529,0.481173242378,0.669570902208,0.763331999881,
    0.856233668188,1.),.UNSPECIFIED.);
#6318 = CARTESIAN_POINT('',(23.122498999199,22.,20.));
#6319 = CARTESIAN_POINT('',(23.122498999199,22.044336479522,20.));
#6320 = CARTESIAN_POINT('',(23.120662713275,22.088682915806,
    20.002293412462));
#6321 = CARTESIAN_POINT('',(23.116989205386,22.132869383771,
    20.0068818249));
#6322 = CARTESIAN_POINT('',(23.111474579081,22.176729498817,
    20.013747828303));
#6323 = CARTESIAN_POINT('',(23.104112373144,22.220101480309,
    20.022855947443));
#6324 = CARTESIAN_POINT('',(23.094893957237,22.262829215056,
    20.0341535712));
#6325 = CARTESIAN_POINT('',(23.073931554607,22.342128922214,
    20.059528338762));
#6326 = CARTESIAN_POINT('',(23.06257090081,22.378869225541,
    20.073170096621));
#6327 = CARTESIAN_POINT('',(23.04972531921,22.414856416296,
    20.088441964693));
#6328 = CARTESIAN_POINT('',(23.035396200821,22.449973542432,
    20.105273935073));
#6329 = CARTESIAN_POINT('',(23.01958876621,22.48411509552,
    20.123583177778));
#6330 = CARTESIAN_POINT('',(23.002312857099,22.517187591933,
    20.143276034808));
#6331 = CARTESIAN_POINT('',(22.965694849796,22.579600563913,
    20.184283031207));
#6332 = CARTESIAN_POINT('',(22.946484329461,22.609035002891,
    20.205480236114));
#6333 = CARTESIAN_POINT('',(22.92597301222,22.637333098782,
    20.227744233193));
#6334 = CARTESIAN_POINT('',(22.904188677283,22.664428580938,
    20.250968648549));
#6335 = CARTESIAN_POINT('',(22.881166906466,22.690269328896,
    20.275040372473));
#6336 = CARTESIAN_POINT('',(22.85695195285,22.714817421033,
    20.299841801782));
#6337 = CARTESIAN_POINT('',(22.80599440146,22.761508975869,
    20.350913785956));
#6338 = CARTESIAN_POINT('',(22.77923754908,22.783618965048,
    20.377188146179));
#6339 = CARTESIAN_POINT('',(22.751372654431,22.804366210062,
    20.403963039897));
#6340 = CARTESIAN_POINT('',(22.722452651948,22.823748871295,
    20.431124491807));
#6341 = CARTESIAN_POINT('',(22.692538434387,22.841775885202,
    20.458559097497));
#6342 = CARTESIAN_POINT('',(22.661699478839,22.8584666393,
    20.486155446721));
#6343 = CARTESIAN_POINT('',(22.596187745076,22.89027452422,
    20.54332463208));
#6344 = CARTESIAN_POINT('',(22.561398435171,22.905208182631,
    20.572903470168));
#6345 = CARTESIAN_POINT('',(22.525706466658,22.918704921417,
    20.602441882539));
#6346 = CARTESIAN_POINT('',(22.489175858397,22.930822393789,
    20.631845866997));
#6347 = CARTESIAN_POINT('',(22.451874977489,22.941622269249,
    20.66102774988));
#6348 = CARTESIAN_POINT('',(22.413876792291,22.951169895706,
    20.68990633839));
#6349 = CARTESIAN_POINT('',(22.222156727466,22.992693876351,
    20.831400196434));
#6350 = CARTESIAN_POINT('',(22.059801409654,23.007146227365,
    20.938096787292));
#6351 = CARTESIAN_POINT('',(21.890683264344,23.007905295404,
    21.035739776242));
#6352 = CARTESIAN_POINT('',(21.716588850136,22.999041534242,
    21.123349647092));
#6353 = CARTESIAN_POINT('',(21.538710675135,22.983917910285,
    21.200591470529));
#6354 = CARTESIAN_POINT('',(21.357684169413,22.965417001593,
    21.267461791006));
#6355 = CARTESIAN_POINT('',(21.012001804697,22.929088298826,
    21.373555195333));
#6356 = CARTESIAN_POINT('',(20.8470278641,22.911346847808,
    21.415468572551));
#6357 = CARTESIAN_POINT('',(20.679844717076,22.894665677353,
    21.449162254903));
#6358 = CARTESIAN_POINT('',(20.511308747536,22.880764362917,
    21.474470590542));
#6359 = CARTESIAN_POINT('',(20.341823819833,22.870973183984,
    21.491430346679));
#6360 = CARTESIAN_POINT('',(20.171410987442,22.866025403784,21.5));
#6361 = CARTESIAN_POINT('',(19.914692770864,22.866025403784,21.5));
#6362 = CARTESIAN_POINT('',(19.829438174414,22.867250855683,
    21.49787745134));
#6363 = CARTESIAN_POINT('',(19.744289156164,22.869699060306,
    21.493637047474));
#6364 = CARTESIAN_POINT('',(19.659304112626,22.873323088761,
    21.487284352103));
#6365 = CARTESIAN_POINT('',(19.574556426767,22.878031634131,
    21.478827062387));
#6366 = CARTESIAN_POINT('',(19.490143911418,22.883693107371,
    21.468280793186));
#6367 = CARTESIAN_POINT('',(19.323021870175,22.896535717761,
    21.443193477987));
#6368 = CARTESIAN_POINT('',(19.240285526216,22.90370395549,
    21.428687168825));
#6369 = CARTESIAN_POINT('',(19.157994596261,22.911499261094,
    21.412173425776));
#6370 = CARTESIAN_POINT('',(19.076169250066,22.919750436256,
    21.393661548488));
#6371 = CARTESIAN_POINT('',(18.994844534957,22.928268349586,
    21.373161053371));
#6372 = CARTESIAN_POINT('',(18.914070551145,22.936849772346,
    21.350685561663));
#6373 = CARTESIAN_POINT('',(18.709867376564,22.958328961159,
    21.288452741744));
#6374 = CARTESIAN_POINT('',(18.58726297126,22.971020984673,
    21.245960550117));
#6375 = CARTESIAN_POINT('',(18.466114812868,22.982587768131,
    21.198785723446));
#6376 = CARTESIAN_POINT('',(18.346534071367,22.992192537781,
    21.146929749365));
#6377 = CARTESIAN_POINT('',(18.228741009028,22.998911171191,
    21.090423632443));
#6378 = CARTESIAN_POINT('',(18.11307473637,23.00170056084,
    21.029385370733));
#6379 = CARTESIAN_POINT('',(17.9999994,22.999355432813,20.964101268728)
  );
#6380 = PCURVE('',#6162,#6381);
#6381 = DEFINITIONAL_REPRESENTATION('',(#6382),#6445);
#6382 = B_SPLINE_CURVE_WITH_KNOTS('',7,(#6383,#6384,#6385,#6386,#6387,
    #6388,#6389,#6390,#6391,#6392,#6393,#6394,#6395,#6396,#6397,#6398,
    #6399,#6400,#6401,#6402,#6403,#6404,#6405,#6406,#6407,#6408,#6409,
    #6410,#6411,#6412,#6413,#6414,#6415,#6416,#6417,#6418,#6419,#6420,
    #6421,#6422,#6423,#6424,#6425,#6426,#6427,#6428,#6429,#6430,#6431,
    #6432,#6433,#6434,#6435,#6436,#6437,#6438,#6439,#6440,#6441,#6442,
    #6443,#6444),.UNSPECIFIED.,.F.,.F.,(8,6,6,6,6,6,6,6,6,6,8),(0.,
    5.899125125273E-02,0.111555710255,0.161761952942,0.21246099306,
    0.266586992529,0.481173242378,0.669570902208,0.763331999881,
    0.856233668188,1.),.UNSPECIFIED.);
#6383 = CARTESIAN_POINT('',(0.675131532937,3.));
#6384 = CARTESIAN_POINT('',(0.675131532937,2.955663520478));
#6385 = CARTESIAN_POINT('',(0.675866020421,2.911317084194));
#6386 = CARTESIAN_POINT('',(0.67733547414,2.867130616229));
#6387 = CARTESIAN_POINT('',(0.679537076762,2.823270501183));
#6388 = CARTESIAN_POINT('',(0.682464916816,2.779898519691));
#6389 = CARTESIAN_POINT('',(0.686110190644,2.737170784944));
#6390 = CARTESIAN_POINT('',(0.694338575786,2.657871077786));
#6391 = CARTESIAN_POINT('',(0.698776742597,2.621130774459));
#6392 = CARTESIAN_POINT('',(0.703765622209,2.585143583704));
#6393 = CARTESIAN_POINT('',(0.709291720335,2.550026457568));
#6394 = CARTESIAN_POINT('',(0.715338672529,2.51588490448));
#6395 = CARTESIAN_POINT('',(0.721887585741,2.482812408067));
#6396 = CARTESIAN_POINT('',(0.735631794096,2.420399436087));
#6397 = CARTESIAN_POINT('',(0.742783377491,2.390964997109));
#6398 = CARTESIAN_POINT('',(0.750350975067,2.362666901218));
#6399 = CARTESIAN_POINT('',(0.758310928773,2.335571419062));
#6400 = CARTESIAN_POINT('',(0.766637353612,2.309730671104));
#6401 = CARTESIAN_POINT('',(0.775302413744,2.285182578967));
#6402 = CARTESIAN_POINT('',(0.793338869208,2.238491024131));
#6403 = CARTESIAN_POINT('',(0.802713454402,2.216381034952));
#6404 = CARTESIAN_POINT('',(0.812373480907,2.195633789938));
#6405 = CARTESIAN_POINT('',(0.822291044368,2.176251128705));
#6406 = CARTESIAN_POINT('',(0.832437266062,2.158224114798));
#6407 = CARTESIAN_POINT('',(0.842782349623,2.1415333607));
#6408 = CARTESIAN_POINT('',(0.864519562841,2.10972547578));
#6409 = CARTESIAN_POINT('',(0.875934626111,2.094791817369));
#6410 = CARTESIAN_POINT('',(0.887515376536,2.081295078583));
#6411 = CARTESIAN_POINT('',(0.899236975243,2.069177606211));
#6412 = CARTESIAN_POINT('',(0.911075046734,2.058377730751));
#6413 = CARTESIAN_POINT('',(0.923005530097,2.048830104294));
#6414 = CARTESIAN_POINT('',(0.982575391983,2.007306123649));
#6415 = CARTESIAN_POINT('',(1.031072695211,1.992853772635));
#6416 = CARTESIAN_POINT('',(1.079762409564,1.992094704596));
#6417 = CARTESIAN_POINT('',(1.128345294743,2.000958465758));
#6418 = CARTESIAN_POINT('',(1.17670530131,2.016082089715));
#6419 = CARTESIAN_POINT('',(1.224875175267,2.034582998407));
#6420 = CARTESIAN_POINT('',(1.315274327544,2.070911701174));
#6421 = CARTESIAN_POINT('',(1.357777038256,2.088653152192));
#6422 = CARTESIAN_POINT('',(1.400327981093,2.105334322647));
#6423 = CARTESIAN_POINT('',(1.442840516691,2.119235637083));
#6424 = CARTESIAN_POINT('',(1.485340392722,2.129026816016));
#6425 = CARTESIAN_POINT('',(1.527943579934,2.133974596216));
#6426 = CARTESIAN_POINT('',(1.592123134079,2.133974596216));
#6427 = CARTESIAN_POINT('',(1.613436780234,2.132749144317));
#6428 = CARTESIAN_POINT('',(1.63473988839,2.130300939694));
#6429 = CARTESIAN_POINT('',(1.656033578487,2.126676911239));
#6430 = CARTESIAN_POINT('',(1.677315236758,2.121968365869));
#6431 = CARTESIAN_POINT('',(1.698575936902,2.116306892629));
#6432 = CARTESIAN_POINT('',(1.740824568576,2.103464282239));
#6433 = CARTESIAN_POINT('',(1.761817854834,2.09629604451));
#6434 = CARTESIAN_POINT('',(1.782790662039,2.088500738906));
#6435 = CARTESIAN_POINT('',(1.803752697676,2.080249563744));
#6436 = CARTESIAN_POINT('',(1.824709906376,2.071731650414));
#6437 = CARTESIAN_POINT('',(1.845664289888,2.063150227654));
#6438 = CARTESIAN_POINT('',(1.899033206628,2.041671038841));
#6439 = CARTESIAN_POINT('',(1.931449778819,2.028979015327));
#6440 = CARTESIAN_POINT('',(1.963915132668,2.017412231869));
#6441 = CARTESIAN_POINT('',(1.996457897744,2.007807462219));
#6442 = CARTESIAN_POINT('',(2.029080989459,2.001088828809));
#6443 = CARTESIAN_POINT('',(2.061753234388,1.99829943916));
#6444 = CARTESIAN_POINT('',(2.094395275598,2.000644567187));
#6445 = ( GEOMETRIC_REPRESENTATION_CONTEXT(2) 
PARAMETRIC_REPRESENTATION_CONTEXT() REPRESENTATION_CONTEXT('2D SPACE',''
  ) );
#6446 = PCURVE('',#6447,#6452);
#6447 = CYLINDRICAL_SURFACE('',#6448,1.);
#6448 = AXIS2_PLACEMENT_3D('',#6449,#6450,#6451);
#6449 = CARTESIAN_POINT('',(18.,22.,21.));
#6450 = DIRECTION('',(1.,0.,0.));
#6451 = DIRECTION('',(0.,0.,-1.));
#6452 = DEFINITIONAL_REPRESENTATION('',(#6453),#6516);
#6453 = B_SPLINE_CURVE_WITH_KNOTS('',7,(#6454,#6455,#6456,#6457,#6458,
    #6459,#6460,#6461,#6462,#6463,#6464,#6465,#6466,#6467,#6468,#6469,
    #6470,#6471,#6472,#6473,#6474,#6475,#6476,#6477,#6478,#6479,#6480,
    #6481,#6482,#6483,#6484,#6485,#6486,#6487,#6488,#6489,#6490,#6491,
    #6492,#6493,#6494,#6495,#6496,#6497,#6498,#6499,#6500,#6501,#6502,
    #6503,#6504,#6505,#6506,#6507,#6508,#6509,#6510,#6511,#6512,#6513,
    #6514,#6515),.UNSPECIFIED.,.F.,.F.,(8,6,6,6,6,6,6,6,6,6,8),(0.,
    5.899125125273E-02,0.111555710255,0.161761952942,0.21246099306,
    0.266586992529,0.481173242378,0.669570902208,0.763331999881,
    0.856233668188,1.),.UNSPECIFIED.);
#6454 = CARTESIAN_POINT('',(0.,5.122498999199));
#6455 = CARTESIAN_POINT('',(4.433647952187E-02,5.122498999199));
#6456 = CARTESIAN_POINT('',(8.868289649133E-02,5.120662713275));
#6457 = CARTESIAN_POINT('',(0.133011760826,5.116989205386));
#6458 = CARTESIAN_POINT('',(0.1772991824,5.111474579081));
#6459 = CARTESIAN_POINT('',(0.221523062943,5.104112373144));
#6460 = CARTESIAN_POINT('',(0.265661287939,5.094893957237));
#6461 = CARTESIAN_POINT('',(0.348921857143,5.073931554607));
#6462 = CARTESIAN_POINT('',(0.38807181857,5.06257090081));
#6463 = CARTESIAN_POINT('',(0.427100048639,5.04972531921));
#6464 = CARTESIAN_POINT('',(0.465970365387,5.035396200821));
#6465 = CARTESIAN_POINT('',(0.504648898982,5.01958876621));
#6466 = CARTESIAN_POINT('',(0.543102831636,5.002312857099));
#6467 = CARTESIAN_POINT('',(0.61778183019,4.965694849796));
#6468 = CARTESIAN_POINT('',(0.654021215026,4.946484329461));
#6469 = CARTESIAN_POINT('',(0.689976136084,4.92597301222));
#6470 = CARTESIAN_POINT('',(0.725607117733,4.904188677283));
#6471 = CARTESIAN_POINT('',(0.760875779448,4.881166906466));
#6472 = CARTESIAN_POINT('',(0.795744250603,4.85695195285));
#6473 = CARTESIAN_POINT('',(0.864942869524,4.80599440146));
#6474 = CARTESIAN_POINT('',(0.899253261206,4.77923754908));
#6475 = CARTESIAN_POINT('',(0.933082283217,4.751372654431));
#6476 = CARTESIAN_POINT('',(0.966404971879,4.722452651948));
#6477 = CARTESIAN_POINT('',(0.999195052683,4.692538434387));
#6478 = CARTESIAN_POINT('',(1.031425116046,4.661699478839));
#6479 = CARTESIAN_POINT('',(1.09684726289,4.596187745076));
#6480 = CARTESIAN_POINT('',(1.129955419283,4.561398435171));
#6481 = CARTESIAN_POINT('',(1.162392562494,4.525706466658));
#6482 = CARTESIAN_POINT('',(1.194156318403,4.489175858397));
#6483 = CARTESIAN_POINT('',(1.225241310452,4.451874977489));
#6484 = CARTESIAN_POINT('',(1.255639831567,4.413876792291));
#6485 = CARTESIAN_POINT('',(1.403100852968,4.222156727466));
#6486 = CARTESIAN_POINT('',(1.509550697284,4.059801409654));
#6487 = CARTESIAN_POINT('',(1.606116478567,3.890683264344));
#6488 = CARTESIAN_POINT('',(1.693404955072,3.716588850136));
#6489 = CARTESIAN_POINT('',(1.771733146181,3.538710675135));
#6490 = CARTESIAN_POINT('',(1.840989857249,3.357684169413));
#6491 = CARTESIAN_POINT('',(1.95313077345,3.012001804697));
#6492 = CARTESIAN_POINT('',(1.998531299779,2.8470278641));
#6493 = CARTESIAN_POINT('',(2.036047229101,2.679844717076));
#6494 = CARTESIAN_POINT('',(2.064916772402,2.511308747536));
#6495 = CARTESIAN_POINT('',(2.084499628318,2.341823819833));
#6496 = CARTESIAN_POINT('',(2.094395102393,2.171410987442));
#6497 = CARTESIAN_POINT('',(2.094395102393,1.914692770864));
#6498 = CARTESIAN_POINT('',(2.091944214987,1.829438174414));
#6499 = CARTESIAN_POINT('',(2.087047751803,1.744289156164));
#6500 = CARTESIAN_POINT('',(2.079734213766,1.659304112626));
#6501 = CARTESIAN_POINT('',(2.070055713086,1.574556426767));
#6502 = CARTESIAN_POINT('',(2.058088217875,1.490143911418));
#6503 = CARTESIAN_POINT('',(2.029904782571,1.323021870175));
#6504 = CARTESIAN_POINT('',(2.013725645569,1.240285526216));
#6505 = CARTESIAN_POINT('',(1.995469387954,1.157994596261));
#6506 = CARTESIAN_POINT('',(1.975211543026,1.076169250066));
#6507 = CARTESIAN_POINT('',(1.953025524463,0.994844534957));
#6508 = CARTESIAN_POINT('',(1.928980152952,0.914070551145));
#6509 = CARTESIAN_POINT('',(1.863144908386,0.709867376564));
#6510 = CARTESIAN_POINT('',(1.818836658834,0.58726297126));
#6511 = CARTESIAN_POINT('',(1.7703660648,0.466114812868));
#6512 = CARTESIAN_POINT('',(1.717797647774,0.346534071367));
#6513 = CARTESIAN_POINT('',(1.661115276695,0.228741009028));
#6514 = CARTESIAN_POINT('',(1.600216089621,0.11307473637));
#6515 = CARTESIAN_POINT('',(1.534889880485,-6.E-07));
#6516 = ( GEOMETRIC_REPRESENTATION_CONTEXT(2) 
PARAMETRIC_REPRESENTATION_CONTEXT() REPRESENTATION_CONTEXT('2D SPACE',''
  ) );
#6517 = ORIENTED_EDGE('',*,*,#6518,.F.);
#6518 = EDGE_CURVE('',#6519,#6312,#6521,.T.);
#6519 = VERTEX_POINT('',#6520);
#6520 = CARTESIAN_POINT('',(18.,21.000644554743,20.964101615138));
#6521 = SURFACE_CURVE('',#6522,(#6585,#6651),.PCURVE_S1.);
#6522 = B_SPLINE_CURVE_WITH_KNOTS('',7,(#6523,#6524,#6525,#6526,#6527,
    #6528,#6529,#6530,#6531,#6532,#6533,#6534,#6535,#6536,#6537,#6538,
    #6539,#6540,#6541,#6542,#6543,#6544,#6545,#6546,#6547,#6548,#6549,
    #6550,#6551,#6552,#6553,#6554,#6555,#6556,#6557,#6558,#6559,#6560,
    #6561,#6562,#6563,#6564,#6565,#6566,#6567,#6568,#6569,#6570,#6571,
    #6572,#6573,#6574,#6575,#6576,#6577,#6578,#6579,#6580,#6581,#6582,
    #6583,#6584),.UNSPECIFIED.,.F.,.F.,(8,6,6,6,6,6,6,6,6,6,8),(0.,
    0.14420385772,0.332347130646,0.427485217834,0.519869763486,
    0.734981426199,0.78892674213,0.839432733365,0.888635350219,
    0.94029947127,1.),.UNSPECIFIED.);
#6523 = CARTESIAN_POINT('',(17.9999994,21.000644567187,20.964101268728)
  );
#6524 = CARTESIAN_POINT('',(18.112633592817,20.998308588265,
    21.029130676282));
#6525 = CARTESIAN_POINT('',(18.22783861026,21.001067139714,
    21.089947347541));
#6526 = CARTESIAN_POINT('',(18.345155501527,21.007729019589,
    21.146268170023));
#6527 = CARTESIAN_POINT('',(18.464248547963,21.017262595492,
    21.197975894952));
#6528 = CARTESIAN_POINT('',(18.584899251817,21.028753605508,
    21.245039311489));
#6529 = CARTESIAN_POINT('',(18.706996867264,21.04137410706,
    21.287456731098));
#6530 = CARTESIAN_POINT('',(18.991693674569,21.071308671116,
    21.3744962796));
#6531 = CARTESIAN_POINT('',(19.156084182778,21.088963937081,
    21.416092216451));
#6532 = CARTESIAN_POINT('',(19.322604788117,21.105533503101,
    21.44952155432));
#6533 = CARTESIAN_POINT('',(19.490456833869,21.119332555621,
    21.474638464591));
#6534 = CARTESIAN_POINT('',(19.659281203784,21.129055835959,
    21.491480620008));
#6535 = CARTESIAN_POINT('',(19.829092509593,21.133974596216,21.5));
#6536 = CARTESIAN_POINT('',(20.086422498506,21.133974596216,21.5));
#6537 = CARTESIAN_POINT('',(20.172789573995,21.132716893028,
    21.497821590267));
#6538 = CARTESIAN_POINT('',(20.259047113842,21.130204365901,
    21.493469777148));
#6539 = CARTESIAN_POINT('',(20.345135117605,21.126486402173,
    21.486950344632));
#6540 = CARTESIAN_POINT('',(20.430977607089,21.121659062096,
    21.47827123598));
#6541 = CARTESIAN_POINT('',(20.516472637713,21.115860673118,
    21.467448784886));
#6542 = CARTESIAN_POINT('',(20.684031782664,21.102855992013,
    21.441963034604));
#6543 = CARTESIAN_POINT('',(20.766144689568,21.095693566959,
    21.427416736784));
#6544 = CARTESIAN_POINT('',(20.847815716203,21.08792303929,
    21.410892526298));
#6545 = CARTESIAN_POINT('',(20.929025313798,21.0797127161,
    21.392399480655));
#6546 = CARTESIAN_POINT('',(21.009739632784,21.071248123856,
    21.371946839149));
#6547 = CARTESIAN_POINT('',(21.089910355072,21.062728381524,
    21.349547710759));
#6548 = CARTESIAN_POINT('',(21.354734745441,21.034883311001,
    21.268583699999));
#6549 = CARTESIAN_POINT('',(21.536873803605,21.016221260776,
    21.201452462122));
#6550 = CARTESIAN_POINT('',(21.715823284295,21.000948629784,
    21.123833833962));
#6551 = CARTESIAN_POINT('',(21.890957392996,20.991991362754,
    21.035722256809));
#6552 = CARTESIAN_POINT('',(22.06106956737,20.992770349052,
    20.937448814611));
#6553 = CARTESIAN_POINT('',(22.224336775815,21.007436248624,
    20.830007513873));
#6554 = CARTESIAN_POINT('',(22.416801199495,21.049553409432,
    20.687691208885));
#6555 = CARTESIAN_POINT('',(22.454767029078,21.059186110467,
    20.658782184211));
#6556 = CARTESIAN_POINT('',(22.492031665711,21.070075744445,
    20.629573534767));
#6557 = CARTESIAN_POINT('',(22.528521726126,21.08228749787,
    20.600147208953));
#6558 = CARTESIAN_POINT('',(22.564168523255,21.095882773211,
    20.570591633392));
#6559 = CARTESIAN_POINT('',(22.598907804989,21.110918845792,
    20.541001545241));
#6560 = CARTESIAN_POINT('',(22.664298041186,21.142924333568,
    20.483836411076));
#6561 = CARTESIAN_POINT('',(22.695066915068,21.159708607904,
    20.456254522639));
#6562 = CARTESIAN_POINT('',(22.724907484653,21.177830325203,
    20.428840557786));
#6563 = CARTESIAN_POINT('',(22.753750373715,21.19730825428,
    20.401706283328));
#6564 = CARTESIAN_POINT('',(22.781534828923,21.218150628346,
    20.374965394323));
#6565 = CARTESIAN_POINT('',(22.808208089034,21.240354822095,
    20.348732074108));
#6566 = CARTESIAN_POINT('',(22.858582927635,21.286851439425,
    20.298167999728));
#6567 = CARTESIAN_POINT('',(22.882335654494,21.311068037195,
    20.273813407718));
#6568 = CARTESIAN_POINT('',(22.904932157625,21.336533638386,
    20.25016974938));
#6569 = CARTESIAN_POINT('',(22.926330567088,21.363211717574,
    20.227348810867));
#6570 = CARTESIAN_POINT('',(22.946497119057,21.391052455604,
    20.205458127919));
#6571 = CARTESIAN_POINT('',(22.965405354824,21.419992787558,
    20.184598920375));
#6572 = CARTESIAN_POINT('',(23.001547275135,21.481419133417,
    20.144141837487));
#6573 = CARTESIAN_POINT('',(23.018645605155,21.514002967375,
    20.124663994703));
#6574 = CARTESIAN_POINT('',(23.034315387318,21.54763039588,
    20.10652921756));
#6575 = CARTESIAN_POINT('',(23.048546889605,21.582211849313,
    20.089827858608));
#6576 = CARTESIAN_POINT('',(23.061334824818,21.617646284768,
    20.074640025518));
#6577 = CARTESIAN_POINT('',(23.072677604868,21.653821725662,
    20.061033702881));
#6578 = CARTESIAN_POINT('',(23.09401538346,21.733133233687,
    20.035229970243));
#6579 = CARTESIAN_POINT('',(23.103527622325,21.776481994459,
    20.023579263858));
#6580 = CARTESIAN_POINT('',(23.111124197588,21.820505953956,
    20.014184059526));
#6581 = CARTESIAN_POINT('',(23.11681418235,21.865041683792,
    20.007100438302));
#6582 = CARTESIAN_POINT('',(23.120604401978,21.909919612553,
    20.002366232404));
#6583 = CARTESIAN_POINT('',(23.122498999199,21.954965181452,20.));
#6584 = CARTESIAN_POINT('',(23.122498999199,22.,20.));
#6585 = PCURVE('',#6162,#6586);
#6586 = DEFINITIONAL_REPRESENTATION('',(#6587),#6650);
#6587 = B_SPLINE_CURVE_WITH_KNOTS('',7,(#6588,#6589,#6590,#6591,#6592,
    #6593,#6594,#6595,#6596,#6597,#6598,#6599,#6600,#6601,#6602,#6603,
    #6604,#6605,#6606,#6607,#6608,#6609,#6610,#6611,#6612,#6613,#6614,
    #6615,#6616,#6617,#6618,#6619,#6620,#6621,#6622,#6623,#6624,#6625,
    #6626,#6627,#6628,#6629,#6630,#6631,#6632,#6633,#6634,#6635,#6636,
    #6637,#6638,#6639,#6640,#6641,#6642,#6643,#6644,#6645,#6646,#6647,
    #6648,#6649),.UNSPECIFIED.,.F.,.F.,(8,6,6,6,6,6,6,6,6,6,8),(0.,
    0.14420385772,0.332347130646,0.427485217834,0.519869763486,
    0.734981426199,0.78892674213,0.839432733365,0.888635350219,
    0.94029947127,1.),.UNSPECIFIED.);
#6588 = CARTESIAN_POINT('',(2.094395275598,3.999355432813));
#6589 = CARTESIAN_POINT('',(2.061880581575,4.001691411735));
#6590 = CARTESIAN_POINT('',(2.029335899609,3.998932860286));
#6591 = CARTESIAN_POINT('',(1.996839727974,3.992270980411));
#6592 = CARTESIAN_POINT('',(1.964423073906,3.982737404508));
#6593 = CARTESIAN_POINT('',(1.932083284659,3.971246394492));
#6594 = CARTESIAN_POINT('',(1.899792265703,3.95862589294));
#6595 = CARTESIAN_POINT('',(1.825366062701,3.928691328884));
#6596 = CARTESIAN_POINT('',(1.783023815313,3.911036062919));
#6597 = CARTESIAN_POINT('',(1.740647170237,3.894466496899));
#6598 = CARTESIAN_POINT('',(1.698309614506,3.880667444379));
#6599 = CARTESIAN_POINT('',(1.655976002479,3.870944164041));
#6600 = CARTESIAN_POINT('',(1.613523199397,3.866025403784));
#6601 = CARTESIAN_POINT('',(1.549190702168,3.866025403784));
#6602 = CARTESIAN_POINT('',(1.527598936469,3.867283106972));
#6603 = CARTESIAN_POINT('',(1.506018067595,3.869795634099));
#6604 = CARTESIAN_POINT('',(1.484446757044,3.873513597827));
#6605 = CARTESIAN_POINT('',(1.462887642395,3.878340937904));
#6606 = CARTESIAN_POINT('',(1.441350068811,3.884139326882));
#6607 = CARTESIAN_POINT('',(1.398978505142,3.897144007987));
#6608 = CARTESIAN_POINT('',(1.378136841288,3.904306433041));
#6609 = CARTESIAN_POINT('',(1.357315222379,3.91207696071));
#6610 = CARTESIAN_POINT('',(1.336504105788,3.9202872839));
#6611 = CARTESIAN_POINT('',(1.315697562306,3.928751876144));
#6612 = CARTESIAN_POINT('',(1.294893446575,3.937271618476));
#6613 = CARTESIAN_POINT('',(1.225662344112,3.965116688999));
#6614 = CARTESIAN_POINT('',(1.177210367594,3.983778739224));
#6615 = CARTESIAN_POINT('',(1.12856921325,3.999051370216));
#6616 = CARTESIAN_POINT('',(1.079700260333,4.008008637246));
#6617 = CARTESIAN_POINT('',(1.030718992419,4.007229650948));
#6618 = CARTESIAN_POINT('',(0.98193014545,3.992563751376));
#6619 = CARTESIAN_POINT('',(0.922088434951,3.950446590568));
#6620 = CARTESIAN_POINT('',(0.910159782438,3.940813889533));
#6621 = CARTESIAN_POINT('',(0.898324718289,3.929924255555));
#6622 = CARTESIAN_POINT('',(0.886607507057,3.91771250213));
#6623 = CARTESIAN_POINT('',(0.875032713158,3.904117226789));
#6624 = CARTESIAN_POINT('',(0.863625349384,3.889081154208));
#6625 = CARTESIAN_POINT('',(0.841911679217,3.857075666432));
#6626 = CARTESIAN_POINT('',(0.831582055674,3.840291392096));
#6627 = CARTESIAN_POINT('',(0.821452881971,3.822169674797));
#6628 = CARTESIAN_POINT('',(0.811554012047,3.80269174572));
#6629 = CARTESIAN_POINT('',(0.80191436681,3.781849371654));
#6630 = CARTESIAN_POINT('',(0.792561874345,3.759645177905));
#6631 = CARTESIAN_POINT('',(0.774718195523,3.713148560575));
#6632 = CARTESIAN_POINT('',(0.766213762571,3.688931962805));
#6633 = CARTESIAN_POINT('',(0.758038123729,3.663466361614));
#6634 = CARTESIAN_POINT('',(0.750217713859,3.636788282426));
#6635 = CARTESIAN_POINT('',(0.742777135606,3.608947544396));
#6636 = CARTESIAN_POINT('',(0.735738904785,3.580007212442));
#6637 = CARTESIAN_POINT('',(0.72217651663,3.518580866583));
#6638 = CARTESIAN_POINT('',(0.715697279095,3.485997032625));
#6639 = CARTESIAN_POINT('',(0.709705821699,3.45236960412));
#6640 = CARTESIAN_POINT('',(0.704220401907,3.417788150687));
#6641 = CARTESIAN_POINT('',(0.699256875365,3.382353715232));
#6642 = CARTESIAN_POINT('',(0.69482837516,3.346178274338));
#6643 = CARTESIAN_POINT('',(0.686457542565,3.266866766313));
#6644 = CARTESIAN_POINT('',(0.682697443236,3.223518005541));
#6645 = CARTESIAN_POINT('',(0.679676957485,3.179494046044));
#6646 = CARTESIAN_POINT('',(0.677405485748,3.134958316208));
#6647 = CARTESIAN_POINT('',(0.675889342281,3.090080387447));
#6648 = CARTESIAN_POINT('',(0.675131532937,3.045034818548));
#6649 = CARTESIAN_POINT('',(0.675131532937,3.));
#6650 = ( GEOMETRIC_REPRESENTATION_CONTEXT(2) 
PARAMETRIC_REPRESENTATION_CONTEXT() REPRESENTATION_CONTEXT('2D SPACE',''
  ) );
#6651 = PCURVE('',#6447,#6652);
#6652 = DEFINITIONAL_REPRESENTATION('',(#6653),#6716);
#6653 = B_SPLINE_CURVE_WITH_KNOTS('',7,(#6654,#6655,#6656,#6657,#6658,
    #6659,#6660,#6661,#6662,#6663,#6664,#6665,#6666,#6667,#6668,#6669,
    #6670,#6671,#6672,#6673,#6674,#6675,#6676,#6677,#6678,#6679,#6680,
    #6681,#6682,#6683,#6684,#6685,#6686,#6687,#6688,#6689,#6690,#6691,
    #6692,#6693,#6694,#6695,#6696,#6697,#6698,#6699,#6700,#6701,#6702,
    #6703,#6704,#6705,#6706,#6707,#6708,#6709,#6710,#6711,#6712,#6713,
    #6714,#6715),.UNSPECIFIED.,.F.,.F.,(8,6,6,6,6,6,6,6,6,6,8),(0.,
    0.14420385772,0.332347130646,0.427485217834,0.519869763486,
    0.734981426199,0.78892674213,0.839432733365,0.888635350219,
    0.94029947127,1.),.UNSPECIFIED.);
#6654 = CARTESIAN_POINT('',(4.748295426694,-6.E-07));
#6655 = CARTESIAN_POINT('',(4.683224076282,0.112633592817));
#6656 = CARTESIAN_POINT('',(4.622545240578,0.22783861026));
#6657 = CARTESIAN_POINT('',(4.566051276097,0.345155501527));
#6658 = CARTESIAN_POINT('',(4.513640135675,0.464248547963));
#6659 = CARTESIAN_POINT('',(4.465295096224,0.584899251817));
#6660 = CARTESIAN_POINT('',(4.421078809023,0.706996867264));
#6661 = CARTESIAN_POINT('',(4.329035552189,0.991693674569));
#6662 = CARTESIAN_POINT('',(4.283958973062,1.156084182778));
#6663 = CARTESIAN_POINT('',(4.246727168789,1.322604788117));
#6664 = CARTESIAN_POINT('',(4.218074742782,1.490456833869));
#6665 = CARTESIAN_POINT('',(4.198627621133,1.659281203784));
#6666 = CARTESIAN_POINT('',(4.188790204786,1.829092509593));
#6667 = CARTESIAN_POINT('',(4.188790204786,2.086422498506));
#6668 = CARTESIAN_POINT('',(4.191305593237,2.172789573995));
#6669 = CARTESIAN_POINT('',(4.196330706684,2.259047113842));
#6670 = CARTESIAN_POINT('',(4.203835603495,2.345135117605));
#6671 = CARTESIAN_POINT('',(4.213765603272,2.430977607089));
#6672 = CARTESIAN_POINT('',(4.226041017553,2.516472637713));
#6673 = CARTESIAN_POINT('',(4.254652994032,2.684031782664));
#6674 = CARTESIAN_POINT('',(4.27086539289,2.766144689568));
#6675 = CARTESIAN_POINT('',(4.289120528352,2.847815716203));
#6676 = CARTESIAN_POINT('',(4.309344596263,2.929025313798));
#6677 = CARTESIAN_POINT('',(4.33146612269,3.009739632784));
#6678 = CARTESIAN_POINT('',(4.355418358269,3.089910355072));
#6679 = CARTESIAN_POINT('',(4.44103680833,3.354734745441));
#6680 = CARTESIAN_POINT('',(4.510587065328,3.536873803605));
#6681 = CARTESIAN_POINT('',(4.589308683866,3.715823284296));
#6682 = CARTESIAN_POINT('',(4.677093592662,3.890957392996));
#6683 = CARTESIAN_POINT('',(4.774269475534,4.06106956737));
#6684 = CARTESIAN_POINT('',(4.881457117714,4.224336775815));
#6685 = CARTESIAN_POINT('',(5.02987472415,4.416801199495));
#6686 = CARTESIAN_POINT('',(5.06032883502,4.454767029078));
#6687 = CARTESIAN_POINT('',(5.091470000437,4.492031665711));
#6688 = CARTESIAN_POINT('',(5.123290220995,4.528521726126));
#6689 = CARTESIAN_POINT('',(5.155783830707,4.564168523255));
#6690 = CARTESIAN_POINT('',(5.188948168044,4.598907804989));
#6691 = CARTESIAN_POINT('',(5.25446308094,4.664298041186));
#6692 = CARTESIAN_POINT('',(5.286729212833,4.695066915068));
#6693 = CARTESIAN_POINT('',(5.319554049637,4.724907484653));
#6694 = CARTESIAN_POINT('',(5.352909946919,4.753750373715));
#6695 = CARTESIAN_POINT('',(5.386770377232,4.781534828923));
#6696 = CARTESIAN_POINT('',(5.421110098509,4.808208089034));
#6697 = CARTESIAN_POINT('',(5.489802609316,4.858582927635));
#6698 = CARTESIAN_POINT('',(5.524121637412,4.882335654494));
#6699 = CARTESIAN_POINT('',(5.558826275405,4.904932157625));
#6700 = CARTESIAN_POINT('',(5.593880448615,4.926330567088));
#6701 = CARTESIAN_POINT('',(5.629247598132,4.946497119057));
#6702 = CARTESIAN_POINT('',(5.664890139913,4.965405354824));
#6703 = CARTESIAN_POINT('',(5.738442648513,5.001547275135));
#6704 = CARTESIAN_POINT('',(5.776368285365,5.018645605155));
#6705 = CARTESIAN_POINT('',(5.81451393842,5.034315387318));
#6706 = CARTESIAN_POINT('',(5.852847879027,5.048546889605));
#6707 = CARTESIAN_POINT('',(5.891337368094,5.061334824818));
#6708 = CARTESIAN_POINT('',(5.929947478272,5.072677604868));
#6709 = CARTESIAN_POINT('',(6.013351002919,5.09401538346));
#6710 = CARTESIAN_POINT('',(6.058177524331,5.103527622325));
#6711 = CARTESIAN_POINT('',(6.103094213563,5.111124197588));
#6712 = CARTESIAN_POINT('',(6.148077777817,5.11681418235));
#6713 = CARTESIAN_POINT('',(6.193104941371,5.120604401978));
#6714 = CARTESIAN_POINT('',(6.238150488632,5.122498999199));
#6715 = CARTESIAN_POINT('',(6.28318530718,5.122498999199));
#6716 = ( GEOMETRIC_REPRESENTATION_CONTEXT(2) 
PARAMETRIC_REPRESENTATION_CONTEXT() REPRESENTATION_CONTEXT('2D SPACE',''
  ) );
#6717 = ORIENTED_EDGE('',*,*,#6718,.F.);
#6718 = EDGE_CURVE('',#6314,#6519,#6719,.T.);
#6719 = SURFACE_CURVE('',#6720,(#6724,#6730),.PCURVE_S1.);
#6720 = LINE('',#6721,#6722);
#6721 = CARTESIAN_POINT('',(18.,25.,20.964101615138));
#6722 = VECTOR('',#6723,1.);
#6723 = DIRECTION('',(0.,-1.,0.));
#6724 = PCURVE('',#6162,#6725);
#6725 = DEFINITIONAL_REPRESENTATION('',(#6726),#6729);
#6726 = B_SPLINE_CURVE_WITH_KNOTS('',1,(#6727,#6728),.UNSPECIFIED.,.F.,
  .F.,(2,2),(1.8,4.2),.PIECEWISE_BEZIER_KNOTS.);
#6727 = CARTESIAN_POINT('',(2.094395102393,1.8));
#6728 = CARTESIAN_POINT('',(2.094395102393,4.2));
#6729 = ( GEOMETRIC_REPRESENTATION_CONTEXT(2) 
PARAMETRIC_REPRESENTATION_CONTEXT() REPRESENTATION_CONTEXT('2D SPACE',''
  ) );
#6730 = PCURVE('',#6731,#6736);
#6731 = PLANE('',#6732);
#6732 = AXIS2_PLACEMENT_3D('',#6733,#6734,#6735);
#6733 = CARTESIAN_POINT('',(18.,22.,21.));
#6734 = DIRECTION('',(1.,0.,0.));
#6735 = DIRECTION('',(0.,0.,-1.));
#6736 = DEFINITIONAL_REPRESENTATION('',(#6737),#6740);
#6737 = B_SPLINE_CURVE_WITH_KNOTS('',1,(#6738,#6739),.UNSPECIFIED.,.F.,
  .F.,(2,2),(1.8,4.2),.PIECEWISE_BEZIER_KNOTS.);
#6738 = CARTESIAN_POINT('',(3.589838486225E-02,1.2));
#6739 = CARTESIAN_POINT('',(3.589838486225E-02,-1.2));
#6740 = ( GEOMETRIC_REPRESENTATION_CONTEXT(2) 
PARAMETRIC_REPRESENTATION_CONTEXT() REPRESENTATION_CONTEXT('2D SPACE',''
  ) );
#6741 = FACE_BOUND('',#6742,.F.);
#6742 = EDGE_LOOP('',(#6743));
#6743 = ORIENTED_EDGE('',*,*,#6052,.T.);
#6744 = ADVANCED_FACE('',(#6745),#6731,.T.);
#6745 = FACE_BOUND('',#6746,.T.);
#6746 = EDGE_LOOP('',(#6747,#6748));
#6747 = ORIENTED_EDGE('',*,*,#6718,.F.);
#6748 = ORIENTED_EDGE('',*,*,#6749,.T.);
#6749 = EDGE_CURVE('',#6314,#6519,#6750,.T.);
#6750 = SURFACE_CURVE('',#6751,(#6756,#6763),.PCURVE_S1.);
#6751 = CIRCLE('',#6752,1.);
#6752 = AXIS2_PLACEMENT_3D('',#6753,#6754,#6755);
#6753 = CARTESIAN_POINT('',(18.,22.,21.));
#6754 = DIRECTION('',(1.,-0.,0.));
#6755 = DIRECTION('',(0.,0.,-1.));
#6756 = PCURVE('',#6731,#6757);
#6757 = DEFINITIONAL_REPRESENTATION('',(#6758),#6762);
#6758 = CIRCLE('',#6759,1.);
#6759 = AXIS2_PLACEMENT_2D('',#6760,#6761);
#6760 = CARTESIAN_POINT('',(0.,0.));
#6761 = DIRECTION('',(1.,0.));
#6762 = ( GEOMETRIC_REPRESENTATION_CONTEXT(2) 
PARAMETRIC_REPRESENTATION_CONTEXT() REPRESENTATION_CONTEXT('2D SPACE',''
  ) );
#6763 = PCURVE('',#6447,#6764);
#6764 = DEFINITIONAL_REPRESENTATION('',(#6765),#6769);
#6765 = LINE('',#6766,#6767);
#6766 = CARTESIAN_POINT('',(0.,0.));
#6767 = VECTOR('',#6768,1.);
#6768 = DIRECTION('',(1.,0.));
#6769 = ( GEOMETRIC_REPRESENTATION_CONTEXT(2) 
PARAMETRIC_REPRESENTATION_CONTEXT() REPRESENTATION_CONTEXT('2D SPACE',''
  ) );
#6770 = ADVANCED_FACE('',(#6771),#6447,.F.);
#6771 = FACE_BOUND('',#6772,.F.);
#6772 = EDGE_LOOP('',(#6773,#6814,#6853,#6874,#6875,#6876,#6877,#6878,
    #6912));
#6773 = ORIENTED_EDGE('',*,*,#6774,.F.);
#6774 = EDGE_CURVE('',#6775,#6777,#6779,.T.);
#6775 = VERTEX_POINT('',#6776);
#6776 = CARTESIAN_POINT('',(35.,23.,21.));
#6777 = VERTEX_POINT('',#6778);
#6778 = CARTESIAN_POINT('',(34.,22.,22.));
#6779 = SURFACE_CURVE('',#6780,(#6785,#6797),.PCURVE_S1.);
#6780 = ELLIPSE('',#6781,1.414213562373,1.);
#6781 = AXIS2_PLACEMENT_3D('',#6782,#6783,#6784);
#6782 = CARTESIAN_POINT('',(35.,22.,21.));
#6783 = DIRECTION('',(0.707106781187,0.,0.707106781187));
#6784 = DIRECTION('',(-0.707106781187,0.,0.707106781187));
#6785 = PCURVE('',#6447,#6786);
#6786 = DEFINITIONAL_REPRESENTATION('',(#6787),#6796);
#6787 = B_SPLINE_CURVE_WITH_KNOTS('',7,(#6788,#6789,#6790,#6791,#6792,
    #6793,#6794,#6795),.UNSPECIFIED.,.F.,.F.,(8,8),(4.712388980385,
    6.28318530718),.PIECEWISE_BEZIER_KNOTS.);
#6788 = CARTESIAN_POINT('',(1.570796326795,17.));
#6789 = CARTESIAN_POINT('',(1.795195802051,16.775600524744));
#6790 = CARTESIAN_POINT('',(2.019595277308,16.551201960681));
#6791 = CARTESIAN_POINT('',(2.243994752564,16.345253174222));
#6792 = CARTESIAN_POINT('',(2.468394227821,16.17623749538));
#6793 = CARTESIAN_POINT('',(2.692793703077,16.058748672607));
#6794 = CARTESIAN_POINT('',(2.917193178333,16.));
#6795 = CARTESIAN_POINT('',(3.14159265359,16.));
#6796 = ( GEOMETRIC_REPRESENTATION_CONTEXT(2) 
PARAMETRIC_REPRESENTATION_CONTEXT() REPRESENTATION_CONTEXT('2D SPACE',''
  ) );
#6797 = PCURVE('',#6798,#6803);
#6798 = CYLINDRICAL_SURFACE('',#6799,1.);
#6799 = AXIS2_PLACEMENT_3D('',#6800,#6801,#6802);
#6800 = CARTESIAN_POINT('',(35.,22.,17.));
#6801 = DIRECTION('',(0.,0.,1.));
#6802 = DIRECTION('',(1.,0.,-0.));
#6803 = DEFINITIONAL_REPRESENTATION('',(#6804),#6813);
#6804 = B_SPLINE_CURVE_WITH_KNOTS('',7,(#6805,#6806,#6807,#6808,#6809,
    #6810,#6811,#6812),.UNSPECIFIED.,.F.,.F.,(8,8),(4.712388980385,
    6.28318530718),.PIECEWISE_BEZIER_KNOTS.);
#6805 = CARTESIAN_POINT('',(1.570796326795,4.));
#6806 = CARTESIAN_POINT('',(1.795195802051,4.224399475256));
#6807 = CARTESIAN_POINT('',(2.019595277307,4.448798039318));
#6808 = CARTESIAN_POINT('',(2.243994752565,4.654746825775));
#6809 = CARTESIAN_POINT('',(2.46839422782,4.823762504625));
#6810 = CARTESIAN_POINT('',(2.692793703078,4.94125132739));
#6811 = CARTESIAN_POINT('',(2.917193178333,5.));
#6812 = CARTESIAN_POINT('',(3.14159265359,5.));
#6813 = ( GEOMETRIC_REPRESENTATION_CONTEXT(2) 
PARAMETRIC_REPRESENTATION_CONTEXT() REPRESENTATION_CONTEXT('2D SPACE',''
  ) );
#6814 = ORIENTED_EDGE('',*,*,#6815,.T.);
#6815 = EDGE_CURVE('',#6775,#6816,#6818,.T.);
#6816 = VERTEX_POINT('',#6817);
#6817 = CARTESIAN_POINT('',(34.,22.,20.));
#6818 = SURFACE_CURVE('',#6819,(#6824,#6836),.PCURVE_S1.);
#6819 = ELLIPSE('',#6820,1.414213562373,1.);
#6820 = AXIS2_PLACEMENT_3D('',#6821,#6822,#6823);
#6821 = CARTESIAN_POINT('',(35.,22.,21.));
#6822 = DIRECTION('',(-0.707106781187,0.,0.707106781187));
#6823 = DIRECTION('',(0.707106781187,0.,0.707106781187));
#6824 = PCURVE('',#6447,#6825);
#6825 = DEFINITIONAL_REPRESENTATION('',(#6826),#6835);
#6826 = B_SPLINE_CURVE_WITH_KNOTS('',7,(#6827,#6828,#6829,#6830,#6831,
    #6832,#6833,#6834),.UNSPECIFIED.,.F.,.F.,(8,8),(1.570796326795,
    3.14159265359),.PIECEWISE_BEZIER_KNOTS.);
#6827 = CARTESIAN_POINT('',(1.570796326795,17.));
#6828 = CARTESIAN_POINT('',(1.346396851538,16.775600524744));
#6829 = CARTESIAN_POINT('',(1.121997376282,16.551201960681));
#6830 = CARTESIAN_POINT('',(0.897597901026,16.345253174222));
#6831 = CARTESIAN_POINT('',(0.673198425769,16.17623749538));
#6832 = CARTESIAN_POINT('',(0.448798950513,16.058748672607));
#6833 = CARTESIAN_POINT('',(0.224399475256,16.));
#6834 = CARTESIAN_POINT('',(0.,16.));
#6835 = ( GEOMETRIC_REPRESENTATION_CONTEXT(2) 
PARAMETRIC_REPRESENTATION_CONTEXT() REPRESENTATION_CONTEXT('2D SPACE',''
  ) );
#6836 = PCURVE('',#6837,#6842);
#6837 = CYLINDRICAL_SURFACE('',#6838,1.);
#6838 = AXIS2_PLACEMENT_3D('',#6839,#6840,#6841);
#6839 = CARTESIAN_POINT('',(35.,22.,17.));
#6840 = DIRECTION('',(0.,0.,1.));
#6841 = DIRECTION('',(1.,0.,-0.));
#6842 = DEFINITIONAL_REPRESENTATION('',(#6843),#6852);
#6843 = B_SPLINE_CURVE_WITH_KNOTS('',7,(#6844,#6845,#6846,#6847,#6848,
    #6849,#6850,#6851),.UNSPECIFIED.,.F.,.F.,(8,8),(1.570796326795,
    3.14159265359),.PIECEWISE_BEZIER_KNOTS.);
#6844 = CARTESIAN_POINT('',(1.570796326795,4.));
#6845 = CARTESIAN_POINT('',(1.795195802051,3.775600524744));
#6846 = CARTESIAN_POINT('',(2.019595277307,3.551201960681));
#6847 = CARTESIAN_POINT('',(2.243994752565,3.345253174226));
#6848 = CARTESIAN_POINT('',(2.46839422782,3.176237495376));
#6849 = CARTESIAN_POINT('',(2.692793703078,3.05874867261));
#6850 = CARTESIAN_POINT('',(2.917193178333,3.));
#6851 = CARTESIAN_POINT('',(3.14159265359,3.));
#6852 = ( GEOMETRIC_REPRESENTATION_CONTEXT(2) 
PARAMETRIC_REPRESENTATION_CONTEXT() REPRESENTATION_CONTEXT('2D SPACE',''
  ) );
#6853 = ORIENTED_EDGE('',*,*,#6854,.F.);
#6854 = EDGE_CURVE('',#6312,#6816,#6855,.T.);
#6855 = SEAM_CURVE('',#6856,(#6860,#6867),.PCURVE_S1.);
#6856 = LINE('',#6857,#6858);
#6857 = CARTESIAN_POINT('',(18.,22.,20.));
#6858 = VECTOR('',#6859,1.);
#6859 = DIRECTION('',(1.,0.,0.));
#6860 = PCURVE('',#6447,#6861);
#6861 = DEFINITIONAL_REPRESENTATION('',(#6862),#6866);
#6862 = LINE('',#6863,#6864);
#6863 = CARTESIAN_POINT('',(6.28318530718,-0.));
#6864 = VECTOR('',#6865,1.);
#6865 = DIRECTION('',(0.,1.));
#6866 = ( GEOMETRIC_REPRESENTATION_CONTEXT(2) 
PARAMETRIC_REPRESENTATION_CONTEXT() REPRESENTATION_CONTEXT('2D SPACE',''
  ) );
#6867 = PCURVE('',#6447,#6868);
#6868 = DEFINITIONAL_REPRESENTATION('',(#6869),#6873);
#6869 = LINE('',#6870,#6871);
#6870 = CARTESIAN_POINT('',(0.,-0.));
#6871 = VECTOR('',#6872,1.);
#6872 = DIRECTION('',(0.,1.));
#6873 = ( GEOMETRIC_REPRESENTATION_CONTEXT(2) 
PARAMETRIC_REPRESENTATION_CONTEXT() REPRESENTATION_CONTEXT('2D SPACE',''
  ) );
#6874 = ORIENTED_EDGE('',*,*,#6311,.T.);
#6875 = ORIENTED_EDGE('',*,*,#6749,.T.);
#6876 = ORIENTED_EDGE('',*,*,#6518,.T.);
#6877 = ORIENTED_EDGE('',*,*,#6854,.T.);
#6878 = ORIENTED_EDGE('',*,*,#6879,.T.);
#6879 = EDGE_CURVE('',#6816,#6880,#6882,.T.);
#6880 = VERTEX_POINT('',#6881);
#6881 = CARTESIAN_POINT('',(35.,21.,21.));
#6882 = SURFACE_CURVE('',#6883,(#6888,#6900),.PCURVE_S1.);
#6883 = ELLIPSE('',#6884,1.414213562373,1.);
#6884 = AXIS2_PLACEMENT_3D('',#6885,#6886,#6887);
#6885 = CARTESIAN_POINT('',(35.,22.,21.));
#6886 = DIRECTION('',(-0.707106781187,0.,0.707106781187));
#6887 = DIRECTION('',(0.707106781187,0.,0.707106781187));
#6888 = PCURVE('',#6447,#6889);
#6889 = DEFINITIONAL_REPRESENTATION('',(#6890),#6899);
#6890 = B_SPLINE_CURVE_WITH_KNOTS('',7,(#6891,#6892,#6893,#6894,#6895,
    #6896,#6897,#6898),.UNSPECIFIED.,.F.,.F.,(8,8),(3.14159265359,
    4.712388980385),.PIECEWISE_BEZIER_KNOTS.);
#6891 = CARTESIAN_POINT('',(6.28318530718,16.));
#6892 = CARTESIAN_POINT('',(6.058785831923,16.));
#6893 = CARTESIAN_POINT('',(5.834386356667,16.058748672608));
#6894 = CARTESIAN_POINT('',(5.60998688141,16.17623749538));
#6895 = CARTESIAN_POINT('',(5.385587406154,16.34525317422));
#6896 = CARTESIAN_POINT('',(5.161187930898,16.551201960682));
#6897 = CARTESIAN_POINT('',(4.936788455641,16.775600524744));
#6898 = CARTESIAN_POINT('',(4.712388980385,17.));
#6899 = ( GEOMETRIC_REPRESENTATION_CONTEXT(2) 
PARAMETRIC_REPRESENTATION_CONTEXT() REPRESENTATION_CONTEXT('2D SPACE',''
  ) );
#6900 = PCURVE('',#6837,#6901);
#6901 = DEFINITIONAL_REPRESENTATION('',(#6902),#6911);
#6902 = B_SPLINE_CURVE_WITH_KNOTS('',7,(#6903,#6904,#6905,#6906,#6907,
    #6908,#6909,#6910),.UNSPECIFIED.,.F.,.F.,(8,8),(3.14159265359,
    4.712388980385),.PIECEWISE_BEZIER_KNOTS.);
#6903 = CARTESIAN_POINT('',(3.14159265359,3.));
#6904 = CARTESIAN_POINT('',(3.365992128846,3.));
#6905 = CARTESIAN_POINT('',(3.590391604102,3.05874867261));
#6906 = CARTESIAN_POINT('',(3.81479107936,3.176237495374));
#6907 = CARTESIAN_POINT('',(4.039190554614,3.345253174228));
#6908 = CARTESIAN_POINT('',(4.263590029872,3.55120196068));
#6909 = CARTESIAN_POINT('',(4.487989505128,3.775600524744));
#6910 = CARTESIAN_POINT('',(4.712388980385,4.));
#6911 = ( GEOMETRIC_REPRESENTATION_CONTEXT(2) 
PARAMETRIC_REPRESENTATION_CONTEXT() REPRESENTATION_CONTEXT('2D SPACE',''
  ) );
#6912 = ORIENTED_EDGE('',*,*,#6913,.F.);
#6913 = EDGE_CURVE('',#6777,#6880,#6914,.T.);
#6914 = SURFACE_CURVE('',#6915,(#6920,#6932),.PCURVE_S1.);
#6915 = ELLIPSE('',#6916,1.414213562373,1.);
#6916 = AXIS2_PLACEMENT_3D('',#6917,#6918,#6919);
#6917 = CARTESIAN_POINT('',(35.,22.,21.));
#6918 = DIRECTION('',(0.707106781187,0.,0.707106781187));
#6919 = DIRECTION('',(-0.707106781187,0.,0.707106781187));
#6920 = PCURVE('',#6447,#6921);
#6921 = DEFINITIONAL_REPRESENTATION('',(#6922),#6931);
#6922 = B_SPLINE_CURVE_WITH_KNOTS('',7,(#6923,#6924,#6925,#6926,#6927,
    #6928,#6929,#6930),.UNSPECIFIED.,.F.,.F.,(8,8),(0.,1.570796326795),
  .PIECEWISE_BEZIER_KNOTS.);
#6923 = CARTESIAN_POINT('',(3.14159265359,16.));
#6924 = CARTESIAN_POINT('',(3.365992128846,16.));
#6925 = CARTESIAN_POINT('',(3.590391604103,16.058748672608));
#6926 = CARTESIAN_POINT('',(3.814791079359,16.17623749538));
#6927 = CARTESIAN_POINT('',(4.039190554616,16.34525317422));
#6928 = CARTESIAN_POINT('',(4.263590029872,16.551201960682));
#6929 = CARTESIAN_POINT('',(4.487989505128,16.775600524744));
#6930 = CARTESIAN_POINT('',(4.712388980385,17.));
#6931 = ( GEOMETRIC_REPRESENTATION_CONTEXT(2) 
PARAMETRIC_REPRESENTATION_CONTEXT() REPRESENTATION_CONTEXT('2D SPACE',''
  ) );
#6932 = PCURVE('',#6798,#6933);
#6933 = DEFINITIONAL_REPRESENTATION('',(#6934),#6943);
#6934 = B_SPLINE_CURVE_WITH_KNOTS('',7,(#6935,#6936,#6937,#6938,#6939,
    #6940,#6941,#6942),.UNSPECIFIED.,.F.,.F.,(8,8),(0.,1.570796326795),
  .PIECEWISE_BEZIER_KNOTS.);
#6935 = CARTESIAN_POINT('',(3.14159265359,5.));
#6936 = CARTESIAN_POINT('',(3.365992128846,5.));
#6937 = CARTESIAN_POINT('',(3.590391604102,4.94125132739));
#6938 = CARTESIAN_POINT('',(3.81479107936,4.823762504625));
#6939 = CARTESIAN_POINT('',(4.039190554614,4.654746825774));
#6940 = CARTESIAN_POINT('',(4.263590029872,4.448798039319));
#6941 = CARTESIAN_POINT('',(4.487989505128,4.224399475256));
#6942 = CARTESIAN_POINT('',(4.712388980385,4.));
#6943 = ( GEOMETRIC_REPRESENTATION_CONTEXT(2) 
PARAMETRIC_REPRESENTATION_CONTEXT() REPRESENTATION_CONTEXT('2D SPACE',''
  ) );
#6944 = ADVANCED_FACE('',(#6945),#6837,.F.);
#6945 = FACE_BOUND('',#6946,.F.);
#6946 = EDGE_LOOP('',(#6947,#7242,#7265,#7302,#7303,#7304,#7336));
#6947 = ORIENTED_EDGE('',*,*,#6948,.T.);
#6948 = EDGE_CURVE('',#6949,#6949,#6951,.T.);
#6949 = VERTEX_POINT('',#6950);
#6950 = CARTESIAN_POINT('',(36.,22.,17.828427124746));
#6951 = SURFACE_CURVE('',#6952,(#7045,#7141),.PCURVE_S1.);
#6952 = B_SPLINE_CURVE_WITH_KNOTS('',6,(#6953,#6954,#6955,#6956,#6957,
    #6958,#6959,#6960,#6961,#6962,#6963,#6964,#6965,#6966,#6967,#6968,
    #6969,#6970,#6971,#6972,#6973,#6974,#6975,#6976,#6977,#6978,#6979,
    #6980,#6981,#6982,#6983,#6984,#6985,#6986,#6987,#6988,#6989,#6990,
    #6991,#6992,#6993,#6994,#6995,#6996,#6997,#6998,#6999,#7000,#7001,
    #7002,#7003,#7004,#7005,#7006,#7007,#7008,#7009,#7010,#7011,#7012,
    #7013,#7014,#7015,#7016,#7017,#7018,#7019,#7020,#7021,#7022,#7023,
    #7024,#7025,#7026,#7027,#7028,#7029,#7030,#7031,#7032,#7033,#7034,
    #7035,#7036,#7037,#7038,#7039,#7040,#7041,#7042,#7043,#7044),
  .UNSPECIFIED.,.T.,.F.,(7,5,5,5,5,5,5,5,5,5,5,5,5,5,5,5,5,5,7),(0.,
    0.134482756516,0.169426109687,0.215955910194,0.250034405753,
    0.300297380813,0.330211014801,0.365171397123,0.41315505068,
    0.500116859401,0.570314212059,0.608814789354,0.669538427801,
    0.716039683367,0.750097272568,0.800329412473,0.830224695148,
    0.865163630096,1.),.UNSPECIFIED.);
#6953 = CARTESIAN_POINT('',(36.,22.,17.828427124746));
#6954 = CARTESIAN_POINT('',(36.,22.130553871296,17.828427124746));
#6955 = CARTESIAN_POINT('',(35.979547138197,22.260904007985,
    17.835658415935));
#6956 = CARTESIAN_POINT('',(35.938758524655,22.38815049088,
    17.850078655853));
#6957 = CARTESIAN_POINT('',(35.877656901563,22.509282747431,
    17.870436406128));
#6958 = CARTESIAN_POINT('',(35.796400688376,22.620767828531,
    17.894207040466));
#6959 = CARTESIAN_POINT('',(35.669704687556,22.743518236661,
    17.924417421463));
#6960 = CARTESIAN_POINT('',(35.642265022017,22.767891614016,
    17.930663603319));
#6961 = CARTESIAN_POINT('',(35.613540055627,22.791233815931,
    17.936866632582));
#6962 = CARTESIAN_POINT('',(35.58355919109,22.813456137885,
    17.942964868183));
#6963 = CARTESIAN_POINT('',(35.552357671696,22.834468730462,
    17.948895045691));
#6964 = CARTESIAN_POINT('',(35.47685941966,22.880427818868,
    17.962181931221));
#6965 = CARTESIAN_POINT('',(35.431614478378,22.904390666406,
    17.969366150338));
#6966 = CARTESIAN_POINT('',(35.384424572601,22.925790852943,
    17.975978949838));
#6967 = CARTESIAN_POINT('',(35.335503098592,22.944386738252,
    17.981861075544));
#6968 = CARTESIAN_POINT('',(35.285089661148,22.95997122159,
    17.986872489234));
#6969 = CARTESIAN_POINT('',(35.195621003195,22.981450745968,
    17.993855678085));
#6970 = CARTESIAN_POINT('',(35.157156495634,22.988817870688,
    17.996280426154));
#6971 = CARTESIAN_POINT('',(35.11820305532,22.994395043131,
    17.998131607156));
#6972 = CARTESIAN_POINT('',(35.078918285418,22.99813115718,
    17.999377093351));
#6973 = CARTESIAN_POINT('',(35.039463325677,23.,18.));
#6974 = CARTESIAN_POINT('',(34.94179484388,23.,18.));
#6975 = CARTESIAN_POINT('',(34.883643410708,22.995934422558,
    17.998645175622));
#6976 = CARTESIAN_POINT('',(34.826039407275,22.987818146765,
    17.995938716958));
#6977 = CARTESIAN_POINT('',(34.769471183832,22.975769598469,
    17.991960303849));
#6978 = CARTESIAN_POINT('',(34.714403964846,22.960013024844,
    17.986853768483));
#6979 = CARTESIAN_POINT('',(34.629635083976,22.929494349838,
    17.977220686008));
#6980 = CARTESIAN_POINT('',(34.598672177453,22.91690591587,
    17.973294201047));
#6981 = CARTESIAN_POINT('',(34.5684299164,22.903170841454,
    17.969071622159));
#6982 = CARTESIAN_POINT('',(34.538960732465,22.888348496893,
    17.964592598521));
#6983 = CARTESIAN_POINT('',(34.510312605583,22.872502436275,
    17.959898962973));
#6984 = CARTESIAN_POINT('',(34.450057433819,22.836064083447,
    17.949347367215));
#6985 = CARTESIAN_POINT('',(34.418763590636,22.815120263,17.94342603484)
  );
#6986 = CARTESIAN_POINT('',(34.388689316941,22.792960661375,
    17.937333164904));
#6987 = CARTESIAN_POINT('',(34.359870481433,22.76967548127,
    17.931132217397));
#6988 = CARTESIAN_POINT('',(34.332337041764,22.745353881293,
    17.924885078699));
#6989 = CARTESIAN_POINT('',(34.270120994396,22.685401337999,
    17.91009369425));
#6990 = CARTESIAN_POINT('',(34.236590282432,22.648927109802,
    17.901559275652));
#6991 = CARTESIAN_POINT('',(34.20555829314,22.610862570606,
    17.893193169992));
#6992 = CARTESIAN_POINT('',(34.17705116255,22.571394420679,
    17.885129786125));
#6993 = CARTESIAN_POINT('',(34.151086773817,22.530696429635,
    17.877489347395));
#6994 = CARTESIAN_POINT('',(34.085252152109,22.41323803357,
    17.85748184855));
#6995 = CARTESIAN_POINT('',(34.051195923496,22.333997366988,
    17.846310006082));
#6996 = CARTESIAN_POINT('',(34.025613402666,22.252192111154,
    17.837482816366));
#6997 = CARTESIAN_POINT('',(34.008542185278,22.168707330634,
    17.831447245409));
#6998 = CARTESIAN_POINT('',(34.,22.08437129597,17.828427124746));
#6999 = CARTESIAN_POINT('',(34.,21.931893762279,17.828427124746));
#7000 = CARTESIAN_POINT('',(34.005565993431,21.863803164575,
    17.83039473156));
#7001 = CARTESIAN_POINT('',(34.016693958483,21.796158731673,
    17.834329820674));
#7002 = CARTESIAN_POINT('',(34.033375306114,21.729403095633,
    17.840134384891));
#7003 = CARTESIAN_POINT('',(34.055589559106,21.663997890707,
    17.847619301666));
#7004 = CARTESIAN_POINT('',(34.098493525402,21.56556643417,
    17.861387913759));
#7005 = CARTESIAN_POINT('',(34.115343811735,21.531251860535,
    17.866688624924));
#7006 = CARTESIAN_POINT('',(34.133843818222,21.497564187911,
    17.872368566445));
#7007 = CARTESIAN_POINT('',(34.153987701729,21.464585114794,
    17.878376466338));
#7008 = CARTESIAN_POINT('',(34.175767847888,21.432400777624,
    17.884654448111));
#7009 = CARTESIAN_POINT('',(34.236092749079,21.351736496447,
    17.901364026228));
#7010 = CARTESIAN_POINT('',(34.277082994557,21.304539556541,
    17.91210881493));
#7011 = CARTESIAN_POINT('',(34.322086819464,21.25991467234,
    17.923114429902));
#7012 = CARTESIAN_POINT('',(34.371010582171,21.218284501846,
    17.934081108843));
#7013 = CARTESIAN_POINT('',(34.423718119968,21.180094981628,
    17.944684640695));
#7014 = CARTESIAN_POINT('',(34.52314058034,21.119572181132,
    17.962181931221));
#7015 = CARTESIAN_POINT('',(34.568385521622,21.095609333594,
    17.969366150338));
#7016 = CARTESIAN_POINT('',(34.615575427399,21.074209147057,
    17.975978949838));
#7017 = CARTESIAN_POINT('',(34.664496901408,21.055613261748,
    17.981861075544));
#7018 = CARTESIAN_POINT('',(34.714910338852,21.04002877841,
    17.986872489234));
#7019 = CARTESIAN_POINT('',(34.804378996805,21.018549254032,
    17.993855678085));
#7020 = CARTESIAN_POINT('',(34.842843504366,21.011182129312,
    17.996280426154));
#7021 = CARTESIAN_POINT('',(34.88179694468,21.005604956869,
    17.998131607156));
#7022 = CARTESIAN_POINT('',(34.921081714582,21.00186884282,
    17.999377093351));
#7023 = CARTESIAN_POINT('',(34.960536674323,21.,18.));
#7024 = CARTESIAN_POINT('',(35.05820515612,21.,18.));
#7025 = CARTESIAN_POINT('',(35.116356589292,21.004065577442,
    17.998645175622));
#7026 = CARTESIAN_POINT('',(35.173960592725,21.012181853235,
    17.995938716958));
#7027 = CARTESIAN_POINT('',(35.230528816168,21.024230401531,
    17.991960303849));
#7028 = CARTESIAN_POINT('',(35.285596035154,21.039986975156,
    17.986853768483));
#7029 = CARTESIAN_POINT('',(35.370364916024,21.070505650162,
    17.977220686008));
#7030 = CARTESIAN_POINT('',(35.401327822547,21.08309408413,
    17.973294201047));
#7031 = CARTESIAN_POINT('',(35.4315700836,21.096829158546,
    17.969071622159));
#7032 = CARTESIAN_POINT('',(35.461039267535,21.111651503107,
    17.964592598521));
#7033 = CARTESIAN_POINT('',(35.489687394417,21.127497563725,
    17.959898962973));
#7034 = CARTESIAN_POINT('',(35.549942566181,21.163935916553,
    17.949347367215));
#7035 = CARTESIAN_POINT('',(35.581236409364,21.184879737,17.94342603484)
  );
#7036 = CARTESIAN_POINT('',(35.611310683059,21.207039338625,
    17.937333164904));
#7037 = CARTESIAN_POINT('',(35.640129518567,21.23032451873,
    17.931132217397));
#7038 = CARTESIAN_POINT('',(35.667662958236,21.254646118707,
    17.924885078699));
#7039 = CARTESIAN_POINT('',(35.795089026581,21.377436254088,
    17.894590515713));
#7040 = CARTESIAN_POINT('',(35.876868057318,21.489156099367,
    17.870699187789));
#7041 = CARTESIAN_POINT('',(35.938363527254,21.610619409989,
    17.850218290519));
#7042 = CARTESIAN_POINT('',(35.979414959732,21.738255676193,
    17.835705151759));
#7043 = CARTESIAN_POINT('',(36.,21.869024925085,17.828427124746));
#7044 = CARTESIAN_POINT('',(36.,22.,17.828427124746));
#7045 = PCURVE('',#6837,#7046);
#7046 = DEFINITIONAL_REPRESENTATION('',(#7047),#7140);
#7047 = B_SPLINE_CURVE_WITH_KNOTS('',6,(#7048,#7049,#7050,#7051,#7052,
    #7053,#7054,#7055,#7056,#7057,#7058,#7059,#7060,#7061,#7062,#7063,
    #7064,#7065,#7066,#7067,#7068,#7069,#7070,#7071,#7072,#7073,#7074,
    #7075,#7076,#7077,#7078,#7079,#7080,#7081,#7082,#7083,#7084,#7085,
    #7086,#7087,#7088,#7089,#7090,#7091,#7092,#7093,#7094,#7095,#7096,
    #7097,#7098,#7099,#7100,#7101,#7102,#7103,#7104,#7105,#7106,#7107,
    #7108,#7109,#7110,#7111,#7112,#7113,#7114,#7115,#7116,#7117,#7118,
    #7119,#7120,#7121,#7122,#7123,#7124,#7125,#7126,#7127,#7128,#7129,
    #7130,#7131,#7132,#7133,#7134,#7135,#7136,#7137,#7138,#7139),
  .UNSPECIFIED.,.F.,.F.,(7,5,5,5,5,5,5,5,5,5,5,5,5,5,5,5,5,5,7),(0.,
    0.134482756516,0.169426109687,0.215955910194,0.250034405753,
    0.300297380813,0.330211014801,0.365171397123,0.41315505068,
    0.500116859401,0.570314212059,0.608814789354,0.669538427801,
    0.716039683367,0.750097272568,0.800329412473,0.830224695148,
    0.865163630096,1.),.UNSPECIFIED.);
#7048 = CARTESIAN_POINT('',(0.,0.828427124746));
#7049 = CARTESIAN_POINT('',(0.130553871296,0.828427124746));
#7050 = CARTESIAN_POINT('',(0.260905407963,0.835658415935));
#7051 = CARTESIAN_POINT('',(0.392150433946,0.850078655853));
#7052 = CARTESIAN_POINT('',(0.525254826582,0.870436406128));
#7053 = CARTESIAN_POINT('',(0.661190123555,0.894207040466));
#7054 = CARTESIAN_POINT('',(0.837597434401,0.924417421463));
#7055 = CARTESIAN_POINT('',(0.874264487489,0.930663603319));
#7056 = CARTESIAN_POINT('',(0.911223843175,0.936866632582));
#7057 = CARTESIAN_POINT('',(0.948486032933,0.942964868183));
#7058 = CARTESIAN_POINT('',(0.986063829221,0.948895045691));
#7059 = CARTESIAN_POINT('',(1.074450614814,0.962181931221));
#7060 = CARTESIAN_POINT('',(1.125558007753,0.969366150338));
#7061 = CARTESIAN_POINT('',(1.177226036548,0.975978949838));
#7062 = CARTESIAN_POINT('',(1.229406374283,0.981861075544));
#7063 = CARTESIAN_POINT('',(1.282065097774,0.986872489234));
#7064 = CARTESIAN_POINT('',(1.37407602497,0.993855678085));
#7065 = CARTESIAN_POINT('',(1.413197570568,0.996280426154));
#7066 = CARTESIAN_POINT('',(1.452482656071,0.998131607156));
#7067 = CARTESIAN_POINT('',(1.491878034325,0.999377093351));
#7068 = CARTESIAN_POINT('',(1.531333001118,1.));
#7069 = CARTESIAN_POINT('',(1.629001482915,1.));
#7070 = CARTESIAN_POINT('',(1.68715301504,0.998645175622));
#7071 = CARTESIAN_POINT('',(1.745111724775,0.995938716958));
#7072 = CARTESIAN_POINT('',(1.802741562958,0.991960303849));
#7073 = CARTESIAN_POINT('',(1.859890520412,0.986853768483));
#7074 = CARTESIAN_POINT('',(1.949985762728,0.977220686008));
#7075 = CARTESIAN_POINT('',(1.983382351805,0.973294201047));
#7076 = CARTESIAN_POINT('',(2.016557654649,0.969071622159));
#7077 = CARTESIAN_POINT('',(2.049506219928,0.964592598521));
#7078 = CARTESIAN_POINT('',(2.082220314623,0.959898962973));
#7079 = CARTESIAN_POINT('',(2.152636500838,0.949347367215));
#7080 = CARTESIAN_POINT('',(2.190252495248,0.94342603484));
#7081 = CARTESIAN_POINT('',(2.227552355757,0.937333164904));
#7082 = CARTESIAN_POINT('',(2.264548583075,0.931132217397));
#7083 = CARTESIAN_POINT('',(2.301251403007,0.924885078699));
#7084 = CARTESIAN_POINT('',(2.387652467801,0.91009369425));
#7085 = CARTESIAN_POINT('',(2.437106413974,0.901559275652));
#7086 = CARTESIAN_POINT('',(2.486089225139,0.893193169992));
#7087 = CARTESIAN_POINT('',(2.53465382366,0.885129786125));
#7088 = CARTESIAN_POINT('',(2.582850363037,0.877489347395));
#7089 = CARTESIAN_POINT('',(2.717500547669,0.85748184855));
#7090 = CARTESIAN_POINT('',(2.803275151869,0.846310006082));
#7091 = CARTESIAN_POINT('',(2.888319592266,0.837482816366));
#7092 = CARTESIAN_POINT('',(2.9728852923,0.831447245409));
#7093 = CARTESIAN_POINT('',(3.05722135762,0.828427124746));
#7094 = CARTESIAN_POINT('',(3.20969889131,0.828427124746));
#7095 = CARTESIAN_POINT('',(3.277789499371,0.83039473156));
#7096 = CARTESIAN_POINT('',(3.346002472213,0.834329820674));
#7097 = CARTESIAN_POINT('',(3.414463065941,0.840134384891));
#7098 = CARTESIAN_POINT('',(3.483296335529,0.847619301666));
#7099 = CARTESIAN_POINT('',(3.590671853967,0.861387913759));
#7100 = CARTESIAN_POINT('',(3.628861303061,0.866688624924));
#7101 = CARTESIAN_POINT('',(3.667233635496,0.872368566445));
#7102 = CARTESIAN_POINT('',(3.705815346742,0.878376466338));
#7103 = CARTESIAN_POINT('',(3.744633811557,0.884654448111));
#7104 = CARTESIAN_POINT('',(3.845360272635,0.901364026228));
#7105 = CARTESIAN_POINT('',(3.907705556211,0.91210881493));
#7106 = CARTESIAN_POINT('',(3.970817137056,0.923114429902));
#7107 = CARTESIAN_POINT('',(4.034768486915,0.934081108843));
#7108 = CARTESIAN_POINT('',(4.099648100952,0.944684640695));
#7109 = CARTESIAN_POINT('',(4.216043268404,0.962181931221));
#7110 = CARTESIAN_POINT('',(4.267150661343,0.969366150338));
#7111 = CARTESIAN_POINT('',(4.318818690138,0.975978949838));
#7112 = CARTESIAN_POINT('',(4.370999027873,0.981861075544));
#7113 = CARTESIAN_POINT('',(4.423657751364,0.986872489234));
#7114 = CARTESIAN_POINT('',(4.51566867856,0.993855678085));
#7115 = CARTESIAN_POINT('',(4.554790224157,0.996280426154));
#7116 = CARTESIAN_POINT('',(4.594075309661,0.998131607156));
#7117 = CARTESIAN_POINT('',(4.633470687914,0.999377093351));
#7118 = CARTESIAN_POINT('',(4.672925654708,1.));
#7119 = CARTESIAN_POINT('',(4.770594136504,1.));
#7120 = CARTESIAN_POINT('',(4.828745668629,0.998645175622));
#7121 = CARTESIAN_POINT('',(4.886704378364,0.995938716958));
#7122 = CARTESIAN_POINT('',(4.944334216548,0.991960303849));
#7123 = CARTESIAN_POINT('',(5.001483174002,0.986853768483));
#7124 = CARTESIAN_POINT('',(5.091578416318,0.977220686008));
#7125 = CARTESIAN_POINT('',(5.124975005395,0.973294201047));
#7126 = CARTESIAN_POINT('',(5.158150308238,0.969071622159));
#7127 = CARTESIAN_POINT('',(5.191098873518,0.964592598521));
#7128 = CARTESIAN_POINT('',(5.223812968212,0.959898962973));
#7129 = CARTESIAN_POINT('',(5.294229154428,0.949347367215));
#7130 = CARTESIAN_POINT('',(5.331845148838,0.94342603484));
#7131 = CARTESIAN_POINT('',(5.369145009347,0.937333164904));
#7132 = CARTESIAN_POINT('',(5.406141236665,0.931132217397));
#7133 = CARTESIAN_POINT('',(5.442844056597,0.924885078699));
#7134 = CARTESIAN_POINT('',(5.619803996246,0.894590515713));
#7135 = CARTESIAN_POINT('',(5.756214467766,0.870699187789));
#7136 = CARTESIAN_POINT('',(5.889766018706,0.850218290519));
#7137 = CARTESIAN_POINT('',(6.021439548858,0.835705151759));
#7138 = CARTESIAN_POINT('',(6.152210232264,0.828427124746));
#7139 = CARTESIAN_POINT('',(6.28318530718,0.828427124746));
#7140 = ( GEOMETRIC_REPRESENTATION_CONTEXT(2) 
PARAMETRIC_REPRESENTATION_CONTEXT() REPRESENTATION_CONTEXT('2D SPACE',''
  ) );
#7141 = PCURVE('',#7142,#7147);
#7142 = CYLINDRICAL_SURFACE('',#7143,3.);
#7143 = AXIS2_PLACEMENT_3D('',#7144,#7145,#7146);
#7144 = CARTESIAN_POINT('',(35.,30.5,15.));
#7145 = DIRECTION('',(0.,-1.,0.));
#7146 = DIRECTION('',(1.,0.,0.));
#7147 = DEFINITIONAL_REPRESENTATION('',(#7148),#7241);
#7148 = B_SPLINE_CURVE_WITH_KNOTS('',6,(#7149,#7150,#7151,#7152,#7153,
    #7154,#7155,#7156,#7157,#7158,#7159,#7160,#7161,#7162,#7163,#7164,
    #7165,#7166,#7167,#7168,#7169,#7170,#7171,#7172,#7173,#7174,#7175,
    #7176,#7177,#7178,#7179,#7180,#7181,#7182,#7183,#7184,#7185,#7186,
    #7187,#7188,#7189,#7190,#7191,#7192,#7193,#7194,#7195,#7196,#7197,
    #7198,#7199,#7200,#7201,#7202,#7203,#7204,#7205,#7206,#7207,#7208,
    #7209,#7210,#7211,#7212,#7213,#7214,#7215,#7216,#7217,#7218,#7219,
    #7220,#7221,#7222,#7223,#7224,#7225,#7226,#7227,#7228,#7229,#7230,
    #7231,#7232,#7233,#7234,#7235,#7236,#7237,#7238,#7239,#7240),
  .UNSPECIFIED.,.T.,.F.,(7,5,5,5,5,5,5,5,5,5,5,5,5,5,5,5,5,5,7),(0.,
    0.134482756516,0.169426109687,0.215955910194,0.250034405753,
    0.300297380813,0.330211014801,0.365171397123,0.41315505068,
    0.500116859401,0.570314212059,0.608814789354,0.669538427801,
    0.716039683367,0.750097272568,0.800329412473,0.830224695148,
    0.865163630096,1.),.UNSPECIFIED.);
#7149 = CARTESIAN_POINT('',(1.230959417341,8.5));
#7150 = CARTESIAN_POINT('',(1.230959417341,8.369446128704));
#7151 = CARTESIAN_POINT('',(1.238190329407,8.239095992015));
#7152 = CARTESIAN_POINT('',(1.252612518783,8.11184950912));
#7153 = CARTESIAN_POINT('',(1.27407364814,7.990717252569));
#7154 = CARTESIAN_POINT('',(1.302257884607,7.879232171469));
#7155 = CARTESIAN_POINT('',(1.345673887473,7.756481763339));
#7156 = CARTESIAN_POINT('',(1.355053931102,7.732108385984));
#7157 = CARTESIAN_POINT('',(1.36484867508,7.708766184069));
#7158 = CARTESIAN_POINT('',(1.375045739288,7.686543862115));
#7159 = CARTESIAN_POINT('',(1.385631445445,7.665531269538));
#7160 = CARTESIAN_POINT('',(1.411184282616,7.619572181132));
#7161 = CARTESIAN_POINT('',(1.42645275281,7.595609333594));
#7162 = CARTESIAN_POINT('',(1.442332232508,7.574209147057));
#7163 = CARTESIAN_POINT('',(1.458751847245,7.555613261748));
#7164 = CARTESIAN_POINT('',(1.475635336795,7.54002877841));
#7165 = CARTESIAN_POINT('',(1.505548926577,7.518549254032));
#7166 = CARTESIAN_POINT('',(1.518394447941,7.511182129312));
#7167 = CARTESIAN_POINT('',(1.531391207398,7.505604956869));
#7168 = CARTESIAN_POINT('',(1.544490234073,7.50186884282));
#7169 = CARTESIAN_POINT('',(1.557641884903,7.5));
#7170 = CARTESIAN_POINT('',(1.590198045501,7.5));
#7171 = CARTESIAN_POINT('',(1.609581823851,7.504065577442));
#7172 = CARTESIAN_POINT('',(1.628796388154,7.512181853235));
#7173 = CARTESIAN_POINT('',(1.647691727366,7.524230401531));
#7174 = CARTESIAN_POINT('',(1.6661223064,7.539986975156));
#7175 = CARTESIAN_POINT('',(1.694560464337,7.570505650162));
#7176 = CARTESIAN_POINT('',(1.704963211581,7.58309408413));
#7177 = CARTESIAN_POINT('',(1.715140579546,7.596829158546));
#7178 = CARTESIAN_POINT('',(1.725075426776,7.611651503107));
#7179 = CARTESIAN_POINT('',(1.734751539086,7.627497563725));
#7180 = CARTESIAN_POINT('',(1.755142228403,7.663935916553));
#7181 = CARTESIAN_POINT('',(1.765757613318,7.684879737));
#7182 = CARTESIAN_POINT('',(1.775984825157,7.707039338625));
#7183 = CARTESIAN_POINT('',(1.785810000727,7.73032451873));
#7184 = CARTESIAN_POINT('',(1.795220590773,7.754646118707));
#7185 = CARTESIAN_POINT('',(1.816537307228,7.814598662001));
#7186 = CARTESIAN_POINT('',(1.828069123994,7.851072890198));
#7187 = CARTESIAN_POINT('',(1.838781018729,7.889137429394));
#7188 = CARTESIAN_POINT('',(1.848655332795,7.928605579321));
#7189 = CARTESIAN_POINT('',(1.85767671741,7.969303570365));
#7190 = CARTESIAN_POINT('',(1.880612612194,8.08676196643));
#7191 = CARTESIAN_POINT('',(1.892557000047,8.166002633012));
#7192 = CARTESIAN_POINT('',(1.901577495431,8.247807888846));
#7193 = CARTESIAN_POINT('',(1.907613127515,8.331292669366));
#7194 = CARTESIAN_POINT('',(1.910633236249,8.41562870403));
#7195 = CARTESIAN_POINT('',(1.910633236249,8.568106237721));
#7196 = CARTESIAN_POINT('',(1.908665446933,8.636196835425));
#7197 = CARTESIAN_POINT('',(1.904730870159,8.703841268327));
#7198 = CARTESIAN_POINT('',(1.898843652688,8.770596904367));
#7199 = CARTESIAN_POINT('',(1.891030629985,8.836002109293));
#7200 = CARTESIAN_POINT('',(1.876010920701,8.93443356583));
#7201 = CARTESIAN_POINT('',(1.870122856659,8.968748139465));
#7202 = CARTESIAN_POINT('',(1.863672370865,9.002435812089));
#7203 = CARTESIAN_POINT('',(1.856665902823,9.035414885206));
#7204 = CARTESIAN_POINT('',(1.849110638576,9.067599222376));
#7205 = CARTESIAN_POINT('',(1.828245186789,9.148263503553));
#7206 = CARTESIAN_POINT('',(1.81412147904,9.195460443459));
#7207 = CARTESIAN_POINT('',(1.798681586685,9.24008532766));
#7208 = CARTESIAN_POINT('',(1.781974360803,9.281715498154));
#7209 = CARTESIAN_POINT('',(1.764058500249,9.319905018372));
#7210 = CARTESIAN_POINT('',(1.730408370974,9.380427818868));
#7211 = CARTESIAN_POINT('',(1.71513990078,9.404390666406));
#7212 = CARTESIAN_POINT('',(1.699260421082,9.425790852943));
#7213 = CARTESIAN_POINT('',(1.682840806345,9.444386738252));
#7214 = CARTESIAN_POINT('',(1.665957316794,9.45997122159));
#7215 = CARTESIAN_POINT('',(1.636043727013,9.481450745968));
#7216 = CARTESIAN_POINT('',(1.623198205649,9.488817870688));
#7217 = CARTESIAN_POINT('',(1.610201446192,9.494395043131));
#7218 = CARTESIAN_POINT('',(1.597102419516,9.49813115718));
#7219 = CARTESIAN_POINT('',(1.583950768687,9.5));
#7220 = CARTESIAN_POINT('',(1.551394608088,9.5));
#7221 = CARTESIAN_POINT('',(1.532010829738,9.495934422558));
#7222 = CARTESIAN_POINT('',(1.512796265436,9.487818146765));
#7223 = CARTESIAN_POINT('',(1.493900926224,9.475769598469));
#7224 = CARTESIAN_POINT('',(1.47547034719,9.460013024844));
#7225 = CARTESIAN_POINT('',(1.447032189253,9.429494349838));
#7226 = CARTESIAN_POINT('',(1.436629442008,9.41690591587));
#7227 = CARTESIAN_POINT('',(1.426452074044,9.403170841454));
#7228 = CARTESIAN_POINT('',(1.416517226814,9.388348496893));
#7229 = CARTESIAN_POINT('',(1.406841114503,9.372502436275));
#7230 = CARTESIAN_POINT('',(1.386450425187,9.336064083447));
#7231 = CARTESIAN_POINT('',(1.375835040272,9.315120263));
#7232 = CARTESIAN_POINT('',(1.365607828432,9.292960661375));
#7233 = CARTESIAN_POINT('',(1.355782652863,9.26967548127));
#7234 = CARTESIAN_POINT('',(1.346372062817,9.245353881293));
#7235 = CARTESIAN_POINT('',(1.30271282243,9.122563745912));
#7236 = CARTESIAN_POINT('',(1.274350700837,9.010843900633));
#7237 = CARTESIAN_POINT('',(1.252752194882,8.889380590011));
#7238 = CARTESIAN_POINT('',(1.238237055327,8.761744323807));
#7239 = CARTESIAN_POINT('',(1.230959417341,8.630975074915));
#7240 = CARTESIAN_POINT('',(1.230959417341,8.5));
#7241 = ( GEOMETRIC_REPRESENTATION_CONTEXT(2) 
PARAMETRIC_REPRESENTATION_CONTEXT() REPRESENTATION_CONTEXT('2D SPACE',''
  ) );
#7242 = ORIENTED_EDGE('',*,*,#7243,.T.);
#7243 = EDGE_CURVE('',#6949,#7244,#7246,.T.);
#7244 = VERTEX_POINT('',#7245);
#7245 = CARTESIAN_POINT('',(36.,22.,20.));
#7246 = SEAM_CURVE('',#7247,(#7251,#7258),.PCURVE_S1.);
#7247 = LINE('',#7248,#7249);
#7248 = CARTESIAN_POINT('',(36.,22.,17.));
#7249 = VECTOR('',#7250,1.);
#7250 = DIRECTION('',(0.,0.,1.));
#7251 = PCURVE('',#6837,#7252);
#7252 = DEFINITIONAL_REPRESENTATION('',(#7253),#7257);
#7253 = LINE('',#7254,#7255);
#7254 = CARTESIAN_POINT('',(0.,-0.));
#7255 = VECTOR('',#7256,1.);
#7256 = DIRECTION('',(0.,1.));
#7257 = ( GEOMETRIC_REPRESENTATION_CONTEXT(2) 
PARAMETRIC_REPRESENTATION_CONTEXT() REPRESENTATION_CONTEXT('2D SPACE',''
  ) );
#7258 = PCURVE('',#6837,#7259);
#7259 = DEFINITIONAL_REPRESENTATION('',(#7260),#7264);
#7260 = LINE('',#7261,#7262);
#7261 = CARTESIAN_POINT('',(6.28318530718,-0.));
#7262 = VECTOR('',#7263,1.);
#7263 = DIRECTION('',(0.,1.));
#7264 = ( GEOMETRIC_REPRESENTATION_CONTEXT(2) 
PARAMETRIC_REPRESENTATION_CONTEXT() REPRESENTATION_CONTEXT('2D SPACE',''
  ) );
#7265 = ORIENTED_EDGE('',*,*,#7266,.F.);
#7266 = EDGE_CURVE('',#6880,#7244,#7267,.T.);
#7267 = SURFACE_CURVE('',#7268,(#7273,#7285),.PCURVE_S1.);
#7268 = ELLIPSE('',#7269,1.414213562373,1.);
#7269 = AXIS2_PLACEMENT_3D('',#7270,#7271,#7272);
#7270 = CARTESIAN_POINT('',(35.,22.,21.));
#7271 = DIRECTION('',(0.707106781187,0.,0.707106781187));
#7272 = DIRECTION('',(-0.707106781187,0.,0.707106781187));
#7273 = PCURVE('',#6837,#7274);
#7274 = DEFINITIONAL_REPRESENTATION('',(#7275),#7284);
#7275 = B_SPLINE_CURVE_WITH_KNOTS('',7,(#7276,#7277,#7278,#7279,#7280,
    #7281,#7282,#7283),.UNSPECIFIED.,.F.,.F.,(8,8),(1.570796326795,
    3.14159265359),.PIECEWISE_BEZIER_KNOTS.);
#7276 = CARTESIAN_POINT('',(4.712388980385,4.));
#7277 = CARTESIAN_POINT('',(4.936788455641,3.775600524744));
#7278 = CARTESIAN_POINT('',(5.161187930898,3.551201960681));
#7279 = CARTESIAN_POINT('',(5.385587406154,3.345253174226));
#7280 = CARTESIAN_POINT('',(5.60998688141,3.176237495376));
#7281 = CARTESIAN_POINT('',(5.834386356667,3.05874867261));
#7282 = CARTESIAN_POINT('',(6.058785831923,3.));
#7283 = CARTESIAN_POINT('',(6.28318530718,3.));
#7284 = ( GEOMETRIC_REPRESENTATION_CONTEXT(2) 
PARAMETRIC_REPRESENTATION_CONTEXT() REPRESENTATION_CONTEXT('2D SPACE',''
  ) );
#7285 = PCURVE('',#7286,#7291);
#7286 = CYLINDRICAL_SURFACE('',#7287,1.);
#7287 = AXIS2_PLACEMENT_3D('',#7288,#7289,#7290);
#7288 = CARTESIAN_POINT('',(18.,22.,21.));
#7289 = DIRECTION('',(1.,0.,0.));
#7290 = DIRECTION('',(0.,0.,-1.));
#7291 = DEFINITIONAL_REPRESENTATION('',(#7292),#7301);
#7292 = B_SPLINE_CURVE_WITH_KNOTS('',7,(#7293,#7294,#7295,#7296,#7297,
    #7298,#7299,#7300),.UNSPECIFIED.,.F.,.F.,(8,8),(1.570796326795,
    3.14159265359),.PIECEWISE_BEZIER_KNOTS.);
#7293 = CARTESIAN_POINT('',(4.712388980385,17.));
#7294 = CARTESIAN_POINT('',(4.936788455641,17.224399475256));
#7295 = CARTESIAN_POINT('',(5.161187930897,17.448798039321));
#7296 = CARTESIAN_POINT('',(5.385587406154,17.654746825767));
#7297 = CARTESIAN_POINT('',(5.60998688141,17.823762504629));
#7298 = CARTESIAN_POINT('',(5.834386356667,17.941251327387));
#7299 = CARTESIAN_POINT('',(6.058785831923,18.));
#7300 = CARTESIAN_POINT('',(6.28318530718,18.));
#7301 = ( GEOMETRIC_REPRESENTATION_CONTEXT(2) 
PARAMETRIC_REPRESENTATION_CONTEXT() REPRESENTATION_CONTEXT('2D SPACE',''
  ) );
#7302 = ORIENTED_EDGE('',*,*,#6879,.F.);
#7303 = ORIENTED_EDGE('',*,*,#6815,.F.);
#7304 = ORIENTED_EDGE('',*,*,#7305,.F.);
#7305 = EDGE_CURVE('',#7244,#6775,#7306,.T.);
#7306 = SURFACE_CURVE('',#7307,(#7312,#7324),.PCURVE_S1.);
#7307 = ELLIPSE('',#7308,1.414213562373,1.);
#7308 = AXIS2_PLACEMENT_3D('',#7309,#7310,#7311);
#7309 = CARTESIAN_POINT('',(35.,22.,21.));
#7310 = DIRECTION('',(0.707106781187,0.,0.707106781187));
#7311 = DIRECTION('',(-0.707106781187,0.,0.707106781187));
#7312 = PCURVE('',#6837,#7313);
#7313 = DEFINITIONAL_REPRESENTATION('',(#7314),#7323);
#7314 = B_SPLINE_CURVE_WITH_KNOTS('',7,(#7315,#7316,#7317,#7318,#7319,
    #7320,#7321,#7322),.UNSPECIFIED.,.F.,.F.,(8,8),(3.14159265359,
    4.712388980385),.PIECEWISE_BEZIER_KNOTS.);
#7315 = CARTESIAN_POINT('',(0.,3.));
#7316 = CARTESIAN_POINT('',(0.224399475256,3.));
#7317 = CARTESIAN_POINT('',(0.448798950513,3.05874867261));
#7318 = CARTESIAN_POINT('',(0.673198425769,3.176237495374));
#7319 = CARTESIAN_POINT('',(0.897597901026,3.345253174228));
#7320 = CARTESIAN_POINT('',(1.121997376282,3.55120196068));
#7321 = CARTESIAN_POINT('',(1.346396851538,3.775600524744));
#7322 = CARTESIAN_POINT('',(1.570796326795,4.));
#7323 = ( GEOMETRIC_REPRESENTATION_CONTEXT(2) 
PARAMETRIC_REPRESENTATION_CONTEXT() REPRESENTATION_CONTEXT('2D SPACE',''
  ) );
#7324 = PCURVE('',#7286,#7325);
#7325 = DEFINITIONAL_REPRESENTATION('',(#7326),#7335);
#7326 = B_SPLINE_CURVE_WITH_KNOTS('',7,(#7327,#7328,#7329,#7330,#7331,
    #7332,#7333,#7334),.UNSPECIFIED.,.F.,.F.,(8,8),(3.14159265359,
    4.712388980385),.PIECEWISE_BEZIER_KNOTS.);
#7327 = CARTESIAN_POINT('',(0.,18.));
#7328 = CARTESIAN_POINT('',(0.224399475256,18.));
#7329 = CARTESIAN_POINT('',(0.448798950513,17.94125132739));
#7330 = CARTESIAN_POINT('',(0.67319842577,17.823762504622));
#7331 = CARTESIAN_POINT('',(0.897597901025,17.654746825778));
#7332 = CARTESIAN_POINT('',(1.121997376282,17.448798039318));
#7333 = CARTESIAN_POINT('',(1.346396851538,17.224399475256));
#7334 = CARTESIAN_POINT('',(1.570796326795,17.));
#7335 = ( GEOMETRIC_REPRESENTATION_CONTEXT(2) 
PARAMETRIC_REPRESENTATION_CONTEXT() REPRESENTATION_CONTEXT('2D SPACE',''
  ) );
#7336 = ORIENTED_EDGE('',*,*,#7243,.F.);
#7337 = ADVANCED_FACE('',(#7338),#7286,.F.);
#7338 = FACE_BOUND('',#7339,.F.);
#7339 = EDGE_LOOP('',(#7340,#7363,#7390,#7391,#7392,#7426,#7458));
#7340 = ORIENTED_EDGE('',*,*,#7341,.T.);
#7341 = EDGE_CURVE('',#7244,#7342,#7344,.T.);
#7342 = VERTEX_POINT('',#7343);
#7343 = CARTESIAN_POINT('',(37.,22.,20.));
#7344 = SEAM_CURVE('',#7345,(#7349,#7356),.PCURVE_S1.);
#7345 = LINE('',#7346,#7347);
#7346 = CARTESIAN_POINT('',(18.,22.,20.));
#7347 = VECTOR('',#7348,1.);
#7348 = DIRECTION('',(1.,0.,0.));
#7349 = PCURVE('',#7286,#7350);
#7350 = DEFINITIONAL_REPRESENTATION('',(#7351),#7355);
#7351 = LINE('',#7352,#7353);
#7352 = CARTESIAN_POINT('',(6.28318530718,-0.));
#7353 = VECTOR('',#7354,1.);
#7354 = DIRECTION('',(0.,1.));
#7355 = ( GEOMETRIC_REPRESENTATION_CONTEXT(2) 
PARAMETRIC_REPRESENTATION_CONTEXT() REPRESENTATION_CONTEXT('2D SPACE',''
  ) );
#7356 = PCURVE('',#7286,#7357);
#7357 = DEFINITIONAL_REPRESENTATION('',(#7358),#7362);
#7358 = LINE('',#7359,#7360);
#7359 = CARTESIAN_POINT('',(0.,-0.));
#7360 = VECTOR('',#7361,1.);
#7361 = DIRECTION('',(0.,1.));
#7362 = ( GEOMETRIC_REPRESENTATION_CONTEXT(2) 
PARAMETRIC_REPRESENTATION_CONTEXT() REPRESENTATION_CONTEXT('2D SPACE',''
  ) );
#7363 = ORIENTED_EDGE('',*,*,#7364,.F.);
#7364 = EDGE_CURVE('',#7342,#7342,#7365,.T.);
#7365 = SURFACE_CURVE('',#7366,(#7371,#7378),.PCURVE_S1.);
#7366 = CIRCLE('',#7367,1.);
#7367 = AXIS2_PLACEMENT_3D('',#7368,#7369,#7370);
#7368 = CARTESIAN_POINT('',(37.,22.,21.));
#7369 = DIRECTION('',(1.,-0.,0.));
#7370 = DIRECTION('',(0.,0.,-1.));
#7371 = PCURVE('',#7286,#7372);
#7372 = DEFINITIONAL_REPRESENTATION('',(#7373),#7377);
#7373 = LINE('',#7374,#7375);
#7374 = CARTESIAN_POINT('',(0.,19.));
#7375 = VECTOR('',#7376,1.);
#7376 = DIRECTION('',(1.,0.));
#7377 = ( GEOMETRIC_REPRESENTATION_CONTEXT(2) 
PARAMETRIC_REPRESENTATION_CONTEXT() REPRESENTATION_CONTEXT('2D SPACE',''
  ) );
#7378 = PCURVE('',#7379,#7384);
#7379 = PLANE('',#7380);
#7380 = AXIS2_PLACEMENT_3D('',#7381,#7382,#7383);
#7381 = CARTESIAN_POINT('',(37.,22.,21.));
#7382 = DIRECTION('',(1.,0.,0.));
#7383 = DIRECTION('',(0.,0.,-1.));
#7384 = DEFINITIONAL_REPRESENTATION('',(#7385),#7389);
#7385 = CIRCLE('',#7386,1.);
#7386 = AXIS2_PLACEMENT_2D('',#7387,#7388);
#7387 = CARTESIAN_POINT('',(0.,0.));
#7388 = DIRECTION('',(1.,0.));
#7389 = ( GEOMETRIC_REPRESENTATION_CONTEXT(2) 
PARAMETRIC_REPRESENTATION_CONTEXT() REPRESENTATION_CONTEXT('2D SPACE',''
  ) );
#7390 = ORIENTED_EDGE('',*,*,#7341,.F.);
#7391 = ORIENTED_EDGE('',*,*,#7305,.T.);
#7392 = ORIENTED_EDGE('',*,*,#7393,.F.);
#7393 = EDGE_CURVE('',#7394,#6775,#7396,.T.);
#7394 = VERTEX_POINT('',#7395);
#7395 = CARTESIAN_POINT('',(36.,22.,22.));
#7396 = SURFACE_CURVE('',#7397,(#7402,#7414),.PCURVE_S1.);
#7397 = ELLIPSE('',#7398,1.414213562373,1.);
#7398 = AXIS2_PLACEMENT_3D('',#7399,#7400,#7401);
#7399 = CARTESIAN_POINT('',(35.,22.,21.));
#7400 = DIRECTION('',(-0.707106781187,0.,0.707106781187));
#7401 = DIRECTION('',(0.707106781187,0.,0.707106781187));
#7402 = PCURVE('',#7286,#7403);
#7403 = DEFINITIONAL_REPRESENTATION('',(#7404),#7413);
#7404 = B_SPLINE_CURVE_WITH_KNOTS('',7,(#7405,#7406,#7407,#7408,#7409,
    #7410,#7411,#7412),.UNSPECIFIED.,.F.,.F.,(8,8),(0.,1.570796326795),
  .PIECEWISE_BEZIER_KNOTS.);
#7405 = CARTESIAN_POINT('',(3.14159265359,18.));
#7406 = CARTESIAN_POINT('',(2.917193178333,18.));
#7407 = CARTESIAN_POINT('',(2.692793703077,17.94125132739));
#7408 = CARTESIAN_POINT('',(2.46839422782,17.823762504622));
#7409 = CARTESIAN_POINT('',(2.243994752565,17.654746825778));
#7410 = CARTESIAN_POINT('',(2.019595277308,17.448798039318));
#7411 = CARTESIAN_POINT('',(1.795195802051,17.224399475256));
#7412 = CARTESIAN_POINT('',(1.570796326795,17.));
#7413 = ( GEOMETRIC_REPRESENTATION_CONTEXT(2) 
PARAMETRIC_REPRESENTATION_CONTEXT() REPRESENTATION_CONTEXT('2D SPACE',''
  ) );
#7414 = PCURVE('',#6798,#7415);
#7415 = DEFINITIONAL_REPRESENTATION('',(#7416),#7425);
#7416 = B_SPLINE_CURVE_WITH_KNOTS('',7,(#7417,#7418,#7419,#7420,#7421,
    #7422,#7423,#7424),.UNSPECIFIED.,.F.,.F.,(8,8),(0.,1.570796326795),
  .PIECEWISE_BEZIER_KNOTS.);
#7417 = CARTESIAN_POINT('',(0.,5.));
#7418 = CARTESIAN_POINT('',(0.224399475256,5.));
#7419 = CARTESIAN_POINT('',(0.448798950513,4.94125132739));
#7420 = CARTESIAN_POINT('',(0.673198425769,4.823762504625));
#7421 = CARTESIAN_POINT('',(0.897597901026,4.654746825774));
#7422 = CARTESIAN_POINT('',(1.121997376282,4.448798039319));
#7423 = CARTESIAN_POINT('',(1.346396851538,4.224399475256));
#7424 = CARTESIAN_POINT('',(1.570796326795,4.));
#7425 = ( GEOMETRIC_REPRESENTATION_CONTEXT(2) 
PARAMETRIC_REPRESENTATION_CONTEXT() REPRESENTATION_CONTEXT('2D SPACE',''
  ) );
#7426 = ORIENTED_EDGE('',*,*,#7427,.F.);
#7427 = EDGE_CURVE('',#6880,#7394,#7428,.T.);
#7428 = SURFACE_CURVE('',#7429,(#7434,#7446),.PCURVE_S1.);
#7429 = ELLIPSE('',#7430,1.414213562373,1.);
#7430 = AXIS2_PLACEMENT_3D('',#7431,#7432,#7433);
#7431 = CARTESIAN_POINT('',(35.,22.,21.));
#7432 = DIRECTION('',(-0.707106781187,0.,0.707106781187));
#7433 = DIRECTION('',(0.707106781187,0.,0.707106781187));
#7434 = PCURVE('',#7286,#7435);
#7435 = DEFINITIONAL_REPRESENTATION('',(#7436),#7445);
#7436 = B_SPLINE_CURVE_WITH_KNOTS('',7,(#7437,#7438,#7439,#7440,#7441,
    #7442,#7443,#7444),.UNSPECIFIED.,.F.,.F.,(8,8),(4.712388980385,
    6.28318530718),.PIECEWISE_BEZIER_KNOTS.);
#7437 = CARTESIAN_POINT('',(4.712388980385,17.));
#7438 = CARTESIAN_POINT('',(4.487989505128,17.224399475256));
#7439 = CARTESIAN_POINT('',(4.263590029871,17.448798039321));
#7440 = CARTESIAN_POINT('',(4.039190554616,17.654746825767));
#7441 = CARTESIAN_POINT('',(3.814791079359,17.823762504629));
#7442 = CARTESIAN_POINT('',(3.590391604103,17.941251327387));
#7443 = CARTESIAN_POINT('',(3.365992128846,18.));
#7444 = CARTESIAN_POINT('',(3.14159265359,18.));
#7445 = ( GEOMETRIC_REPRESENTATION_CONTEXT(2) 
PARAMETRIC_REPRESENTATION_CONTEXT() REPRESENTATION_CONTEXT('2D SPACE',''
  ) );
#7446 = PCURVE('',#6798,#7447);
#7447 = DEFINITIONAL_REPRESENTATION('',(#7448),#7457);
#7448 = B_SPLINE_CURVE_WITH_KNOTS('',7,(#7449,#7450,#7451,#7452,#7453,
    #7454,#7455,#7456),.UNSPECIFIED.,.F.,.F.,(8,8),(4.712388980385,
    6.28318530718),.PIECEWISE_BEZIER_KNOTS.);
#7449 = CARTESIAN_POINT('',(4.712388980385,4.));
#7450 = CARTESIAN_POINT('',(4.936788455641,4.224399475256));
#7451 = CARTESIAN_POINT('',(5.161187930898,4.448798039318));
#7452 = CARTESIAN_POINT('',(5.385587406154,4.654746825775));
#7453 = CARTESIAN_POINT('',(5.60998688141,4.823762504625));
#7454 = CARTESIAN_POINT('',(5.834386356667,4.94125132739));
#7455 = CARTESIAN_POINT('',(6.058785831923,5.));
#7456 = CARTESIAN_POINT('',(6.28318530718,5.));
#7457 = ( GEOMETRIC_REPRESENTATION_CONTEXT(2) 
PARAMETRIC_REPRESENTATION_CONTEXT() REPRESENTATION_CONTEXT('2D SPACE',''
  ) );
#7458 = ORIENTED_EDGE('',*,*,#7266,.T.);
#7459 = ADVANCED_FACE('',(#7460),#7379,.F.);
#7460 = FACE_BOUND('',#7461,.F.);
#7461 = EDGE_LOOP('',(#7462));
#7462 = ORIENTED_EDGE('',*,*,#7364,.T.);
#7463 = ADVANCED_FACE('',(#7464,#7545),#7142,.F.);
#7464 = FACE_BOUND('',#7465,.F.);
#7465 = EDGE_LOOP('',(#7466,#7494,#7517,#7544));
#7466 = ORIENTED_EDGE('',*,*,#7467,.T.);
#7467 = EDGE_CURVE('',#7468,#7468,#7470,.T.);
#7468 = VERTEX_POINT('',#7469);
#7469 = CARTESIAN_POINT('',(38.,30.,15.));
#7470 = SURFACE_CURVE('',#7471,(#7476,#7483),.PCURVE_S1.);
#7471 = CIRCLE('',#7472,3.);
#7472 = AXIS2_PLACEMENT_3D('',#7473,#7474,#7475);
#7473 = CARTESIAN_POINT('',(35.,30.,15.));
#7474 = DIRECTION('',(0.,-1.,0.));
#7475 = DIRECTION('',(1.,0.,0.));
#7476 = PCURVE('',#7142,#7477);
#7477 = DEFINITIONAL_REPRESENTATION('',(#7478),#7482);
#7478 = LINE('',#7479,#7480);
#7479 = CARTESIAN_POINT('',(0.,0.5));
#7480 = VECTOR('',#7481,1.);
#7481 = DIRECTION('',(1.,0.));
#7482 = ( GEOMETRIC_REPRESENTATION_CONTEXT(2) 
PARAMETRIC_REPRESENTATION_CONTEXT() REPRESENTATION_CONTEXT('2D SPACE',''
  ) );
#7483 = PCURVE('',#100,#7484);
#7484 = DEFINITIONAL_REPRESENTATION('',(#7485),#7493);
#7485 = ( BOUNDED_CURVE() B_SPLINE_CURVE(2,(#7486,#7487,#7488,#7489,
#7490,#7491,#7492),.UNSPECIFIED.,.T.,.F.) B_SPLINE_CURVE_WITH_KNOTS((1,2
    ,2,2,2,1),(-2.094395102393,0.,2.094395102393,4.188790204786,
6.28318530718,8.377580409573),.UNSPECIFIED.) CURVE() 
GEOMETRIC_REPRESENTATION_ITEM() RATIONAL_B_SPLINE_CURVE((1.,0.5,1.,0.5,
1.,0.5,1.)) REPRESENTATION_ITEM('') );
#7486 = CARTESIAN_POINT('',(12.5,38.));
#7487 = CARTESIAN_POINT('',(17.696152422707,38.));
#7488 = CARTESIAN_POINT('',(15.098076211353,33.5));
#7489 = CARTESIAN_POINT('',(12.5,29.));
#7490 = CARTESIAN_POINT('',(9.901923788647,33.5));
#7491 = CARTESIAN_POINT('',(7.303847577293,38.));
#7492 = CARTESIAN_POINT('',(12.5,38.));
#7493 = ( GEOMETRIC_REPRESENTATION_CONTEXT(2) 
PARAMETRIC_REPRESENTATION_CONTEXT() REPRESENTATION_CONTEXT('2D SPACE',''
  ) );
#7494 = ORIENTED_EDGE('',*,*,#7495,.T.);
#7495 = EDGE_CURVE('',#7468,#7496,#7498,.T.);
#7496 = VERTEX_POINT('',#7497);
#7497 = CARTESIAN_POINT('',(38.,15.,15.));
#7498 = SEAM_CURVE('',#7499,(#7503,#7510),.PCURVE_S1.);
#7499 = LINE('',#7500,#7501);
#7500 = CARTESIAN_POINT('',(38.,30.5,15.));
#7501 = VECTOR('',#7502,1.);
#7502 = DIRECTION('',(0.,-1.,0.));
#7503 = PCURVE('',#7142,#7504);
#7504 = DEFINITIONAL_REPRESENTATION('',(#7505),#7509);
#7505 = LINE('',#7506,#7507);
#7506 = CARTESIAN_POINT('',(0.,-0.));
#7507 = VECTOR('',#7508,1.);
#7508 = DIRECTION('',(0.,1.));
#7509 = ( GEOMETRIC_REPRESENTATION_CONTEXT(2) 
PARAMETRIC_REPRESENTATION_CONTEXT() REPRESENTATION_CONTEXT('2D SPACE',''
  ) );
#7510 = PCURVE('',#7142,#7511);
#7511 = DEFINITIONAL_REPRESENTATION('',(#7512),#7516);
#7512 = LINE('',#7513,#7514);
#7513 = CARTESIAN_POINT('',(6.28318530718,-0.));
#7514 = VECTOR('',#7515,1.);
#7515 = DIRECTION('',(0.,1.));
#7516 = ( GEOMETRIC_REPRESENTATION_CONTEXT(2) 
PARAMETRIC_REPRESENTATION_CONTEXT() REPRESENTATION_CONTEXT('2D SPACE',''
  ) );
#7517 = ORIENTED_EDGE('',*,*,#7518,.F.);
#7518 = EDGE_CURVE('',#7496,#7496,#7519,.T.);
#7519 = SURFACE_CURVE('',#7520,(#7525,#7532),.PCURVE_S1.);
#7520 = CIRCLE('',#7521,3.);
#7521 = AXIS2_PLACEMENT_3D('',#7522,#7523,#7524);
#7522 = CARTESIAN_POINT('',(35.,15.,15.));
#7523 = DIRECTION('',(0.,-1.,0.));
#7524 = DIRECTION('',(1.,0.,0.));
#7525 = PCURVE('',#7142,#7526);
#7526 = DEFINITIONAL_REPRESENTATION('',(#7527),#7531);
#7527 = LINE('',#7528,#7529);
#7528 = CARTESIAN_POINT('',(0.,15.5));
#7529 = VECTOR('',#7530,1.);
#7530 = DIRECTION('',(1.,0.));
#7531 = ( GEOMETRIC_REPRESENTATION_CONTEXT(2) 
PARAMETRIC_REPRESENTATION_CONTEXT() REPRESENTATION_CONTEXT('2D SPACE',''
  ) );
#7532 = PCURVE('',#7533,#7538);
#7533 = PLANE('',#7534);
#7534 = AXIS2_PLACEMENT_3D('',#7535,#7536,#7537);
#7535 = CARTESIAN_POINT('',(35.,15.,15.));
#7536 = DIRECTION('',(0.,-1.,0.));
#7537 = DIRECTION('',(1.,0.,0.));
#7538 = DEFINITIONAL_REPRESENTATION('',(#7539),#7543);
#7539 = CIRCLE('',#7540,3.);
#7540 = AXIS2_PLACEMENT_2D('',#7541,#7542);
#7541 = CARTESIAN_POINT('',(0.,0.));
#7542 = DIRECTION('',(1.,0.));
#7543 = ( GEOMETRIC_REPRESENTATION_CONTEXT(2) 
PARAMETRIC_REPRESENTATION_CONTEXT() REPRESENTATION_CONTEXT('2D SPACE',''
  ) );
#7544 = ORIENTED_EDGE('',*,*,#7495,.F.);
#7545 = FACE_BOUND('',#7546,.F.);
#7546 = EDGE_LOOP('',(#7547));
#7547 = ORIENTED_EDGE('',*,*,#6948,.F.);
#7548 = ADVANCED_FACE('',(#7549),#7533,.F.);
#7549 = FACE_BOUND('',#7550,.F.);
#7550 = EDGE_LOOP('',(#7551));
#7551 = ORIENTED_EDGE('',*,*,#7518,.T.);
#7552 = ADVANCED_FACE('',(#7553),#6798,.F.);
#7553 = FACE_BOUND('',#7554,.F.);
#7554 = EDGE_LOOP('',(#7555,#7556,#7557,#7580,#7602,#7603,#7604));
#7555 = ORIENTED_EDGE('',*,*,#6913,.T.);
#7556 = ORIENTED_EDGE('',*,*,#7427,.T.);
#7557 = ORIENTED_EDGE('',*,*,#7558,.T.);
#7558 = EDGE_CURVE('',#7394,#7559,#7561,.T.);
#7559 = VERTEX_POINT('',#7560);
#7560 = CARTESIAN_POINT('',(36.,22.,24.));
#7561 = SEAM_CURVE('',#7562,(#7566,#7573),.PCURVE_S1.);
#7562 = LINE('',#7563,#7564);
#7563 = CARTESIAN_POINT('',(36.,22.,17.));
#7564 = VECTOR('',#7565,1.);
#7565 = DIRECTION('',(0.,0.,1.));
#7566 = PCURVE('',#6798,#7567);
#7567 = DEFINITIONAL_REPRESENTATION('',(#7568),#7572);
#7568 = LINE('',#7569,#7570);
#7569 = CARTESIAN_POINT('',(0.,-0.));
#7570 = VECTOR('',#7571,1.);
#7571 = DIRECTION('',(0.,1.));
#7572 = ( GEOMETRIC_REPRESENTATION_CONTEXT(2) 
PARAMETRIC_REPRESENTATION_CONTEXT() REPRESENTATION_CONTEXT('2D SPACE',''
  ) );
#7573 = PCURVE('',#6798,#7574);
#7574 = DEFINITIONAL_REPRESENTATION('',(#7575),#7579);
#7575 = LINE('',#7576,#7577);
#7576 = CARTESIAN_POINT('',(6.28318530718,-0.));
#7577 = VECTOR('',#7578,1.);
#7578 = DIRECTION('',(0.,1.));
#7579 = ( GEOMETRIC_REPRESENTATION_CONTEXT(2) 
PARAMETRIC_REPRESENTATION_CONTEXT() REPRESENTATION_CONTEXT('2D SPACE',''
  ) );
#7580 = ORIENTED_EDGE('',*,*,#7581,.F.);
#7581 = EDGE_CURVE('',#7559,#7559,#7582,.T.);
#7582 = SURFACE_CURVE('',#7583,(#7588,#7595),.PCURVE_S1.);
#7583 = CIRCLE('',#7584,1.);
#7584 = AXIS2_PLACEMENT_3D('',#7585,#7586,#7587);
#7585 = CARTESIAN_POINT('',(35.,22.,24.));
#7586 = DIRECTION('',(0.,0.,1.));
#7587 = DIRECTION('',(1.,0.,-0.));
#7588 = PCURVE('',#6798,#7589);
#7589 = DEFINITIONAL_REPRESENTATION('',(#7590),#7594);
#7590 = LINE('',#7591,#7592);
#7591 = CARTESIAN_POINT('',(0.,7.));
#7592 = VECTOR('',#7593,1.);
#7593 = DIRECTION('',(1.,0.));
#7594 = ( GEOMETRIC_REPRESENTATION_CONTEXT(2) 
PARAMETRIC_REPRESENTATION_CONTEXT() REPRESENTATION_CONTEXT('2D SPACE',''
  ) );
#7595 = PCURVE('',#126,#7596);
#7596 = DEFINITIONAL_REPRESENTATION('',(#7597),#7601);
#7597 = CIRCLE('',#7598,1.);
#7598 = AXIS2_PLACEMENT_2D('',#7599,#7600);
#7599 = CARTESIAN_POINT('',(35.,22.));
#7600 = DIRECTION('',(1.,0.));
#7601 = ( GEOMETRIC_REPRESENTATION_CONTEXT(2) 
PARAMETRIC_REPRESENTATION_CONTEXT() REPRESENTATION_CONTEXT('2D SPACE',''
  ) );
#7602 = ORIENTED_EDGE('',*,*,#7558,.F.);
#7603 = ORIENTED_EDGE('',*,*,#7393,.T.);
#7604 = ORIENTED_EDGE('',*,*,#6774,.T.);
#7605 = ADVANCED_FACE('',(#7606),#6296,.T.);
#7606 = FACE_BOUND('',#7607,.F.);
#7607 = EDGE_LOOP('',(#7608));
#7608 = ORIENTED_EDGE('',*,*,#6281,.F.);
#7609 = ADVANCED_FACE('',(#7610),#392,.F.);
#7610 = FACE_BOUND('',#7611,.F.);
#7611 = EDGE_LOOP('',(#7612,#7633,#7634,#7635));
#7612 = ORIENTED_EDGE('',*,*,#7613,.F.);
#7613 = EDGE_CURVE('',#378,#1078,#7614,.T.);
#7614 = SURFACE_CURVE('',#7615,(#7619,#7626),.PCURVE_S1.);
#7615 = LINE('',#7616,#7617);
#7616 = CARTESIAN_POINT('',(57.7,1.5,1.5));
#7617 = VECTOR('',#7618,1.);
#7618 = DIRECTION('',(0.,0.,1.));
#7619 = PCURVE('',#392,#7620);
#7620 = DEFINITIONAL_REPRESENTATION('',(#7621),#7625);
#7621 = LINE('',#7622,#7623);
#7622 = CARTESIAN_POINT('',(0.,0.));
#7623 = VECTOR('',#7624,1.);
#7624 = DIRECTION('',(1.,0.));
#7625 = ( GEOMETRIC_REPRESENTATION_CONTEXT(2) 
PARAMETRIC_REPRESENTATION_CONTEXT() REPRESENTATION_CONTEXT('2D SPACE',''
  ) );
#7626 = PCURVE('',#418,#7627);
#7627 = DEFINITIONAL_REPRESENTATION('',(#7628),#7632);
#7628 = LINE('',#7629,#7630);
#7629 = CARTESIAN_POINT('',(0.,1.2));
#7630 = VECTOR('',#7631,1.);
#7631 = DIRECTION('',(1.,0.));
#7632 = ( GEOMETRIC_REPRESENTATION_CONTEXT(2) 
PARAMETRIC_REPRESENTATION_CONTEXT() REPRESENTATION_CONTEXT('2D SPACE',''
  ) );
#7633 = ORIENTED_EDGE('',*,*,#377,.T.);
#7634 = ORIENTED_EDGE('',*,*,#662,.F.);
#7635 = ORIENTED_EDGE('',*,*,#1100,.F.);
#7636 = ADVANCED_FACE('',(#7637),#418,.T.);
#7637 = FACE_BOUND('',#7638,.T.);
#7638 = EDGE_LOOP('',(#7639,#7640,#7641,#7662));
#7639 = ORIENTED_EDGE('',*,*,#7613,.F.);
#7640 = ORIENTED_EDGE('',*,*,#403,.T.);
#7641 = ORIENTED_EDGE('',*,*,#7642,.T.);
#7642 = EDGE_CURVE('',#404,#1055,#7643,.T.);
#7643 = SURFACE_CURVE('',#7644,(#7648,#7655),.PCURVE_S1.);
#7644 = LINE('',#7645,#7646);
#7645 = CARTESIAN_POINT('',(56.5,1.5,1.5));
#7646 = VECTOR('',#7647,1.);
#7647 = DIRECTION('',(0.,0.,1.));
#7648 = PCURVE('',#418,#7649);
#7649 = DEFINITIONAL_REPRESENTATION('',(#7650),#7654);
#7650 = LINE('',#7651,#7652);
#7651 = CARTESIAN_POINT('',(0.,0.));
#7652 = VECTOR('',#7653,1.);
#7653 = DIRECTION('',(1.,0.));
#7654 = ( GEOMETRIC_REPRESENTATION_CONTEXT(2) 
PARAMETRIC_REPRESENTATION_CONTEXT() REPRESENTATION_CONTEXT('2D SPACE',''
  ) );
#7655 = PCURVE('',#444,#7656);
#7656 = DEFINITIONAL_REPRESENTATION('',(#7657),#7661);
#7657 = LINE('',#7658,#7659);
#7658 = CARTESIAN_POINT('',(0.,0.));
#7659 = VECTOR('',#7660,1.);
#7660 = DIRECTION('',(1.,0.));
#7661 = ( GEOMETRIC_REPRESENTATION_CONTEXT(2) 
PARAMETRIC_REPRESENTATION_CONTEXT() REPRESENTATION_CONTEXT('2D SPACE',''
  ) );
#7662 = ORIENTED_EDGE('',*,*,#1077,.T.);
#7663 = ADVANCED_FACE('',(#7664),#444,.T.);
#7664 = FACE_BOUND('',#7665,.T.);
#7665 = EDGE_LOOP('',(#7666,#7667,#7668,#7687));
#7666 = ORIENTED_EDGE('',*,*,#7642,.F.);
#7667 = ORIENTED_EDGE('',*,*,#429,.T.);
#7668 = ORIENTED_EDGE('',*,*,#7669,.F.);
#7669 = EDGE_CURVE('',#1032,#430,#7670,.T.);
#7670 = SURFACE_CURVE('',#7671,(#7675,#7681),.PCURVE_S1.);
#7671 = LINE('',#7672,#7673);
#7672 = CARTESIAN_POINT('',(56.5,2.5,1.95));
#7673 = VECTOR('',#7674,1.);
#7674 = DIRECTION('',(-0.,0.,-1.));
#7675 = PCURVE('',#444,#7676);
#7676 = DEFINITIONAL_REPRESENTATION('',(#7677),#7680);
#7677 = B_SPLINE_CURVE_WITH_KNOTS('',1,(#7678,#7679),.UNSPECIFIED.,.F.,
  .F.,(2,2),(-8.05,-0.55),.PIECEWISE_BEZIER_KNOTS.);
#7678 = CARTESIAN_POINT('',(8.5,-1.));
#7679 = CARTESIAN_POINT('',(1.,-1.));
#7680 = ( GEOMETRIC_REPRESENTATION_CONTEXT(2) 
PARAMETRIC_REPRESENTATION_CONTEXT() REPRESENTATION_CONTEXT('2D SPACE',''
  ) );
#7681 = PCURVE('',#470,#7682);
#7682 = DEFINITIONAL_REPRESENTATION('',(#7683),#7686);
#7683 = B_SPLINE_CURVE_WITH_KNOTS('',1,(#7684,#7685),.UNSPECIFIED.,.F.,
  .F.,(2,2),(-8.05,-0.55),.PIECEWISE_BEZIER_KNOTS.);
#7684 = CARTESIAN_POINT('',(7.6,54.));
#7685 = CARTESIAN_POINT('',(1.E-01,54.));
#7686 = ( GEOMETRIC_REPRESENTATION_CONTEXT(2) 
PARAMETRIC_REPRESENTATION_CONTEXT() REPRESENTATION_CONTEXT('2D SPACE',''
  ) );
#7687 = ORIENTED_EDGE('',*,*,#1054,.F.);
#7688 = ADVANCED_FACE('',(#7689),#470,.T.);
#7689 = FACE_BOUND('',#7690,.T.);
#7690 = EDGE_LOOP('',(#7691,#7692,#7693,#7714));
#7691 = ORIENTED_EDGE('',*,*,#7669,.T.);
#7692 = ORIENTED_EDGE('',*,*,#455,.T.);
#7693 = ORIENTED_EDGE('',*,*,#7694,.T.);
#7694 = EDGE_CURVE('',#456,#1009,#7695,.T.);
#7695 = SURFACE_CURVE('',#7696,(#7700,#7707),.PCURVE_S1.);
#7696 = LINE('',#7697,#7698);
#7697 = CARTESIAN_POINT('',(2.5,2.5,2.4));
#7698 = VECTOR('',#7699,1.);
#7699 = DIRECTION('',(0.,0.,1.));
#7700 = PCURVE('',#470,#7701);
#7701 = DEFINITIONAL_REPRESENTATION('',(#7702),#7706);
#7702 = LINE('',#7703,#7704);
#7703 = CARTESIAN_POINT('',(0.,0.));
#7704 = VECTOR('',#7705,1.);
#7705 = DIRECTION('',(1.,0.));
#7706 = ( GEOMETRIC_REPRESENTATION_CONTEXT(2) 
PARAMETRIC_REPRESENTATION_CONTEXT() REPRESENTATION_CONTEXT('2D SPACE',''
  ) );
#7707 = PCURVE('',#496,#7708);
#7708 = DEFINITIONAL_REPRESENTATION('',(#7709),#7713);
#7709 = LINE('',#7710,#7711);
#7710 = CARTESIAN_POINT('',(0.,0.));
#7711 = VECTOR('',#7712,1.);
#7712 = DIRECTION('',(1.,0.));
#7713 = ( GEOMETRIC_REPRESENTATION_CONTEXT(2) 
PARAMETRIC_REPRESENTATION_CONTEXT() REPRESENTATION_CONTEXT('2D SPACE',''
  ) );
#7714 = ORIENTED_EDGE('',*,*,#1031,.T.);
#7715 = ADVANCED_FACE('',(#7716),#496,.T.);
#7716 = FACE_BOUND('',#7717,.T.);
#7717 = EDGE_LOOP('',(#7718,#7719,#7720,#7741));
#7718 = ORIENTED_EDGE('',*,*,#7694,.F.);
#7719 = ORIENTED_EDGE('',*,*,#481,.T.);
#7720 = ORIENTED_EDGE('',*,*,#7721,.T.);
#7721 = EDGE_CURVE('',#482,#986,#7722,.T.);
#7722 = SURFACE_CURVE('',#7723,(#7727,#7734),.PCURVE_S1.);
#7723 = LINE('',#7724,#7725);
#7724 = CARTESIAN_POINT('',(2.5,27.5,2.4));
#7725 = VECTOR('',#7726,1.);
#7726 = DIRECTION('',(0.,0.,1.));
#7727 = PCURVE('',#496,#7728);
#7728 = DEFINITIONAL_REPRESENTATION('',(#7729),#7733);
#7729 = LINE('',#7730,#7731);
#7730 = CARTESIAN_POINT('',(0.,-25.));
#7731 = VECTOR('',#7732,1.);
#7732 = DIRECTION('',(1.,0.));
#7733 = ( GEOMETRIC_REPRESENTATION_CONTEXT(2) 
PARAMETRIC_REPRESENTATION_CONTEXT() REPRESENTATION_CONTEXT('2D SPACE',''
  ) );
#7734 = PCURVE('',#522,#7735);
#7735 = DEFINITIONAL_REPRESENTATION('',(#7736),#7740);
#7736 = LINE('',#7737,#7738);
#7737 = CARTESIAN_POINT('',(0.,0.));
#7738 = VECTOR('',#7739,1.);
#7739 = DIRECTION('',(1.,0.));
#7740 = ( GEOMETRIC_REPRESENTATION_CONTEXT(2) 
PARAMETRIC_REPRESENTATION_CONTEXT() REPRESENTATION_CONTEXT('2D SPACE',''
  ) );
#7741 = ORIENTED_EDGE('',*,*,#1008,.F.);
#7742 = ADVANCED_FACE('',(#7743),#522,.F.);
#7743 = FACE_BOUND('',#7744,.F.);
#7744 = EDGE_LOOP('',(#7745,#7764,#7765,#7766));
#7745 = ORIENTED_EDGE('',*,*,#7746,.T.);
#7746 = EDGE_CURVE('',#963,#508,#7747,.T.);
#7747 = SURFACE_CURVE('',#7748,(#7752,#7758),.PCURVE_S1.);
#7748 = LINE('',#7749,#7750);
#7749 = CARTESIAN_POINT('',(56.5,27.5,1.95));
#7750 = VECTOR('',#7751,1.);
#7751 = DIRECTION('',(-0.,0.,-1.));
#7752 = PCURVE('',#522,#7753);
#7753 = DEFINITIONAL_REPRESENTATION('',(#7754),#7757);
#7754 = B_SPLINE_CURVE_WITH_KNOTS('',1,(#7755,#7756),.UNSPECIFIED.,.F.,
  .F.,(2,2),(-8.05,-0.55),.PIECEWISE_BEZIER_KNOTS.);
#7755 = CARTESIAN_POINT('',(7.6,54.));
#7756 = CARTESIAN_POINT('',(1.E-01,54.));
#7757 = ( GEOMETRIC_REPRESENTATION_CONTEXT(2) 
PARAMETRIC_REPRESENTATION_CONTEXT() REPRESENTATION_CONTEXT('2D SPACE',''
  ) );
#7758 = PCURVE('',#548,#7759);
#7759 = DEFINITIONAL_REPRESENTATION('',(#7760),#7763);
#7760 = B_SPLINE_CURVE_WITH_KNOTS('',1,(#7761,#7762),.UNSPECIFIED.,.F.,
  .F.,(2,2),(-8.05,-0.55),.PIECEWISE_BEZIER_KNOTS.);
#7761 = CARTESIAN_POINT('',(8.5,-26.));
#7762 = CARTESIAN_POINT('',(1.,-26.));
#7763 = ( GEOMETRIC_REPRESENTATION_CONTEXT(2) 
PARAMETRIC_REPRESENTATION_CONTEXT() REPRESENTATION_CONTEXT('2D SPACE',''
  ) );
#7764 = ORIENTED_EDGE('',*,*,#507,.T.);
#7765 = ORIENTED_EDGE('',*,*,#7721,.T.);
#7766 = ORIENTED_EDGE('',*,*,#985,.T.);
#7767 = ADVANCED_FACE('',(#7768),#548,.T.);
#7768 = FACE_BOUND('',#7769,.T.);
#7769 = EDGE_LOOP('',(#7770,#7771,#7792,#7793));
#7770 = ORIENTED_EDGE('',*,*,#533,.T.);
#7771 = ORIENTED_EDGE('',*,*,#7772,.T.);
#7772 = EDGE_CURVE('',#534,#940,#7773,.T.);
#7773 = SURFACE_CURVE('',#7774,(#7778,#7785),.PCURVE_S1.);
#7774 = LINE('',#7775,#7776);
#7775 = CARTESIAN_POINT('',(56.5,28.5,1.5));
#7776 = VECTOR('',#7777,1.);
#7777 = DIRECTION('',(0.,0.,1.));
#7778 = PCURVE('',#548,#7779);
#7779 = DEFINITIONAL_REPRESENTATION('',(#7780),#7784);
#7780 = LINE('',#7781,#7782);
#7781 = CARTESIAN_POINT('',(0.,-27.));
#7782 = VECTOR('',#7783,1.);
#7783 = DIRECTION('',(1.,0.));
#7784 = ( GEOMETRIC_REPRESENTATION_CONTEXT(2) 
PARAMETRIC_REPRESENTATION_CONTEXT() REPRESENTATION_CONTEXT('2D SPACE',''
  ) );
#7785 = PCURVE('',#574,#7786);
#7786 = DEFINITIONAL_REPRESENTATION('',(#7787),#7791);
#7787 = LINE('',#7788,#7789);
#7788 = CARTESIAN_POINT('',(0.,0.));
#7789 = VECTOR('',#7790,1.);
#7790 = DIRECTION('',(1.,0.));
#7791 = ( GEOMETRIC_REPRESENTATION_CONTEXT(2) 
PARAMETRIC_REPRESENTATION_CONTEXT() REPRESENTATION_CONTEXT('2D SPACE',''
  ) );
#7792 = ORIENTED_EDGE('',*,*,#962,.F.);
#7793 = ORIENTED_EDGE('',*,*,#7746,.T.);
#7794 = ADVANCED_FACE('',(#7795),#574,.F.);
#7795 = FACE_BOUND('',#7796,.F.);
#7796 = EDGE_LOOP('',(#7797,#7818,#7819,#7820));
#7797 = ORIENTED_EDGE('',*,*,#7798,.F.);
#7798 = EDGE_CURVE('',#560,#917,#7799,.T.);
#7799 = SURFACE_CURVE('',#7800,(#7804,#7811),.PCURVE_S1.);
#7800 = LINE('',#7801,#7802);
#7801 = CARTESIAN_POINT('',(57.7,28.5,1.5));
#7802 = VECTOR('',#7803,1.);
#7803 = DIRECTION('',(0.,0.,1.));
#7804 = PCURVE('',#574,#7805);
#7805 = DEFINITIONAL_REPRESENTATION('',(#7806),#7810);
#7806 = LINE('',#7807,#7808);
#7807 = CARTESIAN_POINT('',(0.,1.2));
#7808 = VECTOR('',#7809,1.);
#7809 = DIRECTION('',(1.,0.));
#7810 = ( GEOMETRIC_REPRESENTATION_CONTEXT(2) 
PARAMETRIC_REPRESENTATION_CONTEXT() REPRESENTATION_CONTEXT('2D SPACE',''
  ) );
#7811 = PCURVE('',#600,#7812);
#7812 = DEFINITIONAL_REPRESENTATION('',(#7813),#7817);
#7813 = LINE('',#7814,#7815);
#7814 = CARTESIAN_POINT('',(0.,-27.));
#7815 = VECTOR('',#7816,1.);
#7816 = DIRECTION('',(1.,0.));
#7817 = ( GEOMETRIC_REPRESENTATION_CONTEXT(2) 
PARAMETRIC_REPRESENTATION_CONTEXT() REPRESENTATION_CONTEXT('2D SPACE',''
  ) );
#7818 = ORIENTED_EDGE('',*,*,#559,.T.);
#7819 = ORIENTED_EDGE('',*,*,#7772,.T.);
#7820 = ORIENTED_EDGE('',*,*,#939,.T.);
#7821 = ADVANCED_FACE('',(#7822),#600,.F.);
#7822 = FACE_BOUND('',#7823,.F.);
#7823 = EDGE_LOOP('',(#7824,#7825,#7826,#7827));
#7824 = ORIENTED_EDGE('',*,*,#585,.T.);
#7825 = ORIENTED_EDGE('',*,*,#7798,.T.);
#7826 = ORIENTED_EDGE('',*,*,#916,.F.);
#7827 = ORIENTED_EDGE('',*,*,#7828,.T.);
#7828 = EDGE_CURVE('',#892,#586,#7829,.T.);
#7829 = SURFACE_CURVE('',#7830,(#7834,#7840),.PCURVE_S1.);
#7830 = LINE('',#7831,#7832);
#7831 = CARTESIAN_POINT('',(57.7,27.5,1.95));
#7832 = VECTOR('',#7833,1.);
#7833 = DIRECTION('',(-0.,0.,-1.));
#7834 = PCURVE('',#600,#7835);
#7835 = DEFINITIONAL_REPRESENTATION('',(#7836),#7839);
#7836 = B_SPLINE_CURVE_WITH_KNOTS('',1,(#7837,#7838),.UNSPECIFIED.,.F.,
  .F.,(2,2),(-8.05,-0.55),.PIECEWISE_BEZIER_KNOTS.);
#7837 = CARTESIAN_POINT('',(8.5,-26.));
#7838 = CARTESIAN_POINT('',(1.,-26.));
#7839 = ( GEOMETRIC_REPRESENTATION_CONTEXT(2) 
PARAMETRIC_REPRESENTATION_CONTEXT() REPRESENTATION_CONTEXT('2D SPACE',''
  ) );
#7840 = PCURVE('',#624,#7841);
#7841 = DEFINITIONAL_REPRESENTATION('',(#7842),#7845);
#7842 = B_SPLINE_CURVE_WITH_KNOTS('',1,(#7843,#7844),.UNSPECIFIED.,.F.,
  .F.,(2,2),(-8.05,-0.55),.PIECEWISE_BEZIER_KNOTS.);
#7843 = CARTESIAN_POINT('',(7.6,55.2));
#7844 = CARTESIAN_POINT('',(1.E-01,55.2));
#7845 = ( GEOMETRIC_REPRESENTATION_CONTEXT(2) 
PARAMETRIC_REPRESENTATION_CONTEXT() REPRESENTATION_CONTEXT('2D SPACE',''
  ) );
#7846 = ADVANCED_FACE('',(#7847),#624,.F.);
#7847 = FACE_BOUND('',#7848,.F.);
#7848 = EDGE_LOOP('',(#7849,#7870,#7871,#7872));
#7849 = ORIENTED_EDGE('',*,*,#7850,.F.);
#7850 = EDGE_CURVE('',#326,#894,#7851,.T.);
#7851 = SURFACE_CURVE('',#7852,(#7856,#7863),.PCURVE_S1.);
#7852 = LINE('',#7853,#7854);
#7853 = CARTESIAN_POINT('',(62.5,27.5,2.4));
#7854 = VECTOR('',#7855,1.);
#7855 = DIRECTION('',(0.,0.,1.));
#7856 = PCURVE('',#624,#7857);
#7857 = DEFINITIONAL_REPRESENTATION('',(#7858),#7862);
#7858 = LINE('',#7859,#7860);
#7859 = CARTESIAN_POINT('',(0.,60.));
#7860 = VECTOR('',#7861,1.);
#7861 = DIRECTION('',(1.,0.));
#7862 = ( GEOMETRIC_REPRESENTATION_CONTEXT(2) 
PARAMETRIC_REPRESENTATION_CONTEXT() REPRESENTATION_CONTEXT('2D SPACE',''
  ) );
#7863 = PCURVE('',#340,#7864);
#7864 = DEFINITIONAL_REPRESENTATION('',(#7865),#7869);
#7865 = LINE('',#7866,#7867);
#7866 = CARTESIAN_POINT('',(0.,-25.));
#7867 = VECTOR('',#7868,1.);
#7868 = DIRECTION('',(1.,0.));
#7869 = ( GEOMETRIC_REPRESENTATION_CONTEXT(2) 
PARAMETRIC_REPRESENTATION_CONTEXT() REPRESENTATION_CONTEXT('2D SPACE',''
  ) );
#7870 = ORIENTED_EDGE('',*,*,#611,.T.);
#7871 = ORIENTED_EDGE('',*,*,#7828,.F.);
#7872 = ORIENTED_EDGE('',*,*,#891,.T.);
#7873 = ADVANCED_FACE('',(#7874),#340,.F.);
#7874 = FACE_BOUND('',#7875,.F.);
#7875 = EDGE_LOOP('',(#7876,#7877,#7878,#7879));
#7876 = ORIENTED_EDGE('',*,*,#638,.F.);
#7877 = ORIENTED_EDGE('',*,*,#323,.T.);
#7878 = ORIENTED_EDGE('',*,*,#7850,.T.);
#7879 = ORIENTED_EDGE('',*,*,#1122,.F.);
#7880 = ADVANCED_FACE('',(#7881),#237,.T.);
#7881 = FACE_BOUND('',#7882,.T.);
#7882 = EDGE_LOOP('',(#7883,#7906,#7907,#7930));
#7883 = ORIENTED_EDGE('',*,*,#7884,.F.);
#7884 = EDGE_CURVE('',#194,#7885,#7887,.T.);
#7885 = VERTEX_POINT('',#7886);
#7886 = CARTESIAN_POINT('',(65.,-1.,13.));
#7887 = SURFACE_CURVE('',#7888,(#7892,#7899),.PCURVE_S1.);
#7888 = LINE('',#7889,#7890);
#7889 = CARTESIAN_POINT('',(65.,-1.,2.5));
#7890 = VECTOR('',#7891,1.);
#7891 = DIRECTION('',(0.,0.,1.));
#7892 = PCURVE('',#237,#7893);
#7893 = DEFINITIONAL_REPRESENTATION('',(#7894),#7898);
#7894 = LINE('',#7895,#7896);
#7895 = CARTESIAN_POINT('',(0.,0.));
#7896 = VECTOR('',#7897,1.);
#7897 = DIRECTION('',(1.,0.));
#7898 = ( GEOMETRIC_REPRESENTATION_CONTEXT(2) 
PARAMETRIC_REPRESENTATION_CONTEXT() REPRESENTATION_CONTEXT('2D SPACE',''
  ) );
#7899 = PCURVE('',#209,#7900);
#7900 = DEFINITIONAL_REPRESENTATION('',(#7901),#7905);
#7901 = LINE('',#7902,#7903);
#7902 = CARTESIAN_POINT('',(0.,12.));
#7903 = VECTOR('',#7904,1.);
#7904 = DIRECTION('',(1.,0.));
#7905 = ( GEOMETRIC_REPRESENTATION_CONTEXT(2) 
PARAMETRIC_REPRESENTATION_CONTEXT() REPRESENTATION_CONTEXT('2D SPACE',''
  ) );
#7906 = ORIENTED_EDGE('',*,*,#221,.T.);
#7907 = ORIENTED_EDGE('',*,*,#7908,.T.);
#7908 = EDGE_CURVE('',#222,#7909,#7911,.T.);
#7909 = VERTEX_POINT('',#7910);
#7910 = CARTESIAN_POINT('',(65.,0.,13.));
#7911 = SURFACE_CURVE('',#7912,(#7916,#7923),.PCURVE_S1.);
#7912 = LINE('',#7913,#7914);
#7913 = CARTESIAN_POINT('',(65.,0.,2.5));
#7914 = VECTOR('',#7915,1.);
#7915 = DIRECTION('',(0.,0.,1.));
#7916 = PCURVE('',#237,#7917);
#7917 = DEFINITIONAL_REPRESENTATION('',(#7918),#7922);
#7918 = LINE('',#7919,#7920);
#7919 = CARTESIAN_POINT('',(0.,-1.));
#7920 = VECTOR('',#7921,1.);
#7921 = DIRECTION('',(1.,0.));
#7922 = ( GEOMETRIC_REPRESENTATION_CONTEXT(2) 
PARAMETRIC_REPRESENTATION_CONTEXT() REPRESENTATION_CONTEXT('2D SPACE',''
  ) );
#7923 = PCURVE('',#44,#7924);
#7924 = DEFINITIONAL_REPRESENTATION('',(#7925),#7929);
#7925 = LINE('',#7926,#7927);
#7926 = CARTESIAN_POINT('',(0.,65.));
#7927 = VECTOR('',#7928,1.);
#7928 = DIRECTION('',(1.,0.));
#7929 = ( GEOMETRIC_REPRESENTATION_CONTEXT(2) 
PARAMETRIC_REPRESENTATION_CONTEXT() REPRESENTATION_CONTEXT('2D SPACE',''
  ) );
#7930 = ORIENTED_EDGE('',*,*,#7931,.F.);
#7931 = EDGE_CURVE('',#7885,#7909,#7932,.T.);
#7932 = SURFACE_CURVE('',#7933,(#7937,#7944),.PCURVE_S1.);
#7933 = LINE('',#7934,#7935);
#7934 = CARTESIAN_POINT('',(65.,-1.,13.));
#7935 = VECTOR('',#7936,1.);
#7936 = DIRECTION('',(-0.,1.,0.));
#7937 = PCURVE('',#237,#7938);
#7938 = DEFINITIONAL_REPRESENTATION('',(#7939),#7943);
#7939 = LINE('',#7940,#7941);
#7940 = CARTESIAN_POINT('',(10.5,0.));
#7941 = VECTOR('',#7942,1.);
#7942 = DIRECTION('',(0.,-1.));
#7943 = ( GEOMETRIC_REPRESENTATION_CONTEXT(2) 
PARAMETRIC_REPRESENTATION_CONTEXT() REPRESENTATION_CONTEXT('2D SPACE',''
  ) );
#7944 = PCURVE('',#7945,#7950);
#7945 = PLANE('',#7946);
#7946 = AXIS2_PLACEMENT_3D('',#7947,#7948,#7949);
#7947 = CARTESIAN_POINT('',(53.,-1.,13.));
#7948 = DIRECTION('',(0.,0.,1.));
#7949 = DIRECTION('',(1.,0.,-0.));
#7950 = DEFINITIONAL_REPRESENTATION('',(#7951),#7955);
#7951 = LINE('',#7952,#7953);
#7952 = CARTESIAN_POINT('',(12.,0.));
#7953 = VECTOR('',#7954,1.);
#7954 = DIRECTION('',(0.,1.));
#7955 = ( GEOMETRIC_REPRESENTATION_CONTEXT(2) 
PARAMETRIC_REPRESENTATION_CONTEXT() REPRESENTATION_CONTEXT('2D SPACE',''
  ) );
#7956 = ADVANCED_FACE('',(#7957),#7945,.T.);
#7957 = FACE_BOUND('',#7958,.T.);
#7958 = EDGE_LOOP('',(#7959,#7984,#8005,#8006));
#7959 = ORIENTED_EDGE('',*,*,#7960,.F.);
#7960 = EDGE_CURVE('',#7961,#7963,#7965,.T.);
#7961 = VERTEX_POINT('',#7962);
#7962 = CARTESIAN_POINT('',(53.,-1.,13.));
#7963 = VERTEX_POINT('',#7964);
#7964 = CARTESIAN_POINT('',(53.,0.,13.));
#7965 = SURFACE_CURVE('',#7966,(#7970,#7977),.PCURVE_S1.);
#7966 = LINE('',#7967,#7968);
#7967 = CARTESIAN_POINT('',(53.,-1.,13.));
#7968 = VECTOR('',#7969,1.);
#7969 = DIRECTION('',(-0.,1.,0.));
#7970 = PCURVE('',#7945,#7971);
#7971 = DEFINITIONAL_REPRESENTATION('',(#7972),#7976);
#7972 = LINE('',#7973,#7974);
#7973 = CARTESIAN_POINT('',(0.,0.));
#7974 = VECTOR('',#7975,1.);
#7975 = DIRECTION('',(0.,1.));
#7976 = ( GEOMETRIC_REPRESENTATION_CONTEXT(2) 
PARAMETRIC_REPRESENTATION_CONTEXT() REPRESENTATION_CONTEXT('2D SPACE',''
  ) );
#7977 = PCURVE('',#181,#7978);
#7978 = DEFINITIONAL_REPRESENTATION('',(#7979),#7983);
#7979 = LINE('',#7980,#7981);
#7980 = CARTESIAN_POINT('',(10.5,0.));
#7981 = VECTOR('',#7982,1.);
#7982 = DIRECTION('',(0.,-1.));
#7983 = ( GEOMETRIC_REPRESENTATION_CONTEXT(2) 
PARAMETRIC_REPRESENTATION_CONTEXT() REPRESENTATION_CONTEXT('2D SPACE',''
  ) );
#7984 = ORIENTED_EDGE('',*,*,#7985,.T.);
#7985 = EDGE_CURVE('',#7961,#7885,#7986,.T.);
#7986 = SURFACE_CURVE('',#7987,(#7991,#7998),.PCURVE_S1.);
#7987 = LINE('',#7988,#7989);
#7988 = CARTESIAN_POINT('',(53.,-1.,13.));
#7989 = VECTOR('',#7990,1.);
#7990 = DIRECTION('',(1.,0.,-0.));
#7991 = PCURVE('',#7945,#7992);
#7992 = DEFINITIONAL_REPRESENTATION('',(#7993),#7997);
#7993 = LINE('',#7994,#7995);
#7994 = CARTESIAN_POINT('',(0.,0.));
#7995 = VECTOR('',#7996,1.);
#7996 = DIRECTION('',(1.,0.));
#7997 = ( GEOMETRIC_REPRESENTATION_CONTEXT(2) 
PARAMETRIC_REPRESENTATION_CONTEXT() REPRESENTATION_CONTEXT('2D SPACE',''
  ) );
#7998 = PCURVE('',#209,#7999);
#7999 = DEFINITIONAL_REPRESENTATION('',(#8000),#8004);
#8000 = LINE('',#8001,#8002);
#8001 = CARTESIAN_POINT('',(10.5,0.));
#8002 = VECTOR('',#8003,1.);
#8003 = DIRECTION('',(0.,1.));
#8004 = ( GEOMETRIC_REPRESENTATION_CONTEXT(2) 
PARAMETRIC_REPRESENTATION_CONTEXT() REPRESENTATION_CONTEXT('2D SPACE',''
  ) );
#8005 = ORIENTED_EDGE('',*,*,#7931,.T.);
#8006 = ORIENTED_EDGE('',*,*,#8007,.F.);
#8007 = EDGE_CURVE('',#7963,#7909,#8008,.T.);
#8008 = SURFACE_CURVE('',#8009,(#8013,#8020),.PCURVE_S1.);
#8009 = LINE('',#8010,#8011);
#8010 = CARTESIAN_POINT('',(53.,0.,13.));
#8011 = VECTOR('',#8012,1.);
#8012 = DIRECTION('',(1.,0.,-0.));
#8013 = PCURVE('',#7945,#8014);
#8014 = DEFINITIONAL_REPRESENTATION('',(#8015),#8019);
#8015 = LINE('',#8016,#8017);
#8016 = CARTESIAN_POINT('',(0.,1.));
#8017 = VECTOR('',#8018,1.);
#8018 = DIRECTION('',(1.,0.));
#8019 = ( GEOMETRIC_REPRESENTATION_CONTEXT(2) 
PARAMETRIC_REPRESENTATION_CONTEXT() REPRESENTATION_CONTEXT('2D SPACE',''
  ) );
#8020 = PCURVE('',#44,#8021);
#8021 = DEFINITIONAL_REPRESENTATION('',(#8022),#8026);
#8022 = LINE('',#8023,#8024);
#8023 = CARTESIAN_POINT('',(10.5,53.));
#8024 = VECTOR('',#8025,1.);
#8025 = DIRECTION('',(0.,1.));
#8026 = ( GEOMETRIC_REPRESENTATION_CONTEXT(2) 
PARAMETRIC_REPRESENTATION_CONTEXT() REPRESENTATION_CONTEXT('2D SPACE',''
  ) );
#8027 = ADVANCED_FACE('',(#8028,#8054),#209,.F.);
#8028 = FACE_BOUND('',#8029,.F.);
#8029 = EDGE_LOOP('',(#8030,#8031,#8052,#8053));
#8030 = ORIENTED_EDGE('',*,*,#193,.F.);
#8031 = ORIENTED_EDGE('',*,*,#8032,.T.);
#8032 = EDGE_CURVE('',#166,#7961,#8033,.T.);
#8033 = SURFACE_CURVE('',#8034,(#8038,#8045),.PCURVE_S1.);
#8034 = LINE('',#8035,#8036);
#8035 = CARTESIAN_POINT('',(53.,-1.,2.5));
#8036 = VECTOR('',#8037,1.);
#8037 = DIRECTION('',(0.,0.,1.));
#8038 = PCURVE('',#209,#8039);
#8039 = DEFINITIONAL_REPRESENTATION('',(#8040),#8044);
#8040 = LINE('',#8041,#8042);
#8041 = CARTESIAN_POINT('',(0.,0.));
#8042 = VECTOR('',#8043,1.);
#8043 = DIRECTION('',(1.,0.));
#8044 = ( GEOMETRIC_REPRESENTATION_CONTEXT(2) 
PARAMETRIC_REPRESENTATION_CONTEXT() REPRESENTATION_CONTEXT('2D SPACE',''
  ) );
#8045 = PCURVE('',#181,#8046);
#8046 = DEFINITIONAL_REPRESENTATION('',(#8047),#8051);
#8047 = LINE('',#8048,#8049);
#8048 = CARTESIAN_POINT('',(0.,0.));
#8049 = VECTOR('',#8050,1.);
#8050 = DIRECTION('',(1.,0.));
#8051 = ( GEOMETRIC_REPRESENTATION_CONTEXT(2) 
PARAMETRIC_REPRESENTATION_CONTEXT() REPRESENTATION_CONTEXT('2D SPACE',''
  ) );
#8052 = ORIENTED_EDGE('',*,*,#7985,.T.);
#8053 = ORIENTED_EDGE('',*,*,#7884,.F.);
#8054 = FACE_BOUND('',#8055,.F.);
#8055 = EDGE_LOOP('',(#8056));
#8056 = ORIENTED_EDGE('',*,*,#837,.T.);
#8057 = ADVANCED_FACE('',(#8058),#181,.F.);
#8058 = FACE_BOUND('',#8059,.F.);
#8059 = EDGE_LOOP('',(#8060,#8061,#8062,#8083));
#8060 = ORIENTED_EDGE('',*,*,#8032,.F.);
#8061 = ORIENTED_EDGE('',*,*,#165,.T.);
#8062 = ORIENTED_EDGE('',*,*,#8063,.T.);
#8063 = EDGE_CURVE('',#143,#7963,#8064,.T.);
#8064 = SURFACE_CURVE('',#8065,(#8069,#8076),.PCURVE_S1.);
#8065 = LINE('',#8066,#8067);
#8066 = CARTESIAN_POINT('',(53.,0.,2.5));
#8067 = VECTOR('',#8068,1.);
#8068 = DIRECTION('',(0.,0.,1.));
#8069 = PCURVE('',#181,#8070);
#8070 = DEFINITIONAL_REPRESENTATION('',(#8071),#8075);
#8071 = LINE('',#8072,#8073);
#8072 = CARTESIAN_POINT('',(0.,-1.));
#8073 = VECTOR('',#8074,1.);
#8074 = DIRECTION('',(1.,0.));
#8075 = ( GEOMETRIC_REPRESENTATION_CONTEXT(2) 
PARAMETRIC_REPRESENTATION_CONTEXT() REPRESENTATION_CONTEXT('2D SPACE',''
  ) );
#8076 = PCURVE('',#44,#8077);
#8077 = DEFINITIONAL_REPRESENTATION('',(#8078),#8082);
#8078 = LINE('',#8079,#8080);
#8079 = CARTESIAN_POINT('',(0.,53.));
#8080 = VECTOR('',#8081,1.);
#8081 = DIRECTION('',(1.,0.));
#8082 = ( GEOMETRIC_REPRESENTATION_CONTEXT(2) 
PARAMETRIC_REPRESENTATION_CONTEXT() REPRESENTATION_CONTEXT('2D SPACE',''
  ) );
#8083 = ORIENTED_EDGE('',*,*,#7960,.F.);
#8084 = ADVANCED_FACE('',(#8085,#8155),#288,.T.);
#8085 = FACE_BOUND('',#8086,.T.);
#8086 = EDGE_LOOP('',(#8087,#8110,#8111,#8134));
#8087 = ORIENTED_EDGE('',*,*,#8088,.F.);
#8088 = EDGE_CURVE('',#250,#8089,#8091,.T.);
#8089 = VERTEX_POINT('',#8090);
#8090 = CARTESIAN_POINT('',(70.,0.,24.));
#8091 = SURFACE_CURVE('',#8092,(#8096,#8103),.PCURVE_S1.);
#8092 = LINE('',#8093,#8094);
#8093 = CARTESIAN_POINT('',(70.,0.,2.5));
#8094 = VECTOR('',#8095,1.);
#8095 = DIRECTION('',(0.,0.,1.));
#8096 = PCURVE('',#288,#8097);
#8097 = DEFINITIONAL_REPRESENTATION('',(#8098),#8102);
#8098 = LINE('',#8099,#8100);
#8099 = CARTESIAN_POINT('',(0.,0.));
#8100 = VECTOR('',#8101,1.);
#8101 = DIRECTION('',(1.,0.));
#8102 = ( GEOMETRIC_REPRESENTATION_CONTEXT(2) 
PARAMETRIC_REPRESENTATION_CONTEXT() REPRESENTATION_CONTEXT('2D SPACE',''
  ) );
#8103 = PCURVE('',#44,#8104);
#8104 = DEFINITIONAL_REPRESENTATION('',(#8105),#8109);
#8105 = LINE('',#8106,#8107);
#8106 = CARTESIAN_POINT('',(0.,70.));
#8107 = VECTOR('',#8108,1.);
#8108 = DIRECTION('',(1.,0.));
#8109 = ( GEOMETRIC_REPRESENTATION_CONTEXT(2) 
PARAMETRIC_REPRESENTATION_CONTEXT() REPRESENTATION_CONTEXT('2D SPACE',''
  ) );
#8110 = ORIENTED_EDGE('',*,*,#272,.T.);
#8111 = ORIENTED_EDGE('',*,*,#8112,.T.);
#8112 = EDGE_CURVE('',#273,#8113,#8115,.T.);
#8113 = VERTEX_POINT('',#8114);
#8114 = CARTESIAN_POINT('',(70.,30.,24.));
#8115 = SURFACE_CURVE('',#8116,(#8120,#8127),.PCURVE_S1.);
#8116 = LINE('',#8117,#8118);
#8117 = CARTESIAN_POINT('',(70.,30.,2.5));
#8118 = VECTOR('',#8119,1.);
#8119 = DIRECTION('',(0.,0.,1.));
#8120 = PCURVE('',#288,#8121);
#8121 = DEFINITIONAL_REPRESENTATION('',(#8122),#8126);
#8122 = LINE('',#8123,#8124);
#8123 = CARTESIAN_POINT('',(0.,-30.));
#8124 = VECTOR('',#8125,1.);
#8125 = DIRECTION('',(1.,0.));
#8126 = ( GEOMETRIC_REPRESENTATION_CONTEXT(2) 
PARAMETRIC_REPRESENTATION_CONTEXT() REPRESENTATION_CONTEXT('2D SPACE',''
  ) );
#8127 = PCURVE('',#100,#8128);
#8128 = DEFINITIONAL_REPRESENTATION('',(#8129),#8133);
#8129 = LINE('',#8130,#8131);
#8130 = CARTESIAN_POINT('',(0.,70.));
#8131 = VECTOR('',#8132,1.);
#8132 = DIRECTION('',(1.,0.));
#8133 = ( GEOMETRIC_REPRESENTATION_CONTEXT(2) 
PARAMETRIC_REPRESENTATION_CONTEXT() REPRESENTATION_CONTEXT('2D SPACE',''
  ) );
#8134 = ORIENTED_EDGE('',*,*,#8135,.F.);
#8135 = EDGE_CURVE('',#8089,#8113,#8136,.T.);
#8136 = SURFACE_CURVE('',#8137,(#8141,#8148),.PCURVE_S1.);
#8137 = LINE('',#8138,#8139);
#8138 = CARTESIAN_POINT('',(70.,0.,24.));
#8139 = VECTOR('',#8140,1.);
#8140 = DIRECTION('',(-0.,1.,0.));
#8141 = PCURVE('',#288,#8142);
#8142 = DEFINITIONAL_REPRESENTATION('',(#8143),#8147);
#8143 = LINE('',#8144,#8145);
#8144 = CARTESIAN_POINT('',(21.5,0.));
#8145 = VECTOR('',#8146,1.);
#8146 = DIRECTION('',(0.,-1.));
#8147 = ( GEOMETRIC_REPRESENTATION_CONTEXT(2) 
PARAMETRIC_REPRESENTATION_CONTEXT() REPRESENTATION_CONTEXT('2D SPACE',''
  ) );
#8148 = PCURVE('',#126,#8149);
#8149 = DEFINITIONAL_REPRESENTATION('',(#8150),#8154);
#8150 = LINE('',#8151,#8152);
#8151 = CARTESIAN_POINT('',(70.,0.));
#8152 = VECTOR('',#8153,1.);
#8153 = DIRECTION('',(0.,1.));
#8154 = ( GEOMETRIC_REPRESENTATION_CONTEXT(2) 
PARAMETRIC_REPRESENTATION_CONTEXT() REPRESENTATION_CONTEXT('2D SPACE',''
  ) );
#8155 = FACE_BOUND('',#8156,.T.);
#8156 = EDGE_LOOP('',(#8157));
#8157 = ORIENTED_EDGE('',*,*,#8158,.F.);
#8158 = EDGE_CURVE('',#8159,#8159,#8161,.T.);
#8159 = VERTEX_POINT('',#8160);
#8160 = CARTESIAN_POINT('',(70.,22.,5.));
#8161 = SURFACE_CURVE('',#8162,(#8167,#8174),.PCURVE_S1.);
#8162 = CIRCLE('',#8163,1.25);
#8163 = AXIS2_PLACEMENT_3D('',#8164,#8165,#8166);
#8164 = CARTESIAN_POINT('',(70.,22.,6.25));
#8165 = DIRECTION('',(1.,0.,0.));
#8166 = DIRECTION('',(0.,0.,-1.));
#8167 = PCURVE('',#288,#8168);
#8168 = DEFINITIONAL_REPRESENTATION('',(#8169),#8173);
#8169 = CIRCLE('',#8170,1.25);
#8170 = AXIS2_PLACEMENT_2D('',#8171,#8172);
#8171 = CARTESIAN_POINT('',(3.75,-22.));
#8172 = DIRECTION('',(-1.,0.));
#8173 = ( GEOMETRIC_REPRESENTATION_CONTEXT(2) 
PARAMETRIC_REPRESENTATION_CONTEXT() REPRESENTATION_CONTEXT('2D SPACE',''
  ) );
#8174 = PCURVE('',#8175,#8180);
#8175 = CYLINDRICAL_SURFACE('',#8176,1.25);
#8176 = AXIS2_PLACEMENT_3D('',#8177,#8178,#8179);
#8177 = CARTESIAN_POINT('',(63.3,22.,6.25));
#8178 = DIRECTION('',(1.,0.,0.));
#8179 = DIRECTION('',(0.,0.,-1.));
#8180 = DEFINITIONAL_REPRESENTATION('',(#8181),#8185);
#8181 = LINE('',#8182,#8183);
#8182 = CARTESIAN_POINT('',(0.,6.7));
#8183 = VECTOR('',#8184,1.);
#8184 = DIRECTION('',(1.,0.));
#8185 = ( GEOMETRIC_REPRESENTATION_CONTEXT(2) 
PARAMETRIC_REPRESENTATION_CONTEXT() REPRESENTATION_CONTEXT('2D SPACE',''
  ) );
#8186 = ADVANCED_FACE('',(#8187),#8175,.F.);
#8187 = FACE_BOUND('',#8188,.F.);
#8188 = EDGE_LOOP('',(#8189,#8190,#8213,#8240));
#8189 = ORIENTED_EDGE('',*,*,#8158,.F.);
#8190 = ORIENTED_EDGE('',*,*,#8191,.F.);
#8191 = EDGE_CURVE('',#8192,#8159,#8194,.T.);
#8192 = VERTEX_POINT('',#8193);
#8193 = CARTESIAN_POINT('',(63.3,22.,5.));
#8194 = SEAM_CURVE('',#8195,(#8199,#8206),.PCURVE_S1.);
#8195 = LINE('',#8196,#8197);
#8196 = CARTESIAN_POINT('',(63.3,22.,5.));
#8197 = VECTOR('',#8198,1.);
#8198 = DIRECTION('',(1.,0.,0.));
#8199 = PCURVE('',#8175,#8200);
#8200 = DEFINITIONAL_REPRESENTATION('',(#8201),#8205);
#8201 = LINE('',#8202,#8203);
#8202 = CARTESIAN_POINT('',(6.28318530718,-0.));
#8203 = VECTOR('',#8204,1.);
#8204 = DIRECTION('',(0.,1.));
#8205 = ( GEOMETRIC_REPRESENTATION_CONTEXT(2) 
PARAMETRIC_REPRESENTATION_CONTEXT() REPRESENTATION_CONTEXT('2D SPACE',''
  ) );
#8206 = PCURVE('',#8175,#8207);
#8207 = DEFINITIONAL_REPRESENTATION('',(#8208),#8212);
#8208 = LINE('',#8209,#8210);
#8209 = CARTESIAN_POINT('',(0.,-0.));
#8210 = VECTOR('',#8211,1.);
#8211 = DIRECTION('',(0.,1.));
#8212 = ( GEOMETRIC_REPRESENTATION_CONTEXT(2) 
PARAMETRIC_REPRESENTATION_CONTEXT() REPRESENTATION_CONTEXT('2D SPACE',''
  ) );
#8213 = ORIENTED_EDGE('',*,*,#8214,.T.);
#8214 = EDGE_CURVE('',#8192,#8192,#8215,.T.);
#8215 = SURFACE_CURVE('',#8216,(#8221,#8228),.PCURVE_S1.);
#8216 = CIRCLE('',#8217,1.25);
#8217 = AXIS2_PLACEMENT_3D('',#8218,#8219,#8220);
#8218 = CARTESIAN_POINT('',(63.3,22.,6.25));
#8219 = DIRECTION('',(1.,-0.,0.));
#8220 = DIRECTION('',(0.,0.,-1.));
#8221 = PCURVE('',#8175,#8222);
#8222 = DEFINITIONAL_REPRESENTATION('',(#8223),#8227);
#8223 = LINE('',#8224,#8225);
#8224 = CARTESIAN_POINT('',(0.,0.));
#8225 = VECTOR('',#8226,1.);
#8226 = DIRECTION('',(1.,0.));
#8227 = ( GEOMETRIC_REPRESENTATION_CONTEXT(2) 
PARAMETRIC_REPRESENTATION_CONTEXT() REPRESENTATION_CONTEXT('2D SPACE',''
  ) );
#8228 = PCURVE('',#8229,#8234);
#8229 = PLANE('',#8230);
#8230 = AXIS2_PLACEMENT_3D('',#8231,#8232,#8233);
#8231 = CARTESIAN_POINT('',(63.3,22.,6.25));
#8232 = DIRECTION('',(1.,0.,0.));
#8233 = DIRECTION('',(0.,0.,-1.));
#8234 = DEFINITIONAL_REPRESENTATION('',(#8235),#8239);
#8235 = CIRCLE('',#8236,1.25);
#8236 = AXIS2_PLACEMENT_2D('',#8237,#8238);
#8237 = CARTESIAN_POINT('',(0.,0.));
#8238 = DIRECTION('',(1.,0.));
#8239 = ( GEOMETRIC_REPRESENTATION_CONTEXT(2) 
PARAMETRIC_REPRESENTATION_CONTEXT() REPRESENTATION_CONTEXT('2D SPACE',''
  ) );
#8240 = ORIENTED_EDGE('',*,*,#8191,.T.);
#8241 = ADVANCED_FACE('',(#8242),#8229,.T.);
#8242 = FACE_BOUND('',#8243,.F.);
#8243 = EDGE_LOOP('',(#8244));
#8244 = ORIENTED_EDGE('',*,*,#8214,.F.);
#8245 = ADVANCED_FACE('',(#8246,#8272,#8307,#8342,#8345,#8380),#100,.T.
  );
#8246 = FACE_BOUND('',#8247,.T.);
#8247 = EDGE_LOOP('',(#8248,#8249,#8250,#8271));
#8248 = ORIENTED_EDGE('',*,*,#300,.F.);
#8249 = ORIENTED_EDGE('',*,*,#84,.T.);
#8250 = ORIENTED_EDGE('',*,*,#8251,.T.);
#8251 = EDGE_CURVE('',#85,#8113,#8252,.T.);
#8252 = SURFACE_CURVE('',#8253,(#8257,#8264),.PCURVE_S1.);
#8253 = LINE('',#8254,#8255);
#8254 = CARTESIAN_POINT('',(0.,30.,24.));
#8255 = VECTOR('',#8256,1.);
#8256 = DIRECTION('',(1.,0.,-0.));
#8257 = PCURVE('',#100,#8258);
#8258 = DEFINITIONAL_REPRESENTATION('',(#8259),#8263);
#8259 = LINE('',#8260,#8261);
#8260 = CARTESIAN_POINT('',(21.5,0.));
#8261 = VECTOR('',#8262,1.);
#8262 = DIRECTION('',(0.,1.));
#8263 = ( GEOMETRIC_REPRESENTATION_CONTEXT(2) 
PARAMETRIC_REPRESENTATION_CONTEXT() REPRESENTATION_CONTEXT('2D SPACE',''
  ) );
#8264 = PCURVE('',#126,#8265);
#8265 = DEFINITIONAL_REPRESENTATION('',(#8266),#8270);
#8266 = LINE('',#8267,#8268);
#8267 = CARTESIAN_POINT('',(0.,30.));
#8268 = VECTOR('',#8269,1.);
#8269 = DIRECTION('',(1.,0.));
#8270 = ( GEOMETRIC_REPRESENTATION_CONTEXT(2) 
PARAMETRIC_REPRESENTATION_CONTEXT() REPRESENTATION_CONTEXT('2D SPACE',''
  ) );
#8271 = ORIENTED_EDGE('',*,*,#8112,.F.);
#8272 = FACE_BOUND('',#8273,.T.);
#8273 = EDGE_LOOP('',(#8274));
#8274 = ORIENTED_EDGE('',*,*,#8275,.T.);
#8275 = EDGE_CURVE('',#8276,#8276,#8278,.T.);
#8276 = VERTEX_POINT('',#8277);
#8277 = CARTESIAN_POINT('',(6.1,30.,16.));
#8278 = SURFACE_CURVE('',#8279,(#8284,#8295),.PCURVE_S1.);
#8279 = CIRCLE('',#8280,1.6);
#8280 = AXIS2_PLACEMENT_3D('',#8281,#8282,#8283);
#8281 = CARTESIAN_POINT('',(4.5,30.,16.));
#8282 = DIRECTION('',(0.,-1.,0.));
#8283 = DIRECTION('',(1.,0.,0.));
#8284 = PCURVE('',#100,#8285);
#8285 = DEFINITIONAL_REPRESENTATION('',(#8286),#8294);
#8286 = ( BOUNDED_CURVE() B_SPLINE_CURVE(2,(#8287,#8288,#8289,#8290,
#8291,#8292,#8293),.UNSPECIFIED.,.T.,.F.) B_SPLINE_CURVE_WITH_KNOTS((1,2
    ,2,2,2,1),(-2.094395102393,0.,2.094395102393,4.188790204786,
6.28318530718,8.377580409573),.UNSPECIFIED.) CURVE() 
GEOMETRIC_REPRESENTATION_ITEM() RATIONAL_B_SPLINE_CURVE((1.,0.5,1.,0.5,
1.,0.5,1.)) REPRESENTATION_ITEM('') );
#8287 = CARTESIAN_POINT('',(13.5,6.1));
#8288 = CARTESIAN_POINT('',(16.27128129211,6.1));
#8289 = CARTESIAN_POINT('',(14.885640646055,3.7));
#8290 = CARTESIAN_POINT('',(13.5,1.3));
#8291 = CARTESIAN_POINT('',(12.114359353945,3.7));
#8292 = CARTESIAN_POINT('',(10.72871870789,6.1));
#8293 = CARTESIAN_POINT('',(13.5,6.1));
#8294 = ( GEOMETRIC_REPRESENTATION_CONTEXT(2) 
PARAMETRIC_REPRESENTATION_CONTEXT() REPRESENTATION_CONTEXT('2D SPACE',''
  ) );
#8295 = PCURVE('',#8296,#8301);
#8296 = CYLINDRICAL_SURFACE('',#8297,1.6);
#8297 = AXIS2_PLACEMENT_3D('',#8298,#8299,#8300);
#8298 = CARTESIAN_POINT('',(4.5,30.5,16.));
#8299 = DIRECTION('',(0.,-1.,0.));
#8300 = DIRECTION('',(1.,0.,0.));
#8301 = DEFINITIONAL_REPRESENTATION('',(#8302),#8306);
#8302 = LINE('',#8303,#8304);
#8303 = CARTESIAN_POINT('',(0.,0.5));
#8304 = VECTOR('',#8305,1.);
#8305 = DIRECTION('',(1.,0.));
#8306 = ( GEOMETRIC_REPRESENTATION_CONTEXT(2) 
PARAMETRIC_REPRESENTATION_CONTEXT() REPRESENTATION_CONTEXT('2D SPACE',''
  ) );
#8307 = FACE_BOUND('',#8308,.T.);
#8308 = EDGE_LOOP('',(#8309));
#8309 = ORIENTED_EDGE('',*,*,#8310,.T.);
#8310 = EDGE_CURVE('',#8311,#8311,#8313,.T.);
#8311 = VERTEX_POINT('',#8312);
#8312 = CARTESIAN_POINT('',(15.1,30.,16.));
#8313 = SURFACE_CURVE('',#8314,(#8319,#8330),.PCURVE_S1.);
#8314 = CIRCLE('',#8315,1.6);
#8315 = AXIS2_PLACEMENT_3D('',#8316,#8317,#8318);
#8316 = CARTESIAN_POINT('',(13.5,30.,16.));
#8317 = DIRECTION('',(0.,-1.,0.));
#8318 = DIRECTION('',(1.,0.,0.));
#8319 = PCURVE('',#100,#8320);
#8320 = DEFINITIONAL_REPRESENTATION('',(#8321),#8329);
#8321 = ( BOUNDED_CURVE() B_SPLINE_CURVE(2,(#8322,#8323,#8324,#8325,
#8326,#8327,#8328),.UNSPECIFIED.,.T.,.F.) B_SPLINE_CURVE_WITH_KNOTS((1,2
    ,2,2,2,1),(-2.094395102393,0.,2.094395102393,4.188790204786,
6.28318530718,8.377580409573),.UNSPECIFIED.) CURVE() 
GEOMETRIC_REPRESENTATION_ITEM() RATIONAL_B_SPLINE_CURVE((1.,0.5,1.,0.5,
1.,0.5,1.)) REPRESENTATION_ITEM('') );
#8322 = CARTESIAN_POINT('',(13.5,15.1));
#8323 = CARTESIAN_POINT('',(16.27128129211,15.1));
#8324 = CARTESIAN_POINT('',(14.885640646055,12.7));
#8325 = CARTESIAN_POINT('',(13.5,10.3));
#8326 = CARTESIAN_POINT('',(12.114359353945,12.7));
#8327 = CARTESIAN_POINT('',(10.72871870789,15.1));
#8328 = CARTESIAN_POINT('',(13.5,15.1));
#8329 = ( GEOMETRIC_REPRESENTATION_CONTEXT(2) 
PARAMETRIC_REPRESENTATION_CONTEXT() REPRESENTATION_CONTEXT('2D SPACE',''
  ) );
#8330 = PCURVE('',#8331,#8336);
#8331 = CYLINDRICAL_SURFACE('',#8332,1.6);
#8332 = AXIS2_PLACEMENT_3D('',#8333,#8334,#8335);
#8333 = CARTESIAN_POINT('',(13.5,30.5,16.));
#8334 = DIRECTION('',(0.,-1.,0.));
#8335 = DIRECTION('',(1.,0.,0.));
#8336 = DEFINITIONAL_REPRESENTATION('',(#8337),#8341);
#8337 = LINE('',#8338,#8339);
#8338 = CARTESIAN_POINT('',(0.,0.5));
#8339 = VECTOR('',#8340,1.);
#8340 = DIRECTION('',(1.,0.));
#8341 = ( GEOMETRIC_REPRESENTATION_CONTEXT(2) 
PARAMETRIC_REPRESENTATION_CONTEXT() REPRESENTATION_CONTEXT('2D SPACE',''
  ) );
#8342 = FACE_BOUND('',#8343,.T.);
#8343 = EDGE_LOOP('',(#8344));
#8344 = ORIENTED_EDGE('',*,*,#7467,.T.);
#8345 = FACE_BOUND('',#8346,.T.);
#8346 = EDGE_LOOP('',(#8347));
#8347 = ORIENTED_EDGE('',*,*,#8348,.T.);
#8348 = EDGE_CURVE('',#8349,#8349,#8351,.T.);
#8349 = VERTEX_POINT('',#8350);
#8350 = CARTESIAN_POINT('',(58.6,30.,16.));
#8351 = SURFACE_CURVE('',#8352,(#8357,#8368),.PCURVE_S1.);
#8352 = CIRCLE('',#8353,1.6);
#8353 = AXIS2_PLACEMENT_3D('',#8354,#8355,#8356);
#8354 = CARTESIAN_POINT('',(57.,30.,16.));
#8355 = DIRECTION('',(0.,-1.,0.));
#8356 = DIRECTION('',(1.,0.,0.));
#8357 = PCURVE('',#100,#8358);
#8358 = DEFINITIONAL_REPRESENTATION('',(#8359),#8367);
#8359 = ( BOUNDED_CURVE() B_SPLINE_CURVE(2,(#8360,#8361,#8362,#8363,
#8364,#8365,#8366),.UNSPECIFIED.,.T.,.F.) B_SPLINE_CURVE_WITH_KNOTS((1,2
    ,2,2,2,1),(-2.094395102393,0.,2.094395102393,4.188790204786,
6.28318530718,8.377580409573),.UNSPECIFIED.) CURVE() 
GEOMETRIC_REPRESENTATION_ITEM() RATIONAL_B_SPLINE_CURVE((1.,0.5,1.,0.5,
1.,0.5,1.)) REPRESENTATION_ITEM('') );
#8360 = CARTESIAN_POINT('',(13.5,58.6));
#8361 = CARTESIAN_POINT('',(16.27128129211,58.6));
#8362 = CARTESIAN_POINT('',(14.885640646055,56.2));
#8363 = CARTESIAN_POINT('',(13.5,53.8));
#8364 = CARTESIAN_POINT('',(12.114359353945,56.2));
#8365 = CARTESIAN_POINT('',(10.72871870789,58.6));
#8366 = CARTESIAN_POINT('',(13.5,58.6));
#8367 = ( GEOMETRIC_REPRESENTATION_CONTEXT(2) 
PARAMETRIC_REPRESENTATION_CONTEXT() REPRESENTATION_CONTEXT('2D SPACE',''
  ) );
#8368 = PCURVE('',#8369,#8374);
#8369 = CYLINDRICAL_SURFACE('',#8370,1.6);
#8370 = AXIS2_PLACEMENT_3D('',#8371,#8372,#8373);
#8371 = CARTESIAN_POINT('',(57.,30.5,16.));
#8372 = DIRECTION('',(0.,-1.,0.));
#8373 = DIRECTION('',(1.,0.,0.));
#8374 = DEFINITIONAL_REPRESENTATION('',(#8375),#8379);
#8375 = LINE('',#8376,#8377);
#8376 = CARTESIAN_POINT('',(0.,0.5));
#8377 = VECTOR('',#8378,1.);
#8378 = DIRECTION('',(1.,0.));
#8379 = ( GEOMETRIC_REPRESENTATION_CONTEXT(2) 
PARAMETRIC_REPRESENTATION_CONTEXT() REPRESENTATION_CONTEXT('2D SPACE',''
  ) );
#8380 = FACE_BOUND('',#8381,.T.);
#8381 = EDGE_LOOP('',(#8382));
#8382 = ORIENTED_EDGE('',*,*,#8383,.T.);
#8383 = EDGE_CURVE('',#8384,#8384,#8386,.T.);
#8384 = VERTEX_POINT('',#8385);
#8385 = CARTESIAN_POINT('',(67.1,30.,16.));
#8386 = SURFACE_CURVE('',#8387,(#8392,#8403),.PCURVE_S1.);
#8387 = CIRCLE('',#8388,1.6);
#8388 = AXIS2_PLACEMENT_3D('',#8389,#8390,#8391);
#8389 = CARTESIAN_POINT('',(65.5,30.,16.));
#8390 = DIRECTION('',(0.,-1.,0.));
#8391 = DIRECTION('',(1.,0.,0.));
#8392 = PCURVE('',#100,#8393);
#8393 = DEFINITIONAL_REPRESENTATION('',(#8394),#8402);
#8394 = ( BOUNDED_CURVE() B_SPLINE_CURVE(2,(#8395,#8396,#8397,#8398,
#8399,#8400,#8401),.UNSPECIFIED.,.T.,.F.) B_SPLINE_CURVE_WITH_KNOTS((1,2
    ,2,2,2,1),(-2.094395102393,0.,2.094395102393,4.188790204786,
6.28318530718,8.377580409573),.UNSPECIFIED.) CURVE() 
GEOMETRIC_REPRESENTATION_ITEM() RATIONAL_B_SPLINE_CURVE((1.,0.5,1.,0.5,
1.,0.5,1.)) REPRESENTATION_ITEM('') );
#8395 = CARTESIAN_POINT('',(13.5,67.1));
#8396 = CARTESIAN_POINT('',(16.27128129211,67.1));
#8397 = CARTESIAN_POINT('',(14.885640646055,64.7));
#8398 = CARTESIAN_POINT('',(13.5,62.3));
#8399 = CARTESIAN_POINT('',(12.114359353945,64.7));
#8400 = CARTESIAN_POINT('',(10.72871870789,67.1));
#8401 = CARTESIAN_POINT('',(13.5,67.1));
#8402 = ( GEOMETRIC_REPRESENTATION_CONTEXT(2) 
PARAMETRIC_REPRESENTATION_CONTEXT() REPRESENTATION_CONTEXT('2D SPACE',''
  ) );
#8403 = PCURVE('',#8404,#8409);
#8404 = CYLINDRICAL_SURFACE('',#8405,1.6);
#8405 = AXIS2_PLACEMENT_3D('',#8406,#8407,#8408);
#8406 = CARTESIAN_POINT('',(65.5,30.5,16.));
#8407 = DIRECTION('',(0.,-1.,0.));
#8408 = DIRECTION('',(1.,0.,0.));
#8409 = DEFINITIONAL_REPRESENTATION('',(#8410),#8414);
#8410 = LINE('',#8411,#8412);
#8411 = CARTESIAN_POINT('',(0.,0.5));
#8412 = VECTOR('',#8413,1.);
#8413 = DIRECTION('',(1.,0.));
#8414 = ( GEOMETRIC_REPRESENTATION_CONTEXT(2) 
PARAMETRIC_REPRESENTATION_CONTEXT() REPRESENTATION_CONTEXT('2D SPACE',''
  ) );
#8415 = ADVANCED_FACE('',(#8416),#8404,.F.);
#8416 = FACE_BOUND('',#8417,.F.);
#8417 = EDGE_LOOP('',(#8418,#8446,#8467,#8468));
#8418 = ORIENTED_EDGE('',*,*,#8419,.F.);
#8419 = EDGE_CURVE('',#8420,#8420,#8422,.T.);
#8420 = VERTEX_POINT('',#8421);
#8421 = CARTESIAN_POINT('',(67.1,0.,16.));
#8422 = SURFACE_CURVE('',#8423,(#8428,#8435),.PCURVE_S1.);
#8423 = CIRCLE('',#8424,1.6);
#8424 = AXIS2_PLACEMENT_3D('',#8425,#8426,#8427);
#8425 = CARTESIAN_POINT('',(65.5,0.,16.));
#8426 = DIRECTION('',(0.,-1.,0.));
#8427 = DIRECTION('',(1.,0.,0.));
#8428 = PCURVE('',#8404,#8429);
#8429 = DEFINITIONAL_REPRESENTATION('',(#8430),#8434);
#8430 = LINE('',#8431,#8432);
#8431 = CARTESIAN_POINT('',(0.,30.5));
#8432 = VECTOR('',#8433,1.);
#8433 = DIRECTION('',(1.,0.));
#8434 = ( GEOMETRIC_REPRESENTATION_CONTEXT(2) 
PARAMETRIC_REPRESENTATION_CONTEXT() REPRESENTATION_CONTEXT('2D SPACE',''
  ) );
#8435 = PCURVE('',#44,#8436);
#8436 = DEFINITIONAL_REPRESENTATION('',(#8437),#8445);
#8437 = ( BOUNDED_CURVE() B_SPLINE_CURVE(2,(#8438,#8439,#8440,#8441,
#8442,#8443,#8444),.UNSPECIFIED.,.T.,.F.) B_SPLINE_CURVE_WITH_KNOTS((1,2
    ,2,2,2,1),(-2.094395102393,0.,2.094395102393,4.188790204786,
6.28318530718,8.377580409573),.UNSPECIFIED.) CURVE() 
GEOMETRIC_REPRESENTATION_ITEM() RATIONAL_B_SPLINE_CURVE((1.,0.5,1.,0.5,
1.,0.5,1.)) REPRESENTATION_ITEM('') );
#8438 = CARTESIAN_POINT('',(13.5,67.1));
#8439 = CARTESIAN_POINT('',(16.27128129211,67.1));
#8440 = CARTESIAN_POINT('',(14.885640646055,64.7));
#8441 = CARTESIAN_POINT('',(13.5,62.3));
#8442 = CARTESIAN_POINT('',(12.114359353945,64.7));
#8443 = CARTESIAN_POINT('',(10.72871870789,67.1));
#8444 = CARTESIAN_POINT('',(13.5,67.1));
#8445 = ( GEOMETRIC_REPRESENTATION_CONTEXT(2) 
PARAMETRIC_REPRESENTATION_CONTEXT() REPRESENTATION_CONTEXT('2D SPACE',''
  ) );
#8446 = ORIENTED_EDGE('',*,*,#8447,.F.);
#8447 = EDGE_CURVE('',#8384,#8420,#8448,.T.);
#8448 = SEAM_CURVE('',#8449,(#8453,#8460),.PCURVE_S1.);
#8449 = LINE('',#8450,#8451);
#8450 = CARTESIAN_POINT('',(67.1,30.5,16.));
#8451 = VECTOR('',#8452,1.);
#8452 = DIRECTION('',(0.,-1.,0.));
#8453 = PCURVE('',#8404,#8454);
#8454 = DEFINITIONAL_REPRESENTATION('',(#8455),#8459);
#8455 = LINE('',#8456,#8457);
#8456 = CARTESIAN_POINT('',(6.28318530718,-0.));
#8457 = VECTOR('',#8458,1.);
#8458 = DIRECTION('',(0.,1.));
#8459 = ( GEOMETRIC_REPRESENTATION_CONTEXT(2) 
PARAMETRIC_REPRESENTATION_CONTEXT() REPRESENTATION_CONTEXT('2D SPACE',''
  ) );
#8460 = PCURVE('',#8404,#8461);
#8461 = DEFINITIONAL_REPRESENTATION('',(#8462),#8466);
#8462 = LINE('',#8463,#8464);
#8463 = CARTESIAN_POINT('',(0.,-0.));
#8464 = VECTOR('',#8465,1.);
#8465 = DIRECTION('',(0.,1.));
#8466 = ( GEOMETRIC_REPRESENTATION_CONTEXT(2) 
PARAMETRIC_REPRESENTATION_CONTEXT() REPRESENTATION_CONTEXT('2D SPACE',''
  ) );
#8467 = ORIENTED_EDGE('',*,*,#8383,.T.);
#8468 = ORIENTED_EDGE('',*,*,#8447,.T.);
#8469 = ADVANCED_FACE('',(#8470),#8369,.F.);
#8470 = FACE_BOUND('',#8471,.F.);
#8471 = EDGE_LOOP('',(#8472,#8500,#8521,#8522));
#8472 = ORIENTED_EDGE('',*,*,#8473,.F.);
#8473 = EDGE_CURVE('',#8474,#8474,#8476,.T.);
#8474 = VERTEX_POINT('',#8475);
#8475 = CARTESIAN_POINT('',(58.6,0.,16.));
#8476 = SURFACE_CURVE('',#8477,(#8482,#8489),.PCURVE_S1.);
#8477 = CIRCLE('',#8478,1.6);
#8478 = AXIS2_PLACEMENT_3D('',#8479,#8480,#8481);
#8479 = CARTESIAN_POINT('',(57.,0.,16.));
#8480 = DIRECTION('',(0.,-1.,0.));
#8481 = DIRECTION('',(1.,0.,0.));
#8482 = PCURVE('',#8369,#8483);
#8483 = DEFINITIONAL_REPRESENTATION('',(#8484),#8488);
#8484 = LINE('',#8485,#8486);
#8485 = CARTESIAN_POINT('',(0.,30.5));
#8486 = VECTOR('',#8487,1.);
#8487 = DIRECTION('',(1.,0.));
#8488 = ( GEOMETRIC_REPRESENTATION_CONTEXT(2) 
PARAMETRIC_REPRESENTATION_CONTEXT() REPRESENTATION_CONTEXT('2D SPACE',''
  ) );
#8489 = PCURVE('',#44,#8490);
#8490 = DEFINITIONAL_REPRESENTATION('',(#8491),#8499);
#8491 = ( BOUNDED_CURVE() B_SPLINE_CURVE(2,(#8492,#8493,#8494,#8495,
#8496,#8497,#8498),.UNSPECIFIED.,.T.,.F.) B_SPLINE_CURVE_WITH_KNOTS((1,2
    ,2,2,2,1),(-2.094395102393,0.,2.094395102393,4.188790204786,
6.28318530718,8.377580409573),.UNSPECIFIED.) CURVE() 
GEOMETRIC_REPRESENTATION_ITEM() RATIONAL_B_SPLINE_CURVE((1.,0.5,1.,0.5,
1.,0.5,1.)) REPRESENTATION_ITEM('') );
#8492 = CARTESIAN_POINT('',(13.5,58.6));
#8493 = CARTESIAN_POINT('',(16.27128129211,58.6));
#8494 = CARTESIAN_POINT('',(14.885640646055,56.2));
#8495 = CARTESIAN_POINT('',(13.5,53.8));
#8496 = CARTESIAN_POINT('',(12.114359353945,56.2));
#8497 = CARTESIAN_POINT('',(10.72871870789,58.6));
#8498 = CARTESIAN_POINT('',(13.5,58.6));
#8499 = ( GEOMETRIC_REPRESENTATION_CONTEXT(2) 
PARAMETRIC_REPRESENTATION_CONTEXT() REPRESENTATION_CONTEXT('2D SPACE',''
  ) );
#8500 = ORIENTED_EDGE('',*,*,#8501,.F.);
#8501 = EDGE_CURVE('',#8349,#8474,#8502,.T.);
#8502 = SEAM_CURVE('',#8503,(#8507,#8514),.PCURVE_S1.);
#8503 = LINE('',#8504,#8505);
#8504 = CARTESIAN_POINT('',(58.6,30.5,16.));
#8505 = VECTOR('',#8506,1.);
#8506 = DIRECTION('',(0.,-1.,0.));
#8507 = PCURVE('',#8369,#8508);
#8508 = DEFINITIONAL_REPRESENTATION('',(#8509),#8513);
#8509 = LINE('',#8510,#8511);
#8510 = CARTESIAN_POINT('',(6.28318530718,-0.));
#8511 = VECTOR('',#8512,1.);
#8512 = DIRECTION('',(0.,1.));
#8513 = ( GEOMETRIC_REPRESENTATION_CONTEXT(2) 
PARAMETRIC_REPRESENTATION_CONTEXT() REPRESENTATION_CONTEXT('2D SPACE',''
  ) );
#8514 = PCURVE('',#8369,#8515);
#8515 = DEFINITIONAL_REPRESENTATION('',(#8516),#8520);
#8516 = LINE('',#8517,#8518);
#8517 = CARTESIAN_POINT('',(0.,-0.));
#8518 = VECTOR('',#8519,1.);
#8519 = DIRECTION('',(0.,1.));
#8520 = ( GEOMETRIC_REPRESENTATION_CONTEXT(2) 
PARAMETRIC_REPRESENTATION_CONTEXT() REPRESENTATION_CONTEXT('2D SPACE',''
  ) );
#8521 = ORIENTED_EDGE('',*,*,#8348,.T.);
#8522 = ORIENTED_EDGE('',*,*,#8501,.T.);
#8523 = ADVANCED_FACE('',(#8524),#8331,.F.);
#8524 = FACE_BOUND('',#8525,.F.);
#8525 = EDGE_LOOP('',(#8526,#8554,#8575,#8576));
#8526 = ORIENTED_EDGE('',*,*,#8527,.F.);
#8527 = EDGE_CURVE('',#8528,#8528,#8530,.T.);
#8528 = VERTEX_POINT('',#8529);
#8529 = CARTESIAN_POINT('',(15.1,0.,16.));
#8530 = SURFACE_CURVE('',#8531,(#8536,#8543),.PCURVE_S1.);
#8531 = CIRCLE('',#8532,1.6);
#8532 = AXIS2_PLACEMENT_3D('',#8533,#8534,#8535);
#8533 = CARTESIAN_POINT('',(13.5,0.,16.));
#8534 = DIRECTION('',(0.,-1.,0.));
#8535 = DIRECTION('',(1.,0.,0.));
#8536 = PCURVE('',#8331,#8537);
#8537 = DEFINITIONAL_REPRESENTATION('',(#8538),#8542);
#8538 = LINE('',#8539,#8540);
#8539 = CARTESIAN_POINT('',(0.,30.5));
#8540 = VECTOR('',#8541,1.);
#8541 = DIRECTION('',(1.,0.));
#8542 = ( GEOMETRIC_REPRESENTATION_CONTEXT(2) 
PARAMETRIC_REPRESENTATION_CONTEXT() REPRESENTATION_CONTEXT('2D SPACE',''
  ) );
#8543 = PCURVE('',#44,#8544);
#8544 = DEFINITIONAL_REPRESENTATION('',(#8545),#8553);
#8545 = ( BOUNDED_CURVE() B_SPLINE_CURVE(2,(#8546,#8547,#8548,#8549,
#8550,#8551,#8552),.UNSPECIFIED.,.T.,.F.) B_SPLINE_CURVE_WITH_KNOTS((1,2
    ,2,2,2,1),(-2.094395102393,0.,2.094395102393,4.188790204786,
6.28318530718,8.377580409573),.UNSPECIFIED.) CURVE() 
GEOMETRIC_REPRESENTATION_ITEM() RATIONAL_B_SPLINE_CURVE((1.,0.5,1.,0.5,
1.,0.5,1.)) REPRESENTATION_ITEM('') );
#8546 = CARTESIAN_POINT('',(13.5,15.1));
#8547 = CARTESIAN_POINT('',(16.27128129211,15.1));
#8548 = CARTESIAN_POINT('',(14.885640646055,12.7));
#8549 = CARTESIAN_POINT('',(13.5,10.3));
#8550 = CARTESIAN_POINT('',(12.114359353945,12.7));
#8551 = CARTESIAN_POINT('',(10.72871870789,15.1));
#8552 = CARTESIAN_POINT('',(13.5,15.1));
#8553 = ( GEOMETRIC_REPRESENTATION_CONTEXT(2) 
PARAMETRIC_REPRESENTATION_CONTEXT() REPRESENTATION_CONTEXT('2D SPACE',''
  ) );
#8554 = ORIENTED_EDGE('',*,*,#8555,.F.);
#8555 = EDGE_CURVE('',#8311,#8528,#8556,.T.);
#8556 = SEAM_CURVE('',#8557,(#8561,#8568),.PCURVE_S1.);
#8557 = LINE('',#8558,#8559);
#8558 = CARTESIAN_POINT('',(15.1,30.5,16.));
#8559 = VECTOR('',#8560,1.);
#8560 = DIRECTION('',(0.,-1.,0.));
#8561 = PCURVE('',#8331,#8562);
#8562 = DEFINITIONAL_REPRESENTATION('',(#8563),#8567);
#8563 = LINE('',#8564,#8565);
#8564 = CARTESIAN_POINT('',(6.28318530718,-0.));
#8565 = VECTOR('',#8566,1.);
#8566 = DIRECTION('',(0.,1.));
#8567 = ( GEOMETRIC_REPRESENTATION_CONTEXT(2) 
PARAMETRIC_REPRESENTATION_CONTEXT() REPRESENTATION_CONTEXT('2D SPACE',''
  ) );
#8568 = PCURVE('',#8331,#8569);
#8569 = DEFINITIONAL_REPRESENTATION('',(#8570),#8574);
#8570 = LINE('',#8571,#8572);
#8571 = CARTESIAN_POINT('',(0.,-0.));
#8572 = VECTOR('',#8573,1.);
#8573 = DIRECTION('',(0.,1.));
#8574 = ( GEOMETRIC_REPRESENTATION_CONTEXT(2) 
PARAMETRIC_REPRESENTATION_CONTEXT() REPRESENTATION_CONTEXT('2D SPACE',''
  ) );
#8575 = ORIENTED_EDGE('',*,*,#8310,.T.);
#8576 = ORIENTED_EDGE('',*,*,#8555,.T.);
#8577 = ADVANCED_FACE('',(#8578),#8296,.F.);
#8578 = FACE_BOUND('',#8579,.F.);
#8579 = EDGE_LOOP('',(#8580,#8608,#8629,#8630));
#8580 = ORIENTED_EDGE('',*,*,#8581,.F.);
#8581 = EDGE_CURVE('',#8582,#8582,#8584,.T.);
#8582 = VERTEX_POINT('',#8583);
#8583 = CARTESIAN_POINT('',(6.1,0.,16.));
#8584 = SURFACE_CURVE('',#8585,(#8590,#8597),.PCURVE_S1.);
#8585 = CIRCLE('',#8586,1.6);
#8586 = AXIS2_PLACEMENT_3D('',#8587,#8588,#8589);
#8587 = CARTESIAN_POINT('',(4.5,0.,16.));
#8588 = DIRECTION('',(0.,-1.,0.));
#8589 = DIRECTION('',(1.,0.,0.));
#8590 = PCURVE('',#8296,#8591);
#8591 = DEFINITIONAL_REPRESENTATION('',(#8592),#8596);
#8592 = LINE('',#8593,#8594);
#8593 = CARTESIAN_POINT('',(0.,30.5));
#8594 = VECTOR('',#8595,1.);
#8595 = DIRECTION('',(1.,0.));
#8596 = ( GEOMETRIC_REPRESENTATION_CONTEXT(2) 
PARAMETRIC_REPRESENTATION_CONTEXT() REPRESENTATION_CONTEXT('2D SPACE',''
  ) );
#8597 = PCURVE('',#44,#8598);
#8598 = DEFINITIONAL_REPRESENTATION('',(#8599),#8607);
#8599 = ( BOUNDED_CURVE() B_SPLINE_CURVE(2,(#8600,#8601,#8602,#8603,
#8604,#8605,#8606),.UNSPECIFIED.,.T.,.F.) B_SPLINE_CURVE_WITH_KNOTS((1,2
    ,2,2,2,1),(-2.094395102393,0.,2.094395102393,4.188790204786,
6.28318530718,8.377580409573),.UNSPECIFIED.) CURVE() 
GEOMETRIC_REPRESENTATION_ITEM() RATIONAL_B_SPLINE_CURVE((1.,0.5,1.,0.5,
1.,0.5,1.)) REPRESENTATION_ITEM('') );
#8600 = CARTESIAN_POINT('',(13.5,6.1));
#8601 = CARTESIAN_POINT('',(16.27128129211,6.1));
#8602 = CARTESIAN_POINT('',(14.885640646055,3.7));
#8603 = CARTESIAN_POINT('',(13.5,1.3));
#8604 = CARTESIAN_POINT('',(12.114359353945,3.7));
#8605 = CARTESIAN_POINT('',(10.72871870789,6.1));
#8606 = CARTESIAN_POINT('',(13.5,6.1));
#8607 = ( GEOMETRIC_REPRESENTATION_CONTEXT(2) 
PARAMETRIC_REPRESENTATION_CONTEXT() REPRESENTATION_CONTEXT('2D SPACE',''
  ) );
#8608 = ORIENTED_EDGE('',*,*,#8609,.F.);
#8609 = EDGE_CURVE('',#8276,#8582,#8610,.T.);
#8610 = SEAM_CURVE('',#8611,(#8615,#8622),.PCURVE_S1.);
#8611 = LINE('',#8612,#8613);
#8612 = CARTESIAN_POINT('',(6.1,30.5,16.));
#8613 = VECTOR('',#8614,1.);
#8614 = DIRECTION('',(0.,-1.,0.));
#8615 = PCURVE('',#8296,#8616);
#8616 = DEFINITIONAL_REPRESENTATION('',(#8617),#8621);
#8617 = LINE('',#8618,#8619);
#8618 = CARTESIAN_POINT('',(6.28318530718,-0.));
#8619 = VECTOR('',#8620,1.);
#8620 = DIRECTION('',(0.,1.));
#8621 = ( GEOMETRIC_REPRESENTATION_CONTEXT(2) 
PARAMETRIC_REPRESENTATION_CONTEXT() REPRESENTATION_CONTEXT('2D SPACE',''
  ) );
#8622 = PCURVE('',#8296,#8623);
#8623 = DEFINITIONAL_REPRESENTATION('',(#8624),#8628);
#8624 = LINE('',#8625,#8626);
#8625 = CARTESIAN_POINT('',(0.,-0.));
#8626 = VECTOR('',#8627,1.);
#8627 = DIRECTION('',(0.,1.));
#8628 = ( GEOMETRIC_REPRESENTATION_CONTEXT(2) 
PARAMETRIC_REPRESENTATION_CONTEXT() REPRESENTATION_CONTEXT('2D SPACE',''
  ) );
#8629 = ORIENTED_EDGE('',*,*,#8275,.T.);
#8630 = ORIENTED_EDGE('',*,*,#8609,.T.);
#8631 = ADVANCED_FACE('',(#8632,#8658,#8982,#8988,#8994),#126,.T.);
#8632 = FACE_BOUND('',#8633,.T.);
#8633 = EDGE_LOOP('',(#8634,#8635,#8656,#8657));
#8634 = ORIENTED_EDGE('',*,*,#112,.F.);
#8635 = ORIENTED_EDGE('',*,*,#8636,.T.);
#8636 = EDGE_CURVE('',#24,#8089,#8637,.T.);
#8637 = SURFACE_CURVE('',#8638,(#8642,#8649),.PCURVE_S1.);
#8638 = LINE('',#8639,#8640);
#8639 = CARTESIAN_POINT('',(0.,0.,24.));
#8640 = VECTOR('',#8641,1.);
#8641 = DIRECTION('',(1.,0.,-0.));
#8642 = PCURVE('',#126,#8643);
#8643 = DEFINITIONAL_REPRESENTATION('',(#8644),#8648);
#8644 = LINE('',#8645,#8646);
#8645 = CARTESIAN_POINT('',(0.,0.));
#8646 = VECTOR('',#8647,1.);
#8647 = DIRECTION('',(1.,0.));
#8648 = ( GEOMETRIC_REPRESENTATION_CONTEXT(2) 
PARAMETRIC_REPRESENTATION_CONTEXT() REPRESENTATION_CONTEXT('2D SPACE',''
  ) );
#8649 = PCURVE('',#44,#8650);
#8650 = DEFINITIONAL_REPRESENTATION('',(#8651),#8655);
#8651 = LINE('',#8652,#8653);
#8652 = CARTESIAN_POINT('',(21.5,0.));
#8653 = VECTOR('',#8654,1.);
#8654 = DIRECTION('',(0.,1.));
#8655 = ( GEOMETRIC_REPRESENTATION_CONTEXT(2) 
PARAMETRIC_REPRESENTATION_CONTEXT() REPRESENTATION_CONTEXT('2D SPACE',''
  ) );
#8656 = ORIENTED_EDGE('',*,*,#8135,.T.);
#8657 = ORIENTED_EDGE('',*,*,#8251,.F.);
#8658 = FACE_BOUND('',#8659,.T.);
#8659 = EDGE_LOOP('',(#8660,#8689,#8717,#8744,#8771,#8798,#8821,#8848,
    #8876,#8903,#8930,#8957));
#8660 = ORIENTED_EDGE('',*,*,#8661,.T.);
#8661 = EDGE_CURVE('',#8662,#8664,#8666,.T.);
#8662 = VERTEX_POINT('',#8663);
#8663 = CARTESIAN_POINT('',(27.5,2.5,24.));
#8664 = VERTEX_POINT('',#8665);
#8665 = CARTESIAN_POINT('',(26.5,2.5,24.));
#8666 = SURFACE_CURVE('',#8667,(#8671,#8678),.PCURVE_S1.);
#8667 = LINE('',#8668,#8669);
#8668 = CARTESIAN_POINT('',(1.25,2.5,24.));
#8669 = VECTOR('',#8670,1.);
#8670 = DIRECTION('',(-1.,-0.,0.));
#8671 = PCURVE('',#126,#8672);
#8672 = DEFINITIONAL_REPRESENTATION('',(#8673),#8677);
#8673 = LINE('',#8674,#8675);
#8674 = CARTESIAN_POINT('',(1.25,2.5));
#8675 = VECTOR('',#8676,1.);
#8676 = DIRECTION('',(-1.,0.));
#8677 = ( GEOMETRIC_REPRESENTATION_CONTEXT(2) 
PARAMETRIC_REPRESENTATION_CONTEXT() REPRESENTATION_CONTEXT('2D SPACE',''
  ) );
#8678 = PCURVE('',#8679,#8684);
#8679 = PLANE('',#8680);
#8680 = AXIS2_PLACEMENT_3D('',#8681,#8682,#8683);
#8681 = CARTESIAN_POINT('',(2.5,2.5,13.));
#8682 = DIRECTION('',(-0.,1.,0.));
#8683 = DIRECTION('',(0.,0.,1.));
#8684 = DEFINITIONAL_REPRESENTATION('',(#8685),#8688);
#8685 = B_SPLINE_CURVE_WITH_KNOTS('',1,(#8686,#8687),.UNSPECIFIED.,.F.,
  .F.,(2,2),(-26.25,-1.25),.PIECEWISE_BEZIER_KNOTS.);
#8686 = CARTESIAN_POINT('',(11.,25.));
#8687 = CARTESIAN_POINT('',(11.,0.));
#8688 = ( GEOMETRIC_REPRESENTATION_CONTEXT(2) 
PARAMETRIC_REPRESENTATION_CONTEXT() REPRESENTATION_CONTEXT('2D SPACE',''
  ) );
#8689 = ORIENTED_EDGE('',*,*,#8690,.T.);
#8690 = EDGE_CURVE('',#8664,#8691,#8693,.T.);
#8691 = VERTEX_POINT('',#8692);
#8692 = CARTESIAN_POINT('',(26.5,18.5,24.));
#8693 = SURFACE_CURVE('',#8694,(#8698,#8705),.PCURVE_S1.);
#8694 = LINE('',#8695,#8696);
#8695 = CARTESIAN_POINT('',(26.5,-3.,24.));
#8696 = VECTOR('',#8697,1.);
#8697 = DIRECTION('',(-0.,1.,0.));
#8698 = PCURVE('',#126,#8699);
#8699 = DEFINITIONAL_REPRESENTATION('',(#8700),#8704);
#8700 = LINE('',#8701,#8702);
#8701 = CARTESIAN_POINT('',(26.5,-3.));
#8702 = VECTOR('',#8703,1.);
#8703 = DIRECTION('',(0.,1.));
#8704 = ( GEOMETRIC_REPRESENTATION_CONTEXT(2) 
PARAMETRIC_REPRESENTATION_CONTEXT() REPRESENTATION_CONTEXT('2D SPACE',''
  ) );
#8705 = PCURVE('',#8706,#8711);
#8706 = PLANE('',#8707);
#8707 = AXIS2_PLACEMENT_3D('',#8708,#8709,#8710);
#8708 = CARTESIAN_POINT('',(26.5,-3.,11.));
#8709 = DIRECTION('',(1.,0.,-0.));
#8710 = DIRECTION('',(0.,0.,1.));
#8711 = DEFINITIONAL_REPRESENTATION('',(#8712),#8716);
#8712 = LINE('',#8713,#8714);
#8713 = CARTESIAN_POINT('',(13.,0.));
#8714 = VECTOR('',#8715,1.);
#8715 = DIRECTION('',(0.,-1.));
#8716 = ( GEOMETRIC_REPRESENTATION_CONTEXT(2) 
PARAMETRIC_REPRESENTATION_CONTEXT() REPRESENTATION_CONTEXT('2D SPACE',''
  ) );
#8717 = ORIENTED_EDGE('',*,*,#8718,.F.);
#8718 = EDGE_CURVE('',#8719,#8691,#8721,.T.);
#8719 = VERTEX_POINT('',#8720);
#8720 = CARTESIAN_POINT('',(39.5,18.5,24.));
#8721 = SURFACE_CURVE('',#8722,(#8726,#8733),.PCURVE_S1.);
#8722 = LINE('',#8723,#8724);
#8723 = CARTESIAN_POINT('',(7.75,18.5,24.));
#8724 = VECTOR('',#8725,1.);
#8725 = DIRECTION('',(-1.,-0.,0.));
#8726 = PCURVE('',#126,#8727);
#8727 = DEFINITIONAL_REPRESENTATION('',(#8728),#8732);
#8728 = LINE('',#8729,#8730);
#8729 = CARTESIAN_POINT('',(7.75,18.5));
#8730 = VECTOR('',#8731,1.);
#8731 = DIRECTION('',(-1.,0.));
#8732 = ( GEOMETRIC_REPRESENTATION_CONTEXT(2) 
PARAMETRIC_REPRESENTATION_CONTEXT() REPRESENTATION_CONTEXT('2D SPACE',''
  ) );
#8733 = PCURVE('',#8734,#8739);
#8734 = PLANE('',#8735);
#8735 = AXIS2_PLACEMENT_3D('',#8736,#8737,#8738);
#8736 = CARTESIAN_POINT('',(15.5,18.5,17.5));
#8737 = DIRECTION('',(-0.,1.,0.));
#8738 = DIRECTION('',(0.,0.,1.));
#8739 = DEFINITIONAL_REPRESENTATION('',(#8740),#8743);
#8740 = B_SPLINE_CURVE_WITH_KNOTS('',1,(#8741,#8742),.UNSPECIFIED.,.F.,
  .F.,(2,2),(-31.75,-7.75),.PIECEWISE_BEZIER_KNOTS.);
#8741 = CARTESIAN_POINT('',(6.5,24.));
#8742 = CARTESIAN_POINT('',(6.5,0.));
#8743 = ( GEOMETRIC_REPRESENTATION_CONTEXT(2) 
PARAMETRIC_REPRESENTATION_CONTEXT() REPRESENTATION_CONTEXT('2D SPACE',''
  ) );
#8744 = ORIENTED_EDGE('',*,*,#8745,.T.);
#8745 = EDGE_CURVE('',#8719,#8746,#8748,.T.);
#8746 = VERTEX_POINT('',#8747);
#8747 = CARTESIAN_POINT('',(39.5,25.5,24.));
#8748 = SURFACE_CURVE('',#8749,(#8753,#8760),.PCURVE_S1.);
#8749 = LINE('',#8750,#8751);
#8750 = CARTESIAN_POINT('',(39.5,9.25,24.));
#8751 = VECTOR('',#8752,1.);
#8752 = DIRECTION('',(-0.,1.,0.));
#8753 = PCURVE('',#126,#8754);
#8754 = DEFINITIONAL_REPRESENTATION('',(#8755),#8759);
#8755 = LINE('',#8756,#8757);
#8756 = CARTESIAN_POINT('',(39.5,9.25));
#8757 = VECTOR('',#8758,1.);
#8758 = DIRECTION('',(0.,1.));
#8759 = ( GEOMETRIC_REPRESENTATION_CONTEXT(2) 
PARAMETRIC_REPRESENTATION_CONTEXT() REPRESENTATION_CONTEXT('2D SPACE',''
  ) );
#8760 = PCURVE('',#8761,#8766);
#8761 = PLANE('',#8762);
#8762 = AXIS2_PLACEMENT_3D('',#8763,#8764,#8765);
#8763 = CARTESIAN_POINT('',(39.5,18.5,17.5));
#8764 = DIRECTION('',(1.,0.,-0.));
#8765 = DIRECTION('',(0.,0.,1.));
#8766 = DEFINITIONAL_REPRESENTATION('',(#8767),#8770);
#8767 = B_SPLINE_CURVE_WITH_KNOTS('',1,(#8768,#8769),.UNSPECIFIED.,.F.,
  .F.,(2,2),(9.25,16.25),.PIECEWISE_BEZIER_KNOTS.);
#8768 = CARTESIAN_POINT('',(6.5,0.));
#8769 = CARTESIAN_POINT('',(6.5,-7.));
#8770 = ( GEOMETRIC_REPRESENTATION_CONTEXT(2) 
PARAMETRIC_REPRESENTATION_CONTEXT() REPRESENTATION_CONTEXT('2D SPACE',''
  ) );
#8771 = ORIENTED_EDGE('',*,*,#8772,.T.);
#8772 = EDGE_CURVE('',#8746,#8773,#8775,.T.);
#8773 = VERTEX_POINT('',#8774);
#8774 = CARTESIAN_POINT('',(26.5,25.5,24.));
#8775 = SURFACE_CURVE('',#8776,(#8780,#8787),.PCURVE_S1.);
#8776 = LINE('',#8777,#8778);
#8777 = CARTESIAN_POINT('',(7.75,25.5,24.));
#8778 = VECTOR('',#8779,1.);
#8779 = DIRECTION('',(-1.,-0.,0.));
#8780 = PCURVE('',#126,#8781);
#8781 = DEFINITIONAL_REPRESENTATION('',(#8782),#8786);
#8782 = LINE('',#8783,#8784);
#8783 = CARTESIAN_POINT('',(7.75,25.5));
#8784 = VECTOR('',#8785,1.);
#8785 = DIRECTION('',(-1.,0.));
#8786 = ( GEOMETRIC_REPRESENTATION_CONTEXT(2) 
PARAMETRIC_REPRESENTATION_CONTEXT() REPRESENTATION_CONTEXT('2D SPACE',''
  ) );
#8787 = PCURVE('',#8788,#8793);
#8788 = PLANE('',#8789);
#8789 = AXIS2_PLACEMENT_3D('',#8790,#8791,#8792);
#8790 = CARTESIAN_POINT('',(15.5,25.5,17.5));
#8791 = DIRECTION('',(-0.,1.,0.));
#8792 = DIRECTION('',(0.,0.,1.));
#8793 = DEFINITIONAL_REPRESENTATION('',(#8794),#8797);
#8794 = B_SPLINE_CURVE_WITH_KNOTS('',1,(#8795,#8796),.UNSPECIFIED.,.F.,
  .F.,(2,2),(-31.75,-7.75),.PIECEWISE_BEZIER_KNOTS.);
#8795 = CARTESIAN_POINT('',(6.5,24.));
#8796 = CARTESIAN_POINT('',(6.5,0.));
#8797 = ( GEOMETRIC_REPRESENTATION_CONTEXT(2) 
PARAMETRIC_REPRESENTATION_CONTEXT() REPRESENTATION_CONTEXT('2D SPACE',''
  ) );
#8798 = ORIENTED_EDGE('',*,*,#8799,.T.);
#8799 = EDGE_CURVE('',#8773,#8800,#8802,.T.);
#8800 = VERTEX_POINT('',#8801);
#8801 = CARTESIAN_POINT('',(26.5,27.5,24.));
#8802 = SURFACE_CURVE('',#8803,(#8807,#8814),.PCURVE_S1.);
#8803 = LINE('',#8804,#8805);
#8804 = CARTESIAN_POINT('',(26.5,-3.,24.));
#8805 = VECTOR('',#8806,1.);
#8806 = DIRECTION('',(-0.,1.,0.));
#8807 = PCURVE('',#126,#8808);
#8808 = DEFINITIONAL_REPRESENTATION('',(#8809),#8813);
#8809 = LINE('',#8810,#8811);
#8810 = CARTESIAN_POINT('',(26.5,-3.));
#8811 = VECTOR('',#8812,1.);
#8812 = DIRECTION('',(0.,1.));
#8813 = ( GEOMETRIC_REPRESENTATION_CONTEXT(2) 
PARAMETRIC_REPRESENTATION_CONTEXT() REPRESENTATION_CONTEXT('2D SPACE',''
  ) );
#8814 = PCURVE('',#8706,#8815);
#8815 = DEFINITIONAL_REPRESENTATION('',(#8816),#8820);
#8816 = LINE('',#8817,#8818);
#8817 = CARTESIAN_POINT('',(13.,0.));
#8818 = VECTOR('',#8819,1.);
#8819 = DIRECTION('',(0.,-1.));
#8820 = ( GEOMETRIC_REPRESENTATION_CONTEXT(2) 
PARAMETRIC_REPRESENTATION_CONTEXT() REPRESENTATION_CONTEXT('2D SPACE',''
  ) );
#8821 = ORIENTED_EDGE('',*,*,#8822,.F.);
#8822 = EDGE_CURVE('',#8823,#8800,#8825,.T.);
#8823 = VERTEX_POINT('',#8824);
#8824 = CARTESIAN_POINT('',(43.5,27.5,24.));
#8825 = SURFACE_CURVE('',#8826,(#8830,#8837),.PCURVE_S1.);
#8826 = LINE('',#8827,#8828);
#8827 = CARTESIAN_POINT('',(1.25,27.5,24.));
#8828 = VECTOR('',#8829,1.);
#8829 = DIRECTION('',(-1.,-0.,0.));
#8830 = PCURVE('',#126,#8831);
#8831 = DEFINITIONAL_REPRESENTATION('',(#8832),#8836);
#8832 = LINE('',#8833,#8834);
#8833 = CARTESIAN_POINT('',(1.25,27.5));
#8834 = VECTOR('',#8835,1.);
#8835 = DIRECTION('',(-1.,0.));
#8836 = ( GEOMETRIC_REPRESENTATION_CONTEXT(2) 
PARAMETRIC_REPRESENTATION_CONTEXT() REPRESENTATION_CONTEXT('2D SPACE',''
  ) );
#8837 = PCURVE('',#8838,#8843);
#8838 = PLANE('',#8839);
#8839 = AXIS2_PLACEMENT_3D('',#8840,#8841,#8842);
#8840 = CARTESIAN_POINT('',(2.5,27.5,13.));
#8841 = DIRECTION('',(-0.,1.,0.));
#8842 = DIRECTION('',(0.,0.,1.));
#8843 = DEFINITIONAL_REPRESENTATION('',(#8844),#8847);
#8844 = B_SPLINE_CURVE_WITH_KNOTS('',1,(#8845,#8846),.UNSPECIFIED.,.F.,
  .F.,(2,2),(-66.25,-1.25),.PIECEWISE_BEZIER_KNOTS.);
#8845 = CARTESIAN_POINT('',(11.,65.));
#8846 = CARTESIAN_POINT('',(11.,0.));
#8847 = ( GEOMETRIC_REPRESENTATION_CONTEXT(2) 
PARAMETRIC_REPRESENTATION_CONTEXT() REPRESENTATION_CONTEXT('2D SPACE',''
  ) );
#8848 = ORIENTED_EDGE('',*,*,#8849,.F.);
#8849 = EDGE_CURVE('',#8850,#8823,#8852,.T.);
#8850 = VERTEX_POINT('',#8851);
#8851 = CARTESIAN_POINT('',(43.5,2.5,24.));
#8852 = SURFACE_CURVE('',#8853,(#8857,#8864),.PCURVE_S1.);
#8853 = LINE('',#8854,#8855);
#8854 = CARTESIAN_POINT('',(43.5,-3.,24.));
#8855 = VECTOR('',#8856,1.);
#8856 = DIRECTION('',(-0.,1.,0.));
#8857 = PCURVE('',#126,#8858);
#8858 = DEFINITIONAL_REPRESENTATION('',(#8859),#8863);
#8859 = LINE('',#8860,#8861);
#8860 = CARTESIAN_POINT('',(43.5,-3.));
#8861 = VECTOR('',#8862,1.);
#8862 = DIRECTION('',(0.,1.));
#8863 = ( GEOMETRIC_REPRESENTATION_CONTEXT(2) 
PARAMETRIC_REPRESENTATION_CONTEXT() REPRESENTATION_CONTEXT('2D SPACE',''
  ) );
#8864 = PCURVE('',#8865,#8870);
#8865 = PLANE('',#8866);
#8866 = AXIS2_PLACEMENT_3D('',#8867,#8868,#8869);
#8867 = CARTESIAN_POINT('',(43.5,-3.,11.));
#8868 = DIRECTION('',(1.,0.,-0.));
#8869 = DIRECTION('',(0.,0.,1.));
#8870 = DEFINITIONAL_REPRESENTATION('',(#8871),#8875);
#8871 = LINE('',#8872,#8873);
#8872 = CARTESIAN_POINT('',(13.,0.));
#8873 = VECTOR('',#8874,1.);
#8874 = DIRECTION('',(0.,-1.));
#8875 = ( GEOMETRIC_REPRESENTATION_CONTEXT(2) 
PARAMETRIC_REPRESENTATION_CONTEXT() REPRESENTATION_CONTEXT('2D SPACE',''
  ) );
#8876 = ORIENTED_EDGE('',*,*,#8877,.T.);
#8877 = EDGE_CURVE('',#8850,#8878,#8880,.T.);
#8878 = VERTEX_POINT('',#8879);
#8879 = CARTESIAN_POINT('',(42.5,2.5,24.));
#8880 = SURFACE_CURVE('',#8881,(#8885,#8892),.PCURVE_S1.);
#8881 = LINE('',#8882,#8883);
#8882 = CARTESIAN_POINT('',(1.25,2.5,24.));
#8883 = VECTOR('',#8884,1.);
#8884 = DIRECTION('',(-1.,-0.,0.));
#8885 = PCURVE('',#126,#8886);
#8886 = DEFINITIONAL_REPRESENTATION('',(#8887),#8891);
#8887 = LINE('',#8888,#8889);
#8888 = CARTESIAN_POINT('',(1.25,2.5));
#8889 = VECTOR('',#8890,1.);
#8890 = DIRECTION('',(-1.,0.));
#8891 = ( GEOMETRIC_REPRESENTATION_CONTEXT(2) 
PARAMETRIC_REPRESENTATION_CONTEXT() REPRESENTATION_CONTEXT('2D SPACE',''
  ) );
#8892 = PCURVE('',#8893,#8898);
#8893 = PLANE('',#8894);
#8894 = AXIS2_PLACEMENT_3D('',#8895,#8896,#8897);
#8895 = CARTESIAN_POINT('',(2.5,2.5,13.));
#8896 = DIRECTION('',(-0.,1.,0.));
#8897 = DIRECTION('',(0.,0.,1.));
#8898 = DEFINITIONAL_REPRESENTATION('',(#8899),#8902);
#8899 = B_SPLINE_CURVE_WITH_KNOTS('',1,(#8900,#8901),.UNSPECIFIED.,.F.,
  .F.,(2,2),(-66.25,-41.25),.PIECEWISE_BEZIER_KNOTS.);
#8900 = CARTESIAN_POINT('',(11.,65.));
#8901 = CARTESIAN_POINT('',(11.,40.));
#8902 = ( GEOMETRIC_REPRESENTATION_CONTEXT(2) 
PARAMETRIC_REPRESENTATION_CONTEXT() REPRESENTATION_CONTEXT('2D SPACE',''
  ) );
#8903 = ORIENTED_EDGE('',*,*,#8904,.T.);
#8904 = EDGE_CURVE('',#8878,#8905,#8907,.T.);
#8905 = VERTEX_POINT('',#8906);
#8906 = CARTESIAN_POINT('',(42.5,10.5,24.));
#8907 = SURFACE_CURVE('',#8908,(#8912,#8919),.PCURVE_S1.);
#8908 = LINE('',#8909,#8910);
#8909 = CARTESIAN_POINT('',(42.5,-0.5,24.));
#8910 = VECTOR('',#8911,1.);
#8911 = DIRECTION('',(-0.,1.,0.));
#8912 = PCURVE('',#126,#8913);
#8913 = DEFINITIONAL_REPRESENTATION('',(#8914),#8918);
#8914 = LINE('',#8915,#8916);
#8915 = CARTESIAN_POINT('',(42.5,-0.5));
#8916 = VECTOR('',#8917,1.);
#8917 = DIRECTION('',(0.,1.));
#8918 = ( GEOMETRIC_REPRESENTATION_CONTEXT(2) 
PARAMETRIC_REPRESENTATION_CONTEXT() REPRESENTATION_CONTEXT('2D SPACE',''
  ) );
#8919 = PCURVE('',#8920,#8925);
#8920 = PLANE('',#8921);
#8921 = AXIS2_PLACEMENT_3D('',#8922,#8923,#8924);
#8922 = CARTESIAN_POINT('',(42.5,-1.,10.));
#8923 = DIRECTION('',(1.,0.,-0.));
#8924 = DIRECTION('',(0.,0.,1.));
#8925 = DEFINITIONAL_REPRESENTATION('',(#8926),#8929);
#8926 = B_SPLINE_CURVE_WITH_KNOTS('',1,(#8927,#8928),.UNSPECIFIED.,.F.,
  .F.,(2,2),(3.,11.),.PIECEWISE_BEZIER_KNOTS.);
#8927 = CARTESIAN_POINT('',(14.,-3.5));
#8928 = CARTESIAN_POINT('',(14.,-11.5));
#8929 = ( GEOMETRIC_REPRESENTATION_CONTEXT(2) 
PARAMETRIC_REPRESENTATION_CONTEXT() REPRESENTATION_CONTEXT('2D SPACE',''
  ) );
#8930 = ORIENTED_EDGE('',*,*,#8931,.T.);
#8931 = EDGE_CURVE('',#8905,#8932,#8934,.T.);
#8932 = VERTEX_POINT('',#8933);
#8933 = CARTESIAN_POINT('',(27.5,10.5,24.));
#8934 = SURFACE_CURVE('',#8935,(#8939,#8946),.PCURVE_S1.);
#8935 = LINE('',#8936,#8937);
#8936 = CARTESIAN_POINT('',(13.75,10.5,24.));
#8937 = VECTOR('',#8938,1.);
#8938 = DIRECTION('',(-1.,-0.,0.));
#8939 = PCURVE('',#126,#8940);
#8940 = DEFINITIONAL_REPRESENTATION('',(#8941),#8945);
#8941 = LINE('',#8942,#8943);
#8942 = CARTESIAN_POINT('',(13.75,10.5));
#8943 = VECTOR('',#8944,1.);
#8944 = DIRECTION('',(-1.,0.));
#8945 = ( GEOMETRIC_REPRESENTATION_CONTEXT(2) 
PARAMETRIC_REPRESENTATION_CONTEXT() REPRESENTATION_CONTEXT('2D SPACE',''
  ) );
#8946 = PCURVE('',#8947,#8952);
#8947 = PLANE('',#8948);
#8948 = AXIS2_PLACEMENT_3D('',#8949,#8950,#8951);
#8949 = CARTESIAN_POINT('',(27.5,10.5,10.));
#8950 = DIRECTION('',(-0.,1.,0.));
#8951 = DIRECTION('',(0.,0.,1.));
#8952 = DEFINITIONAL_REPRESENTATION('',(#8953),#8956);
#8953 = B_SPLINE_CURVE_WITH_KNOTS('',1,(#8954,#8955),.UNSPECIFIED.,.F.,
  .F.,(2,2),(-28.75,-13.75),.PIECEWISE_BEZIER_KNOTS.);
#8954 = CARTESIAN_POINT('',(14.,15.));
#8955 = CARTESIAN_POINT('',(14.,0.));
#8956 = ( GEOMETRIC_REPRESENTATION_CONTEXT(2) 
PARAMETRIC_REPRESENTATION_CONTEXT() REPRESENTATION_CONTEXT('2D SPACE',''
  ) );
#8957 = ORIENTED_EDGE('',*,*,#8958,.F.);
#8958 = EDGE_CURVE('',#8662,#8932,#8959,.T.);
#8959 = SURFACE_CURVE('',#8960,(#8964,#8971),.PCURVE_S1.);
#8960 = LINE('',#8961,#8962);
#8961 = CARTESIAN_POINT('',(27.5,-0.5,24.));
#8962 = VECTOR('',#8963,1.);
#8963 = DIRECTION('',(-0.,1.,0.));
#8964 = PCURVE('',#126,#8965);
#8965 = DEFINITIONAL_REPRESENTATION('',(#8966),#8970);
#8966 = LINE('',#8967,#8968);
#8967 = CARTESIAN_POINT('',(27.5,-0.5));
#8968 = VECTOR('',#8969,1.);
#8969 = DIRECTION('',(0.,1.));
#8970 = ( GEOMETRIC_REPRESENTATION_CONTEXT(2) 
PARAMETRIC_REPRESENTATION_CONTEXT() REPRESENTATION_CONTEXT('2D SPACE',''
  ) );
#8971 = PCURVE('',#8972,#8977);
#8972 = PLANE('',#8973);
#8973 = AXIS2_PLACEMENT_3D('',#8974,#8975,#8976);
#8974 = CARTESIAN_POINT('',(27.5,-1.,10.));
#8975 = DIRECTION('',(1.,0.,-0.));
#8976 = DIRECTION('',(0.,0.,1.));
#8977 = DEFINITIONAL_REPRESENTATION('',(#8978),#8981);
#8978 = B_SPLINE_CURVE_WITH_KNOTS('',1,(#8979,#8980),.UNSPECIFIED.,.F.,
  .F.,(2,2),(3.,11.),.PIECEWISE_BEZIER_KNOTS.);
#8979 = CARTESIAN_POINT('',(14.,-3.5));
#8980 = CARTESIAN_POINT('',(14.,-11.5));
#8981 = ( GEOMETRIC_REPRESENTATION_CONTEXT(2) 
PARAMETRIC_REPRESENTATION_CONTEXT() REPRESENTATION_CONTEXT('2D SPACE',''
  ) );
#8982 = FACE_BOUND('',#8983,.T.);
#8983 = EDGE_LOOP('',(#8984,#8985,#8986,#8987));
#8984 = ORIENTED_EDGE('',*,*,#3906,.T.);
#8985 = ORIENTED_EDGE('',*,*,#3358,.T.);
#8986 = ORIENTED_EDGE('',*,*,#3806,.F.);
#8987 = ORIENTED_EDGE('',*,*,#3883,.F.);
#8988 = FACE_BOUND('',#8989,.T.);
#8989 = EDGE_LOOP('',(#8990,#8991,#8992,#8993));
#8990 = ORIENTED_EDGE('',*,*,#5645,.F.);
#8991 = ORIENTED_EDGE('',*,*,#4997,.F.);
#8992 = ORIENTED_EDGE('',*,*,#5251,.T.);
#8993 = ORIENTED_EDGE('',*,*,#5434,.T.);
#8994 = FACE_BOUND('',#8995,.T.);
#8995 = EDGE_LOOP('',(#8996));
#8996 = ORIENTED_EDGE('',*,*,#7581,.F.);
#8997 = ADVANCED_FACE('',(#8998),#8972,.F.);
#8998 = FACE_BOUND('',#8999,.F.);
#8999 = EDGE_LOOP('',(#9000,#9028,#9049,#9050));
#9000 = ORIENTED_EDGE('',*,*,#9001,.T.);
#9001 = EDGE_CURVE('',#9002,#9004,#9006,.T.);
#9002 = VERTEX_POINT('',#9003);
#9003 = CARTESIAN_POINT('',(27.5,2.5,13.));
#9004 = VERTEX_POINT('',#9005);
#9005 = CARTESIAN_POINT('',(27.5,10.5,13.));
#9006 = SURFACE_CURVE('',#9007,(#9011,#9017),.PCURVE_S1.);
#9007 = LINE('',#9008,#9009);
#9008 = CARTESIAN_POINT('',(27.5,0.75,13.));
#9009 = VECTOR('',#9010,1.);
#9010 = DIRECTION('',(-0.,1.,0.));
#9011 = PCURVE('',#8972,#9012);
#9012 = DEFINITIONAL_REPRESENTATION('',(#9013),#9016);
#9013 = B_SPLINE_CURVE_WITH_KNOTS('',1,(#9014,#9015),.UNSPECIFIED.,.F.,
  .F.,(2,2),(1.75,9.75),.PIECEWISE_BEZIER_KNOTS.);
#9014 = CARTESIAN_POINT('',(3.,-3.5));
#9015 = CARTESIAN_POINT('',(3.,-11.5));
#9016 = ( GEOMETRIC_REPRESENTATION_CONTEXT(2) 
PARAMETRIC_REPRESENTATION_CONTEXT() REPRESENTATION_CONTEXT('2D SPACE',''
  ) );
#9017 = PCURVE('',#9018,#9023);
#9018 = PLANE('',#9019);
#9019 = AXIS2_PLACEMENT_3D('',#9020,#9021,#9022);
#9020 = CARTESIAN_POINT('',(2.5,2.5,13.));
#9021 = DIRECTION('',(0.,0.,1.));
#9022 = DIRECTION('',(1.,0.,-0.));
#9023 = DEFINITIONAL_REPRESENTATION('',(#9024),#9027);
#9024 = B_SPLINE_CURVE_WITH_KNOTS('',1,(#9025,#9026),.UNSPECIFIED.,.F.,
  .F.,(2,2),(1.75,9.75),.PIECEWISE_BEZIER_KNOTS.);
#9025 = CARTESIAN_POINT('',(25.,0.));
#9026 = CARTESIAN_POINT('',(25.,8.));
#9027 = ( GEOMETRIC_REPRESENTATION_CONTEXT(2) 
PARAMETRIC_REPRESENTATION_CONTEXT() REPRESENTATION_CONTEXT('2D SPACE',''
  ) );
#9028 = ORIENTED_EDGE('',*,*,#9029,.T.);
#9029 = EDGE_CURVE('',#9004,#8932,#9030,.T.);
#9030 = SURFACE_CURVE('',#9031,(#9035,#9042),.PCURVE_S1.);
#9031 = LINE('',#9032,#9033);
#9032 = CARTESIAN_POINT('',(27.5,10.5,10.));
#9033 = VECTOR('',#9034,1.);
#9034 = DIRECTION('',(0.,0.,1.));
#9035 = PCURVE('',#8972,#9036);
#9036 = DEFINITIONAL_REPRESENTATION('',(#9037),#9041);
#9037 = LINE('',#9038,#9039);
#9038 = CARTESIAN_POINT('',(0.,-11.5));
#9039 = VECTOR('',#9040,1.);
#9040 = DIRECTION('',(1.,0.));
#9041 = ( GEOMETRIC_REPRESENTATION_CONTEXT(2) 
PARAMETRIC_REPRESENTATION_CONTEXT() REPRESENTATION_CONTEXT('2D SPACE',''
  ) );
#9042 = PCURVE('',#8947,#9043);
#9043 = DEFINITIONAL_REPRESENTATION('',(#9044),#9048);
#9044 = LINE('',#9045,#9046);
#9045 = CARTESIAN_POINT('',(0.,0.));
#9046 = VECTOR('',#9047,1.);
#9047 = DIRECTION('',(1.,0.));
#9048 = ( GEOMETRIC_REPRESENTATION_CONTEXT(2) 
PARAMETRIC_REPRESENTATION_CONTEXT() REPRESENTATION_CONTEXT('2D SPACE',''
  ) );
#9049 = ORIENTED_EDGE('',*,*,#8958,.F.);
#9050 = ORIENTED_EDGE('',*,*,#9051,.T.);
#9051 = EDGE_CURVE('',#8662,#9002,#9052,.T.);
#9052 = SURFACE_CURVE('',#9053,(#9057,#9063),.PCURVE_S1.);
#9053 = LINE('',#9054,#9055);
#9054 = CARTESIAN_POINT('',(27.5,2.5,11.5));
#9055 = VECTOR('',#9056,1.);
#9056 = DIRECTION('',(-0.,0.,-1.));
#9057 = PCURVE('',#8972,#9058);
#9058 = DEFINITIONAL_REPRESENTATION('',(#9059),#9062);
#9059 = B_SPLINE_CURVE_WITH_KNOTS('',1,(#9060,#9061),.UNSPECIFIED.,.F.,
  .F.,(2,2),(-12.6,-1.5),.PIECEWISE_BEZIER_KNOTS.);
#9060 = CARTESIAN_POINT('',(14.1,-3.5));
#9061 = CARTESIAN_POINT('',(3.,-3.5));
#9062 = ( GEOMETRIC_REPRESENTATION_CONTEXT(2) 
PARAMETRIC_REPRESENTATION_CONTEXT() REPRESENTATION_CONTEXT('2D SPACE',''
  ) );
#9063 = PCURVE('',#8679,#9064);
#9064 = DEFINITIONAL_REPRESENTATION('',(#9065),#9068);
#9065 = B_SPLINE_CURVE_WITH_KNOTS('',1,(#9066,#9067),.UNSPECIFIED.,.F.,
  .F.,(2,2),(-12.6,-1.5),.PIECEWISE_BEZIER_KNOTS.);
#9066 = CARTESIAN_POINT('',(11.1,25.));
#9067 = CARTESIAN_POINT('',(0.,25.));
#9068 = ( GEOMETRIC_REPRESENTATION_CONTEXT(2) 
PARAMETRIC_REPRESENTATION_CONTEXT() REPRESENTATION_CONTEXT('2D SPACE',''
  ) );
#9069 = ADVANCED_FACE('',(#9070),#9018,.T.);
#9070 = FACE_BOUND('',#9071,.T.);
#9071 = EDGE_LOOP('',(#9072,#9097,#9118,#9139,#9140,#9163,#9184,#9207,
    #9228,#9251,#9277,#9303));
#9072 = ORIENTED_EDGE('',*,*,#9073,.F.);
#9073 = EDGE_CURVE('',#9074,#9076,#9078,.T.);
#9074 = VERTEX_POINT('',#9075);
#9075 = CARTESIAN_POINT('',(26.5,27.5,13.));
#9076 = VERTEX_POINT('',#9077);
#9077 = CARTESIAN_POINT('',(29.5,27.5,13.));
#9078 = SURFACE_CURVE('',#9079,(#9083,#9090),.PCURVE_S1.);
#9079 = LINE('',#9080,#9081);
#9080 = CARTESIAN_POINT('',(2.5,27.5,13.));
#9081 = VECTOR('',#9082,1.);
#9082 = DIRECTION('',(1.,0.,-0.));
#9083 = PCURVE('',#9018,#9084);
#9084 = DEFINITIONAL_REPRESENTATION('',(#9085),#9089);
#9085 = LINE('',#9086,#9087);
#9086 = CARTESIAN_POINT('',(0.,25.));
#9087 = VECTOR('',#9088,1.);
#9088 = DIRECTION('',(1.,0.));
#9089 = ( GEOMETRIC_REPRESENTATION_CONTEXT(2) 
PARAMETRIC_REPRESENTATION_CONTEXT() REPRESENTATION_CONTEXT('2D SPACE',''
  ) );
#9090 = PCURVE('',#8838,#9091);
#9091 = DEFINITIONAL_REPRESENTATION('',(#9092),#9096);
#9092 = LINE('',#9093,#9094);
#9093 = CARTESIAN_POINT('',(0.,0.));
#9094 = VECTOR('',#9095,1.);
#9095 = DIRECTION('',(0.,1.));
#9096 = ( GEOMETRIC_REPRESENTATION_CONTEXT(2) 
PARAMETRIC_REPRESENTATION_CONTEXT() REPRESENTATION_CONTEXT('2D SPACE',''
  ) );
#9097 = ORIENTED_EDGE('',*,*,#9098,.F.);
#9098 = EDGE_CURVE('',#9099,#9074,#9101,.T.);
#9099 = VERTEX_POINT('',#9100);
#9100 = CARTESIAN_POINT('',(26.5,2.5,13.));
#9101 = SURFACE_CURVE('',#9102,(#9106,#9112),.PCURVE_S1.);
#9102 = LINE('',#9103,#9104);
#9103 = CARTESIAN_POINT('',(26.5,-0.25,13.));
#9104 = VECTOR('',#9105,1.);
#9105 = DIRECTION('',(-0.,1.,0.));
#9106 = PCURVE('',#9018,#9107);
#9107 = DEFINITIONAL_REPRESENTATION('',(#9108),#9111);
#9108 = B_SPLINE_CURVE_WITH_KNOTS('',1,(#9109,#9110),.UNSPECIFIED.,.F.,
  .F.,(2,2),(2.75,27.75),.PIECEWISE_BEZIER_KNOTS.);
#9109 = CARTESIAN_POINT('',(24.,0.));
#9110 = CARTESIAN_POINT('',(24.,25.));
#9111 = ( GEOMETRIC_REPRESENTATION_CONTEXT(2) 
PARAMETRIC_REPRESENTATION_CONTEXT() REPRESENTATION_CONTEXT('2D SPACE',''
  ) );
#9112 = PCURVE('',#8706,#9113);
#9113 = DEFINITIONAL_REPRESENTATION('',(#9114),#9117);
#9114 = B_SPLINE_CURVE_WITH_KNOTS('',1,(#9115,#9116),.UNSPECIFIED.,.F.,
  .F.,(2,2),(2.75,27.75),.PIECEWISE_BEZIER_KNOTS.);
#9115 = CARTESIAN_POINT('',(2.,-5.5));
#9116 = CARTESIAN_POINT('',(2.,-30.5));
#9117 = ( GEOMETRIC_REPRESENTATION_CONTEXT(2) 
PARAMETRIC_REPRESENTATION_CONTEXT() REPRESENTATION_CONTEXT('2D SPACE',''
  ) );
#9118 = ORIENTED_EDGE('',*,*,#9119,.T.);
#9119 = EDGE_CURVE('',#9099,#9002,#9120,.T.);
#9120 = SURFACE_CURVE('',#9121,(#9125,#9132),.PCURVE_S1.);
#9121 = LINE('',#9122,#9123);
#9122 = CARTESIAN_POINT('',(2.5,2.5,13.));
#9123 = VECTOR('',#9124,1.);
#9124 = DIRECTION('',(1.,0.,-0.));
#9125 = PCURVE('',#9018,#9126);
#9126 = DEFINITIONAL_REPRESENTATION('',(#9127),#9131);
#9127 = LINE('',#9128,#9129);
#9128 = CARTESIAN_POINT('',(0.,0.));
#9129 = VECTOR('',#9130,1.);
#9130 = DIRECTION('',(1.,0.));
#9131 = ( GEOMETRIC_REPRESENTATION_CONTEXT(2) 
PARAMETRIC_REPRESENTATION_CONTEXT() REPRESENTATION_CONTEXT('2D SPACE',''
  ) );
#9132 = PCURVE('',#8679,#9133);
#9133 = DEFINITIONAL_REPRESENTATION('',(#9134),#9138);
#9134 = LINE('',#9135,#9136);
#9135 = CARTESIAN_POINT('',(0.,0.));
#9136 = VECTOR('',#9137,1.);
#9137 = DIRECTION('',(0.,1.));
#9138 = ( GEOMETRIC_REPRESENTATION_CONTEXT(2) 
PARAMETRIC_REPRESENTATION_CONTEXT() REPRESENTATION_CONTEXT('2D SPACE',''
  ) );
#9139 = ORIENTED_EDGE('',*,*,#9001,.T.);
#9140 = ORIENTED_EDGE('',*,*,#9141,.F.);
#9141 = EDGE_CURVE('',#9142,#9004,#9144,.T.);
#9142 = VERTEX_POINT('',#9143);
#9143 = CARTESIAN_POINT('',(42.5,10.5,13.));
#9144 = SURFACE_CURVE('',#9145,(#9149,#9156),.PCURVE_S1.);
#9145 = LINE('',#9146,#9147);
#9146 = CARTESIAN_POINT('',(42.5,10.5,13.));
#9147 = VECTOR('',#9148,1.);
#9148 = DIRECTION('',(-1.,0.,0.));
#9149 = PCURVE('',#9018,#9150);
#9150 = DEFINITIONAL_REPRESENTATION('',(#9151),#9155);
#9151 = LINE('',#9152,#9153);
#9152 = CARTESIAN_POINT('',(40.,8.));
#9153 = VECTOR('',#9154,1.);
#9154 = DIRECTION('',(-1.,0.));
#9155 = ( GEOMETRIC_REPRESENTATION_CONTEXT(2) 
PARAMETRIC_REPRESENTATION_CONTEXT() REPRESENTATION_CONTEXT('2D SPACE',''
  ) );
#9156 = PCURVE('',#8947,#9157);
#9157 = DEFINITIONAL_REPRESENTATION('',(#9158),#9162);
#9158 = LINE('',#9159,#9160);
#9159 = CARTESIAN_POINT('',(3.,15.));
#9160 = VECTOR('',#9161,1.);
#9161 = DIRECTION('',(0.,-1.));
#9162 = ( GEOMETRIC_REPRESENTATION_CONTEXT(2) 
PARAMETRIC_REPRESENTATION_CONTEXT() REPRESENTATION_CONTEXT('2D SPACE',''
  ) );
#9163 = ORIENTED_EDGE('',*,*,#9164,.F.);
#9164 = EDGE_CURVE('',#9165,#9142,#9167,.T.);
#9165 = VERTEX_POINT('',#9166);
#9166 = CARTESIAN_POINT('',(42.5,2.5,13.));
#9167 = SURFACE_CURVE('',#9168,(#9172,#9178),.PCURVE_S1.);
#9168 = LINE('',#9169,#9170);
#9169 = CARTESIAN_POINT('',(42.5,0.75,13.));
#9170 = VECTOR('',#9171,1.);
#9171 = DIRECTION('',(-0.,1.,0.));
#9172 = PCURVE('',#9018,#9173);
#9173 = DEFINITIONAL_REPRESENTATION('',(#9174),#9177);
#9174 = B_SPLINE_CURVE_WITH_KNOTS('',1,(#9175,#9176),.UNSPECIFIED.,.F.,
  .F.,(2,2),(1.75,9.75),.PIECEWISE_BEZIER_KNOTS.);
#9175 = CARTESIAN_POINT('',(40.,0.));
#9176 = CARTESIAN_POINT('',(40.,8.));
#9177 = ( GEOMETRIC_REPRESENTATION_CONTEXT(2) 
PARAMETRIC_REPRESENTATION_CONTEXT() REPRESENTATION_CONTEXT('2D SPACE',''
  ) );
#9178 = PCURVE('',#8920,#9179);
#9179 = DEFINITIONAL_REPRESENTATION('',(#9180),#9183);
#9180 = B_SPLINE_CURVE_WITH_KNOTS('',1,(#9181,#9182),.UNSPECIFIED.,.F.,
  .F.,(2,2),(1.75,9.75),.PIECEWISE_BEZIER_KNOTS.);
#9181 = CARTESIAN_POINT('',(3.,-3.5));
#9182 = CARTESIAN_POINT('',(3.,-11.5));
#9183 = ( GEOMETRIC_REPRESENTATION_CONTEXT(2) 
PARAMETRIC_REPRESENTATION_CONTEXT() REPRESENTATION_CONTEXT('2D SPACE',''
  ) );
#9184 = ORIENTED_EDGE('',*,*,#9185,.T.);
#9185 = EDGE_CURVE('',#9165,#9186,#9188,.T.);
#9186 = VERTEX_POINT('',#9187);
#9187 = CARTESIAN_POINT('',(43.5,2.5,13.));
#9188 = SURFACE_CURVE('',#9189,(#9193,#9200),.PCURVE_S1.);
#9189 = LINE('',#9190,#9191);
#9190 = CARTESIAN_POINT('',(2.5,2.5,13.));
#9191 = VECTOR('',#9192,1.);
#9192 = DIRECTION('',(1.,0.,-0.));
#9193 = PCURVE('',#9018,#9194);
#9194 = DEFINITIONAL_REPRESENTATION('',(#9195),#9199);
#9195 = LINE('',#9196,#9197);
#9196 = CARTESIAN_POINT('',(0.,0.));
#9197 = VECTOR('',#9198,1.);
#9198 = DIRECTION('',(1.,0.));
#9199 = ( GEOMETRIC_REPRESENTATION_CONTEXT(2) 
PARAMETRIC_REPRESENTATION_CONTEXT() REPRESENTATION_CONTEXT('2D SPACE',''
  ) );
#9200 = PCURVE('',#8893,#9201);
#9201 = DEFINITIONAL_REPRESENTATION('',(#9202),#9206);
#9202 = LINE('',#9203,#9204);
#9203 = CARTESIAN_POINT('',(0.,0.));
#9204 = VECTOR('',#9205,1.);
#9205 = DIRECTION('',(0.,1.));
#9206 = ( GEOMETRIC_REPRESENTATION_CONTEXT(2) 
PARAMETRIC_REPRESENTATION_CONTEXT() REPRESENTATION_CONTEXT('2D SPACE',''
  ) );
#9207 = ORIENTED_EDGE('',*,*,#9208,.T.);
#9208 = EDGE_CURVE('',#9186,#9209,#9211,.T.);
#9209 = VERTEX_POINT('',#9210);
#9210 = CARTESIAN_POINT('',(43.5,27.5,13.));
#9211 = SURFACE_CURVE('',#9212,(#9216,#9222),.PCURVE_S1.);
#9212 = LINE('',#9213,#9214);
#9213 = CARTESIAN_POINT('',(43.5,-0.25,13.));
#9214 = VECTOR('',#9215,1.);
#9215 = DIRECTION('',(-0.,1.,0.));
#9216 = PCURVE('',#9018,#9217);
#9217 = DEFINITIONAL_REPRESENTATION('',(#9218),#9221);
#9218 = B_SPLINE_CURVE_WITH_KNOTS('',1,(#9219,#9220),.UNSPECIFIED.,.F.,
  .F.,(2,2),(2.75,27.75),.PIECEWISE_BEZIER_KNOTS.);
#9219 = CARTESIAN_POINT('',(41.,0.));
#9220 = CARTESIAN_POINT('',(41.,25.));
#9221 = ( GEOMETRIC_REPRESENTATION_CONTEXT(2) 
PARAMETRIC_REPRESENTATION_CONTEXT() REPRESENTATION_CONTEXT('2D SPACE',''
  ) );
#9222 = PCURVE('',#8865,#9223);
#9223 = DEFINITIONAL_REPRESENTATION('',(#9224),#9227);
#9224 = B_SPLINE_CURVE_WITH_KNOTS('',1,(#9225,#9226),.UNSPECIFIED.,.F.,
  .F.,(2,2),(2.75,27.75),.PIECEWISE_BEZIER_KNOTS.);
#9225 = CARTESIAN_POINT('',(2.,-5.5));
#9226 = CARTESIAN_POINT('',(2.,-30.5));
#9227 = ( GEOMETRIC_REPRESENTATION_CONTEXT(2) 
PARAMETRIC_REPRESENTATION_CONTEXT() REPRESENTATION_CONTEXT('2D SPACE',''
  ) );
#9228 = ORIENTED_EDGE('',*,*,#9229,.F.);
#9229 = EDGE_CURVE('',#9230,#9209,#9232,.T.);
#9230 = VERTEX_POINT('',#9231);
#9231 = CARTESIAN_POINT('',(40.5,27.5,13.));
#9232 = SURFACE_CURVE('',#9233,(#9237,#9244),.PCURVE_S1.);
#9233 = LINE('',#9234,#9235);
#9234 = CARTESIAN_POINT('',(2.5,27.5,13.));
#9235 = VECTOR('',#9236,1.);
#9236 = DIRECTION('',(1.,0.,-0.));
#9237 = PCURVE('',#9018,#9238);
#9238 = DEFINITIONAL_REPRESENTATION('',(#9239),#9243);
#9239 = LINE('',#9240,#9241);
#9240 = CARTESIAN_POINT('',(0.,25.));
#9241 = VECTOR('',#9242,1.);
#9242 = DIRECTION('',(1.,0.));
#9243 = ( GEOMETRIC_REPRESENTATION_CONTEXT(2) 
PARAMETRIC_REPRESENTATION_CONTEXT() REPRESENTATION_CONTEXT('2D SPACE',''
  ) );
#9244 = PCURVE('',#8838,#9245);
#9245 = DEFINITIONAL_REPRESENTATION('',(#9246),#9250);
#9246 = LINE('',#9247,#9248);
#9247 = CARTESIAN_POINT('',(0.,0.));
#9248 = VECTOR('',#9249,1.);
#9249 = DIRECTION('',(0.,1.));
#9250 = ( GEOMETRIC_REPRESENTATION_CONTEXT(2) 
PARAMETRIC_REPRESENTATION_CONTEXT() REPRESENTATION_CONTEXT('2D SPACE',''
  ) );
#9251 = ORIENTED_EDGE('',*,*,#9252,.F.);
#9252 = EDGE_CURVE('',#9253,#9230,#9255,.T.);
#9253 = VERTEX_POINT('',#9254);
#9254 = CARTESIAN_POINT('',(40.5,12.5,13.));
#9255 = SURFACE_CURVE('',#9256,(#9260,#9266),.PCURVE_S1.);
#9256 = LINE('',#9257,#9258);
#9257 = CARTESIAN_POINT('',(40.5,7.5,13.));
#9258 = VECTOR('',#9259,1.);
#9259 = DIRECTION('',(-0.,1.,0.));
#9260 = PCURVE('',#9018,#9261);
#9261 = DEFINITIONAL_REPRESENTATION('',(#9262),#9265);
#9262 = B_SPLINE_CURVE_WITH_KNOTS('',1,(#9263,#9264),.UNSPECIFIED.,.F.,
  .F.,(2,2),(5.,20.),.PIECEWISE_BEZIER_KNOTS.);
#9263 = CARTESIAN_POINT('',(38.,10.));
#9264 = CARTESIAN_POINT('',(38.,25.));
#9265 = ( GEOMETRIC_REPRESENTATION_CONTEXT(2) 
PARAMETRIC_REPRESENTATION_CONTEXT() REPRESENTATION_CONTEXT('2D SPACE',''
  ) );
#9266 = PCURVE('',#9267,#9272);
#9267 = PLANE('',#9268);
#9268 = AXIS2_PLACEMENT_3D('',#9269,#9270,#9271);
#9269 = CARTESIAN_POINT('',(40.5,12.5,9.5));
#9270 = DIRECTION('',(1.,0.,-0.));
#9271 = DIRECTION('',(0.,0.,1.));
#9272 = DEFINITIONAL_REPRESENTATION('',(#9273),#9276);
#9273 = B_SPLINE_CURVE_WITH_KNOTS('',1,(#9274,#9275),.UNSPECIFIED.,.F.,
  .F.,(2,2),(5.,20.),.PIECEWISE_BEZIER_KNOTS.);
#9274 = CARTESIAN_POINT('',(3.5,0.));
#9275 = CARTESIAN_POINT('',(3.5,-15.));
#9276 = ( GEOMETRIC_REPRESENTATION_CONTEXT(2) 
PARAMETRIC_REPRESENTATION_CONTEXT() REPRESENTATION_CONTEXT('2D SPACE',''
  ) );
#9277 = ORIENTED_EDGE('',*,*,#9278,.T.);
#9278 = EDGE_CURVE('',#9253,#9279,#9281,.T.);
#9279 = VERTEX_POINT('',#9280);
#9280 = CARTESIAN_POINT('',(29.5,12.5,13.));
#9281 = SURFACE_CURVE('',#9282,(#9286,#9292),.PCURVE_S1.);
#9282 = LINE('',#9283,#9284);
#9283 = CARTESIAN_POINT('',(16.,12.5,13.));
#9284 = VECTOR('',#9285,1.);
#9285 = DIRECTION('',(-1.,-0.,0.));
#9286 = PCURVE('',#9018,#9287);
#9287 = DEFINITIONAL_REPRESENTATION('',(#9288),#9291);
#9288 = B_SPLINE_CURVE_WITH_KNOTS('',1,(#9289,#9290),.UNSPECIFIED.,.F.,
  .F.,(2,2),(-24.5,-13.5),.PIECEWISE_BEZIER_KNOTS.);
#9289 = CARTESIAN_POINT('',(38.,10.));
#9290 = CARTESIAN_POINT('',(27.,10.));
#9291 = ( GEOMETRIC_REPRESENTATION_CONTEXT(2) 
PARAMETRIC_REPRESENTATION_CONTEXT() REPRESENTATION_CONTEXT('2D SPACE',''
  ) );
#9292 = PCURVE('',#9293,#9298);
#9293 = PLANE('',#9294);
#9294 = AXIS2_PLACEMENT_3D('',#9295,#9296,#9297);
#9295 = CARTESIAN_POINT('',(29.5,12.5,9.5));
#9296 = DIRECTION('',(-0.,1.,0.));
#9297 = DIRECTION('',(0.,0.,1.));
#9298 = DEFINITIONAL_REPRESENTATION('',(#9299),#9302);
#9299 = B_SPLINE_CURVE_WITH_KNOTS('',1,(#9300,#9301),.UNSPECIFIED.,.F.,
  .F.,(2,2),(-24.5,-13.5),.PIECEWISE_BEZIER_KNOTS.);
#9300 = CARTESIAN_POINT('',(3.5,11.));
#9301 = CARTESIAN_POINT('',(3.5,0.));
#9302 = ( GEOMETRIC_REPRESENTATION_CONTEXT(2) 
PARAMETRIC_REPRESENTATION_CONTEXT() REPRESENTATION_CONTEXT('2D SPACE',''
  ) );
#9303 = ORIENTED_EDGE('',*,*,#9304,.T.);
#9304 = EDGE_CURVE('',#9279,#9076,#9305,.T.);
#9305 = SURFACE_CURVE('',#9306,(#9310,#9316),.PCURVE_S1.);
#9306 = LINE('',#9307,#9308);
#9307 = CARTESIAN_POINT('',(29.5,7.5,13.));
#9308 = VECTOR('',#9309,1.);
#9309 = DIRECTION('',(-0.,1.,0.));
#9310 = PCURVE('',#9018,#9311);
#9311 = DEFINITIONAL_REPRESENTATION('',(#9312),#9315);
#9312 = B_SPLINE_CURVE_WITH_KNOTS('',1,(#9313,#9314),.UNSPECIFIED.,.F.,
  .F.,(2,2),(5.,20.),.PIECEWISE_BEZIER_KNOTS.);
#9313 = CARTESIAN_POINT('',(27.,10.));
#9314 = CARTESIAN_POINT('',(27.,25.));
#9315 = ( GEOMETRIC_REPRESENTATION_CONTEXT(2) 
PARAMETRIC_REPRESENTATION_CONTEXT() REPRESENTATION_CONTEXT('2D SPACE',''
  ) );
#9316 = PCURVE('',#9317,#9322);
#9317 = PLANE('',#9318);
#9318 = AXIS2_PLACEMENT_3D('',#9319,#9320,#9321);
#9319 = CARTESIAN_POINT('',(29.5,12.5,9.5));
#9320 = DIRECTION('',(1.,0.,-0.));
#9321 = DIRECTION('',(0.,0.,1.));
#9322 = DEFINITIONAL_REPRESENTATION('',(#9323),#9326);
#9323 = B_SPLINE_CURVE_WITH_KNOTS('',1,(#9324,#9325),.UNSPECIFIED.,.F.,
  .F.,(2,2),(5.,20.),.PIECEWISE_BEZIER_KNOTS.);
#9324 = CARTESIAN_POINT('',(3.5,0.));
#9325 = CARTESIAN_POINT('',(3.5,-15.));
#9326 = ( GEOMETRIC_REPRESENTATION_CONTEXT(2) 
PARAMETRIC_REPRESENTATION_CONTEXT() REPRESENTATION_CONTEXT('2D SPACE',''
  ) );
#9327 = ADVANCED_FACE('',(#9328),#9317,.F.);
#9328 = FACE_BOUND('',#9329,.F.);
#9329 = EDGE_LOOP('',(#9330,#9353,#9354,#9375,#9403,#9425,#9451,#9473));
#9330 = ORIENTED_EDGE('',*,*,#9331,.F.);
#9331 = EDGE_CURVE('',#9279,#9332,#9334,.T.);
#9332 = VERTEX_POINT('',#9333);
#9333 = CARTESIAN_POINT('',(29.5,12.5,20.5));
#9334 = SURFACE_CURVE('',#9335,(#9339,#9346),.PCURVE_S1.);
#9335 = LINE('',#9336,#9337);
#9336 = CARTESIAN_POINT('',(29.5,12.5,9.5));
#9337 = VECTOR('',#9338,1.);
#9338 = DIRECTION('',(0.,0.,1.));
#9339 = PCURVE('',#9317,#9340);
#9340 = DEFINITIONAL_REPRESENTATION('',(#9341),#9345);
#9341 = LINE('',#9342,#9343);
#9342 = CARTESIAN_POINT('',(0.,0.));
#9343 = VECTOR('',#9344,1.);
#9344 = DIRECTION('',(1.,0.));
#9345 = ( GEOMETRIC_REPRESENTATION_CONTEXT(2) 
PARAMETRIC_REPRESENTATION_CONTEXT() REPRESENTATION_CONTEXT('2D SPACE',''
  ) );
#9346 = PCURVE('',#9293,#9347);
#9347 = DEFINITIONAL_REPRESENTATION('',(#9348),#9352);
#9348 = LINE('',#9349,#9350);
#9349 = CARTESIAN_POINT('',(0.,0.));
#9350 = VECTOR('',#9351,1.);
#9351 = DIRECTION('',(1.,0.));
#9352 = ( GEOMETRIC_REPRESENTATION_CONTEXT(2) 
PARAMETRIC_REPRESENTATION_CONTEXT() REPRESENTATION_CONTEXT('2D SPACE',''
  ) );
#9353 = ORIENTED_EDGE('',*,*,#9304,.T.);
#9354 = ORIENTED_EDGE('',*,*,#9355,.F.);
#9355 = EDGE_CURVE('',#9356,#9076,#9358,.T.);
#9356 = VERTEX_POINT('',#9357);
#9357 = CARTESIAN_POINT('',(29.5,27.5,20.5));
#9358 = SURFACE_CURVE('',#9359,(#9363,#9369),.PCURVE_S1.);
#9359 = LINE('',#9360,#9361);
#9360 = CARTESIAN_POINT('',(29.5,27.5,11.25));
#9361 = VECTOR('',#9362,1.);
#9362 = DIRECTION('',(-0.,0.,-1.));
#9363 = PCURVE('',#9317,#9364);
#9364 = DEFINITIONAL_REPRESENTATION('',(#9365),#9368);
#9365 = B_SPLINE_CURVE_WITH_KNOTS('',1,(#9366,#9367),.UNSPECIFIED.,.F.,
  .F.,(2,2),(-9.25,-1.75),.PIECEWISE_BEZIER_KNOTS.);
#9366 = CARTESIAN_POINT('',(11.,-15.));
#9367 = CARTESIAN_POINT('',(3.5,-15.));
#9368 = ( GEOMETRIC_REPRESENTATION_CONTEXT(2) 
PARAMETRIC_REPRESENTATION_CONTEXT() REPRESENTATION_CONTEXT('2D SPACE',''
  ) );
#9369 = PCURVE('',#8838,#9370);
#9370 = DEFINITIONAL_REPRESENTATION('',(#9371),#9374);
#9371 = B_SPLINE_CURVE_WITH_KNOTS('',1,(#9372,#9373),.UNSPECIFIED.,.F.,
  .F.,(2,2),(-9.25,-1.75),.PIECEWISE_BEZIER_KNOTS.);
#9372 = CARTESIAN_POINT('',(7.5,27.));
#9373 = CARTESIAN_POINT('',(0.,27.));
#9374 = ( GEOMETRIC_REPRESENTATION_CONTEXT(2) 
PARAMETRIC_REPRESENTATION_CONTEXT() REPRESENTATION_CONTEXT('2D SPACE',''
  ) );
#9375 = ORIENTED_EDGE('',*,*,#9376,.F.);
#9376 = EDGE_CURVE('',#9377,#9356,#9379,.T.);
#9377 = VERTEX_POINT('',#9378);
#9378 = CARTESIAN_POINT('',(29.5,25.5,20.5));
#9379 = SURFACE_CURVE('',#9380,(#9384,#9391),.PCURVE_S1.);
#9380 = LINE('',#9381,#9382);
#9381 = CARTESIAN_POINT('',(29.5,12.5,20.5));
#9382 = VECTOR('',#9383,1.);
#9383 = DIRECTION('',(-0.,1.,0.));
#9384 = PCURVE('',#9317,#9385);
#9385 = DEFINITIONAL_REPRESENTATION('',(#9386),#9390);
#9386 = LINE('',#9387,#9388);
#9387 = CARTESIAN_POINT('',(11.,0.));
#9388 = VECTOR('',#9389,1.);
#9389 = DIRECTION('',(0.,-1.));
#9390 = ( GEOMETRIC_REPRESENTATION_CONTEXT(2) 
PARAMETRIC_REPRESENTATION_CONTEXT() REPRESENTATION_CONTEXT('2D SPACE',''
  ) );
#9391 = PCURVE('',#9392,#9397);
#9392 = PLANE('',#9393);
#9393 = AXIS2_PLACEMENT_3D('',#9394,#9395,#9396);
#9394 = CARTESIAN_POINT('',(29.5,12.5,20.5));
#9395 = DIRECTION('',(0.,0.,1.));
#9396 = DIRECTION('',(1.,0.,-0.));
#9397 = DEFINITIONAL_REPRESENTATION('',(#9398),#9402);
#9398 = LINE('',#9399,#9400);
#9399 = CARTESIAN_POINT('',(0.,0.));
#9400 = VECTOR('',#9401,1.);
#9401 = DIRECTION('',(0.,1.));
#9402 = ( GEOMETRIC_REPRESENTATION_CONTEXT(2) 
PARAMETRIC_REPRESENTATION_CONTEXT() REPRESENTATION_CONTEXT('2D SPACE',''
  ) );
#9403 = ORIENTED_EDGE('',*,*,#9404,.F.);
#9404 = EDGE_CURVE('',#9405,#9377,#9407,.T.);
#9405 = VERTEX_POINT('',#9406);
#9406 = CARTESIAN_POINT('',(29.5,25.5,17.5));
#9407 = SURFACE_CURVE('',#9408,(#9412,#9418),.PCURVE_S1.);
#9408 = LINE('',#9409,#9410);
#9409 = CARTESIAN_POINT('',(29.5,25.5,13.5));
#9410 = VECTOR('',#9411,1.);
#9411 = DIRECTION('',(0.,0.,1.));
#9412 = PCURVE('',#9317,#9413);
#9413 = DEFINITIONAL_REPRESENTATION('',(#9414),#9417);
#9414 = B_SPLINE_CURVE_WITH_KNOTS('',1,(#9415,#9416),.UNSPECIFIED.,.F.,
  .F.,(2,2),(4.,7.),.PIECEWISE_BEZIER_KNOTS.);
#9415 = CARTESIAN_POINT('',(8.,-13.));
#9416 = CARTESIAN_POINT('',(11.,-13.));
#9417 = ( GEOMETRIC_REPRESENTATION_CONTEXT(2) 
PARAMETRIC_REPRESENTATION_CONTEXT() REPRESENTATION_CONTEXT('2D SPACE',''
  ) );
#9418 = PCURVE('',#8788,#9419);
#9419 = DEFINITIONAL_REPRESENTATION('',(#9420),#9424);
#9420 = LINE('',#9421,#9422);
#9421 = CARTESIAN_POINT('',(-4.,14.));
#9422 = VECTOR('',#9423,1.);
#9423 = DIRECTION('',(1.,0.));
#9424 = ( GEOMETRIC_REPRESENTATION_CONTEXT(2) 
PARAMETRIC_REPRESENTATION_CONTEXT() REPRESENTATION_CONTEXT('2D SPACE',''
  ) );
#9425 = ORIENTED_EDGE('',*,*,#9426,.T.);
#9426 = EDGE_CURVE('',#9405,#9427,#9429,.T.);
#9427 = VERTEX_POINT('',#9428);
#9428 = CARTESIAN_POINT('',(29.5,18.5,17.5));
#9429 = SURFACE_CURVE('',#9430,(#9434,#9440),.PCURVE_S1.);
#9430 = LINE('',#9431,#9432);
#9431 = CARTESIAN_POINT('',(29.5,15.5,17.5));
#9432 = VECTOR('',#9433,1.);
#9433 = DIRECTION('',(0.,-1.,0.));
#9434 = PCURVE('',#9317,#9435);
#9435 = DEFINITIONAL_REPRESENTATION('',(#9436),#9439);
#9436 = B_SPLINE_CURVE_WITH_KNOTS('',1,(#9437,#9438),.UNSPECIFIED.,.F.,
  .F.,(2,2),(-10.,-3.),.PIECEWISE_BEZIER_KNOTS.);
#9437 = CARTESIAN_POINT('',(8.,-13.));
#9438 = CARTESIAN_POINT('',(8.,-6.));
#9439 = ( GEOMETRIC_REPRESENTATION_CONTEXT(2) 
PARAMETRIC_REPRESENTATION_CONTEXT() REPRESENTATION_CONTEXT('2D SPACE',''
  ) );
#9440 = PCURVE('',#9441,#9446);
#9441 = PLANE('',#9442);
#9442 = AXIS2_PLACEMENT_3D('',#9443,#9444,#9445);
#9443 = CARTESIAN_POINT('',(15.5,18.5,17.5));
#9444 = DIRECTION('',(0.,0.,1.));
#9445 = DIRECTION('',(1.,0.,-0.));
#9446 = DEFINITIONAL_REPRESENTATION('',(#9447),#9450);
#9447 = B_SPLINE_CURVE_WITH_KNOTS('',1,(#9448,#9449),.UNSPECIFIED.,.F.,
  .F.,(2,2),(-10.,-3.),.PIECEWISE_BEZIER_KNOTS.);
#9448 = CARTESIAN_POINT('',(14.,7.));
#9449 = CARTESIAN_POINT('',(14.,0.));
#9450 = ( GEOMETRIC_REPRESENTATION_CONTEXT(2) 
PARAMETRIC_REPRESENTATION_CONTEXT() REPRESENTATION_CONTEXT('2D SPACE',''
  ) );
#9451 = ORIENTED_EDGE('',*,*,#9452,.T.);
#9452 = EDGE_CURVE('',#9427,#9453,#9455,.T.);
#9453 = VERTEX_POINT('',#9454);
#9454 = CARTESIAN_POINT('',(29.5,18.5,20.5));
#9455 = SURFACE_CURVE('',#9456,(#9460,#9466),.PCURVE_S1.);
#9456 = LINE('',#9457,#9458);
#9457 = CARTESIAN_POINT('',(29.5,18.5,13.5));
#9458 = VECTOR('',#9459,1.);
#9459 = DIRECTION('',(0.,0.,1.));
#9460 = PCURVE('',#9317,#9461);
#9461 = DEFINITIONAL_REPRESENTATION('',(#9462),#9465);
#9462 = B_SPLINE_CURVE_WITH_KNOTS('',1,(#9463,#9464),.UNSPECIFIED.,.F.,
  .F.,(2,2),(4.,7.),.PIECEWISE_BEZIER_KNOTS.);
#9463 = CARTESIAN_POINT('',(8.,-6.));
#9464 = CARTESIAN_POINT('',(11.,-6.));
#9465 = ( GEOMETRIC_REPRESENTATION_CONTEXT(2) 
PARAMETRIC_REPRESENTATION_CONTEXT() REPRESENTATION_CONTEXT('2D SPACE',''
  ) );
#9466 = PCURVE('',#8734,#9467);
#9467 = DEFINITIONAL_REPRESENTATION('',(#9468),#9472);
#9468 = LINE('',#9469,#9470);
#9469 = CARTESIAN_POINT('',(-4.,14.));
#9470 = VECTOR('',#9471,1.);
#9471 = DIRECTION('',(1.,0.));
#9472 = ( GEOMETRIC_REPRESENTATION_CONTEXT(2) 
PARAMETRIC_REPRESENTATION_CONTEXT() REPRESENTATION_CONTEXT('2D SPACE',''
  ) );
#9473 = ORIENTED_EDGE('',*,*,#9474,.F.);
#9474 = EDGE_CURVE('',#9332,#9453,#9475,.T.);
#9475 = SURFACE_CURVE('',#9476,(#9480,#9487),.PCURVE_S1.);
#9476 = LINE('',#9477,#9478);
#9477 = CARTESIAN_POINT('',(29.5,12.5,20.5));
#9478 = VECTOR('',#9479,1.);
#9479 = DIRECTION('',(-0.,1.,0.));
#9480 = PCURVE('',#9317,#9481);
#9481 = DEFINITIONAL_REPRESENTATION('',(#9482),#9486);
#9482 = LINE('',#9483,#9484);
#9483 = CARTESIAN_POINT('',(11.,0.));
#9484 = VECTOR('',#9485,1.);
#9485 = DIRECTION('',(0.,-1.));
#9486 = ( GEOMETRIC_REPRESENTATION_CONTEXT(2) 
PARAMETRIC_REPRESENTATION_CONTEXT() REPRESENTATION_CONTEXT('2D SPACE',''
  ) );
#9487 = PCURVE('',#9392,#9488);
#9488 = DEFINITIONAL_REPRESENTATION('',(#9489),#9493);
#9489 = LINE('',#9490,#9491);
#9490 = CARTESIAN_POINT('',(0.,0.));
#9491 = VECTOR('',#9492,1.);
#9492 = DIRECTION('',(0.,1.));
#9493 = ( GEOMETRIC_REPRESENTATION_CONTEXT(2) 
PARAMETRIC_REPRESENTATION_CONTEXT() REPRESENTATION_CONTEXT('2D SPACE',''
  ) );
#9494 = ADVANCED_FACE('',(#9495),#9441,.F.);
#9495 = FACE_BOUND('',#9496,.F.);
#9496 = EDGE_LOOP('',(#9497,#9520,#9541,#9562));
#9497 = ORIENTED_EDGE('',*,*,#9498,.F.);
#9498 = EDGE_CURVE('',#9499,#9405,#9501,.T.);
#9499 = VERTEX_POINT('',#9500);
#9500 = CARTESIAN_POINT('',(26.5,25.5,17.5));
#9501 = SURFACE_CURVE('',#9502,(#9506,#9513),.PCURVE_S1.);
#9502 = LINE('',#9503,#9504);
#9503 = CARTESIAN_POINT('',(15.5,25.5,17.5));
#9504 = VECTOR('',#9505,1.);
#9505 = DIRECTION('',(1.,0.,-0.));
#9506 = PCURVE('',#9441,#9507);
#9507 = DEFINITIONAL_REPRESENTATION('',(#9508),#9512);
#9508 = LINE('',#9509,#9510);
#9509 = CARTESIAN_POINT('',(0.,7.));
#9510 = VECTOR('',#9511,1.);
#9511 = DIRECTION('',(1.,0.));
#9512 = ( GEOMETRIC_REPRESENTATION_CONTEXT(2) 
PARAMETRIC_REPRESENTATION_CONTEXT() REPRESENTATION_CONTEXT('2D SPACE',''
  ) );
#9513 = PCURVE('',#8788,#9514);
#9514 = DEFINITIONAL_REPRESENTATION('',(#9515),#9519);
#9515 = LINE('',#9516,#9517);
#9516 = CARTESIAN_POINT('',(0.,0.));
#9517 = VECTOR('',#9518,1.);
#9518 = DIRECTION('',(0.,1.));
#9519 = ( GEOMETRIC_REPRESENTATION_CONTEXT(2) 
PARAMETRIC_REPRESENTATION_CONTEXT() REPRESENTATION_CONTEXT('2D SPACE',''
  ) );
#9520 = ORIENTED_EDGE('',*,*,#9521,.F.);
#9521 = EDGE_CURVE('',#9522,#9499,#9524,.T.);
#9522 = VERTEX_POINT('',#9523);
#9523 = CARTESIAN_POINT('',(26.5,18.5,17.5));
#9524 = SURFACE_CURVE('',#9525,(#9529,#9535),.PCURVE_S1.);
#9525 = LINE('',#9526,#9527);
#9526 = CARTESIAN_POINT('',(26.5,7.75,17.5));
#9527 = VECTOR('',#9528,1.);
#9528 = DIRECTION('',(-0.,1.,0.));
#9529 = PCURVE('',#9441,#9530);
#9530 = DEFINITIONAL_REPRESENTATION('',(#9531),#9534);
#9531 = B_SPLINE_CURVE_WITH_KNOTS('',1,(#9532,#9533),.UNSPECIFIED.,.F.,
  .F.,(2,2),(10.75,17.75),.PIECEWISE_BEZIER_KNOTS.);
#9532 = CARTESIAN_POINT('',(11.,0.));
#9533 = CARTESIAN_POINT('',(11.,7.));
#9534 = ( GEOMETRIC_REPRESENTATION_CONTEXT(2) 
PARAMETRIC_REPRESENTATION_CONTEXT() REPRESENTATION_CONTEXT('2D SPACE',''
  ) );
#9535 = PCURVE('',#8706,#9536);
#9536 = DEFINITIONAL_REPRESENTATION('',(#9537),#9540);
#9537 = B_SPLINE_CURVE_WITH_KNOTS('',1,(#9538,#9539),.UNSPECIFIED.,.F.,
  .F.,(2,2),(10.75,17.75),.PIECEWISE_BEZIER_KNOTS.);
#9538 = CARTESIAN_POINT('',(6.5,-21.5));
#9539 = CARTESIAN_POINT('',(6.5,-28.5));
#9540 = ( GEOMETRIC_REPRESENTATION_CONTEXT(2) 
PARAMETRIC_REPRESENTATION_CONTEXT() REPRESENTATION_CONTEXT('2D SPACE',''
  ) );
#9541 = ORIENTED_EDGE('',*,*,#9542,.T.);
#9542 = EDGE_CURVE('',#9522,#9427,#9543,.T.);
#9543 = SURFACE_CURVE('',#9544,(#9548,#9555),.PCURVE_S1.);
#9544 = LINE('',#9545,#9546);
#9545 = CARTESIAN_POINT('',(15.5,18.5,17.5));
#9546 = VECTOR('',#9547,1.);
#9547 = DIRECTION('',(1.,0.,-0.));
#9548 = PCURVE('',#9441,#9549);
#9549 = DEFINITIONAL_REPRESENTATION('',(#9550),#9554);
#9550 = LINE('',#9551,#9552);
#9551 = CARTESIAN_POINT('',(0.,0.));
#9552 = VECTOR('',#9553,1.);
#9553 = DIRECTION('',(1.,0.));
#9554 = ( GEOMETRIC_REPRESENTATION_CONTEXT(2) 
PARAMETRIC_REPRESENTATION_CONTEXT() REPRESENTATION_CONTEXT('2D SPACE',''
  ) );
#9555 = PCURVE('',#8734,#9556);
#9556 = DEFINITIONAL_REPRESENTATION('',(#9557),#9561);
#9557 = LINE('',#9558,#9559);
#9558 = CARTESIAN_POINT('',(0.,0.));
#9559 = VECTOR('',#9560,1.);
#9560 = DIRECTION('',(0.,1.));
#9561 = ( GEOMETRIC_REPRESENTATION_CONTEXT(2) 
PARAMETRIC_REPRESENTATION_CONTEXT() REPRESENTATION_CONTEXT('2D SPACE',''
  ) );
#9562 = ORIENTED_EDGE('',*,*,#9426,.F.);
#9563 = ADVANCED_FACE('',(#9564),#9392,.T.);
#9564 = FACE_BOUND('',#9565,.T.);
#9565 = EDGE_LOOP('',(#9566,#9567,#9590,#9613,#9632,#9633,#9656,#9677));
#9566 = ORIENTED_EDGE('',*,*,#9474,.F.);
#9567 = ORIENTED_EDGE('',*,*,#9568,.T.);
#9568 = EDGE_CURVE('',#9332,#9569,#9571,.T.);
#9569 = VERTEX_POINT('',#9570);
#9570 = CARTESIAN_POINT('',(40.5,12.5,20.5));
#9571 = SURFACE_CURVE('',#9572,(#9576,#9583),.PCURVE_S1.);
#9572 = LINE('',#9573,#9574);
#9573 = CARTESIAN_POINT('',(29.5,12.5,20.5));
#9574 = VECTOR('',#9575,1.);
#9575 = DIRECTION('',(1.,0.,-0.));
#9576 = PCURVE('',#9392,#9577);
#9577 = DEFINITIONAL_REPRESENTATION('',(#9578),#9582);
#9578 = LINE('',#9579,#9580);
#9579 = CARTESIAN_POINT('',(0.,0.));
#9580 = VECTOR('',#9581,1.);
#9581 = DIRECTION('',(1.,0.));
#9582 = ( GEOMETRIC_REPRESENTATION_CONTEXT(2) 
PARAMETRIC_REPRESENTATION_CONTEXT() REPRESENTATION_CONTEXT('2D SPACE',''
  ) );
#9583 = PCURVE('',#9293,#9584);
#9584 = DEFINITIONAL_REPRESENTATION('',(#9585),#9589);
#9585 = LINE('',#9586,#9587);
#9586 = CARTESIAN_POINT('',(11.,0.));
#9587 = VECTOR('',#9588,1.);
#9588 = DIRECTION('',(0.,1.));
#9589 = ( GEOMETRIC_REPRESENTATION_CONTEXT(2) 
PARAMETRIC_REPRESENTATION_CONTEXT() REPRESENTATION_CONTEXT('2D SPACE',''
  ) );
#9590 = ORIENTED_EDGE('',*,*,#9591,.T.);
#9591 = EDGE_CURVE('',#9569,#9592,#9594,.T.);
#9592 = VERTEX_POINT('',#9593);
#9593 = CARTESIAN_POINT('',(40.5,27.5,20.5));
#9594 = SURFACE_CURVE('',#9595,(#9599,#9606),.PCURVE_S1.);
#9595 = LINE('',#9596,#9597);
#9596 = CARTESIAN_POINT('',(40.5,12.5,20.5));
#9597 = VECTOR('',#9598,1.);
#9598 = DIRECTION('',(-0.,1.,0.));
#9599 = PCURVE('',#9392,#9600);
#9600 = DEFINITIONAL_REPRESENTATION('',(#9601),#9605);
#9601 = LINE('',#9602,#9603);
#9602 = CARTESIAN_POINT('',(11.,0.));
#9603 = VECTOR('',#9604,1.);
#9604 = DIRECTION('',(0.,1.));
#9605 = ( GEOMETRIC_REPRESENTATION_CONTEXT(2) 
PARAMETRIC_REPRESENTATION_CONTEXT() REPRESENTATION_CONTEXT('2D SPACE',''
  ) );
#9606 = PCURVE('',#9267,#9607);
#9607 = DEFINITIONAL_REPRESENTATION('',(#9608),#9612);
#9608 = LINE('',#9609,#9610);
#9609 = CARTESIAN_POINT('',(11.,0.));
#9610 = VECTOR('',#9611,1.);
#9611 = DIRECTION('',(0.,-1.));
#9612 = ( GEOMETRIC_REPRESENTATION_CONTEXT(2) 
PARAMETRIC_REPRESENTATION_CONTEXT() REPRESENTATION_CONTEXT('2D SPACE',''
  ) );
#9613 = ORIENTED_EDGE('',*,*,#9614,.F.);
#9614 = EDGE_CURVE('',#9356,#9592,#9615,.T.);
#9615 = SURFACE_CURVE('',#9616,(#9620,#9626),.PCURVE_S1.);
#9616 = LINE('',#9617,#9618);
#9617 = CARTESIAN_POINT('',(16.,27.5,20.5));
#9618 = VECTOR('',#9619,1.);
#9619 = DIRECTION('',(1.,0.,-0.));
#9620 = PCURVE('',#9392,#9621);
#9621 = DEFINITIONAL_REPRESENTATION('',(#9622),#9625);
#9622 = B_SPLINE_CURVE_WITH_KNOTS('',1,(#9623,#9624),.UNSPECIFIED.,.F.,
  .F.,(2,2),(13.5,24.5),.PIECEWISE_BEZIER_KNOTS.);
#9623 = CARTESIAN_POINT('',(0.,15.));
#9624 = CARTESIAN_POINT('',(11.,15.));
#9625 = ( GEOMETRIC_REPRESENTATION_CONTEXT(2) 
PARAMETRIC_REPRESENTATION_CONTEXT() REPRESENTATION_CONTEXT('2D SPACE',''
  ) );
#9626 = PCURVE('',#8838,#9627);
#9627 = DEFINITIONAL_REPRESENTATION('',(#9628),#9631);
#9628 = B_SPLINE_CURVE_WITH_KNOTS('',1,(#9629,#9630),.UNSPECIFIED.,.F.,
  .F.,(2,2),(13.5,24.5),.PIECEWISE_BEZIER_KNOTS.);
#9629 = CARTESIAN_POINT('',(7.5,27.));
#9630 = CARTESIAN_POINT('',(7.5,38.));
#9631 = ( GEOMETRIC_REPRESENTATION_CONTEXT(2) 
PARAMETRIC_REPRESENTATION_CONTEXT() REPRESENTATION_CONTEXT('2D SPACE',''
  ) );
#9632 = ORIENTED_EDGE('',*,*,#9376,.F.);
#9633 = ORIENTED_EDGE('',*,*,#9634,.T.);
#9634 = EDGE_CURVE('',#9377,#9635,#9637,.T.);
#9635 = VERTEX_POINT('',#9636);
#9636 = CARTESIAN_POINT('',(39.5,25.5,20.5));
#9637 = SURFACE_CURVE('',#9638,(#9642,#9649),.PCURVE_S1.);
#9638 = LINE('',#9639,#9640);
#9639 = CARTESIAN_POINT('',(29.5,25.5,20.5));
#9640 = VECTOR('',#9641,1.);
#9641 = DIRECTION('',(1.,0.,0.));
#9642 = PCURVE('',#9392,#9643);
#9643 = DEFINITIONAL_REPRESENTATION('',(#9644),#9648);
#9644 = LINE('',#9645,#9646);
#9645 = CARTESIAN_POINT('',(0.,13.));
#9646 = VECTOR('',#9647,1.);
#9647 = DIRECTION('',(1.,0.));
#9648 = ( GEOMETRIC_REPRESENTATION_CONTEXT(2) 
PARAMETRIC_REPRESENTATION_CONTEXT() REPRESENTATION_CONTEXT('2D SPACE',''
  ) );
#9649 = PCURVE('',#8788,#9650);
#9650 = DEFINITIONAL_REPRESENTATION('',(#9651),#9655);
#9651 = LINE('',#9652,#9653);
#9652 = CARTESIAN_POINT('',(3.,14.));
#9653 = VECTOR('',#9654,1.);
#9654 = DIRECTION('',(0.,1.));
#9655 = ( GEOMETRIC_REPRESENTATION_CONTEXT(2) 
PARAMETRIC_REPRESENTATION_CONTEXT() REPRESENTATION_CONTEXT('2D SPACE',''
  ) );
#9656 = ORIENTED_EDGE('',*,*,#9657,.F.);
#9657 = EDGE_CURVE('',#9658,#9635,#9660,.T.);
#9658 = VERTEX_POINT('',#9659);
#9659 = CARTESIAN_POINT('',(39.5,18.5,20.5));
#9660 = SURFACE_CURVE('',#9661,(#9665,#9671),.PCURVE_S1.);
#9661 = LINE('',#9662,#9663);
#9662 = CARTESIAN_POINT('',(39.5,15.5,20.5));
#9663 = VECTOR('',#9664,1.);
#9664 = DIRECTION('',(-0.,1.,0.));
#9665 = PCURVE('',#9392,#9666);
#9666 = DEFINITIONAL_REPRESENTATION('',(#9667),#9670);
#9667 = B_SPLINE_CURVE_WITH_KNOTS('',1,(#9668,#9669),.UNSPECIFIED.,.F.,
  .F.,(2,2),(3.,10.),.PIECEWISE_BEZIER_KNOTS.);
#9668 = CARTESIAN_POINT('',(10.,6.));
#9669 = CARTESIAN_POINT('',(10.,13.));
#9670 = ( GEOMETRIC_REPRESENTATION_CONTEXT(2) 
PARAMETRIC_REPRESENTATION_CONTEXT() REPRESENTATION_CONTEXT('2D SPACE',''
  ) );
#9671 = PCURVE('',#8761,#9672);
#9672 = DEFINITIONAL_REPRESENTATION('',(#9673),#9676);
#9673 = B_SPLINE_CURVE_WITH_KNOTS('',1,(#9674,#9675),.UNSPECIFIED.,.F.,
  .F.,(2,2),(3.,10.),.PIECEWISE_BEZIER_KNOTS.);
#9674 = CARTESIAN_POINT('',(3.,0.));
#9675 = CARTESIAN_POINT('',(3.,-7.));
#9676 = ( GEOMETRIC_REPRESENTATION_CONTEXT(2) 
PARAMETRIC_REPRESENTATION_CONTEXT() REPRESENTATION_CONTEXT('2D SPACE',''
  ) );
#9677 = ORIENTED_EDGE('',*,*,#9678,.T.);
#9678 = EDGE_CURVE('',#9658,#9453,#9679,.T.);
#9679 = SURFACE_CURVE('',#9680,(#9684,#9691),.PCURVE_S1.);
#9680 = LINE('',#9681,#9682);
#9681 = CARTESIAN_POINT('',(39.5,18.5,20.5));
#9682 = VECTOR('',#9683,1.);
#9683 = DIRECTION('',(-1.,0.,0.));
#9684 = PCURVE('',#9392,#9685);
#9685 = DEFINITIONAL_REPRESENTATION('',(#9686),#9690);
#9686 = LINE('',#9687,#9688);
#9687 = CARTESIAN_POINT('',(10.,6.));
#9688 = VECTOR('',#9689,1.);
#9689 = DIRECTION('',(-1.,0.));
#9690 = ( GEOMETRIC_REPRESENTATION_CONTEXT(2) 
PARAMETRIC_REPRESENTATION_CONTEXT() REPRESENTATION_CONTEXT('2D SPACE',''
  ) );
#9691 = PCURVE('',#8734,#9692);
#9692 = DEFINITIONAL_REPRESENTATION('',(#9693),#9697);
#9693 = LINE('',#9694,#9695);
#9694 = CARTESIAN_POINT('',(3.,24.));
#9695 = VECTOR('',#9696,1.);
#9696 = DIRECTION('',(0.,-1.));
#9697 = ( GEOMETRIC_REPRESENTATION_CONTEXT(2) 
PARAMETRIC_REPRESENTATION_CONTEXT() REPRESENTATION_CONTEXT('2D SPACE',''
  ) );
#9698 = ADVANCED_FACE('',(#9699),#9293,.F.);
#9699 = FACE_BOUND('',#9700,.F.);
#9700 = EDGE_LOOP('',(#9701,#9722,#9723,#9724));
#9701 = ORIENTED_EDGE('',*,*,#9702,.F.);
#9702 = EDGE_CURVE('',#9253,#9569,#9703,.T.);
#9703 = SURFACE_CURVE('',#9704,(#9708,#9715),.PCURVE_S1.);
#9704 = LINE('',#9705,#9706);
#9705 = CARTESIAN_POINT('',(40.5,12.5,9.5));
#9706 = VECTOR('',#9707,1.);
#9707 = DIRECTION('',(0.,0.,1.));
#9708 = PCURVE('',#9293,#9709);
#9709 = DEFINITIONAL_REPRESENTATION('',(#9710),#9714);
#9710 = LINE('',#9711,#9712);
#9711 = CARTESIAN_POINT('',(0.,11.));
#9712 = VECTOR('',#9713,1.);
#9713 = DIRECTION('',(1.,0.));
#9714 = ( GEOMETRIC_REPRESENTATION_CONTEXT(2) 
PARAMETRIC_REPRESENTATION_CONTEXT() REPRESENTATION_CONTEXT('2D SPACE',''
  ) );
#9715 = PCURVE('',#9267,#9716);
#9716 = DEFINITIONAL_REPRESENTATION('',(#9717),#9721);
#9717 = LINE('',#9718,#9719);
#9718 = CARTESIAN_POINT('',(0.,0.));
#9719 = VECTOR('',#9720,1.);
#9720 = DIRECTION('',(1.,0.));
#9721 = ( GEOMETRIC_REPRESENTATION_CONTEXT(2) 
PARAMETRIC_REPRESENTATION_CONTEXT() REPRESENTATION_CONTEXT('2D SPACE',''
  ) );
#9722 = ORIENTED_EDGE('',*,*,#9278,.T.);
#9723 = ORIENTED_EDGE('',*,*,#9331,.T.);
#9724 = ORIENTED_EDGE('',*,*,#9568,.T.);
#9725 = ADVANCED_FACE('',(#9726),#9267,.T.);
#9726 = FACE_BOUND('',#9727,.T.);
#9727 = EDGE_LOOP('',(#9728,#9729,#9730,#9749));
#9728 = ORIENTED_EDGE('',*,*,#9702,.F.);
#9729 = ORIENTED_EDGE('',*,*,#9252,.T.);
#9730 = ORIENTED_EDGE('',*,*,#9731,.F.);
#9731 = EDGE_CURVE('',#9592,#9230,#9732,.T.);
#9732 = SURFACE_CURVE('',#9733,(#9737,#9743),.PCURVE_S1.);
#9733 = LINE('',#9734,#9735);
#9734 = CARTESIAN_POINT('',(40.5,27.5,11.25));
#9735 = VECTOR('',#9736,1.);
#9736 = DIRECTION('',(-0.,0.,-1.));
#9737 = PCURVE('',#9267,#9738);
#9738 = DEFINITIONAL_REPRESENTATION('',(#9739),#9742);
#9739 = B_SPLINE_CURVE_WITH_KNOTS('',1,(#9740,#9741),.UNSPECIFIED.,.F.,
  .F.,(2,2),(-9.25,-1.75),.PIECEWISE_BEZIER_KNOTS.);
#9740 = CARTESIAN_POINT('',(11.,-15.));
#9741 = CARTESIAN_POINT('',(3.5,-15.));
#9742 = ( GEOMETRIC_REPRESENTATION_CONTEXT(2) 
PARAMETRIC_REPRESENTATION_CONTEXT() REPRESENTATION_CONTEXT('2D SPACE',''
  ) );
#9743 = PCURVE('',#8838,#9744);
#9744 = DEFINITIONAL_REPRESENTATION('',(#9745),#9748);
#9745 = B_SPLINE_CURVE_WITH_KNOTS('',1,(#9746,#9747),.UNSPECIFIED.,.F.,
  .F.,(2,2),(-9.25,-1.75),.PIECEWISE_BEZIER_KNOTS.);
#9746 = CARTESIAN_POINT('',(7.5,38.));
#9747 = CARTESIAN_POINT('',(0.,38.));
#9748 = ( GEOMETRIC_REPRESENTATION_CONTEXT(2) 
PARAMETRIC_REPRESENTATION_CONTEXT() REPRESENTATION_CONTEXT('2D SPACE',''
  ) );
#9749 = ORIENTED_EDGE('',*,*,#9591,.F.);
#9750 = ADVANCED_FACE('',(#9751),#8947,.T.);
#9751 = FACE_BOUND('',#9752,.T.);
#9752 = EDGE_LOOP('',(#9753,#9754,#9755,#9756,#9779,#9806,#9833,#9861));
#9753 = ORIENTED_EDGE('',*,*,#9141,.T.);
#9754 = ORIENTED_EDGE('',*,*,#9029,.T.);
#9755 = ORIENTED_EDGE('',*,*,#8931,.F.);
#9756 = ORIENTED_EDGE('',*,*,#9757,.F.);
#9757 = EDGE_CURVE('',#9758,#8905,#9760,.T.);
#9758 = VERTEX_POINT('',#9759);
#9759 = CARTESIAN_POINT('',(42.5,10.5,23.));
#9760 = SURFACE_CURVE('',#9761,(#9765,#9772),.PCURVE_S1.);
#9761 = LINE('',#9762,#9763);
#9762 = CARTESIAN_POINT('',(42.5,10.5,10.));
#9763 = VECTOR('',#9764,1.);
#9764 = DIRECTION('',(0.,0.,1.));
#9765 = PCURVE('',#8947,#9766);
#9766 = DEFINITIONAL_REPRESENTATION('',(#9767),#9771);
#9767 = LINE('',#9768,#9769);
#9768 = CARTESIAN_POINT('',(0.,15.));
#9769 = VECTOR('',#9770,1.);
#9770 = DIRECTION('',(1.,0.));
#9771 = ( GEOMETRIC_REPRESENTATION_CONTEXT(2) 
PARAMETRIC_REPRESENTATION_CONTEXT() REPRESENTATION_CONTEXT('2D SPACE',''
  ) );
#9772 = PCURVE('',#8920,#9773);
#9773 = DEFINITIONAL_REPRESENTATION('',(#9774),#9778);
#9774 = LINE('',#9775,#9776);
#9775 = CARTESIAN_POINT('',(0.,-11.5));
#9776 = VECTOR('',#9777,1.);
#9777 = DIRECTION('',(1.,0.));
#9778 = ( GEOMETRIC_REPRESENTATION_CONTEXT(2) 
PARAMETRIC_REPRESENTATION_CONTEXT() REPRESENTATION_CONTEXT('2D SPACE',''
  ) );
#9779 = ORIENTED_EDGE('',*,*,#9780,.T.);
#9780 = EDGE_CURVE('',#9758,#9781,#9783,.T.);
#9781 = VERTEX_POINT('',#9782);
#9782 = CARTESIAN_POINT('',(30.5,10.5,23.));
#9783 = SURFACE_CURVE('',#9784,(#9788,#9795),.PCURVE_S1.);
#9784 = LINE('',#9785,#9786);
#9785 = CARTESIAN_POINT('',(28.5,10.5,23.));
#9786 = VECTOR('',#9787,1.);
#9787 = DIRECTION('',(-1.,-0.,0.));
#9788 = PCURVE('',#8947,#9789);
#9789 = DEFINITIONAL_REPRESENTATION('',(#9790),#9794);
#9790 = LINE('',#9791,#9792);
#9791 = CARTESIAN_POINT('',(13.,1.));
#9792 = VECTOR('',#9793,1.);
#9793 = DIRECTION('',(0.,-1.));
#9794 = ( GEOMETRIC_REPRESENTATION_CONTEXT(2) 
PARAMETRIC_REPRESENTATION_CONTEXT() REPRESENTATION_CONTEXT('2D SPACE',''
  ) );
#9795 = PCURVE('',#9796,#9801);
#9796 = PLANE('',#9797);
#9797 = AXIS2_PLACEMENT_3D('',#9798,#9799,#9800);
#9798 = CARTESIAN_POINT('',(29.5,-7.,23.));
#9799 = DIRECTION('',(0.,0.,1.));
#9800 = DIRECTION('',(1.,0.,-0.));
#9801 = DEFINITIONAL_REPRESENTATION('',(#9802),#9805);
#9802 = B_SPLINE_CURVE_WITH_KNOTS('',1,(#9803,#9804),.UNSPECIFIED.,.F.,
  .F.,(2,2),(-14.,-1.),.PIECEWISE_BEZIER_KNOTS.);
#9803 = CARTESIAN_POINT('',(13.,17.5));
#9804 = CARTESIAN_POINT('',(0.,17.5));
#9805 = ( GEOMETRIC_REPRESENTATION_CONTEXT(2) 
PARAMETRIC_REPRESENTATION_CONTEXT() REPRESENTATION_CONTEXT('2D SPACE',''
  ) );
#9806 = ORIENTED_EDGE('',*,*,#9807,.F.);
#9807 = EDGE_CURVE('',#9808,#9781,#9810,.T.);
#9808 = VERTEX_POINT('',#9809);
#9809 = CARTESIAN_POINT('',(30.5,10.5,16.));
#9810 = SURFACE_CURVE('',#9811,(#9815,#9822),.PCURVE_S1.);
#9811 = LINE('',#9812,#9813);
#9812 = CARTESIAN_POINT('',(30.5,10.5,14.));
#9813 = VECTOR('',#9814,1.);
#9814 = DIRECTION('',(0.,0.,1.));
#9815 = PCURVE('',#8947,#9816);
#9816 = DEFINITIONAL_REPRESENTATION('',(#9817),#9821);
#9817 = LINE('',#9818,#9819);
#9818 = CARTESIAN_POINT('',(4.,3.));
#9819 = VECTOR('',#9820,1.);
#9820 = DIRECTION('',(1.,0.));
#9821 = ( GEOMETRIC_REPRESENTATION_CONTEXT(2) 
PARAMETRIC_REPRESENTATION_CONTEXT() REPRESENTATION_CONTEXT('2D SPACE',''
  ) );
#9822 = PCURVE('',#9823,#9828);
#9823 = PLANE('',#9824);
#9824 = AXIS2_PLACEMENT_3D('',#9825,#9826,#9827);
#9825 = CARTESIAN_POINT('',(30.5,4.5,16.));
#9826 = DIRECTION('',(1.,0.,-0.));
#9827 = DIRECTION('',(0.,0.,1.));
#9828 = DEFINITIONAL_REPRESENTATION('',(#9829),#9832);
#9829 = B_SPLINE_CURVE_WITH_KNOTS('',1,(#9830,#9831),.UNSPECIFIED.,.F.,
  .F.,(2,2),(2.,9.),.PIECEWISE_BEZIER_KNOTS.);
#9830 = CARTESIAN_POINT('',(0.,-6.));
#9831 = CARTESIAN_POINT('',(7.,-6.));
#9832 = ( GEOMETRIC_REPRESENTATION_CONTEXT(2) 
PARAMETRIC_REPRESENTATION_CONTEXT() REPRESENTATION_CONTEXT('2D SPACE',''
  ) );
#9833 = ORIENTED_EDGE('',*,*,#9834,.F.);
#9834 = EDGE_CURVE('',#9835,#9808,#9837,.T.);
#9835 = VERTEX_POINT('',#9836);
#9836 = CARTESIAN_POINT('',(42.5,10.5,16.));
#9837 = SURFACE_CURVE('',#9838,(#9842,#9849),.PCURVE_S1.);
#9838 = LINE('',#9839,#9840);
#9839 = CARTESIAN_POINT('',(42.5,10.5,16.));
#9840 = VECTOR('',#9841,1.);
#9841 = DIRECTION('',(-1.,0.,0.));
#9842 = PCURVE('',#8947,#9843);
#9843 = DEFINITIONAL_REPRESENTATION('',(#9844),#9848);
#9844 = LINE('',#9845,#9846);
#9845 = CARTESIAN_POINT('',(6.,15.));
#9846 = VECTOR('',#9847,1.);
#9847 = DIRECTION('',(0.,-1.));
#9848 = ( GEOMETRIC_REPRESENTATION_CONTEXT(2) 
PARAMETRIC_REPRESENTATION_CONTEXT() REPRESENTATION_CONTEXT('2D SPACE',''
  ) );
#9849 = PCURVE('',#9850,#9855);
#9850 = PLANE('',#9851);
#9851 = AXIS2_PLACEMENT_3D('',#9852,#9853,#9854);
#9852 = CARTESIAN_POINT('',(30.5,4.5,16.));
#9853 = DIRECTION('',(0.,0.,1.));
#9854 = DIRECTION('',(1.,0.,-0.));
#9855 = DEFINITIONAL_REPRESENTATION('',(#9856),#9860);
#9856 = LINE('',#9857,#9858);
#9857 = CARTESIAN_POINT('',(12.,6.));
#9858 = VECTOR('',#9859,1.);
#9859 = DIRECTION('',(-1.,0.));
#9860 = ( GEOMETRIC_REPRESENTATION_CONTEXT(2) 
PARAMETRIC_REPRESENTATION_CONTEXT() REPRESENTATION_CONTEXT('2D SPACE',''
  ) );
#9861 = ORIENTED_EDGE('',*,*,#9862,.F.);
#9862 = EDGE_CURVE('',#9142,#9835,#9863,.T.);
#9863 = SURFACE_CURVE('',#9864,(#9868,#9875),.PCURVE_S1.);
#9864 = LINE('',#9865,#9866);
#9865 = CARTESIAN_POINT('',(42.5,10.5,10.));
#9866 = VECTOR('',#9867,1.);
#9867 = DIRECTION('',(0.,0.,1.));
#9868 = PCURVE('',#8947,#9869);
#9869 = DEFINITIONAL_REPRESENTATION('',(#9870),#9874);
#9870 = LINE('',#9871,#9872);
#9871 = CARTESIAN_POINT('',(0.,15.));
#9872 = VECTOR('',#9873,1.);
#9873 = DIRECTION('',(1.,0.));
#9874 = ( GEOMETRIC_REPRESENTATION_CONTEXT(2) 
PARAMETRIC_REPRESENTATION_CONTEXT() REPRESENTATION_CONTEXT('2D SPACE',''
  ) );
#9875 = PCURVE('',#8920,#9876);
#9876 = DEFINITIONAL_REPRESENTATION('',(#9877),#9881);
#9877 = LINE('',#9878,#9879);
#9878 = CARTESIAN_POINT('',(0.,-11.5));
#9879 = VECTOR('',#9880,1.);
#9880 = DIRECTION('',(1.,0.));
#9881 = ( GEOMETRIC_REPRESENTATION_CONTEXT(2) 
PARAMETRIC_REPRESENTATION_CONTEXT() REPRESENTATION_CONTEXT('2D SPACE',''
  ) );
#9882 = ADVANCED_FACE('',(#9883),#9796,.T.);
#9883 = FACE_BOUND('',#9884,.T.);
#9884 = EDGE_LOOP('',(#9885,#9908,#9909,#9930,#9958,#9980));
#9885 = ORIENTED_EDGE('',*,*,#9886,.F.);
#9886 = EDGE_CURVE('',#9781,#9887,#9889,.T.);
#9887 = VERTEX_POINT('',#9888);
#9888 = CARTESIAN_POINT('',(30.5,11.5,23.));
#9889 = SURFACE_CURVE('',#9890,(#9894,#9901),.PCURVE_S1.);
#9890 = LINE('',#9891,#9892);
#9891 = CARTESIAN_POINT('',(30.5,4.5,23.));
#9892 = VECTOR('',#9893,1.);
#9893 = DIRECTION('',(-0.,1.,0.));
#9894 = PCURVE('',#9796,#9895);
#9895 = DEFINITIONAL_REPRESENTATION('',(#9896),#9900);
#9896 = LINE('',#9897,#9898);
#9897 = CARTESIAN_POINT('',(1.,11.5));
#9898 = VECTOR('',#9899,1.);
#9899 = DIRECTION('',(0.,1.));
#9900 = ( GEOMETRIC_REPRESENTATION_CONTEXT(2) 
PARAMETRIC_REPRESENTATION_CONTEXT() REPRESENTATION_CONTEXT('2D SPACE',''
  ) );
#9901 = PCURVE('',#9823,#9902);
#9902 = DEFINITIONAL_REPRESENTATION('',(#9903),#9907);
#9903 = LINE('',#9904,#9905);
#9904 = CARTESIAN_POINT('',(7.,0.));
#9905 = VECTOR('',#9906,1.);
#9906 = DIRECTION('',(0.,-1.));
#9907 = ( GEOMETRIC_REPRESENTATION_CONTEXT(2) 
PARAMETRIC_REPRESENTATION_CONTEXT() REPRESENTATION_CONTEXT('2D SPACE',''
  ) );
#9908 = ORIENTED_EDGE('',*,*,#9780,.F.);
#9909 = ORIENTED_EDGE('',*,*,#9910,.F.);
#9910 = EDGE_CURVE('',#9911,#9758,#9913,.T.);
#9911 = VERTEX_POINT('',#9912);
#9912 = CARTESIAN_POINT('',(42.5,4.5,23.));
#9913 = SURFACE_CURVE('',#9914,(#9918,#9924),.PCURVE_S1.);
#9914 = LINE('',#9915,#9916);
#9915 = CARTESIAN_POINT('',(42.5,-4.,23.));
#9916 = VECTOR('',#9917,1.);
#9917 = DIRECTION('',(-0.,1.,0.));
#9918 = PCURVE('',#9796,#9919);
#9919 = DEFINITIONAL_REPRESENTATION('',(#9920),#9923);
#9920 = B_SPLINE_CURVE_WITH_KNOTS('',1,(#9921,#9922),.UNSPECIFIED.,.F.,
  .F.,(2,2),(6.5,14.5),.PIECEWISE_BEZIER_KNOTS.);
#9921 = CARTESIAN_POINT('',(13.,9.5));
#9922 = CARTESIAN_POINT('',(13.,17.5));
#9923 = ( GEOMETRIC_REPRESENTATION_CONTEXT(2) 
PARAMETRIC_REPRESENTATION_CONTEXT() REPRESENTATION_CONTEXT('2D SPACE',''
  ) );
#9924 = PCURVE('',#8920,#9925);
#9925 = DEFINITIONAL_REPRESENTATION('',(#9926),#9929);
#9926 = B_SPLINE_CURVE_WITH_KNOTS('',1,(#9927,#9928),.UNSPECIFIED.,.F.,
  .F.,(2,2),(6.5,14.5),.PIECEWISE_BEZIER_KNOTS.);
#9927 = CARTESIAN_POINT('',(13.,-3.5));
#9928 = CARTESIAN_POINT('',(13.,-11.5));
#9929 = ( GEOMETRIC_REPRESENTATION_CONTEXT(2) 
PARAMETRIC_REPRESENTATION_CONTEXT() REPRESENTATION_CONTEXT('2D SPACE',''
  ) );
#9930 = ORIENTED_EDGE('',*,*,#9931,.T.);
#9931 = EDGE_CURVE('',#9911,#9932,#9934,.T.);
#9932 = VERTEX_POINT('',#9933);
#9933 = CARTESIAN_POINT('',(43.5,4.5,23.));
#9934 = SURFACE_CURVE('',#9935,(#9939,#9946),.PCURVE_S1.);
#9935 = LINE('',#9936,#9937);
#9936 = CARTESIAN_POINT('',(30.5,4.5,23.));
#9937 = VECTOR('',#9938,1.);
#9938 = DIRECTION('',(1.,0.,-0.));
#9939 = PCURVE('',#9796,#9940);
#9940 = DEFINITIONAL_REPRESENTATION('',(#9941),#9945);
#9941 = LINE('',#9942,#9943);
#9942 = CARTESIAN_POINT('',(1.,11.5));
#9943 = VECTOR('',#9944,1.);
#9944 = DIRECTION('',(1.,0.));
#9945 = ( GEOMETRIC_REPRESENTATION_CONTEXT(2) 
PARAMETRIC_REPRESENTATION_CONTEXT() REPRESENTATION_CONTEXT('2D SPACE',''
  ) );
#9946 = PCURVE('',#9947,#9952);
#9947 = PLANE('',#9948);
#9948 = AXIS2_PLACEMENT_3D('',#9949,#9950,#9951);
#9949 = CARTESIAN_POINT('',(30.5,4.5,16.));
#9950 = DIRECTION('',(-0.,1.,0.));
#9951 = DIRECTION('',(0.,0.,1.));
#9952 = DEFINITIONAL_REPRESENTATION('',(#9953),#9957);
#9953 = LINE('',#9954,#9955);
#9954 = CARTESIAN_POINT('',(7.,0.));
#9955 = VECTOR('',#9956,1.);
#9956 = DIRECTION('',(0.,1.));
#9957 = ( GEOMETRIC_REPRESENTATION_CONTEXT(2) 
PARAMETRIC_REPRESENTATION_CONTEXT() REPRESENTATION_CONTEXT('2D SPACE',''
  ) );
#9958 = ORIENTED_EDGE('',*,*,#9959,.F.);
#9959 = EDGE_CURVE('',#9960,#9932,#9962,.T.);
#9960 = VERTEX_POINT('',#9961);
#9961 = CARTESIAN_POINT('',(43.5,11.5,23.));
#9962 = SURFACE_CURVE('',#9963,(#9967,#9974),.PCURVE_S1.);
#9963 = LINE('',#9964,#9965);
#9964 = CARTESIAN_POINT('',(43.5,0.75,23.));
#9965 = VECTOR('',#9966,1.);
#9966 = DIRECTION('',(0.,-1.,0.));
#9967 = PCURVE('',#9796,#9968);
#9968 = DEFINITIONAL_REPRESENTATION('',(#9969),#9973);
#9969 = LINE('',#9970,#9971);
#9970 = CARTESIAN_POINT('',(14.,7.75));
#9971 = VECTOR('',#9972,1.);
#9972 = DIRECTION('',(0.,-1.));
#9973 = ( GEOMETRIC_REPRESENTATION_CONTEXT(2) 
PARAMETRIC_REPRESENTATION_CONTEXT() REPRESENTATION_CONTEXT('2D SPACE',''
  ) );
#9974 = PCURVE('',#8865,#9975);
#9975 = DEFINITIONAL_REPRESENTATION('',(#9976),#9979);
#9976 = B_SPLINE_CURVE_WITH_KNOTS('',1,(#9977,#9978),.UNSPECIFIED.,.F.,
  .F.,(2,2),(-10.75,-3.75),.PIECEWISE_BEZIER_KNOTS.);
#9977 = CARTESIAN_POINT('',(12.,-14.5));
#9978 = CARTESIAN_POINT('',(12.,-7.5));
#9979 = ( GEOMETRIC_REPRESENTATION_CONTEXT(2) 
PARAMETRIC_REPRESENTATION_CONTEXT() REPRESENTATION_CONTEXT('2D SPACE',''
  ) );
#9980 = ORIENTED_EDGE('',*,*,#9981,.F.);
#9981 = EDGE_CURVE('',#9887,#9960,#9982,.T.);
#9982 = SURFACE_CURVE('',#9983,(#9987,#9994),.PCURVE_S1.);
#9983 = LINE('',#9984,#9985);
#9984 = CARTESIAN_POINT('',(30.5,11.5,23.));
#9985 = VECTOR('',#9986,1.);
#9986 = DIRECTION('',(1.,0.,-0.));
#9987 = PCURVE('',#9796,#9988);
#9988 = DEFINITIONAL_REPRESENTATION('',(#9989),#9993);
#9989 = LINE('',#9990,#9991);
#9990 = CARTESIAN_POINT('',(1.,18.5));
#9991 = VECTOR('',#9992,1.);
#9992 = DIRECTION('',(1.,0.));
#9993 = ( GEOMETRIC_REPRESENTATION_CONTEXT(2) 
PARAMETRIC_REPRESENTATION_CONTEXT() REPRESENTATION_CONTEXT('2D SPACE',''
  ) );
#9994 = PCURVE('',#9995,#10000);
#9995 = PLANE('',#9996);
#9996 = AXIS2_PLACEMENT_3D('',#9997,#9998,#9999);
#9997 = CARTESIAN_POINT('',(30.5,11.5,16.));
#9998 = DIRECTION('',(-0.,1.,0.));
#9999 = DIRECTION('',(0.,0.,1.));
#10000 = DEFINITIONAL_REPRESENTATION('',(#10001),#10005);
#10001 = LINE('',#10002,#10003);
#10002 = CARTESIAN_POINT('',(7.,0.));
#10003 = VECTOR('',#10004,1.);
#10004 = DIRECTION('',(0.,1.));
#10005 = ( GEOMETRIC_REPRESENTATION_CONTEXT(2) 
PARAMETRIC_REPRESENTATION_CONTEXT() REPRESENTATION_CONTEXT('2D SPACE',''
  ) );
#10006 = ADVANCED_FACE('',(#10007),#9947,.F.);
#10007 = FACE_BOUND('',#10008,.F.);
#10008 = EDGE_LOOP('',(#10009,#10034,#10053,#10054));
#10009 = ORIENTED_EDGE('',*,*,#10010,.F.);
#10010 = EDGE_CURVE('',#10011,#10013,#10015,.T.);
#10011 = VERTEX_POINT('',#10012);
#10012 = CARTESIAN_POINT('',(42.5,4.5,16.));
#10013 = VERTEX_POINT('',#10014);
#10014 = CARTESIAN_POINT('',(43.5,4.5,16.));
#10015 = SURFACE_CURVE('',#10016,(#10020,#10027),.PCURVE_S1.);
#10016 = LINE('',#10017,#10018);
#10017 = CARTESIAN_POINT('',(30.5,4.5,16.));
#10018 = VECTOR('',#10019,1.);
#10019 = DIRECTION('',(1.,0.,-0.));
#10020 = PCURVE('',#9947,#10021);
#10021 = DEFINITIONAL_REPRESENTATION('',(#10022),#10026);
#10022 = LINE('',#10023,#10024);
#10023 = CARTESIAN_POINT('',(0.,0.));
#10024 = VECTOR('',#10025,1.);
#10025 = DIRECTION('',(0.,1.));
#10026 = ( GEOMETRIC_REPRESENTATION_CONTEXT(2) 
PARAMETRIC_REPRESENTATION_CONTEXT() REPRESENTATION_CONTEXT('2D SPACE',''
  ) );
#10027 = PCURVE('',#9850,#10028);
#10028 = DEFINITIONAL_REPRESENTATION('',(#10029),#10033);
#10029 = LINE('',#10030,#10031);
#10030 = CARTESIAN_POINT('',(0.,0.));
#10031 = VECTOR('',#10032,1.);
#10032 = DIRECTION('',(1.,0.));
#10033 = ( GEOMETRIC_REPRESENTATION_CONTEXT(2) 
PARAMETRIC_REPRESENTATION_CONTEXT() REPRESENTATION_CONTEXT('2D SPACE',''
  ) );
#10034 = ORIENTED_EDGE('',*,*,#10035,.F.);
#10035 = EDGE_CURVE('',#9911,#10011,#10036,.T.);
#10036 = SURFACE_CURVE('',#10037,(#10041,#10047),.PCURVE_S1.);
#10037 = LINE('',#10038,#10039);
#10038 = CARTESIAN_POINT('',(42.5,4.5,13.));
#10039 = VECTOR('',#10040,1.);
#10040 = DIRECTION('',(-0.,0.,-1.));
#10041 = PCURVE('',#9947,#10042);
#10042 = DEFINITIONAL_REPRESENTATION('',(#10043),#10046);
#10043 = B_SPLINE_CURVE_WITH_KNOTS('',1,(#10044,#10045),.UNSPECIFIED.,
  .F.,.F.,(2,2),(-10.,-3.),.PIECEWISE_BEZIER_KNOTS.);
#10044 = CARTESIAN_POINT('',(7.,12.));
#10045 = CARTESIAN_POINT('',(0.,12.));
#10046 = ( GEOMETRIC_REPRESENTATION_CONTEXT(2) 
PARAMETRIC_REPRESENTATION_CONTEXT() REPRESENTATION_CONTEXT('2D SPACE',''
  ) );
#10047 = PCURVE('',#8920,#10048);
#10048 = DEFINITIONAL_REPRESENTATION('',(#10049),#10052);
#10049 = B_SPLINE_CURVE_WITH_KNOTS('',1,(#10050,#10051),.UNSPECIFIED.,
  .F.,.F.,(2,2),(-10.,-3.),.PIECEWISE_BEZIER_KNOTS.);
#10050 = CARTESIAN_POINT('',(13.,-5.5));
#10051 = CARTESIAN_POINT('',(6.,-5.5));
#10052 = ( GEOMETRIC_REPRESENTATION_CONTEXT(2) 
PARAMETRIC_REPRESENTATION_CONTEXT() REPRESENTATION_CONTEXT('2D SPACE',''
  ) );
#10053 = ORIENTED_EDGE('',*,*,#9931,.T.);
#10054 = ORIENTED_EDGE('',*,*,#10055,.F.);
#10055 = EDGE_CURVE('',#10013,#9932,#10056,.T.);
#10056 = SURFACE_CURVE('',#10057,(#10061,#10067),.PCURVE_S1.);
#10057 = LINE('',#10058,#10059);
#10058 = CARTESIAN_POINT('',(43.5,4.5,13.5));
#10059 = VECTOR('',#10060,1.);
#10060 = DIRECTION('',(0.,0.,1.));
#10061 = PCURVE('',#9947,#10062);
#10062 = DEFINITIONAL_REPRESENTATION('',(#10063),#10066);
#10063 = B_SPLINE_CURVE_WITH_KNOTS('',1,(#10064,#10065),.UNSPECIFIED.,
  .F.,.F.,(2,2),(2.5,9.5),.PIECEWISE_BEZIER_KNOTS.);
#10064 = CARTESIAN_POINT('',(0.,13.));
#10065 = CARTESIAN_POINT('',(7.,13.));
#10066 = ( GEOMETRIC_REPRESENTATION_CONTEXT(2) 
PARAMETRIC_REPRESENTATION_CONTEXT() REPRESENTATION_CONTEXT('2D SPACE',''
  ) );
#10067 = PCURVE('',#8865,#10068);
#10068 = DEFINITIONAL_REPRESENTATION('',(#10069),#10072);
#10069 = B_SPLINE_CURVE_WITH_KNOTS('',1,(#10070,#10071),.UNSPECIFIED.,
  .F.,.F.,(2,2),(2.5,9.5),.PIECEWISE_BEZIER_KNOTS.);
#10070 = CARTESIAN_POINT('',(5.,-7.5));
#10071 = CARTESIAN_POINT('',(12.,-7.5));
#10072 = ( GEOMETRIC_REPRESENTATION_CONTEXT(2) 
PARAMETRIC_REPRESENTATION_CONTEXT() REPRESENTATION_CONTEXT('2D SPACE',''
  ) );
#10073 = ADVANCED_FACE('',(#10074),#9995,.T.);
#10074 = FACE_BOUND('',#10075,.T.);
#10075 = EDGE_LOOP('',(#10076,#10101,#10122,#10123));
#10076 = ORIENTED_EDGE('',*,*,#10077,.F.);
#10077 = EDGE_CURVE('',#10078,#10080,#10082,.T.);
#10078 = VERTEX_POINT('',#10079);
#10079 = CARTESIAN_POINT('',(30.5,11.5,16.));
#10080 = VERTEX_POINT('',#10081);
#10081 = CARTESIAN_POINT('',(43.5,11.5,16.));
#10082 = SURFACE_CURVE('',#10083,(#10087,#10094),.PCURVE_S1.);
#10083 = LINE('',#10084,#10085);
#10084 = CARTESIAN_POINT('',(30.5,11.5,16.));
#10085 = VECTOR('',#10086,1.);
#10086 = DIRECTION('',(1.,0.,-0.));
#10087 = PCURVE('',#9995,#10088);
#10088 = DEFINITIONAL_REPRESENTATION('',(#10089),#10093);
#10089 = LINE('',#10090,#10091);
#10090 = CARTESIAN_POINT('',(0.,0.));
#10091 = VECTOR('',#10092,1.);
#10092 = DIRECTION('',(0.,1.));
#10093 = ( GEOMETRIC_REPRESENTATION_CONTEXT(2) 
PARAMETRIC_REPRESENTATION_CONTEXT() REPRESENTATION_CONTEXT('2D SPACE',''
  ) );
#10094 = PCURVE('',#9850,#10095);
#10095 = DEFINITIONAL_REPRESENTATION('',(#10096),#10100);
#10096 = LINE('',#10097,#10098);
#10097 = CARTESIAN_POINT('',(0.,7.));
#10098 = VECTOR('',#10099,1.);
#10099 = DIRECTION('',(1.,0.));
#10100 = ( GEOMETRIC_REPRESENTATION_CONTEXT(2) 
PARAMETRIC_REPRESENTATION_CONTEXT() REPRESENTATION_CONTEXT('2D SPACE',''
  ) );
#10101 = ORIENTED_EDGE('',*,*,#10102,.T.);
#10102 = EDGE_CURVE('',#10078,#9887,#10103,.T.);
#10103 = SURFACE_CURVE('',#10104,(#10108,#10115),.PCURVE_S1.);
#10104 = LINE('',#10105,#10106);
#10105 = CARTESIAN_POINT('',(30.5,11.5,16.));
#10106 = VECTOR('',#10107,1.);
#10107 = DIRECTION('',(0.,0.,1.));
#10108 = PCURVE('',#9995,#10109);
#10109 = DEFINITIONAL_REPRESENTATION('',(#10110),#10114);
#10110 = LINE('',#10111,#10112);
#10111 = CARTESIAN_POINT('',(0.,0.));
#10112 = VECTOR('',#10113,1.);
#10113 = DIRECTION('',(1.,0.));
#10114 = ( GEOMETRIC_REPRESENTATION_CONTEXT(2) 
PARAMETRIC_REPRESENTATION_CONTEXT() REPRESENTATION_CONTEXT('2D SPACE',''
  ) );
#10115 = PCURVE('',#9823,#10116);
#10116 = DEFINITIONAL_REPRESENTATION('',(#10117),#10121);
#10117 = LINE('',#10118,#10119);
#10118 = CARTESIAN_POINT('',(0.,-7.));
#10119 = VECTOR('',#10120,1.);
#10120 = DIRECTION('',(1.,0.));
#10121 = ( GEOMETRIC_REPRESENTATION_CONTEXT(2) 
PARAMETRIC_REPRESENTATION_CONTEXT() REPRESENTATION_CONTEXT('2D SPACE',''
  ) );
#10122 = ORIENTED_EDGE('',*,*,#9981,.T.);
#10123 = ORIENTED_EDGE('',*,*,#10124,.F.);
#10124 = EDGE_CURVE('',#10080,#9960,#10125,.T.);
#10125 = SURFACE_CURVE('',#10126,(#10130,#10136),.PCURVE_S1.);
#10126 = LINE('',#10127,#10128);
#10127 = CARTESIAN_POINT('',(43.5,11.5,13.5));
#10128 = VECTOR('',#10129,1.);
#10129 = DIRECTION('',(0.,0.,1.));
#10130 = PCURVE('',#9995,#10131);
#10131 = DEFINITIONAL_REPRESENTATION('',(#10132),#10135);
#10132 = B_SPLINE_CURVE_WITH_KNOTS('',1,(#10133,#10134),.UNSPECIFIED.,
  .F.,.F.,(2,2),(2.5,9.5),.PIECEWISE_BEZIER_KNOTS.);
#10133 = CARTESIAN_POINT('',(0.,13.));
#10134 = CARTESIAN_POINT('',(7.,13.));
#10135 = ( GEOMETRIC_REPRESENTATION_CONTEXT(2) 
PARAMETRIC_REPRESENTATION_CONTEXT() REPRESENTATION_CONTEXT('2D SPACE',''
  ) );
#10136 = PCURVE('',#8865,#10137);
#10137 = DEFINITIONAL_REPRESENTATION('',(#10138),#10141);
#10138 = B_SPLINE_CURVE_WITH_KNOTS('',1,(#10139,#10140),.UNSPECIFIED.,
  .F.,.F.,(2,2),(2.5,9.5),.PIECEWISE_BEZIER_KNOTS.);
#10139 = CARTESIAN_POINT('',(5.,-14.5));
#10140 = CARTESIAN_POINT('',(12.,-14.5));
#10141 = ( GEOMETRIC_REPRESENTATION_CONTEXT(2) 
PARAMETRIC_REPRESENTATION_CONTEXT() REPRESENTATION_CONTEXT('2D SPACE',''
  ) );
#10142 = ADVANCED_FACE('',(#10143),#9823,.F.);
#10143 = FACE_BOUND('',#10144,.F.);
#10144 = EDGE_LOOP('',(#10145,#10146,#10147,#10168));
#10145 = ORIENTED_EDGE('',*,*,#9886,.F.);
#10146 = ORIENTED_EDGE('',*,*,#9807,.F.);
#10147 = ORIENTED_EDGE('',*,*,#10148,.T.);
#10148 = EDGE_CURVE('',#9808,#10078,#10149,.T.);
#10149 = SURFACE_CURVE('',#10150,(#10154,#10161),.PCURVE_S1.);
#10150 = LINE('',#10151,#10152);
#10151 = CARTESIAN_POINT('',(30.5,4.5,16.));
#10152 = VECTOR('',#10153,1.);
#10153 = DIRECTION('',(-0.,1.,0.));
#10154 = PCURVE('',#9823,#10155);
#10155 = DEFINITIONAL_REPRESENTATION('',(#10156),#10160);
#10156 = LINE('',#10157,#10158);
#10157 = CARTESIAN_POINT('',(0.,0.));
#10158 = VECTOR('',#10159,1.);
#10159 = DIRECTION('',(0.,-1.));
#10160 = ( GEOMETRIC_REPRESENTATION_CONTEXT(2) 
PARAMETRIC_REPRESENTATION_CONTEXT() REPRESENTATION_CONTEXT('2D SPACE',''
  ) );
#10161 = PCURVE('',#9850,#10162);
#10162 = DEFINITIONAL_REPRESENTATION('',(#10163),#10167);
#10163 = LINE('',#10164,#10165);
#10164 = CARTESIAN_POINT('',(0.,0.));
#10165 = VECTOR('',#10166,1.);
#10166 = DIRECTION('',(0.,1.));
#10167 = ( GEOMETRIC_REPRESENTATION_CONTEXT(2) 
PARAMETRIC_REPRESENTATION_CONTEXT() REPRESENTATION_CONTEXT('2D SPACE',''
  ) );
#10168 = ORIENTED_EDGE('',*,*,#10102,.T.);
#10169 = ADVANCED_FACE('',(#10170),#9850,.F.);
#10170 = FACE_BOUND('',#10171,.F.);
#10171 = EDGE_LOOP('',(#10172,#10173,#10174,#10175,#10194,#10195));
#10172 = ORIENTED_EDGE('',*,*,#10077,.F.);
#10173 = ORIENTED_EDGE('',*,*,#10148,.F.);
#10174 = ORIENTED_EDGE('',*,*,#9834,.F.);
#10175 = ORIENTED_EDGE('',*,*,#10176,.F.);
#10176 = EDGE_CURVE('',#10011,#9835,#10177,.T.);
#10177 = SURFACE_CURVE('',#10178,(#10182,#10188),.PCURVE_S1.);
#10178 = LINE('',#10179,#10180);
#10179 = CARTESIAN_POINT('',(42.5,1.75,16.));
#10180 = VECTOR('',#10181,1.);
#10181 = DIRECTION('',(-0.,1.,0.));
#10182 = PCURVE('',#9850,#10183);
#10183 = DEFINITIONAL_REPRESENTATION('',(#10184),#10187);
#10184 = B_SPLINE_CURVE_WITH_KNOTS('',1,(#10185,#10186),.UNSPECIFIED.,
  .F.,.F.,(2,2),(2.75,8.75),.PIECEWISE_BEZIER_KNOTS.);
#10185 = CARTESIAN_POINT('',(12.,0.));
#10186 = CARTESIAN_POINT('',(12.,6.));
#10187 = ( GEOMETRIC_REPRESENTATION_CONTEXT(2) 
PARAMETRIC_REPRESENTATION_CONTEXT() REPRESENTATION_CONTEXT('2D SPACE',''
  ) );
#10188 = PCURVE('',#8920,#10189);
#10189 = DEFINITIONAL_REPRESENTATION('',(#10190),#10193);
#10190 = B_SPLINE_CURVE_WITH_KNOTS('',1,(#10191,#10192),.UNSPECIFIED.,
  .F.,.F.,(2,2),(2.75,8.75),.PIECEWISE_BEZIER_KNOTS.);
#10191 = CARTESIAN_POINT('',(6.,-5.5));
#10192 = CARTESIAN_POINT('',(6.,-11.5));
#10193 = ( GEOMETRIC_REPRESENTATION_CONTEXT(2) 
PARAMETRIC_REPRESENTATION_CONTEXT() REPRESENTATION_CONTEXT('2D SPACE',''
  ) );
#10194 = ORIENTED_EDGE('',*,*,#10010,.T.);
#10195 = ORIENTED_EDGE('',*,*,#10196,.F.);
#10196 = EDGE_CURVE('',#10080,#10013,#10197,.T.);
#10197 = SURFACE_CURVE('',#10198,(#10202,#10208),.PCURVE_S1.);
#10198 = LINE('',#10199,#10200);
#10199 = CARTESIAN_POINT('',(43.5,0.75,16.));
#10200 = VECTOR('',#10201,1.);
#10201 = DIRECTION('',(0.,-1.,0.));
#10202 = PCURVE('',#9850,#10203);
#10203 = DEFINITIONAL_REPRESENTATION('',(#10204),#10207);
#10204 = B_SPLINE_CURVE_WITH_KNOTS('',1,(#10205,#10206),.UNSPECIFIED.,
  .F.,.F.,(2,2),(-10.75,-3.75),.PIECEWISE_BEZIER_KNOTS.);
#10205 = CARTESIAN_POINT('',(13.,7.));
#10206 = CARTESIAN_POINT('',(13.,0.));
#10207 = ( GEOMETRIC_REPRESENTATION_CONTEXT(2) 
PARAMETRIC_REPRESENTATION_CONTEXT() REPRESENTATION_CONTEXT('2D SPACE',''
  ) );
#10208 = PCURVE('',#8865,#10209);
#10209 = DEFINITIONAL_REPRESENTATION('',(#10210),#10213);
#10210 = B_SPLINE_CURVE_WITH_KNOTS('',1,(#10211,#10212),.UNSPECIFIED.,
  .F.,.F.,(2,2),(-10.75,-3.75),.PIECEWISE_BEZIER_KNOTS.);
#10211 = CARTESIAN_POINT('',(5.,-14.5));
#10212 = CARTESIAN_POINT('',(5.,-7.5));
#10213 = ( GEOMETRIC_REPRESENTATION_CONTEXT(2) 
PARAMETRIC_REPRESENTATION_CONTEXT() REPRESENTATION_CONTEXT('2D SPACE',''
  ) );
#10214 = ADVANCED_FACE('',(#10215),#8920,.T.);
#10215 = FACE_BOUND('',#10216,.T.);
#10216 = EDGE_LOOP('',(#10217,#10218,#10219,#10220,#10239,#10240,#10241,
    #10242));
#10217 = ORIENTED_EDGE('',*,*,#9910,.T.);
#10218 = ORIENTED_EDGE('',*,*,#9757,.T.);
#10219 = ORIENTED_EDGE('',*,*,#8904,.F.);
#10220 = ORIENTED_EDGE('',*,*,#10221,.T.);
#10221 = EDGE_CURVE('',#8878,#9165,#10222,.T.);
#10222 = SURFACE_CURVE('',#10223,(#10227,#10233),.PCURVE_S1.);
#10223 = LINE('',#10224,#10225);
#10224 = CARTESIAN_POINT('',(42.5,2.5,11.5));
#10225 = VECTOR('',#10226,1.);
#10226 = DIRECTION('',(-0.,0.,-1.));
#10227 = PCURVE('',#8920,#10228);
#10228 = DEFINITIONAL_REPRESENTATION('',(#10229),#10232);
#10229 = B_SPLINE_CURVE_WITH_KNOTS('',1,(#10230,#10231),.UNSPECIFIED.,
  .F.,.F.,(2,2),(-12.6,-1.5),.PIECEWISE_BEZIER_KNOTS.);
#10230 = CARTESIAN_POINT('',(14.1,-3.5));
#10231 = CARTESIAN_POINT('',(3.,-3.5));
#10232 = ( GEOMETRIC_REPRESENTATION_CONTEXT(2) 
PARAMETRIC_REPRESENTATION_CONTEXT() REPRESENTATION_CONTEXT('2D SPACE',''
  ) );
#10233 = PCURVE('',#8893,#10234);
#10234 = DEFINITIONAL_REPRESENTATION('',(#10235),#10238);
#10235 = B_SPLINE_CURVE_WITH_KNOTS('',1,(#10236,#10237),.UNSPECIFIED.,
  .F.,.F.,(2,2),(-12.6,-1.5),.PIECEWISE_BEZIER_KNOTS.);
#10236 = CARTESIAN_POINT('',(11.1,40.));
#10237 = CARTESIAN_POINT('',(0.,40.));
#10238 = ( GEOMETRIC_REPRESENTATION_CONTEXT(2) 
PARAMETRIC_REPRESENTATION_CONTEXT() REPRESENTATION_CONTEXT('2D SPACE',''
  ) );
#10239 = ORIENTED_EDGE('',*,*,#9164,.T.);
#10240 = ORIENTED_EDGE('',*,*,#9862,.T.);
#10241 = ORIENTED_EDGE('',*,*,#10176,.F.);
#10242 = ORIENTED_EDGE('',*,*,#10035,.F.);
#10243 = ADVANCED_FACE('',(#10244),#8893,.T.);
#10244 = FACE_BOUND('',#10245,.T.);
#10245 = EDGE_LOOP('',(#10246,#10247,#10248,#10267));
#10246 = ORIENTED_EDGE('',*,*,#10221,.F.);
#10247 = ORIENTED_EDGE('',*,*,#8877,.F.);
#10248 = ORIENTED_EDGE('',*,*,#10249,.T.);
#10249 = EDGE_CURVE('',#8850,#9186,#10250,.T.);
#10250 = SURFACE_CURVE('',#10251,(#10255,#10261),.PCURVE_S1.);
#10251 = LINE('',#10252,#10253);
#10252 = CARTESIAN_POINT('',(43.5,2.5,12.));
#10253 = VECTOR('',#10254,1.);
#10254 = DIRECTION('',(-0.,0.,-1.));
#10255 = PCURVE('',#8893,#10256);
#10256 = DEFINITIONAL_REPRESENTATION('',(#10257),#10260);
#10257 = B_SPLINE_CURVE_WITH_KNOTS('',1,(#10258,#10259),.UNSPECIFIED.,
  .F.,.F.,(2,2),(-12.,-1.),.PIECEWISE_BEZIER_KNOTS.);
#10258 = CARTESIAN_POINT('',(11.,41.));
#10259 = CARTESIAN_POINT('',(0.,41.));
#10260 = ( GEOMETRIC_REPRESENTATION_CONTEXT(2) 
PARAMETRIC_REPRESENTATION_CONTEXT() REPRESENTATION_CONTEXT('2D SPACE',''
  ) );
#10261 = PCURVE('',#8865,#10262);
#10262 = DEFINITIONAL_REPRESENTATION('',(#10263),#10266);
#10263 = B_SPLINE_CURVE_WITH_KNOTS('',1,(#10264,#10265),.UNSPECIFIED.,
  .F.,.F.,(2,2),(-12.,-1.),.PIECEWISE_BEZIER_KNOTS.);
#10264 = CARTESIAN_POINT('',(13.,-5.5));
#10265 = CARTESIAN_POINT('',(2.,-5.5));
#10266 = ( GEOMETRIC_REPRESENTATION_CONTEXT(2) 
PARAMETRIC_REPRESENTATION_CONTEXT() REPRESENTATION_CONTEXT('2D SPACE',''
  ) );
#10267 = ORIENTED_EDGE('',*,*,#9185,.F.);
#10268 = ADVANCED_FACE('',(#10269,#10295),#8865,.F.);
#10269 = FACE_BOUND('',#10270,.F.);
#10270 = EDGE_LOOP('',(#10271,#10272,#10273,#10274));
#10271 = ORIENTED_EDGE('',*,*,#8849,.F.);
#10272 = ORIENTED_EDGE('',*,*,#10249,.T.);
#10273 = ORIENTED_EDGE('',*,*,#9208,.T.);
#10274 = ORIENTED_EDGE('',*,*,#10275,.T.);
#10275 = EDGE_CURVE('',#9209,#8823,#10276,.T.);
#10276 = SURFACE_CURVE('',#10277,(#10281,#10288),.PCURVE_S1.);
#10277 = LINE('',#10278,#10279);
#10278 = CARTESIAN_POINT('',(43.5,27.5,11.));
#10279 = VECTOR('',#10280,1.);
#10280 = DIRECTION('',(0.,0.,1.));
#10281 = PCURVE('',#8865,#10282);
#10282 = DEFINITIONAL_REPRESENTATION('',(#10283),#10287);
#10283 = LINE('',#10284,#10285);
#10284 = CARTESIAN_POINT('',(0.,-30.5));
#10285 = VECTOR('',#10286,1.);
#10286 = DIRECTION('',(1.,0.));
#10287 = ( GEOMETRIC_REPRESENTATION_CONTEXT(2) 
PARAMETRIC_REPRESENTATION_CONTEXT() REPRESENTATION_CONTEXT('2D SPACE',''
  ) );
#10288 = PCURVE('',#8838,#10289);
#10289 = DEFINITIONAL_REPRESENTATION('',(#10290),#10294);
#10290 = LINE('',#10291,#10292);
#10291 = CARTESIAN_POINT('',(-2.,41.));
#10292 = VECTOR('',#10293,1.);
#10293 = DIRECTION('',(1.,0.));
#10294 = ( GEOMETRIC_REPRESENTATION_CONTEXT(2) 
PARAMETRIC_REPRESENTATION_CONTEXT() REPRESENTATION_CONTEXT('2D SPACE',''
  ) );
#10295 = FACE_BOUND('',#10296,.F.);
#10296 = EDGE_LOOP('',(#10297,#10298,#10299,#10300));
#10297 = ORIENTED_EDGE('',*,*,#10196,.T.);
#10298 = ORIENTED_EDGE('',*,*,#10055,.T.);
#10299 = ORIENTED_EDGE('',*,*,#9959,.F.);
#10300 = ORIENTED_EDGE('',*,*,#10124,.F.);
#10301 = ADVANCED_FACE('',(#10302),#8838,.F.);
#10302 = FACE_BOUND('',#10303,.F.);
#10303 = EDGE_LOOP('',(#10304,#10325,#10326,#10327,#10328,#10329,#10330,
    #10331));
#10304 = ORIENTED_EDGE('',*,*,#10305,.T.);
#10305 = EDGE_CURVE('',#9074,#8800,#10306,.T.);
#10306 = SURFACE_CURVE('',#10307,(#10311,#10318),.PCURVE_S1.);
#10307 = LINE('',#10308,#10309);
#10308 = CARTESIAN_POINT('',(26.5,27.5,11.));
#10309 = VECTOR('',#10310,1.);
#10310 = DIRECTION('',(0.,0.,1.));
#10311 = PCURVE('',#8838,#10312);
#10312 = DEFINITIONAL_REPRESENTATION('',(#10313),#10317);
#10313 = LINE('',#10314,#10315);
#10314 = CARTESIAN_POINT('',(-2.,24.));
#10315 = VECTOR('',#10316,1.);
#10316 = DIRECTION('',(1.,0.));
#10317 = ( GEOMETRIC_REPRESENTATION_CONTEXT(2) 
PARAMETRIC_REPRESENTATION_CONTEXT() REPRESENTATION_CONTEXT('2D SPACE',''
  ) );
#10318 = PCURVE('',#8706,#10319);
#10319 = DEFINITIONAL_REPRESENTATION('',(#10320),#10324);
#10320 = LINE('',#10321,#10322);
#10321 = CARTESIAN_POINT('',(0.,-30.5));
#10322 = VECTOR('',#10323,1.);
#10323 = DIRECTION('',(1.,0.));
#10324 = ( GEOMETRIC_REPRESENTATION_CONTEXT(2) 
PARAMETRIC_REPRESENTATION_CONTEXT() REPRESENTATION_CONTEXT('2D SPACE',''
  ) );
#10325 = ORIENTED_EDGE('',*,*,#8822,.F.);
#10326 = ORIENTED_EDGE('',*,*,#10275,.F.);
#10327 = ORIENTED_EDGE('',*,*,#9229,.F.);
#10328 = ORIENTED_EDGE('',*,*,#9731,.F.);
#10329 = ORIENTED_EDGE('',*,*,#9614,.F.);
#10330 = ORIENTED_EDGE('',*,*,#9355,.T.);
#10331 = ORIENTED_EDGE('',*,*,#9073,.F.);
#10332 = ADVANCED_FACE('',(#10333),#8788,.T.);
#10333 = FACE_BOUND('',#10334,.T.);
#10334 = EDGE_LOOP('',(#10335,#10356,#10357,#10358,#10359,#10378));
#10335 = ORIENTED_EDGE('',*,*,#10336,.F.);
#10336 = EDGE_CURVE('',#9635,#8746,#10337,.T.);
#10337 = SURFACE_CURVE('',#10338,(#10342,#10349),.PCURVE_S1.);
#10338 = LINE('',#10339,#10340);
#10339 = CARTESIAN_POINT('',(39.5,25.5,17.5));
#10340 = VECTOR('',#10341,1.);
#10341 = DIRECTION('',(0.,0.,1.));
#10342 = PCURVE('',#8788,#10343);
#10343 = DEFINITIONAL_REPRESENTATION('',(#10344),#10348);
#10344 = LINE('',#10345,#10346);
#10345 = CARTESIAN_POINT('',(0.,24.));
#10346 = VECTOR('',#10347,1.);
#10347 = DIRECTION('',(1.,0.));
#10348 = ( GEOMETRIC_REPRESENTATION_CONTEXT(2) 
PARAMETRIC_REPRESENTATION_CONTEXT() REPRESENTATION_CONTEXT('2D SPACE',''
  ) );
#10349 = PCURVE('',#8761,#10350);
#10350 = DEFINITIONAL_REPRESENTATION('',(#10351),#10355);
#10351 = LINE('',#10352,#10353);
#10352 = CARTESIAN_POINT('',(0.,-7.));
#10353 = VECTOR('',#10354,1.);
#10354 = DIRECTION('',(1.,0.));
#10355 = ( GEOMETRIC_REPRESENTATION_CONTEXT(2) 
PARAMETRIC_REPRESENTATION_CONTEXT() REPRESENTATION_CONTEXT('2D SPACE',''
  ) );
#10356 = ORIENTED_EDGE('',*,*,#9634,.F.);
#10357 = ORIENTED_EDGE('',*,*,#9404,.F.);
#10358 = ORIENTED_EDGE('',*,*,#9498,.F.);
#10359 = ORIENTED_EDGE('',*,*,#10360,.F.);
#10360 = EDGE_CURVE('',#8773,#9499,#10361,.T.);
#10361 = SURFACE_CURVE('',#10362,(#10366,#10372),.PCURVE_S1.);
#10362 = LINE('',#10363,#10364);
#10363 = CARTESIAN_POINT('',(26.5,25.5,14.25));
#10364 = VECTOR('',#10365,1.);
#10365 = DIRECTION('',(-0.,0.,-1.));
#10366 = PCURVE('',#8788,#10367);
#10367 = DEFINITIONAL_REPRESENTATION('',(#10368),#10371);
#10368 = B_SPLINE_CURVE_WITH_KNOTS('',1,(#10369,#10370),.UNSPECIFIED.,
  .F.,.F.,(2,2),(-9.75,-3.25),.PIECEWISE_BEZIER_KNOTS.);
#10369 = CARTESIAN_POINT('',(6.5,11.));
#10370 = CARTESIAN_POINT('',(0.,11.));
#10371 = ( GEOMETRIC_REPRESENTATION_CONTEXT(2) 
PARAMETRIC_REPRESENTATION_CONTEXT() REPRESENTATION_CONTEXT('2D SPACE',''
  ) );
#10372 = PCURVE('',#8706,#10373);
#10373 = DEFINITIONAL_REPRESENTATION('',(#10374),#10377);
#10374 = B_SPLINE_CURVE_WITH_KNOTS('',1,(#10375,#10376),.UNSPECIFIED.,
  .F.,.F.,(2,2),(-9.75,-3.25),.PIECEWISE_BEZIER_KNOTS.);
#10375 = CARTESIAN_POINT('',(13.,-28.5));
#10376 = CARTESIAN_POINT('',(6.5,-28.5));
#10377 = ( GEOMETRIC_REPRESENTATION_CONTEXT(2) 
PARAMETRIC_REPRESENTATION_CONTEXT() REPRESENTATION_CONTEXT('2D SPACE',''
  ) );
#10378 = ORIENTED_EDGE('',*,*,#8772,.F.);
#10379 = ADVANCED_FACE('',(#10380),#8761,.T.);
#10380 = FACE_BOUND('',#10381,.T.);
#10381 = EDGE_LOOP('',(#10382,#10403,#10404,#10405));
#10382 = ORIENTED_EDGE('',*,*,#10383,.F.);
#10383 = EDGE_CURVE('',#9658,#8719,#10384,.T.);
#10384 = SURFACE_CURVE('',#10385,(#10389,#10396),.PCURVE_S1.);
#10385 = LINE('',#10386,#10387);
#10386 = CARTESIAN_POINT('',(39.5,18.5,17.5));
#10387 = VECTOR('',#10388,1.);
#10388 = DIRECTION('',(0.,0.,1.));
#10389 = PCURVE('',#8761,#10390);
#10390 = DEFINITIONAL_REPRESENTATION('',(#10391),#10395);
#10391 = LINE('',#10392,#10393);
#10392 = CARTESIAN_POINT('',(0.,0.));
#10393 = VECTOR('',#10394,1.);
#10394 = DIRECTION('',(1.,0.));
#10395 = ( GEOMETRIC_REPRESENTATION_CONTEXT(2) 
PARAMETRIC_REPRESENTATION_CONTEXT() REPRESENTATION_CONTEXT('2D SPACE',''
  ) );
#10396 = PCURVE('',#8734,#10397);
#10397 = DEFINITIONAL_REPRESENTATION('',(#10398),#10402);
#10398 = LINE('',#10399,#10400);
#10399 = CARTESIAN_POINT('',(0.,24.));
#10400 = VECTOR('',#10401,1.);
#10401 = DIRECTION('',(1.,0.));
#10402 = ( GEOMETRIC_REPRESENTATION_CONTEXT(2) 
PARAMETRIC_REPRESENTATION_CONTEXT() REPRESENTATION_CONTEXT('2D SPACE',''
  ) );
#10403 = ORIENTED_EDGE('',*,*,#9657,.T.);
#10404 = ORIENTED_EDGE('',*,*,#10336,.T.);
#10405 = ORIENTED_EDGE('',*,*,#8745,.F.);
#10406 = ADVANCED_FACE('',(#10407),#8734,.F.);
#10407 = FACE_BOUND('',#10408,.F.);
#10408 = EDGE_LOOP('',(#10409,#10410,#10411,#10412,#10413,#10432));
#10409 = ORIENTED_EDGE('',*,*,#10383,.F.);
#10410 = ORIENTED_EDGE('',*,*,#9678,.T.);
#10411 = ORIENTED_EDGE('',*,*,#9452,.F.);
#10412 = ORIENTED_EDGE('',*,*,#9542,.F.);
#10413 = ORIENTED_EDGE('',*,*,#10414,.F.);
#10414 = EDGE_CURVE('',#8691,#9522,#10415,.T.);
#10415 = SURFACE_CURVE('',#10416,(#10420,#10426),.PCURVE_S1.);
#10416 = LINE('',#10417,#10418);
#10417 = CARTESIAN_POINT('',(26.5,18.5,14.25));
#10418 = VECTOR('',#10419,1.);
#10419 = DIRECTION('',(-0.,0.,-1.));
#10420 = PCURVE('',#8734,#10421);
#10421 = DEFINITIONAL_REPRESENTATION('',(#10422),#10425);
#10422 = B_SPLINE_CURVE_WITH_KNOTS('',1,(#10423,#10424),.UNSPECIFIED.,
  .F.,.F.,(2,2),(-9.75,-3.25),.PIECEWISE_BEZIER_KNOTS.);
#10423 = CARTESIAN_POINT('',(6.5,11.));
#10424 = CARTESIAN_POINT('',(0.,11.));
#10425 = ( GEOMETRIC_REPRESENTATION_CONTEXT(2) 
PARAMETRIC_REPRESENTATION_CONTEXT() REPRESENTATION_CONTEXT('2D SPACE',''
  ) );
#10426 = PCURVE('',#8706,#10427);
#10427 = DEFINITIONAL_REPRESENTATION('',(#10428),#10431);
#10428 = B_SPLINE_CURVE_WITH_KNOTS('',1,(#10429,#10430),.UNSPECIFIED.,
  .F.,.F.,(2,2),(-9.75,-3.25),.PIECEWISE_BEZIER_KNOTS.);
#10429 = CARTESIAN_POINT('',(13.,-21.5));
#10430 = CARTESIAN_POINT('',(6.5,-21.5));
#10431 = ( GEOMETRIC_REPRESENTATION_CONTEXT(2) 
PARAMETRIC_REPRESENTATION_CONTEXT() REPRESENTATION_CONTEXT('2D SPACE',''
  ) );
#10432 = ORIENTED_EDGE('',*,*,#8718,.F.);
#10433 = ADVANCED_FACE('',(#10434),#8706,.T.);
#10434 = FACE_BOUND('',#10435,.T.);
#10435 = EDGE_LOOP('',(#10436,#10437,#10456,#10457,#10458,#10459,#10460,
    #10461));
#10436 = ORIENTED_EDGE('',*,*,#8690,.F.);
#10437 = ORIENTED_EDGE('',*,*,#10438,.T.);
#10438 = EDGE_CURVE('',#8664,#9099,#10439,.T.);
#10439 = SURFACE_CURVE('',#10440,(#10444,#10450),.PCURVE_S1.);
#10440 = LINE('',#10441,#10442);
#10441 = CARTESIAN_POINT('',(26.5,2.5,12.));
#10442 = VECTOR('',#10443,1.);
#10443 = DIRECTION('',(-0.,0.,-1.));
#10444 = PCURVE('',#8706,#10445);
#10445 = DEFINITIONAL_REPRESENTATION('',(#10446),#10449);
#10446 = B_SPLINE_CURVE_WITH_KNOTS('',1,(#10447,#10448),.UNSPECIFIED.,
  .F.,.F.,(2,2),(-12.,-1.),.PIECEWISE_BEZIER_KNOTS.);
#10447 = CARTESIAN_POINT('',(13.,-5.5));
#10448 = CARTESIAN_POINT('',(2.,-5.5));
#10449 = ( GEOMETRIC_REPRESENTATION_CONTEXT(2) 
PARAMETRIC_REPRESENTATION_CONTEXT() REPRESENTATION_CONTEXT('2D SPACE',''
  ) );
#10450 = PCURVE('',#8679,#10451);
#10451 = DEFINITIONAL_REPRESENTATION('',(#10452),#10455);
#10452 = B_SPLINE_CURVE_WITH_KNOTS('',1,(#10453,#10454),.UNSPECIFIED.,
  .F.,.F.,(2,2),(-12.,-1.),.PIECEWISE_BEZIER_KNOTS.);
#10453 = CARTESIAN_POINT('',(11.,24.));
#10454 = CARTESIAN_POINT('',(0.,24.));
#10455 = ( GEOMETRIC_REPRESENTATION_CONTEXT(2) 
PARAMETRIC_REPRESENTATION_CONTEXT() REPRESENTATION_CONTEXT('2D SPACE',''
  ) );
#10456 = ORIENTED_EDGE('',*,*,#9098,.T.);
#10457 = ORIENTED_EDGE('',*,*,#10305,.T.);
#10458 = ORIENTED_EDGE('',*,*,#8799,.F.);
#10459 = ORIENTED_EDGE('',*,*,#10360,.T.);
#10460 = ORIENTED_EDGE('',*,*,#9521,.F.);
#10461 = ORIENTED_EDGE('',*,*,#10414,.F.);
#10462 = ADVANCED_FACE('',(#10463),#8679,.T.);
#10463 = FACE_BOUND('',#10464,.T.);
#10464 = EDGE_LOOP('',(#10465,#10466,#10467,#10468));
#10465 = ORIENTED_EDGE('',*,*,#10438,.F.);
#10466 = ORIENTED_EDGE('',*,*,#8661,.F.);
#10467 = ORIENTED_EDGE('',*,*,#9051,.T.);
#10468 = ORIENTED_EDGE('',*,*,#9119,.F.);
#10469 = ADVANCED_FACE('',(#10470,#10480,#10483,#10486,#10489,#10492,
    #10495,#10498),#44,.F.);
#10470 = FACE_BOUND('',#10471,.F.);
#10471 = EDGE_LOOP('',(#10472,#10473,#10474,#10475,#10476,#10477,#10478,
    #10479));
#10472 = ORIENTED_EDGE('',*,*,#142,.F.);
#10473 = ORIENTED_EDGE('',*,*,#21,.T.);
#10474 = ORIENTED_EDGE('',*,*,#8636,.T.);
#10475 = ORIENTED_EDGE('',*,*,#8088,.F.);
#10476 = ORIENTED_EDGE('',*,*,#249,.F.);
#10477 = ORIENTED_EDGE('',*,*,#7908,.T.);
#10478 = ORIENTED_EDGE('',*,*,#8007,.F.);
#10479 = ORIENTED_EDGE('',*,*,#8063,.F.);
#10480 = FACE_BOUND('',#10481,.F.);
#10481 = EDGE_LOOP('',(#10482));
#10482 = ORIENTED_EDGE('',*,*,#8581,.T.);
#10483 = FACE_BOUND('',#10484,.F.);
#10484 = EDGE_LOOP('',(#10485));
#10485 = ORIENTED_EDGE('',*,*,#8527,.T.);
#10486 = FACE_BOUND('',#10487,.F.);
#10487 = EDGE_LOOP('',(#10488));
#10488 = ORIENTED_EDGE('',*,*,#6230,.T.);
#10489 = FACE_BOUND('',#10490,.F.);
#10490 = EDGE_LOOP('',(#10491));
#10491 = ORIENTED_EDGE('',*,*,#8473,.T.);
#10492 = FACE_BOUND('',#10493,.F.);
#10493 = EDGE_LOOP('',(#10494));
#10494 = ORIENTED_EDGE('',*,*,#8419,.T.);
#10495 = FACE_BOUND('',#10496,.F.);
#10496 = EDGE_LOOP('',(#10497));
#10497 = ORIENTED_EDGE('',*,*,#2396,.T.);
#10498 = FACE_BOUND('',#10499,.F.);
#10499 = EDGE_LOOP('',(#10500));
#10500 = ORIENTED_EDGE('',*,*,#1628,.T.);
#10501 = ( GEOMETRIC_REPRESENTATION_CONTEXT(3) 
GLOBAL_UNCERTAINTY_ASSIGNED_CONTEXT((#10505)) 
GLOBAL_UNIT_ASSIGNED_CONTEXT((#10502,#10503,#10504)) 
REPRESENTATION_CONTEXT('Context #1',
  '3D Context with UNIT and UNCERTAINTY') );
#10502 = ( LENGTH_UNIT() NAMED_UNIT(*) SI_UNIT(.MILLI.,.METRE.) );
#10503 = ( NAMED_UNIT(*) PLANE_ANGLE_UNIT() SI_UNIT($,.RADIAN.) );
#10504 = ( NAMED_UNIT(*) SI_UNIT($,.STERADIAN.) SOLID_ANGLE_UNIT() );
#10505 = UNCERTAINTY_MEASURE_WITH_UNIT(LENGTH_MEASURE(1.E-07),#10502,
  'distance_accuracy_value','confusion accuracy');
#10506 = PRODUCT_RELATED_PRODUCT_CATEGORY('part',$,(#7));
ENDSEC;
END-ISO-10303-21;
